train_id,journey_date,station_code,next_station_code,timestamp,scheduled_arrival,actual_arrival,delay_minutes,current_delay,distance_remaining,scheduled_remaining_time,remaining_travel_time
12301,2025-10-01,NDLS,CNB,2025-10-01 06:55:00,2025-10-01 06:55:00,2025-10-01 07:05:00,10.5,10.5,1150.0,920.0,948.4
12301,2025-10-01,CNB,PRYJ,2025-10-01 10:09:00,2025-10-01 10:09:00,2025-10-01 11:31:00,82.6,82.6,920.0,736.0,824.2
12301,2025-10-01,PRYJ,DDU,2025-10-01 14:35:00,2025-10-01 14:35:00,2025-10-01 15:58:00,83.2,83.2,690.0,552.0,625.0
12301,2025-10-01,DDU,GKP,2025-10-01 19:02:00,2025-10-01 19:02:00,2025-10-01 20:18:00,76.8,76.8,393.2,314.6,380.4
12301,2025-10-01,GKP,HWH,2025-10-01 23:22:00,2025-10-01 23:22:00,2025-10-02 00:38:00,76.6,76.6,88.0,70.4,124.1
12302,2025-10-01,HWH,GKP,2025-10-01 06:23:00,2025-10-01 06:23:00,2025-10-01 06:33:00,10.4,10.4,1150.0,920.0,931.1
12302,2025-10-01,GKP,DDU,2025-10-01 09:37:00,2025-10-01 09:37:00,2025-10-01 10:33:00,56.6,56.6,920.0,736.0,800.4
12302,2025-10-01,DDU,PRYJ,2025-10-01 13:37:00,2025-10-01 13:37:00,2025-10-01 15:33:00,116.4,116.4,690.0,552.0,647.6
12302,2025-10-01,PRYJ,CNB,2025-10-01 18:37:00,2025-10-01 18:37:00,2025-10-01 20:38:00,121.7,121.7,438.6,350.9,442.8
12302,2025-10-01,CNB,NDLS,2025-10-01 23:42:00,2025-10-01 23:42:00,2025-10-02 01:48:00,127.0,127.0,176.0,140.8,258.9
12951,2025-10-01,BCT,ST,2025-10-01 05:34:00,2025-10-01 05:34:00,2025-10-01 05:34:00,0.0,0.0,1150.0,920.0,921.6
12951,2025-10-01,ST,BRC,2025-10-01 08:38:00,2025-10-01 08:38:00,2025-10-01 08:38:00,0.0,0.0,920.0,736.0,736.4
12951,2025-10-01,BRC,RTM,2025-10-01 11:42:00,2025-10-01 11:42:00,2025-10-01 11:49:00,7.5,7.5,690.0,552.0,579.0
12951,2025-10-01,RTM,KOTA,2025-10-01 14:53:00,2025-10-01 14:53:00,2025-10-01 14:59:00,6.5,6.5,244.4,195.5,210.6
12951,2025-10-01,KOTA,NDLS,2025-10-01 18:03:00,2025-10-01 18:03:00,2025-10-01 18:12:00,9.4,9.4,93.0,74.4,92.1
12952,2025-10-01,NDLS,KOTA,2025-10-01 06:49:00,2025-10-01 06:49:00,2025-10-01 06:55:00,7.0,7.0,1150.0,920.0,938.7
12952,2025-10-01,KOTA,RTM,2025-10-01 09:59:00,2025-10-01 09:59:00,2025-10-01 10:18:00,19.9,19.9,920.0,736.0,766.3
12952,2025-10-01,RTM,BRC,2025-10-01 13:22:00,2025-10-01 13:22:00,2025-10-01 13:59:00,37.9,37.9,690.0,552.0,595.0
12952,2025-10-01,BRC,ST,2025-10-01 17:03:00,2025-10-01 17:03:00,2025-10-01 17:50:00,47.4,47.4,323.7,259.0,308.1
12952,2025-10-01,ST,BCT,2025-10-01 20:54:00,2025-10-01 20:54:00,2025-10-01 21:40:00,46.5,46.5,148.2,118.6,166.8
12004,2025-10-01,NDLS,GZB,2025-10-01 06:48:00,2025-10-01 06:48:00,2025-10-01 06:57:00,9.9,9.9,1150.0,920.0,943.6
12004,2025-10-01,GZB,ALJN,2025-10-01 10:01:00,2025-10-01 10:01:00,2025-10-01 10:10:00,9.7,9.7,920.0,736.0,751.6
12004,2025-10-01,ALJN,TDL,2025-10-01 13:14:00,2025-10-01 13:14:00,2025-10-01 14:07:00,53.4,53.4,690.0,552.0,608.1
12004,2025-10-01,TDL,CNB,2025-10-01 17:11:00,2025-10-01 17:11:00,2025-10-01 18:06:00,55.4,55.4,293.3,234.6,282.8
12004,2025-10-01,CNB,LKO,2025-10-01 21:10:00,2025-10-01 21:10:00,2025-10-01 22:03:00,53.7,53.7,117.4,93.9,164.8
12626,2025-10-01,NDLS,AGC,2025-10-01 06:14:00,2025-10-01 06:14:00,2025-10-01 06:54:00,40.5,40.5,1150.0,920.0,956.3
12626,2025-10-01,AGC,VGLJ,2025-10-01 09:58:00,2025-10-01 09:58:00,2025-10-01 10:41:00,43.3,43.3,920.0,736.0,784.8
12626,2025-10-01,VGLJ,BPL,2025-10-01 13:45:00,2025-10-01 13:45:00,2025-10-01 14:39:00,54.2,54.2,690.0,552.0,615.7
12626,2025-10-01,BPL,NGP,2025-10-01 17:43:00,2025-10-01 17:43:00,2025-10-01 18:49:00,66.6,66.6,341.4,273.1,345.8
12626,2025-10-01,NGP,MAS,2025-10-01 21:53:00,2025-10-01 21:53:00,2025-10-01 23:39:00,106.3,106.3,158.6,126.9,222.3
12424,2025-10-01,NDLS,CNB,2025-10-01 06:16:00,2025-10-01 06:16:00,2025-10-01 06:23:00,7.9,7.9,1150.0,920.0,929.6
12424,2025-10-01,CNB,PRYJ,2025-10-01 09:27:00,2025-10-01 09:27:00,2025-10-01 09:42:00,15.6,15.6,920.0,736.0,756.9
12424,2025-10-01,PRYJ,DDU,2025-10-01 12:46:00,2025-10-01 12:46:00,2025-10-01 13:03:00,17.5,17.5,690.0,552.0,585.0
12424,2025-10-01,DDU,PPTA,2025-10-01 16:07:00,2025-10-01 16:07:00,2025-10-01 17:14:00,67.2,67.2,403.2,322.6,394.2
12424,2025-10-01,PPTA,GHY,2025-10-01 20:18:00,2025-10-01 20:18:00,2025-10-01 21:21:00,63.8,63.8,132.3,105.8,162.6
12260,2025-10-01,NDLS,CNB,2025-10-01 06:40:00,2025-10-01 06:40:00,2025-10-01 07:03:00,23.1,23.1,1150.0,920.0,955.8
12260,2025-10-01,CNB,PRYJ,2025-10-01 10:53:00,2025-10-01 10:53:00,2025-10-01 11:44:00,51.1,51.1,862.5,690.0,737.7
12260,2025-10-01,PRYJ,DDU,2025-10-01 15:34:00,2025-10-01 15:34:00,2025-10-01 16:21:00,47.9,47.9,448.3,358.6,411.6
12260,2025-10-01,DDU,HWH,2025-10-01 20:11:00,2025-10-01 20:11:00,2025-10-01 21:07:00,56.6,56.6,92.3,73.8,142.9
12926,2025-10-01,BCT,BRC,2025-10-01 05:38:00,2025-10-01 05:38:00,2025-10-01 05:40:00,2.9,2.9,1150.0,920.0,931.9
12926,2025-10-01,BRC,RTM,2025-10-01 08:44:00,2025-10-01 08:44:00,2025-10-01 08:56:00,12.1,12.1,920.0,736.0,758.0
12926,2025-10-01,RTM,KOTA,2025-10-01 12:00:00,2025-10-01 12:00:00,2025-10-01 12:32:00,32.5,32.5,690.0,552.0,587.4
12926,2025-10-01,KOTA,NDLS,2025-10-01 15:36:00,2025-10-01 15:36:00,2025-10-01 16:06:00,30.1,30.1,458.4,366.7,410.8
12926,2025-10-01,NDLS,ASR,2025-10-01 19:10:00,2025-10-01 19:10:00,2025-10-01 19:43:00,33.4,33.4,168.9,135.1,184.0
12627,2025-10-01,SBC,DMM,2025-10-01 05:56:00,2025-10-01 05:56:00,2025-10-01 06:26:00,30.3,30.3,1150.0,920.0,949.8
12627,2025-10-01,DMM,GTL,2025-10-01 09:30:00,2025-10-01 09:30:00,2025-10-01 10:08:00,38.5,38.5,920.0,736.0,780.0
12627,2025-10-01,GTL,SC,2025-10-01 13:12:00,2025-10-01 13:12:00,2025-10-01 13:55:00,43.9,43.9,690.0,552.0,589.0
12627,2025-10-01,SC,NGP,2025-10-01 16:59:00,2025-10-01 16:59:00,2025-10-01 17:49:00,50.1,50.1,391.0,312.8,371.4
12627,2025-10-01,NGP,NDLS,2025-10-01 20:53:00,2025-10-01 20:53:00,2025-10-01 21:52:00,59.5,59.5,96.7,77.4,136.0
12301,2025-10-02,NDLS,CNB,2025-10-02 06:16:00,2025-10-02 06:16:00,2025-10-02 06:54:00,39.0,39.0,1150.0,920.0,965.0
12301,2025-10-02,CNB,PRYJ,2025-10-02 09:58:00,2025-10-02 09:58:00,2025-10-02 10:42:00,44.4,44.4,920.0,736.0,783.5
12301,2025-10-02,PRYJ,DDU,2025-10-02 13:46:00,2025-10-02 13:46:00,2025-10-02 15:11:00,85.3,85.3,690.0,552.0,626.5
12301,2025-10-02,DDU,GKP,2025-10-02 18:15:00,2025-10-02 18:15:00,2025-10-02 20:33:00,138.8,138.8,314.6,251.7,375.8
12301,2025-10-02,GKP,HWH,2025-10-02 23:37:00,2025-10-02 23:37:00,2025-10-03 02:09:00,152.2,152.2,66.5,53.2,191.3
12302,2025-10-02,HWH,GKP,2025-10-02 05:34:00,2025-10-02 05:34:00,2025-10-02 05:52:00,18.3,18.3,1150.0,920.0,963.0
12302,2025-10-02,GKP,DDU,2025-10-02 08:56:00,2025-10-02 08:56:00,2025-10-02 09:18:00,22.4,22.4,920.0,736.0,771.9
12302,2025-10-02,DDU,PRYJ,2025-10-02 12:22:00,2025-10-02 12:22:00,2025-10-02 13:01:00,39.9,39.9,690.0,552.0,587.0
12302,2025-10-02,PRYJ,CNB,2025-10-02 16:05:00,2025-10-02 16:05:00,2025-10-02 16:44:00,39.3,39.3,495.9,396.7,449.8
12302,2025-10-02,CNB,NDLS,2025-10-02 19:48:00,2025-10-02 19:48:00,2025-10-02 20:41:00,53.9,53.9,82.5,66.0,122.2
12951,2025-10-02,BCT,ST,2025-10-02 06:36:00,2025-10-02 06:36:00,2025-10-02 07:26:00,50.9,50.9,1150.0,920.0,978.5
12951,2025-10-02,ST,BRC,2025-10-02 10:30:00,2025-10-02 10:30:00,2025-10-02 11:52:00,82.7,82.7,920.0,736.0,804.6
12951,2025-10-02,BRC,RTM,2025-10-02 14:56:00,2025-10-02 14:56:00,2025-10-02 16:58:00,122.4,122.4,690.0,552.0,678.1
12951,2025-10-02,RTM,KOTA,2025-10-02 20:02:00,2025-10-02 20:02:00,2025-10-02 21:56:00,114.5,114.5,277.2,221.8,317.6
12951,2025-10-02,KOTA,NDLS,2025-10-03 01:00:00,2025-10-03 01:00:00,2025-10-03 03:07:00,127.1,127.1,55.9,44.7,152.0
12952,2025-10-02,NDLS,KOTA,2025-10-02 05:44:00,2025-10-02 05:44:00,2025-10-02 06:40:00,56.5,56.5,1150.0,920.0,976.9
12952,2025-10-02,KOTA,RTM,2025-10-02 09:44:00,2025-10-02 09:44:00,2025-10-02 10:33:00,49.1,49.1,920.0,736.0,797.1
12952,2025-10-02,RTM,BRC,2025-10-02 13:37:00,2025-10-02 13:37:00,2025-10-02 14:34:00,57.2,57.2,690.0,552.0,615.1
12952,2025-10-02,BRC,ST,2025-10-02 17:38:00,2025-10-02 17:38:00,2025-10-02 19:10:00,92.2,92.2,518.8,415.0,500.1
12952,2025-10-02,ST,BCT,2025-10-02 22:14:00,2025-10-02 22:14:00,2025-10-03 00:33:00,139.0,139.0,53.0,42.4,175.5
12004,2025-10-02,NDLS,GZB,2025-10-02 06:36:00,2025-10-02 06:36:00,2025-10-02 06:58:00,22.4,22.4,1150.0,920.0,958.9
12004,2025-10-02,GZB,ALJN,2025-10-02 10:02:00,2025-10-02 10:02:00,2025-10-02 10:17:00,15.7,15.7,920.0,736.0,748.5
12004,2025-10-02,ALJN,TDL,2025-10-02 13:21:00,2025-10-02 13:21:00,2025-10-02 13:50:00,29.0,29.0,690.0,552.0,579.3
12004,2025-10-02,TDL,CNB,2025-10-02 16:54:00,2025-10-02 16:54:00,2025-10-02 17:34:00,40.8,40.8,517.8,414.2,462.9
12004,2025-10-02,CNB,LKO,2025-10-02 20:38:00,2025-10-02 20:38:00,2025-10-02 21:21:00,43.2,43.2,100.6,80.5,126.5
12626,2025-10-02,NDLS,AGC,2025-10-02 06:26:00,2025-10-02 06:26:00,2025-10-02 06:26:00,0.5,0.5,1150.0,920.0,929.5
12626,2025-10-02,AGC,VGLJ,2025-10-02 09:30:00,2025-10-02 09:30:00,2025-10-02 09:39:00,9.1,9.1,920.0,736.0,755.7
12626,2025-10-02,VGLJ,BPL,2025-10-02 12:43:00,2025-10-02 12:43:00,2025-10-02 12:51:00,8.9,8.9,690.0,552.0,569.6
12626,2025-10-02,BPL,NGP,2025-10-02 15:55:00,2025-10-02 15:55:00,2025-10-02 16:02:00,7.9,7.9,512.9,410.3,427.9
12626,2025-10-02,NGP,MAS,2025-10-02 19:06:00,2025-10-02 19:06:00,2025-10-02 19:15:00,9.3,9.3,130.4,104.3,126.7
12424,2025-10-02,NDLS,CNB,2025-10-02 05:37:00,2025-10-02 05:37:00,2025-10-02 05:47:00,10.9,10.9,1150.0,920.0,941.0
12424,2025-10-02,CNB,PRYJ,2025-10-02 08:51:00,2025-10-02 08:51:00,2025-10-02 09:51:00,60.9,60.9,920.0,736.0,808.4
12424,2025-10-02,PRYJ,DDU,2025-10-02 12:55:00,2025-10-02 12:55:00,2025-10-02 14:42:00,107.2,107.2,690.0,552.0,644.8
12424,2025-10-02,DDU,PPTA,2025-10-02 17:46:00,2025-10-02 17:46:00,2025-10-02 19:39:00,113.2,113.2,374.7,299.8,397.8
12424,2025-10-02,PPTA,GHY,2025-10-02 22:43:00,2025-10-02 22:43:00,2025-10-03 00:31:00,108.5,108.5,175.1,140.1,230.5
12260,2025-10-02,NDLS,CNB,2025-10-02 05:31:00,2025-10-02 05:31:00,2025-10-02 06:12:00,41.1,41.1,1150.0,920.0,968.3
12260,2025-10-02,CNB,PRYJ,2025-10-02 10:02:00,2025-10-02 10:02:00,2025-10-02 10:49:00,47.9,47.9,862.5,690.0,742.0
12260,2025-10-02,PRYJ,DDU,2025-10-02 14:39:00,2025-10-02 14:39:00,2025-10-02 15:43:00,64.8,64.8,449.6,359.7,421.7
12260,2025-10-02,DDU,HWH,2025-10-02 19:33:00,2025-10-02 19:33:00,2025-10-02 20:41:00,68.1,68.1,55.9,44.7,117.2
12926,2025-10-02,BCT,BRC,2025-10-02 06:11:00,2025-10-02 06:11:00,2025-10-02 07:20:00,69.0,69.0,1150.0,920.0,978.0
12926,2025-10-02,BRC,RTM,2025-10-02 10:24:00,2025-10-02 10:24:00,2025-10-02 11:39:00,75.1,75.1,920.0,736.0,826.7
12926,2025-10-02,RTM,KOTA,2025-10-02 14:43:00,2025-10-02 14:43:00,2025-10-02 15:56:00,73.7,73.7,690.0,552.0,630.6
12926,2025-10-02,KOTA,NDLS,2025-10-02 19:00:00,2025-10-02 19:00:00,2025-10-02 20:22:00,82.2,82.2,533.4,426.7,521.2
12926,2025-10-02,NDLS,ASR,2025-10-02 23:26:00,2025-10-02 23:26:00,2025-10-03 00:59:00,93.2,93.2,162.6,130.1,210.3
12627,2025-10-02,SBC,DMM,2025-10-02 06:04:00,2025-10-02 06:04:00,2025-10-02 06:15:00,11.1,11.1,1150.0,920.0,947.8
12627,2025-10-02,DMM,GTL,2025-10-02 09:19:00,2025-10-02 09:19:00,2025-10-02 09:34:00,15.2,15.2,920.0,736.0,764.3
12627,2025-10-02,GTL,SC,2025-10-02 12:38:00,2025-10-02 12:38:00,2025-10-02 12:54:00,16.5,16.5,690.0,552.0,577.8
12627,2025-10-02,SC,NGP,2025-10-02 15:58:00,2025-10-02 15:58:00,2025-10-02 16:10:00,12.3,12.3,534.8,427.8,454.4
12627,2025-10-02,NGP,NDLS,2025-10-02 19:14:00,2025-10-02 19:14:00,2025-10-02 19:32:00,18.2,18.2,96.6,77.3,100.0
12301,2025-10-03,NDLS,CNB,2025-10-03 06:46:00,2025-10-03 06:46:00,2025-10-03 07:08:00,22.2,22.2,1150.0,920.0,962.3
12301,2025-10-03,CNB,PRYJ,2025-10-03 10:12:00,2025-10-03 10:12:00,2025-10-03 10:42:00,30.0,30.0,920.0,736.0,779.7
12301,2025-10-03,PRYJ,DDU,2025-10-03 13:46:00,2025-10-03 13:46:00,2025-10-03 14:26:00,40.4,40.4,690.0,552.0,581.4
12301,2025-10-03,DDU,GKP,2025-10-03 17:30:00,2025-10-03 17:30:00,2025-10-03 18:15:00,45.6,45.6,518.4,414.7,444.7
12301,2025-10-03,GKP,HWH,2025-10-03 21:19:00,2025-10-03 21:19:00,2025-10-03 21:58:00,39.4,39.4,130.9,104.7,152.4
12302,2025-10-03,HWH,GKP,2025-10-03 05:59:00,2025-10-03 05:59:00,2025-10-03 06:21:00,22.1,22.1,1150.0,920.0,950.8
12302,2025-10-03,GKP,DDU,2025-10-03 09:25:00,2025-10-03 09:25:00,2025-10-03 09:44:00,19.5,19.5,920.0,736.0,770.9
12302,2025-10-03,DDU,PRYJ,2025-10-03 12:48:00,2025-10-03 12:48:00,2025-10-03 13:23:00,35.8,35.8,690.0,552.0,586.8
12302,2025-10-03,PRYJ,CNB,2025-10-03 16:27:00,2025-10-03 16:27:00,2025-10-03 17:03:00,36.7,36.7,233.5,186.8,217.4
12302,2025-10-03,CNB,NDLS,2025-10-03 20:07:00,2025-10-03 20:07:00,2025-10-03 20:39:00,32.1,32.1,65.7,52.6,88.3
12951,2025-10-03,BCT,ST,2025-10-03 05:33:00,2025-10-03 05:33:00,2025-10-03 06:45:00,72.5,72.5,1150.0,920.0,1004.3
12951,2025-10-03,ST,BRC,2025-10-03 09:49:00,2025-10-03 09:49:00,2025-10-03 11:04:00,75.8,75.8,920.0,736.0,809.9
12951,2025-10-03,BRC,RTM,2025-10-03 14:08:00,2025-10-03 14:08:00,2025-10-03 15:24:00,76.6,76.6,690.0,552.0,621.1
12951,2025-10-03,RTM,KOTA,2025-10-03 18:28:00,2025-10-03 18:28:00,2025-10-03 19:44:00,76.9,76.9,424.0,339.2,391.0
12951,2025-10-03,KOTA,NDLS,2025-10-03 22:48:00,2025-10-03 22:48:00,2025-10-04 00:12:00,84.3,84.3,82.8,66.2,149.2
12952,2025-10-03,NDLS,KOTA,2025-10-03 06:10:00,2025-10-03 06:10:00,2025-10-03 06:10:00,0.0,0.0,1150.0,920.0,931.4
12952,2025-10-03,KOTA,RTM,2025-10-03 09:14:00,2025-10-03 09:14:00,2025-10-03 10:09:00,55.2,55.2,920.0,736.0,784.5
12952,2025-10-03,RTM,BRC,2025-10-03 13:13:00,2025-10-03 13:13:00,2025-10-03 14:18:00,65.5,65.5,690.0,552.0,617.8
12952,2025-10-03,BRC,ST,2025-10-03 17:22:00,2025-10-03 17:22:00,2025-10-03 18:40:00,78.7,78.7,397.2,317.8,393.9
12952,2025-10-03,ST,BCT,2025-10-03 21:44:00,2025-10-03 21:44:00,2025-10-03 23:15:00,91.0,91.0,86.9,69.5,143.3
12004,2025-10-03,NDLS,GZB,2025-10-03 06:24:00,2025-10-03 06:24:00,2025-10-03 07:14:00,50.5,50.5,1150.0,920.0,968.0
12004,2025-10-03,GZB,ALJN,2025-10-03 10:18:00,2025-10-03 10:18:00,2025-10-03 11:10:00,52.2,52.2,920.0,736.0,783.2
12004,2025-10-03,ALJN,TDL,2025-10-03 14:14:00,2025-10-03 14:14:00,2025-10-03 14:55:00,41.2,41.2,690.0,552.0,598.4
12004,2025-10-03,TDL,CNB,2025-10-03 17:59:00,2025-10-03 17:59:00,2025-10-03 18:40:00,41.7,41.7,351.3,281.0,334.0
12004,2025-10-03,CNB,LKO,2025-10-03 21:44:00,2025-10-03 21:44:00,2025-10-03 22:41:00,58.0,58.0,170.8,136.6,210.8
12626,2025-10-03,NDLS,AGC,2025-10-03 05:59:00,2025-10-03 05:59:00,2025-10-03 06:04:00,5.7,5.7,1150.0,920.0,909.9
12626,2025-10-03,AGC,VGLJ,2025-10-03 09:08:00,2025-10-03 09:08:00,2025-10-03 09:08:00,0.5,0.5,920.0,736.0,750.4
12626,2025-10-03,VGLJ,BPL,2025-10-03 12:12:00,2025-10-03 12:12:00,2025-10-03 13:03:00,51.4,51.4,690.0,552.0,588.6
12626,2025-10-03,BPL,NGP,2025-10-03 16:07:00,2025-10-03 16:07:00,2025-10-03 16:58:00,51.8,51.8,240.9,192.7,254.9
12626,2025-10-03,NGP,MAS,2025-10-03 20:02:00,2025-10-03 20:02:00,2025-10-03 20:42:00,40.9,40.9,127.4,101.9,144.4
12424,2025-10-03,NDLS,CNB,2025-10-03 06:56:00,2025-10-03 06:56:00,2025-10-03 07:20:00,24.5,24.5,1150.0,920.0,943.1
12424,2025-10-03,CNB,PRYJ,2025-10-03 10:24:00,2025-10-03 10:24:00,2025-10-03 10:53:00,29.1,29.1,920.0,736.0,773.0
12424,2025-10-03,PRYJ,DDU,2025-10-03 13:57:00,2025-10-03 13:57:00,2025-10-03 14:32:00,35.1,35.1,690.0,552.0,585.1
12424,2025-10-03,DDU,PPTA,2025-10-03 17:36:00,2025-10-03 17:36:00,2025-10-03 18:18:00,42.3,42.3,274.2,219.4,271.9
12424,2025-10-03,PPTA,GHY,2025-10-03 21:22:00,2025-10-03 21:22:00,2025-10-03 22:15:00,53.5,53.5,164.0,131.2,181.6
12260,2025-10-03,NDLS,CNB,2025-10-03 05:57:00,2025-10-03 05:57:00,2025-10-03 06:05:00,8.6,8.6,1150.0,920.0,955.4
12260,2025-10-03,CNB,PRYJ,2025-10-03 09:55:00,2025-10-03 09:55:00,2025-10-03 10:12:00,17.5,17.5,862.5,690.0,698.9
12260,2025-10-03,PRYJ,DDU,2025-10-03 14:02:00,2025-10-03 14:02:00,2025-10-03 14:24:00,22.5,22.5,258.6,206.9,237.3
12260,2025-10-03,DDU,HWH,2025-10-03 18:14:00,2025-10-03 18:14:00,2025-10-03 18:44:00,30.3,30.3,153.2,122.6,179.5
12926,2025-10-03,BCT,BRC,2025-10-03 05:58:00,2025-10-03 05:58:00,2025-10-03 06:47:00,49.6,49.6,1150.0,920.0,967.5
12926,2025-10-03,BRC,RTM,2025-10-03 09:51:00,2025-10-03 09:51:00,2025-10-03 10:42:00,51.5,51.5,920.0,736.0,792.0
12926,2025-10-03,RTM,KOTA,2025-10-03 13:46:00,2025-10-03 13:46:00,2025-10-03 14:49:00,63.3,63.3,690.0,552.0,608.6
12926,2025-10-03,KOTA,NDLS,2025-10-03 17:53:00,2025-10-03 17:53:00,2025-10-03 19:05:00,72.5,72.5,458.3,366.6,448.3
12926,2025-10-03,NDLS,ASR,2025-10-03 22:09:00,2025-10-03 22:09:00,2025-10-03 23:19:00,70.1,70.1,82.7,66.2,131.4
12627,2025-10-03,SBC,DMM,2025-10-03 06:11:00,2025-10-03 06:11:00,2025-10-03 06:19:00,8.2,8.2,1150.0,920.0,954.1
12627,2025-10-03,DMM,GTL,2025-10-03 09:23:00,2025-10-03 09:23:00,2025-10-03 09:45:00,22.9,22.9,920.0,736.0,772.6
12627,2025-10-03,GTL,SC,2025-10-03 12:49:00,2025-10-03 12:49:00,2025-10-03 13:17:00,28.4,28.4,690.0,552.0,576.4
12627,2025-10-03,SC,NGP,2025-10-03 16:21:00,2025-10-03 16:21:00,2025-10-03 16:47:00,26.5,26.5,463.0,370.4,405.5
12627,2025-10-03,NGP,NDLS,2025-10-03 19:51:00,2025-10-03 19:51:00,2025-10-03 20:36:00,45.7,45.7,66.2,53.0,101.2
12301,2025-10-04,NDLS,CNB,2025-10-04 06:42:00,2025-10-04 06:42:00,2025-10-04 06:53:00,11.0,11.0,1150.0,920.0,919.9
12301,2025-10-04,CNB,PRYJ,2025-10-04 09:57:00,2025-10-04 09:57:00,2025-10-04 10:19:00,22.6,22.6,920.0,736.0,756.3
12301,2025-10-04,PRYJ,DDU,2025-10-04 13:23:00,2025-10-04 13:23:00,2025-10-04 13:42:00,19.9,19.9,690.0,552.0,578.1
12301,2025-10-04,DDU,GKP,2025-10-04 16:46:00,2025-10-04 16:46:00,2025-10-04 17:08:00,22.5,22.5,358.2,286.6,322.9
12301,2025-10-04,GKP,HWH,2025-10-04 20:12:00,2025-10-04 20:12:00,2025-10-04 20:32:00,20.4,20.4,51.7,41.4,69.7
12302,2025-10-04,HWH,GKP,2025-10-04 05:37:00,2025-10-04 05:37:00,2025-10-04 05:44:00,7.4,7.4,1150.0,920.0,934.0
12302,2025-10-04,GKP,DDU,2025-10-04 08:48:00,2025-10-04 08:48:00,2025-10-04 08:54:00,6.7,6.7,920.0,736.0,755.0
12302,2025-10-04,DDU,PRYJ,2025-10-04 11:58:00,2025-10-04 11:58:00,2025-10-04 13:14:00,76.1,76.1,690.0,552.0,616.0
12302,2025-10-04,PRYJ,CNB,2025-10-04 16:18:00,2025-10-04 16:18:00,2025-10-04 17:25:00,67.6,67.6,393.0,314.4,367.4
12302,2025-10-04,CNB,NDLS,2025-10-04 20:29:00,2025-10-04 20:29:00,2025-10-04 21:32:00,63.1,63.1,73.7,59.0,114.6
12951,2025-10-04,BCT,ST,2025-10-04 05:44:00,2025-10-04 05:44:00,2025-10-04 06:18:00,34.6,34.6,1150.0,920.0,966.9
12951,2025-10-04,ST,BRC,2025-10-04 09:22:00,2025-10-04 09:22:00,2025-10-04 10:01:00,39.2,39.2,920.0,736.0,779.6
12951,2025-10-04,BRC,RTM,2025-10-04 13:05:00,2025-10-04 13:05:00,2025-10-04 13:46:00,41.1,41.1,690.0,552.0,597.1
12951,2025-10-04,RTM,KOTA,2025-10-04 16:50:00,2025-10-04 16:50:00,2025-10-04 17:32:00,42.9,42.9,502.4,401.9,454.4
12951,2025-10-04,KOTA,NDLS,2025-10-04 20:36:00,2025-10-04 20:36:00,2025-10-04 21:12:00,36.9,36.9,88.1,70.5,129.0
12952,2025-10-04,NDLS,KOTA,2025-10-04 05:53:00,2025-10-04 05:53:00,2025-10-04 06:06:00,13.9,13.9,1150.0,920.0,929.6
12952,2025-10-04,KOTA,RTM,2025-10-04 09:10:00,2025-10-04 09:10:00,2025-10-04 09:35:00,25.4,25.4,920.0,736.0,748.4
12952,2025-10-04,RTM,BRC,2025-10-04 12:39:00,2025-10-04 12:39:00,2025-10-04 13:14:00,35.2,35.2,690.0,552.0,590.9
12952,2025-10-04,BRC,ST,2025-10-04 16:18:00,2025-10-04 16:18:00,2025-10-04 16:59:00,41.1,41.1,227.4,181.9,210.5
12952,2025-10-04,ST,BCT,2025-10-04 20:03:00,2025-10-04 20:03:00,2025-10-04 20:40:00,37.3,37.3,68.1,54.5,92.1
12004,2025-10-04,NDLS,GZB,2025-10-04 05:40:00,2025-10-04 05:40:00,2025-10-04 06:00:00,20.7,20.7,1150.0,920.0,953.9
12004,2025-10-04,GZB,ALJN,2025-10-04 09:04:00,2025-10-04 09:04:00,2025-10-04 09:47:00,43.1,43.1,920.0,736.0,790.5
12004,2025-10-04,ALJN,TDL,2025-10-04 12:51:00,2025-10-04 12:51:00,2025-10-04 13:39:00,48.6,48.6,690.0,552.0,612.4
12004,2025-10-04,TDL,CNB,2025-10-04 16:43:00,2025-10-04 16:43:00,2025-10-04 17:34:00,51.6,51.6,277.9,222.3,282.3
12004,2025-10-04,CNB,LKO,2025-10-04 20:38:00,2025-10-04 20:38:00,2025-10-04 22:18:00,100.9,100.9,56.1,44.9,130.3
12626,2025-10-04,NDLS,AGC,2025-10-04 05:55:00,2025-10-04 05:55:00,2025-10-04 06:09:00,15.0,15.0,1150.0,920.0,936.9
12626,2025-10-04,AGC,VGLJ,2025-10-04 09:13:00,2025-10-04 09:13:00,2025-10-04 09:44:00,31.5,31.5,920.0,736.0,772.7
12626,2025-10-04,VGLJ,BPL,2025-10-04 12:48:00,2025-10-04 12:48:00,2025-10-04 14:04:00,76.4,76.4,690.0,552.0,614.5
12626,2025-10-04,BPL,NGP,2025-10-04 17:08:00,2025-10-04 17:08:00,2025-10-04 19:14:00,126.1,126.1,330.3,264.2,380.5
12626,2025-10-04,NGP,MAS,2025-10-04 22:18:00,2025-10-04 22:18:00,2025-10-05 00:18:00,120.7,120.7,139.5,111.6,221.4
12424,2025-10-04,NDLS,CNB,2025-10-04 05:54:00,2025-10-04 05:54:00,2025-10-04 06:54:00,60.9,60.9,1150.0,920.0,986.5
12424,2025-10-04,CNB,PRYJ,2025-10-04 09:58:00,2025-10-04 09:58:00,2025-10-04 11:02:00,64.5,64.5,920.0,736.0,805.3
12424,2025-10-04,PRYJ,DDU,2025-10-04 14:06:00,2025-10-04 14:06:00,2025-10-04 15:16:00,70.8,70.8,690.0,552.0,627.5
12424,2025-10-04,DDU,PPTA,2025-10-04 18:20:00,2025-10-04 18:20:00,2025-10-04 19:32:00,72.1,72.1,448.5,358.8,431.2
12424,2025-10-04,PPTA,GHY,2025-10-04 22:36:00,2025-10-04 22:36:00,2025-10-04 23:54:00,78.6,78.6,178.4,142.7,220.5
12260,2025-10-04,NDLS,CNB,2025-10-04 05:33:00,2025-10-04 05:33:00,2025-10-04 05:57:00,24.2,24.2,1150.0,920.0,964.0
12260,2025-10-04,CNB,PRYJ,2025-10-04 09:47:00,2025-10-04 09:47:00,2025-10-04 10:14:00,27.9,27.9,862.5,690.0,732.8
12260,2025-10-04,PRYJ,DDU,2025-10-04 14:04:00,2025-10-04 14:04:00,2025-10-04 14:27:00,23.5,23.5,325.3,260.2,290.3
12260,2025-10-04,DDU,HWH,2025-10-04 18:17:00,2025-10-04 18:17:00,2025-10-04 19:21:00,64.2,64.2,140.5,112.4,169.3
12926,2025-10-04,BCT,BRC,2025-10-04 05:58:00,2025-10-04 05:58:00,2025-10-04 06:22:00,25.0,25.0,1150.0,920.0,951.1
12926,2025-10-04,BRC,RTM,2025-10-04 09:26:00,2025-10-04 09:26:00,2025-10-04 09:59:00,33.3,33.3,920.0,736.0,779.6
12926,2025-10-04,RTM,KOTA,2025-10-04 13:03:00,2025-10-04 13:03:00,2025-10-04 13:47:00,44.6,44.6,690.0,552.0,593.9
12926,2025-10-04,KOTA,NDLS,2025-10-04 16:51:00,2025-10-04 16:51:00,2025-10-04 17:36:00,45.9,45.9,427.1,341.7,404.3
12926,2025-10-04,NDLS,ASR,2025-10-04 20:40:00,2025-10-04 20:40:00,2025-10-04 21:28:00,48.1,48.1,81.0,64.8,106.8
12627,2025-10-04,SBC,DMM,2025-10-04 05:33:00,2025-10-04 05:33:00,2025-10-04 05:33:00,0.0,0.0,1150.0,920.0,918.5
12627,2025-10-04,DMM,GTL,2025-10-04 08:37:00,2025-10-04 08:37:00,2025-10-04 08:40:00,3.0,3.0,920.0,736.0,747.3
12627,2025-10-04,GTL,SC,2025-10-04 11:44:00,2025-10-04 11:44:00,2025-10-04 12:04:00,20.9,20.9,690.0,552.0,579.7
12627,2025-10-04,SC,NGP,2025-10-04 15:08:00,2025-10-04 15:08:00,2025-10-04 15:33:00,25.9,25.9,296.5,237.2,273.5
12627,2025-10-04,NGP,NDLS,2025-10-04 18:37:00,2025-10-04 18:37:00,2025-10-04 19:03:00,26.8,26.8,80.0,64.0,94.9
12301,2025-10-05,NDLS,CNB,2025-10-05 05:35:00,2025-10-05 05:35:00,2025-10-05 05:38:00,3.9,3.9,1150.0,920.0,926.8
12301,2025-10-05,CNB,PRYJ,2025-10-05 08:42:00,2025-10-05 08:42:00,2025-10-05 08:51:00,10.0,10.0,920.0,736.0,749.4
12301,2025-10-05,PRYJ,DDU,2025-10-05 11:55:00,2025-10-05 11:55:00,2025-10-05 12:23:00,28.1,28.1,690.0,552.0,589.5
12301,2025-10-05,DDU,GKP,2025-10-05 15:27:00,2025-10-05 15:27:00,2025-10-05 15:55:00,28.5,28.5,509.6,407.7,443.5
12301,2025-10-05,GKP,HWH,2025-10-05 18:59:00,2025-10-05 18:59:00,2025-10-05 19:34:00,35.7,35.7,162.1,129.7,174.5
12302,2025-10-05,HWH,GKP,2025-10-05 06:03:00,2025-10-05 06:03:00,2025-10-05 06:15:00,12.6,12.6,1150.0,920.0,929.5
12302,2025-10-05,GKP,DDU,2025-10-05 09:19:00,2025-10-05 09:19:00,2025-10-05 10:33:00,74.1,74.1,920.0,736.0,799.2
12302,2025-10-05,DDU,PRYJ,2025-10-05 13:37:00,2025-10-05 13:37:00,2025-10-05 15:10:00,93.2,93.2,690.0,552.0,633.7
12302,2025-10-05,PRYJ,CNB,2025-10-05 18:14:00,2025-10-05 18:14:00,2025-10-05 19:41:00,87.4,87.4,443.7,355.0,444.3
12302,2025-10-05,CNB,NDLS,2025-10-05 22:45:00,2025-10-05 22:45:00,2025-10-06 00:21:00,96.3,96.3,135.6,108.5,204.3
12951,2025-10-05,BCT,ST,2025-10-05 06:37:00,2025-10-05 06:37:00,2025-10-05 06:48:00,11.6,11.6,1150.0,920.0,944.1
12951,2025-10-05,ST,BRC,2025-10-05 09:52:00,2025-10-05 09:52:00,2025-10-05 10:09:00,17.8,17.8,920.0,736.0,758.5
12951,2025-10-05,BRC,RTM,2025-10-05 13:13:00,2025-10-05 13:13:00,2025-10-05 13:35:00,22.9,22.9,690.0,552.0,579.8
12951,2025-10-05,RTM,KOTA,2025-10-05 16:39:00,2025-10-05 16:39:00,2025-10-05 18:04:00,85.1,85.1,429.2,343.4,426.3
12951,2025-10-05,KOTA,NDLS,2025-10-05 21:08:00,2025-10-05 21:08:00,2025-10-05 22:44:00,96.4,96.4,175.2,140.2,214.7
12952,2025-10-05,NDLS,KOTA,2025-10-05 06:31:00,2025-10-05 06:31:00,2025-10-05 07:04:00,33.1,33.1,1150.0,920.0,950.6
12952,2025-10-05,KOTA,RTM,2025-10-05 10:08:00,2025-10-05 10:08:00,2025-10-05 10:34:00,26.2,26.2,920.0,736.0,771.7
12952,2025-10-05,RTM,BRC,2025-10-05 13:38:00,2025-10-05 13:38:00,2025-10-05 14:26:00,48.4,48.4,690.0,552.0,596.7
12952,2025-10-05,BRC,ST,2025-10-05 17:30:00,2025-10-05 17:30:00,2025-10-05 18:26:00,56.8,56.8,381.3,305.0,369.0
12952,2025-10-05,ST,BCT,2025-10-05 21:30:00,2025-10-05 21:30:00,2025-10-05 22:22:00,52.1,52.1,179.6,143.7,182.8
12004,2025-10-05,NDLS,GZB,2025-10-05 05:49:00,2025-10-05 05:49:00,2025-10-05 06:05:00,16.7,16.7,1150.0,920.0,937.9
12004,2025-10-05,GZB,ALJN,2025-10-05 09:09:00,2025-10-05 09:09:00,2025-10-05 09:33:00,24.6,24.6,920.0,736.0,767.7
12004,2025-10-05,ALJN,TDL,2025-10-05 12:37:00,2025-10-05 12:37:00,2025-10-05 12:56:00,19.4,19.4,690.0,552.0,572.5
12004,2025-10-05,TDL,CNB,2025-10-05 16:00:00,2025-10-05 16:00:00,2025-10-05 17:03:00,63.5,63.5,515.1,412.1,468.5
12004,2025-10-05,CNB,LKO,2025-10-05 20:07:00,2025-10-05 20:07:00,2025-10-05 21:17:00,70.5,70.5,162.4,129.9,202.2
12626,2025-10-05,NDLS,AGC,2025-10-05 06:39:00,2025-10-05 06:39:00,2025-10-05 07:00:00,21.7,21.7,1150.0,920.0,950.0
12626,2025-10-05,AGC,VGLJ,2025-10-05 10:04:00,2025-10-05 10:04:00,2025-10-05 10:37:00,33.2,33.2,920.0,736.0,774.4
12626,2025-10-05,VGLJ,BPL,2025-10-05 13:41:00,2025-10-05 13:41:00,2025-10-05 14:20:00,39.5,39.5,690.0,552.0,586.3
12626,2025-10-05,BPL,NGP,2025-10-05 17:24:00,2025-10-05 17:24:00,2025-10-05 18:08:00,44.3,44.3,382.2,305.8,350.6
12626,2025-10-05,NGP,MAS,2025-10-05 21:12:00,2025-10-05 21:12:00,2025-10-05 22:31:00,79.3,79.3,90.3,72.2,147.8
12424,2025-10-05,NDLS,CNB,2025-10-05 05:56:00,2025-10-05 05:56:00,2025-10-05 06:12:00,16.7,16.7,1150.0,920.0,943.5
12424,2025-10-05,CNB,PRYJ,2025-10-05 09:16:00,2025-10-05 09:16:00,2025-10-05 09:30:00,14.9,14.9,920.0,736.0,763.7
12424,2025-10-05,PRYJ,DDU,2025-10-05 12:34:00,2025-10-05 12:34:00,2025-10-05 12:52:00,18.9,18.9,690.0,552.0,571.2
12424,2025-10-05,DDU,PPTA,2025-10-05 15:56:00,2025-10-05 15:56:00,2025-10-05 16:13:00,17.6,17.6,404.7,323.8,344.8
12424,2025-10-05,PPTA,GHY,2025-10-05 19:17:00,2025-10-05 19:17:00,2025-10-05 19:32:00,15.6,15.6,60.2,48.2,71.6
12260,2025-10-05,NDLS,CNB,2025-10-05 05:48:00,2025-10-05 05:48:00,2025-10-05 07:13:00,85.9,85.9,1150.0,920.0,1004.3
12260,2025-10-05,CNB,PRYJ,2025-10-05 11:03:00,2025-10-05 11:03:00,2025-10-05 12:43:00,100.7,100.7,862.5,690.0,788.6
12260,2025-10-05,PRYJ,DDU,2025-10-05 16:33:00,2025-10-05 16:33:00,2025-10-05 19:19:00,166.3,166.3,484.6,387.7,531.2
12260,2025-10-05,DDU,HWH,2025-10-05 23:09:00,2025-10-05 23:09:00,2025-10-06 02:11:00,182.8,182.8,156.2,125.0,282.6
12926,2025-10-05,BCT,BRC,2025-10-05 05:35:00,2025-10-05 05:35:00,2025-10-05 05:35:00,0.1,0.1,1150.0,920.0,924.4
12926,2025-10-05,BRC,RTM,2025-10-05 08:39:00,2025-10-05 08:39:00,2025-10-05 08:46:00,7.2,7.2,920.0,736.0,748.3
12926,2025-10-05,RTM,KOTA,2025-10-05 11:50:00,2025-10-05 11:50:00,2025-10-05 12:11:00,21.6,21.6,690.0,552.0,589.2
12926,2025-10-05,KOTA,NDLS,2025-10-05 15:15:00,2025-10-05 15:15:00,2025-10-05 15:33:00,18.8,18.8,541.7,433.4,460.0
12926,2025-10-05,NDLS,ASR,2025-10-05 18:37:00,2025-10-05 18:37:00,2025-10-05 18:58:00,21.3,21.3,54.0,43.2,60.6
12627,2025-10-05,SBC,DMM,2025-10-05 06:08:00,2025-10-05 06:08:00,2025-10-05 06:17:00,9.9,9.9,1150.0,920.0,922.8
12627,2025-10-05,DMM,GTL,2025-10-05 09:21:00,2025-10-05 09:21:00,2025-10-05 09:36:00,15.3,15.3,920.0,736.0,770.2
12627,2025-10-05,GTL,SC,2025-10-05 12:40:00,2025-10-05 12:40:00,2025-10-05 13:05:00,25.8,25.8,690.0,552.0,583.0
12627,2025-10-05,SC,NGP,2025-10-05 16:09:00,2025-10-05 16:09:00,2025-10-05 16:43:00,34.6,34.6,311.4,249.1,291.1
12627,2025-10-05,NGP,NDLS,2025-10-05 19:47:00,2025-10-05 19:47:00,2025-10-05 20:21:00,34.8,34.8,132.1,105.7,152.5
12301,2025-10-06,NDLS,CNB,2025-10-06 05:51:00,2025-10-06 05:51:00,2025-10-06 05:54:00,3.8,3.8,1150.0,920.0,947.2
12301,2025-10-06,CNB,PRYJ,2025-10-06 08:58:00,2025-10-06 08:58:00,2025-10-06 09:10:00,12.5,12.5,920.0,736.0,735.4
12301,2025-10-06,PRYJ,DDU,2025-10-06 12:14:00,2025-10-06 12:14:00,2025-10-06 12:28:00,14.3,14.3,690.0,552.0,563.4
12301,2025-10-06,DDU,GKP,2025-10-06 15:32:00,2025-10-06 15:32:00,2025-10-06 15:56:00,24.9,24.9,436.7,349.4,379.9
12301,2025-10-06,GKP,HWH,2025-10-06 19:00:00,2025-10-06 19:00:00,2025-10-06 19:29:00,29.4,29.4,109.0,87.2,115.3
12302,2025-10-06,HWH,GKP,2025-10-06 05:52:00,2025-10-06 05:52:00,2025-10-06 06:08:00,16.8,16.8,1150.0,920.0,948.2
12302,2025-10-06,GKP,DDU,2025-10-06 09:12:00,2025-10-06 09:12:00,2025-10-06 09:30:00,18.8,18.8,920.0,736.0,782.1
12302,2025-10-06,DDU,PRYJ,2025-10-06 12:34:00,2025-10-06 12:34:00,2025-10-06 13:03:00,29.0,29.0,690.0,552.0,584.8
12302,2025-10-06,PRYJ,CNB,2025-10-06 16:07:00,2025-10-06 16:07:00,2025-10-06 16:40:00,33.3,33.3,309.0,247.2,275.4
12302,2025-10-06,CNB,NDLS,2025-10-06 19:44:00,2025-10-06 19:44:00,2025-10-06 20:25:00,41.7,41.7,65.9,52.7,97.3
12951,2025-10-06,BCT,ST,2025-10-06 05:43:00,2025-10-06 05:43:00,2025-10-06 05:52:00,9.5,9.5,1150.0,920.0,941.7
12951,2025-10-06,ST,BRC,2025-10-06 08:56:00,2025-10-06 08:56:00,2025-10-06 09:22:00,26.0,26.0,920.0,736.0,762.5
12951,2025-10-06,BRC,RTM,2025-10-06 12:26:00,2025-10-06 12:26:00,2025-10-06 13:02:00,36.7,36.7,690.0,552.0,586.5
12951,2025-10-06,RTM,KOTA,2025-10-06 16:06:00,2025-10-06 16:06:00,2025-10-06 16:48:00,42.3,42.3,540.1,432.1,476.3
12951,2025-10-06,KOTA,NDLS,2025-10-06 19:52:00,2025-10-06 19:52:00,2025-10-06 20:43:00,51.6,51.6,73.0,58.4,117.5
12952,2025-10-06,NDLS,KOTA,2025-10-06 06:25:00,2025-10-06 06:25:00,2025-10-06 07:32:00,67.3,67.3,1150.0,920.0,996.5
12952,2025-10-06,KOTA,RTM,2025-10-06 10:36:00,2025-10-06 10:36:00,2025-10-06 11:40:00,64.9,64.9,920.0,736.0,804.5
12952,2025-10-06,RTM,BRC,2025-10-06 14:44:00,2025-10-06 14:44:00,2025-10-06 15:48:00,64.3,64.3,690.0,552.0,623.1
12952,2025-10-06,BRC,ST,2025-10-06 18:52:00,2025-10-06 18:52:00,2025-10-06 19:59:00,67.9,67.9,235.9,188.7,260.8
12952,2025-10-06,ST,BCT,2025-10-06 23:03:00,2025-10-06 23:03:00,2025-10-07 00:18:00,75.3,75.3,123.7,99.0,172.8
12004,2025-10-06,NDLS,GZB,2025-10-06 06:42:00,2025-10-06 06:42:00,2025-10-06 07:00:00,18.5,18.5,1150.0,920.0,954.5
12004,2025-10-06,GZB,ALJN,2025-10-06 10:04:00,2025-10-06 10:04:00,2025-10-06 10:56:00,52.9,52.9,920.0,736.0,780.8
12004,2025-10-06,ALJN,TDL,2025-10-06 14:00:00,2025-10-06 14:00:00,2025-10-06 15:06:00,66.4,66.4,690.0,552.0,610.2
12004,2025-10-06,TDL,CNB,2025-10-06 18:10:00,2025-10-06 18:10:00,2025-10-06 19:54:00,104.8,104.8,298.4,238.7,332.6
12004,2025-10-06,CNB,LKO,2025-10-06 22:58:00,2025-10-06 22:58:00,2025-10-07 00:33:00,95.3,95.3,130.5,104.4,188.3
12626,2025-10-06,NDLS,AGC,2025-10-06 05:32:00,2025-10-06 05:32:00,2025-10-06 05:33:00,1.9,1.9,1150.0,920.0,921.1
12626,2025-10-06,AGC,VGLJ,2025-10-06 08:37:00,2025-10-06 08:37:00,2025-10-06 08:56:00,19.9,19.9,920.0,736.0,772.2
12626,2025-10-06,VGLJ,BPL,2025-10-06 12:00:00,2025-10-06 12:00:00,2025-10-06 12:22:00,22.3,22.3,690.0,552.0,580.1
12626,2025-10-06,BPL,NGP,2025-10-06 15:26:00,2025-10-06 15:26:00,2025-10-06 15:47:00,21.8,21.8,528.4,422.7,446.9
12626,2025-10-06,NGP,MAS,2025-10-06 18:51:00,2025-10-06 18:51:00,2025-10-06 19:22:00,31.6,31.6,87.0,69.6,99.7
12424,2025-10-06,NDLS,CNB,2025-10-06 06:34:00,2025-10-06 06:34:00,2025-10-06 06:42:00,8.7,8.7,1150.0,920.0,922.2
12424,2025-10-06,CNB,PRYJ,2025-10-06 09:46:00,2025-10-06 09:46:00,2025-10-06 09:52:00,6.9,6.9,920.0,736.0,759.1
12424,2025-10-06,PRYJ,DDU,2025-10-06 12:56:00,2025-10-06 12:56:00,2025-10-06 13:07:00,11.8,11.8,690.0,552.0,569.8
12424,2025-10-06,DDU,PPTA,2025-10-06 16:11:00,2025-10-06 16:11:00,2025-10-06 17:11:00,60.7,60.7,379.6,303.7,379.9
12424,2025-10-06,PPTA,GHY,2025-10-06 20:15:00,2025-10-06 20:15:00,2025-10-06 21:19:00,65.0,65.0,128.2,102.6,164.3
12260,2025-10-06,NDLS,CNB,2025-10-06 06:06:00,2025-10-06 06:06:00,2025-10-06 06:10:00,4.9,4.9,1150.0,920.0,927.2
12260,2025-10-06,CNB,PRYJ,2025-10-06 10:00:00,2025-10-06 10:00:00,2025-10-06 10:07:00,7.1,7.1,862.5,690.0,712.8
12260,2025-10-06,PRYJ,DDU,2025-10-06 13:57:00,2025-10-06 13:57:00,2025-10-06 14:21:00,24.4,24.4,425.9,340.7,364.2
12260,2025-10-06,DDU,HWH,2025-10-06 18:11:00,2025-10-06 18:11:00,2025-10-06 19:22:00,71.2,71.2,162.2,129.8,199.2
12926,2025-10-06,BCT,BRC,2025-10-06 05:50:00,2025-10-06 05:50:00,2025-10-06 06:09:00,19.3,19.3,1150.0,920.0,938.2
12926,2025-10-06,BRC,RTM,2025-10-06 09:13:00,2025-10-06 09:13:00,2025-10-06 09:38:00,25.7,25.7,920.0,736.0,761.2
12926,2025-10-06,RTM,KOTA,2025-10-06 12:42:00,2025-10-06 12:42:00,2025-10-06 13:17:00,35.6,35.6,690.0,552.0,597.3
12926,2025-10-06,KOTA,NDLS,2025-10-06 16:21:00,2025-10-06 16:21:00,2025-10-06 17:04:00,43.0,43.0,254.4,203.5,258.6
12926,2025-10-06,NDLS,ASR,2025-10-06 20:08:00,2025-10-06 20:08:00,2025-10-06 20:48:00,40.4,40.4,61.1,48.9,83.0
12627,2025-10-06,SBC,DMM,2025-10-06 05:36:00,2025-10-06 05:36:00,2025-10-06 05:42:00,6.1,6.1,1150.0,920.0,945.4
12627,2025-10-06,DMM,GTL,2025-10-06 08:46:00,2025-10-06 08:46:00,2025-10-06 08:58:00,12.8,12.8,920.0,736.0,772.8
12627,2025-10-06,GTL,SC,2025-10-06 12:02:00,2025-10-06 12:02:00,2025-10-06 12:22:00,21.0,21.0,690.0,552.0,595.4
12627,2025-10-06,SC,NGP,2025-10-06 15:26:00,2025-10-06 15:26:00,2025-10-06 15:54:00,28.3,28.3,239.8,191.8,228.6
12627,2025-10-06,NGP,NDLS,2025-10-06 18:58:00,2025-10-06 18:58:00,2025-10-06 19:24:00,26.9,26.9,76.1,60.9,97.1
12301,2025-10-07,NDLS,CNB,2025-10-07 06:29:00,2025-10-07 06:29:00,2025-10-07 06:31:00,2.9,2.9,1150.0,920.0,927.1
12301,2025-10-07,CNB,PRYJ,2025-10-07 09:35:00,2025-10-07 09:35:00,2025-10-07 09:42:00,7.4,7.4,920.0,736.0,759.5
12301,2025-10-07,PRYJ,DDU,2025-10-07 12:46:00,2025-10-07 12:46:00,2025-10-07 12:52:00,6.9,6.9,690.0,552.0,566.7
12301,2025-10-07,DDU,GKP,2025-10-07 15:56:00,2025-10-07 15:56:00,2025-10-07 16:39:00,43.8,43.8,492.6,394.1,446.2
12301,2025-10-07,GKP,HWH,2025-10-07 19:43:00,2025-10-07 19:43:00,2025-10-07 20:19:00,36.7,36.7,96.8,77.4,122.1
12302,2025-10-07,HWH,GKP,2025-10-07 06:16:00,2025-10-07 06:16:00,2025-10-07 06:27:00,12.0,12.0,1150.0,920.0,951.0
12302,2025-10-07,GKP,DDU,2025-10-07 09:31:00,2025-10-07 09:31:00,2025-10-07 09:47:00,16.5,16.5,920.0,736.0,763.5
12302,2025-10-07,DDU,PRYJ,2025-10-07 12:51:00,2025-10-07 12:51:00,2025-10-07 13:13:00,22.1,22.1,690.0,552.0,581.7
12302,2025-10-07,PRYJ,CNB,2025-10-07 16:17:00,2025-10-07 16:17:00,2025-10-07 16:35:00,18.9,18.9,246.7,197.4,219.5
12302,2025-10-07,CNB,NDLS,2025-10-07 19:39:00,2025-10-07 19:39:00,2025-10-07 20:08:00,29.5,29.5,176.8,141.4,184.0
12951,2025-10-07,BCT,ST,2025-10-07 06:13:00,2025-10-07 06:13:00,2025-10-07 06:53:00,40.1,40.1,1150.0,920.0,968.3
12951,2025-10-07,ST,BRC,2025-10-07 09:57:00,2025-10-07 09:57:00,2025-10-07 10:34:00,37.7,37.7,920.0,736.0,771.1
12951,2025-10-07,BRC,RTM,2025-10-07 13:38:00,2025-10-07 13:38:00,2025-10-07 14:20:00,42.0,42.0,690.0,552.0,601.0
12951,2025-10-07,RTM,KOTA,2025-10-07 17:24:00,2025-10-07 17:24:00,2025-10-07 18:36:00,72.5,72.5,322.9,258.3,328.3
12951,2025-10-07,KOTA,NDLS,2025-10-07 21:40:00,2025-10-07 21:40:00,2025-10-07 23:40:00,120.9,120.9,130.5,104.4,217.4
12952,2025-10-07,NDLS,KOTA,2025-10-07 06:59:00,2025-10-07 06:59:00,2025-10-07 07:03:00,4.9,4.9,1150.0,920.0,929.7
12952,2025-10-07,KOTA,RTM,2025-10-07 10:07:00,2025-10-07 10:07:00,2025-10-07 10:12:00,5.2,5.2,920.0,736.0,744.5
12952,2025-10-07,RTM,BRC,2025-10-07 13:16:00,2025-10-07 13:16:00,2025-10-07 13:26:00,10.2,10.2,690.0,552.0,572.5
12952,2025-10-07,BRC,ST,2025-10-07 16:30:00,2025-10-07 16:30:00,2025-10-07 16:47:00,17.2,17.2,321.1,256.9,296.6
12952,2025-10-07,ST,BCT,2025-10-07 19:51:00,2025-10-07 19:51:00,2025-10-07 20:03:00,13.0,13.0,165.3,132.2,151.2
12004,2025-10-07,NDLS,GZB,2025-10-07 06:36:00,2025-10-07 06:36:00,2025-10-07 07:21:00,45.3,45.3,1150.0,920.0,950.0
12004,2025-10-07,GZB,ALJN,2025-10-07 10:25:00,2025-10-07 10:25:00,2025-10-07 11:14:00,50.0,50.0,920.0,736.0,774.2
12004,2025-10-07,ALJN,TDL,2025-10-07 14:18:00,2025-10-07 14:18:00,2025-10-07 15:06:00,48.0,48.0,690.0,552.0,601.7
12004,2025-10-07,TDL,CNB,2025-10-07 18:10:00,2025-10-07 18:10:00,2025-10-07 19:01:00,51.8,51.8,498.6,398.9,443.2
12004,2025-10-07,CNB,LKO,2025-10-07 22:05:00,2025-10-07 22:05:00,2025-10-07 22:47:00,42.0,42.0,145.9,116.7,158.2
12626,2025-10-07,NDLS,AGC,2025-10-07 06:50:00,2025-10-07 06:50:00,2025-10-07 07:16:00,26.3,26.3,1150.0,920.0,941.1
12626,2025-10-07,AGC,VGLJ,2025-10-07 10:20:00,2025-10-07 10:20:00,2025-10-07 10:49:00,29.8,29.8,920.0,736.0,780.4
12626,2025-10-07,VGLJ,BPL,2025-10-07 13:53:00,2025-10-07 13:53:00,2025-10-07 14:28:00,35.4,35.4,690.0,552.0,594.1
12626,2025-10-07,BPL,NGP,2025-10-07 17:32:00,2025-10-07 17:32:00,2025-10-07 18:14:00,42.2,42.2,391.1,312.9,354.9
12626,2025-10-07,NGP,MAS,2025-10-07 21:18:00,2025-10-07 21:18:00,2025-10-07 22:23:00,65.8,65.8,55.4,44.3,100.8
12424,2025-10-07,NDLS,CNB,2025-10-07 06:36:00,2025-10-07 06:36:00,2025-10-07 07:06:00,30.5,30.5,1150.0,920.0,951.0
12424,2025-10-07,CNB,PRYJ,2025-10-07 10:10:00,2025-10-07 10:10:00,2025-10-07 10:38:00,28.3,28.3,920.0,736.0,770.4
12424,2025-10-07,PRYJ,DDU,2025-10-07 13:42:00,2025-10-07 13:42:00,2025-10-07 14:21:00,39.4,39.4,690.0,552.0,596.2
12424,2025-10-07,DDU,PPTA,2025-10-07 17:25:00,2025-10-07 17:25:00,2025-10-07 18:12:00,47.0,47.0,247.1,197.7,254.8
12424,2025-10-07,PPTA,GHY,2025-10-07 21:16:00,2025-10-07 21:16:00,2025-10-07 22:14:00,59.0,59.0,65.8,52.6,116.8
12260,2025-10-07,NDLS,CNB,2025-10-07 06:57:00,2025-10-07 06:57:00,2025-10-07 06:57:00,0.1,0.1,1150.0,920.0,939.6
12260,2025-10-07,CNB,PRYJ,2025-10-07 10:47:00,2025-10-07 10:47:00,2025-10-07 11:00:00,13.3,13.3,862.5,690.0,717.5
12260,2025-10-07,PRYJ,DDU,2025-10-07 14:50:00,2025-10-07 14:50:00,2025-10-07 15:10:00,20.7,20.7,262.3,209.8,234.8
12260,2025-10-07,DDU,HWH,2025-10-07 19:00:00,2025-10-07 19:00:00,2025-10-07 19:36:00,37.0,37.0,106.2,85.0,114.9
12926,2025-10-07,BCT,BRC,2025-10-07 05:47:00,2025-10-07 05:47:00,2025-10-07 05:52:00,5.8,5.8,1150.0,920.0,945.5
12926,2025-10-07,BRC,RTM,2025-10-07 08:56:00,2025-10-07 08:56:00,2025-10-07 09:04:00,8.8,8.8,920.0,736.0,756.1
12926,2025-10-07,RTM,KOTA,2025-10-07 12:08:00,2025-10-07 12:08:00,2025-10-07 12:23:00,15.8,15.8,690.0,552.0,583.4
12926,2025-10-07,KOTA,NDLS,2025-10-07 15:27:00,2025-10-07 15:27:00,2025-10-07 15:48:00,21.7,21.7,278.6,222.9,247.4
12926,2025-10-07,NDLS,ASR,2025-10-07 18:52:00,2025-10-07 18:52:00,2025-10-07 19:20:00,28.1,28.1,71.4,57.1,83.1
12627,2025-10-07,SBC,DMM,2025-10-07 06:45:00,2025-10-07 06:45:00,2025-10-07 06:56:00,11.3,11.3,1150.0,920.0,954.0
12627,2025-10-07,DMM,GTL,2025-10-07 10:00:00,2025-10-07 10:00:00,2025-10-07 10:18:00,18.7,18.7,920.0,736.0,752.0
12627,2025-10-07,GTL,SC,2025-10-07 13:22:00,2025-10-07 13:22:00,2025-10-07 13:52:00,30.4,30.4,690.0,552.0,593.0
12627,2025-10-07,SC,NGP,2025-10-07 16:56:00,2025-10-07 16:56:00,2025-10-07 17:35:00,39.4,39.4,223.1,178.5,210.4
12627,2025-10-07,NGP,NDLS,2025-10-07 20:39:00,2025-10-07 20:39:00,2025-10-07 21:18:00,39.9,39.9,102.2,81.8,132.5
12301,2025-10-08,NDLS,CNB,2025-10-08 05:46:00,2025-10-08 05:46:00,2025-10-08 06:05:00,19.7,19.7,1150.0,920.0,937.3
12301,2025-10-08,CNB,PRYJ,2025-10-08 09:09:00,2025-10-08 09:09:00,2025-10-08 09:27:00,19.0,19.0,920.0,736.0,766.4
12301,2025-10-08,PRYJ,DDU,2025-10-08 12:31:00,2025-10-08 12:31:00,2025-10-08 12:48:00,17.6,17.6,690.0,552.0,577.7
12301,2025-10-08,DDU,GKP,2025-10-08 15:52:00,2025-10-08 15:52:00,2025-10-08 16:08:00,16.7,16.7,548.8,439.0,450.9
12301,2025-10-08,GKP,HWH,2025-10-08 19:12:00,2025-10-08 19:12:00,2025-10-08 19:24:00,12.2,12.2,127.1,101.7,103.6
12302,2025-10-08,HWH,GKP,2025-10-08 06:01:00,2025-10-08 06:01:00,2025-10-08 06:10:00,9.3,9.3,1150.0,920.0,954.7
12302,2025-10-08,GKP,DDU,2025-10-08 09:14:00,2025-10-08 09:14:00,2025-10-08 09:36:00,22.5,22.5,920.0,736.0,782.6
12302,2025-10-08,DDU,PRYJ,2025-10-08 12:40:00,2025-10-08 12:40:00,2025-10-08 13:12:00,32.7,32.7,690.0,552.0,597.8
12302,2025-10-08,PRYJ,CNB,2025-10-08 16:16:00,2025-10-08 16:16:00,2025-10-08 16:59:00,43.4,43.4,384.4,307.5,351.8
12302,2025-10-08,CNB,NDLS,2025-10-08 20:03:00,2025-10-08 20:03:00,2025-10-08 20:43:00,40.5,40.5,117.2,93.8,135.8
12951,2025-10-08,BCT,ST,2025-10-08 05:49:00,2025-10-08 05:49:00,2025-10-08 06:02:00,13.1,13.1,1150.0,920.0,951.1
12951,2025-10-08,ST,BRC,2025-10-08 09:06:00,2025-10-08 09:06:00,2025-10-08 09:16:00,10.9,10.9,920.0,736.0,773.7
12951,2025-10-08,BRC,RTM,2025-10-08 12:20:00,2025-10-08 12:20:00,2025-10-08 12:33:00,13.6,13.6,690.0,552.0,565.3
12951,2025-10-08,RTM,KOTA,2025-10-08 15:37:00,2025-10-08 15:37:00,2025-10-08 15:47:00,10.1,10.1,408.7,327.0,347.3
12951,2025-10-08,KOTA,NDLS,2025-10-08 18:51:00,2025-10-08 18:51:00,2025-10-08 19:05:00,14.9,14.9,53.4,42.7,56.2
12952,2025-10-08,NDLS,KOTA,2025-10-08 06:08:00,2025-10-08 06:08:00,2025-10-08 06:15:00,7.7,7.7,1150.0,920.0,932.9
12952,2025-10-08,KOTA,RTM,2025-10-08 09:19:00,2025-10-08 09:19:00,2025-10-08 09:30:00,11.5,11.5,920.0,736.0,772.9
12952,2025-10-08,RTM,BRC,2025-10-08 12:34:00,2025-10-08 12:34:00,2025-10-08 12:45:00,11.9,11.9,690.0,552.0,572.9
12952,2025-10-08,BRC,ST,2025-10-08 15:49:00,2025-10-08 15:49:00,2025-10-08 16:24:00,35.6,35.6,468.0,374.4,413.4
12952,2025-10-08,ST,BCT,2025-10-08 19:28:00,2025-10-08 19:28:00,2025-10-08 20:09:00,41.7,41.7,84.0,67.2,108.4
12004,2025-10-08,NDLS,GZB,2025-10-08 06:10:00,2025-10-08 06:10:00,2025-10-08 07:20:00,70.7,70.7,1150.0,920.0,985.3
12004,2025-10-08,GZB,ALJN,2025-10-08 10:24:00,2025-10-08 10:24:00,2025-10-08 11:24:00,60.2,60.2,920.0,736.0,807.4
12004,2025-10-08,ALJN,TDL,2025-10-08 14:28:00,2025-10-08 14:28:00,2025-10-08 15:32:00,64.6,64.6,690.0,552.0,615.6
12004,2025-10-08,TDL,CNB,2025-10-08 18:36:00,2025-10-08 18:36:00,2025-10-08 19:49:00,73.9,73.9,358.2,286.6,348.4
12004,2025-10-08,CNB,LKO,2025-10-08 22:53:00,2025-10-08 22:53:00,2025-10-09 00:12:00,79.7,79.7,135.0,108.0,178.2
12626,2025-10-08,NDLS,AGC,2025-10-08 06:01:00,2025-10-08 06:01:00,2025-10-08 06:08:00,7.8,7.8,1150.0,920.0,931.6
12626,2025-10-08,AGC,VGLJ,2025-10-08 09:12:00,2025-10-08 09:12:00,2025-10-08 09:17:00,5.8,5.8,920.0,736.0,754.4
12626,2025-10-08,VGLJ,BPL,2025-10-08 12:21:00,2025-10-08 12:21:00,2025-10-08 12:31:00,10.8,10.8,690.0,552.0,564.7
12626,2025-10-08,BPL,NGP,2025-10-08 15:35:00,2025-10-08 15:35:00,2025-10-08 15:42:00,7.2,7.2,371.2,297.0,316.9
12626,2025-10-08,NGP,MAS,2025-10-08 18:46:00,2025-10-08 18:46:00,2025-10-08 18:46:00,0.0,0.0,137.0,109.6,113.0
12424,2025-10-08,NDLS,CNB,2025-10-08 06:16:00,2025-10-08 06:16:00,2025-10-08 07:09:00,53.3,53.3,1150.0,920.0,982.7
12424,2025-10-08,CNB,PRYJ,2025-10-08 10:13:00,2025-10-08 10:13:00,2025-10-08 11:06:00,53.0,53.0,920.0,736.0,789.0
12424,2025-10-08,PRYJ,DDU,2025-10-08 14:10:00,2025-10-08 14:10:00,2025-10-08 14:58:00,48.4,48.4,690.0,552.0,607.2
12424,2025-10-08,DDU,PPTA,2025-10-08 18:02:00,2025-10-08 18:02:00,2025-10-08 18:52:00,50.6,50.6,507.3,405.8,448.5
12424,2025-10-08,PPTA,GHY,2025-10-08 21:56:00,2025-10-08 21:56:00,2025-10-08 22:50:00,54.2,54.2,53.5,42.8,92.8
12260,2025-10-08,NDLS,CNB,2025-10-08 05:39:00,2025-10-08 05:39:00,2025-10-08 05:54:00,15.5,15.5,1150.0,920.0,950.5
12260,2025-10-08,CNB,PRYJ,2025-10-08 09:44:00,2025-10-08 09:44:00,2025-10-08 09:52:00,8.5,8.5,862.5,690.0,710.4
12260,2025-10-08,PRYJ,DDU,2025-10-08 13:42:00,2025-10-08 13:42:00,2025-10-08 13:51:00,9.8,9.8,429.4,343.5,373.2
12260,2025-10-08,DDU,HWH,2025-10-08 17:41:00,2025-10-08 17:41:00,2025-10-08 18:00:00,19.7,19.7,70.5,56.4,92.4
12926,2025-10-08,BCT,BRC,2025-10-08 05:54:00,2025-10-08 05:54:00,2025-10-08 06:20:00,26.1,26.1,1150.0,920.0,949.8
12926,2025-10-08,BRC,RTM,2025-10-08 09:24:00,2025-10-08 09:24:00,2025-10-08 09:52:00,28.9,28.9,920.0,736.0,757.2
12926,2025-10-08,RTM,KOTA,2025-10-08 12:56:00,2025-10-08 12:56:00,2025-10-08 13:30:00,34.1,34.1,690.0,552.0,597.5
12926,2025-10-08,KOTA,NDLS,2025-10-08 16:34:00,2025-10-08 16:34:00,2025-10-08 17:05:00,31.7,31.7,357.9,286.3,326.0
12926,2025-10-08,NDLS,ASR,2025-10-08 20:09:00,2025-10-08 20:09:00,2025-10-08 20:44:00,35.9,35.9,71.1,56.9,97.4
12627,2025-10-08,SBC,DMM,2025-10-08 05:37:00,2025-10-08 05:37:00,2025-10-08 05:59:00,22.7,22.7,1150.0,920.0,957.6
12627,2025-10-08,DMM,GTL,2025-10-08 09:03:00,2025-10-08 09:03:00,2025-10-08 09:40:00,37.5,37.5,920.0,736.0,780.3
12627,2025-10-08,GTL,SC,2025-10-08 12:44:00,2025-10-08 12:44:00,2025-10-08 13:24:00,40.5,40.5,690.0,552.0,606.6
12627,2025-10-08,SC,NGP,2025-10-08 16:28:00,2025-10-08 16:28:00,2025-10-08 17:06:00,38.5,38.5,493.3,394.6,436.5
12627,2025-10-08,NGP,NDLS,2025-10-08 20:10:00,2025-10-08 20:10:00,2025-10-08 20:49:00,39.2,39.2,63.1,50.5,89.8
12301,2025-10-09,NDLS,CNB,2025-10-09 06:28:00,2025-10-09 06:28:00,2025-10-09 06:36:00,8.5,8.5,1150.0,920.0,947.6
12301,2025-10-09,CNB,PRYJ,2025-10-09 09:40:00,2025-10-09 09:40:00,2025-10-09 09:52:00,12.7,12.7,920.0,736.0,760.3
12301,2025-10-09,PRYJ,DDU,2025-10-09 12:56:00,2025-10-09 12:56:00,2025-10-09 13:42:00,46.7,46.7,690.0,552.0,595.9
12301,2025-10-09,DDU,GKP,2025-10-09 16:46:00,2025-10-09 16:46:00,2025-10-09 17:33:00,47.7,47.7,295.0,236.0,294.3
12301,2025-10-09,GKP,HWH,2025-10-09 20:37:00,2025-10-09 20:37:00,2025-10-09 21:51:00,74.4,74.4,116.6,93.3,161.4
12302,2025-10-09,HWH,GKP,2025-10-09 06:48:00,2025-10-09 06:48:00,2025-10-09 07:26:00,38.8,38.8,1150.0,920.0,965.7
12302,2025-10-09,GKP,DDU,2025-10-09 10:30:00,2025-10-09 10:30:00,2025-10-09 11:14:00,44.4,44.4,920.0,736.0,784.7
12302,2025-10-09,DDU,PRYJ,2025-10-09 14:18:00,2025-10-09 14:18:00,2025-10-09 14:56:00,38.2,38.2,690.0,552.0,576.6
12302,2025-10-09,PRYJ,CNB,2025-10-09 18:00:00,2025-10-09 18:00:00,2025-10-09 18:38:00,39.0,39.0,345.5,276.4,322.8
12302,2025-10-09,CNB,NDLS,2025-10-09 21:42:00,2025-10-09 21:42:00,2025-10-09 22:22:00,40.4,40.4,86.4,69.1,121.8
12951,2025-10-09,BCT,ST,2025-10-09 05:31:00,2025-10-09 05:31:00,2025-10-09 05:56:00,25.9,25.9,1150.0,920.0,951.8
12951,2025-10-09,ST,BRC,2025-10-09 09:00:00,2025-10-09 09:00:00,2025-10-09 09:31:00,32.0,32.0,920.0,736.0,764.0
12951,2025-10-09,BRC,RTM,2025-10-09 12:35:00,2025-10-09 12:35:00,2025-10-09 12:59:00,24.7,24.7,690.0,552.0,578.8
12951,2025-10-09,RTM,KOTA,2025-10-09 16:03:00,2025-10-09 16:03:00,2025-10-09 16:37:00,34.4,34.4,319.0,255.2,304.9
12951,2025-10-09,KOTA,NDLS,2025-10-09 19:41:00,2025-10-09 19:41:00,2025-10-09 21:05:00,84.0,84.0,60.3,48.2,127.9
12952,2025-10-09,NDLS,KOTA,2025-10-09 06:16:00,2025-10-09 06:16:00,2025-10-09 07:30:00,74.6,74.6,1150.0,920.0,995.8
12952,2025-10-09,KOTA,RTM,2025-10-09 10:34:00,2025-10-09 10:34:00,2025-10-09 11:56:00,82.5,82.5,920.0,736.0,834.3
12952,2025-10-09,RTM,BRC,2025-10-09 15:00:00,2025-10-09 15:00:00,2025-10-09 16:35:00,95.4,95.4,690.0,552.0,642.3
12952,2025-10-09,BRC,ST,2025-10-09 19:39:00,2025-10-09 19:39:00,2025-10-09 21:28:00,109.0,109.0,366.3,293.0,406.0
12952,2025-10-09,ST,BCT,2025-10-10 00:32:00,2025-10-10 00:32:00,2025-10-10 02:19:00,107.2,107.2,80.9,64.7,163.8
12004,2025-10-09,NDLS,GZB,2025-10-09 06:55:00,2025-10-09 06:55:00,2025-10-09 07:17:00,22.5,22.5,1150.0,920.0,955.7
12004,2025-10-09,GZB,ALJN,2025-10-09 10:21:00,2025-10-09 10:21:00,2025-10-09 10:46:00,25.9,25.9,920.0,736.0,766.5
12004,2025-10-09,ALJN,TDL,2025-10-09 13:50:00,2025-10-09 13:50:00,2025-10-09 14:18:00,28.6,28.6,690.0,552.0,571.0
12004,2025-10-09,TDL,CNB,2025-10-09 17:22:00,2025-10-09 17:22:00,2025-10-09 18:10:00,48.4,48.4,312.6,250.1,286.3
12004,2025-10-09,CNB,LKO,2025-10-09 21:14:00,2025-10-09 21:14:00,2025-10-09 22:04:00,50.6,50.6,54.8,43.8,91.0
12626,2025-10-09,NDLS,AGC,2025-10-09 05:56:00,2025-10-09 05:56:00,2025-10-09 06:47:00,51.4,51.4,1150.0,920.0,974.7
12626,2025-10-09,AGC,VGLJ,2025-10-09 09:51:00,2025-10-09 09:51:00,2025-10-09 10:47:00,56.1,56.1,920.0,736.0,775.6
12626,2025-10-09,VGLJ,BPL,2025-10-09 13:51:00,2025-10-09 13:51:00,2025-10-09 14:48:00,57.7,57.7,690.0,552.0,604.3
12626,2025-10-09,BPL,NGP,2025-10-09 17:52:00,2025-10-09 17:52:00,2025-10-09 18:55:00,63.3,63.3,355.6,284.5,349.5
12626,2025-10-09,NGP,MAS,2025-10-09 21:59:00,2025-10-09 21:59:00,2025-10-09 23:07:00,68.1,68.1,157.1,125.7,183.8
12424,2025-10-09,NDLS,CNB,2025-10-09 06:11:00,2025-10-09 06:11:00,2025-10-09 06:12:00,1.5,1.5,1150.0,920.0,932.3
12424,2025-10-09,CNB,PRYJ,2025-10-09 09:16:00,2025-10-09 09:16:00,2025-10-09 09:24:00,8.6,8.6,920.0,736.0,754.5
12424,2025-10-09,PRYJ,DDU,2025-10-09 12:28:00,2025-10-09 12:28:00,2025-10-09 13:31:00,63.2,63.2,690.0,552.0,605.1
12424,2025-10-09,DDU,PPTA,2025-10-09 16:35:00,2025-10-09 16:35:00,2025-10-09 17:44:00,69.5,69.5,422.1,337.7,414.8
12424,2025-10-09,PPTA,GHY,2025-10-09 20:48:00,2025-10-09 20:48:00,2025-10-09 22:28:00,100.7,100.7,58.6,46.9,139.2
12260,2025-10-09,NDLS,CNB,2025-10-09 06:21:00,2025-10-09 06:21:00,2025-10-09 06:21:00,0.0,0.0,1150.0,920.0,938.4
12260,2025-10-09,CNB,PRYJ,2025-10-09 10:11:00,2025-10-09 10:11:00,2025-10-09 10:17:00,6.8,6.8,862.5,690.0,715.1
12260,2025-10-09,PRYJ,DDU,2025-10-09 14:07:00,2025-10-09 14:07:00,2025-10-09 14:23:00,16.8,16.8,310.9,248.7,271.1
12260,2025-10-09,DDU,HWH,2025-10-09 18:13:00,2025-10-09 18:13:00,2025-10-09 18:22:00,9.9,9.9,156.9,125.5,137.8
12926,2025-10-09,BCT,BRC,2025-10-09 06:33:00,2025-10-09 06:33:00,2025-10-09 06:39:00,6.1,6.1,1150.0,920.0,947.2
12926,2025-10-09,BRC,RTM,2025-10-09 09:43:00,2025-10-09 09:43:00,2025-10-09 10:31:00,48.4,48.4,920.0,736.0,784.6
12926,2025-10-09,RTM,KOTA,2025-10-09 13:35:00,2025-10-09 13:35:00,2025-10-09 14:24:00,49.0,49.0,690.0,552.0,599.6
12926,2025-10-09,KOTA,NDLS,2025-10-09 17:28:00,2025-10-09 17:28:00,2025-10-09 18:11:00,43.2,43.2,443.4,354.7,416.2
12926,2025-10-09,NDLS,ASR,2025-10-09 21:15:00,2025-10-09 21:15:00,2025-10-09 21:57:00,42.4,42.4,109.0,87.2,131.6
12627,2025-10-09,SBC,DMM,2025-10-09 06:56:00,2025-10-09 06:56:00,2025-10-09 07:35:00,39.3,39.3,1150.0,920.0,958.9
12627,2025-10-09,DMM,GTL,2025-10-09 10:39:00,2025-10-09 10:39:00,2025-10-09 11:11:00,32.5,32.5,920.0,736.0,766.9
12627,2025-10-09,GTL,SC,2025-10-09 14:15:00,2025-10-09 14:15:00,2025-10-09 14:50:00,35.9,35.9,690.0,552.0,595.3
12627,2025-10-09,SC,NGP,2025-10-09 17:54:00,2025-10-09 17:54:00,2025-10-09 18:33:00,39.3,39.3,492.8,394.2,439.4
12627,2025-10-09,NGP,NDLS,2025-10-09 21:37:00,2025-10-09 21:37:00,2025-10-09 22:21:00,44.4,44.4,120.4,96.3,136.9
12301,2025-10-10,NDLS,CNB,2025-10-10 06:09:00,2025-10-10 06:09:00,2025-10-10 06:25:00,16.1,16.1,1150.0,920.0,932.8
12301,2025-10-10,CNB,PRYJ,2025-10-10 09:29:00,2025-10-10 09:29:00,2025-10-10 09:41:00,12.6,12.6,920.0,736.0,751.0
12301,2025-10-10,PRYJ,DDU,2025-10-10 12:45:00,2025-10-10 12:45:00,2025-10-10 13:07:00,22.3,22.3,690.0,552.0,566.2
12301,2025-10-10,DDU,GKP,2025-10-10 16:11:00,2025-10-10 16:11:00,2025-10-10 16:22:00,11.2,11.2,426.7,341.4,363.0
12301,2025-10-10,GKP,HWH,2025-10-10 19:26:00,2025-10-10 19:26:00,2025-10-10 19:52:00,26.9,26.9,131.0,104.8,145.8
12302,2025-10-10,HWH,GKP,2025-10-10 06:12:00,2025-10-10 06:12:00,2025-10-10 06:12:00,0.0,0.0,1150.0,920.0,937.0
12302,2025-10-10,GKP,DDU,2025-10-10 09:16:00,2025-10-10 09:16:00,2025-10-10 09:21:00,5.6,5.6,920.0,736.0,762.0
12302,2025-10-10,DDU,PRYJ,2025-10-10 12:25:00,2025-10-10 12:25:00,2025-10-10 12:32:00,7.4,7.4,690.0,552.0,569.1
12302,2025-10-10,PRYJ,CNB,2025-10-10 15:36:00,2025-10-10 15:36:00,2025-10-10 15:49:00,13.7,13.7,509.4,407.5,433.1
12302,2025-10-10,CNB,NDLS,2025-10-10 18:53:00,2025-10-10 18:53:00,2025-10-10 19:01:00,9.0,9.0,126.5,101.2,115.5
12951,2025-10-10,BCT,ST,2025-10-10 06:16:00,2025-10-10 06:16:00,2025-10-10 06:39:00,23.2,23.2,1150.0,920.0,952.6
12951,2025-10-10,ST,BRC,2025-10-10 09:43:00,2025-10-10 09:43:00,2025-10-10 10:17:00,34.3,34.3,920.0,736.0,773.2
12951,2025-10-10,BRC,RTM,2025-10-10 13:21:00,2025-10-10 13:21:00,2025-10-10 14:06:00,45.3,45.3,690.0,552.0,594.1
12951,2025-10-10,RTM,KOTA,2025-10-10 17:10:00,2025-10-10 17:10:00,2025-10-10 18:02:00,52.9,52.9,511.5,409.2,444.3
12951,2025-10-10,KOTA,NDLS,2025-10-10 21:06:00,2025-10-10 21:06:00,2025-10-10 22:14:00,68.6,68.6,52.5,42.0,109.3
12952,2025-10-10,NDLS,KOTA,2025-10-10 05:56:00,2025-10-10 05:56:00,2025-10-10 06:06:00,10.9,10.9,1150.0,920.0,932.8
12952,2025-10-10,KOTA,RTM,2025-10-10 09:10:00,2025-10-10 09:10:00,2025-10-10 10:09:00,59.9,59.9,920.0,736.0,806.3
12952,2025-10-10,RTM,BRC,2025-10-10 13:13:00,2025-10-10 13:13:00,2025-10-10 14:13:00,60.0,60.0,690.0,552.0,618.4
12952,2025-10-10,BRC,ST,2025-10-10 17:17:00,2025-10-10 17:17:00,2025-10-10 18:24:00,67.5,67.5,437.3,349.8,415.7
12952,2025-10-10,ST,BCT,2025-10-10 21:28:00,2025-10-10 21:28:00,2025-10-10 22:38:00,70.5,70.5,113.4,90.7,149.3
12004,2025-10-10,NDLS,GZB,2025-10-10 05:39:00,2025-10-10 05:39:00,2025-10-10 06:11:00,32.3,32.3,1150.0,920.0,962.1
12004,2025-10-10,GZB,ALJN,2025-10-10 09:15:00,2025-10-10 09:15:00,2025-10-10 10:23:00,68.4,68.4,920.0,736.0,801.7
12004,2025-10-10,ALJN,TDL,2025-10-10 13:27:00,2025-10-10 13:27:00,2025-10-10 14:34:00,67.8,67.8,690.0,552.0,615.3
12004,2025-10-10,TDL,CNB,2025-10-10 17:38:00,2025-10-10 17:38:00,2025-10-10 18:48:00,70.1,70.1,353.7,283.0,353.8
12004,2025-10-10,CNB,LKO,2025-10-10 21:52:00,2025-10-10 21:52:00,2025-10-10 23:06:00,74.4,74.4,133.3,106.6,182.4
12626,2025-10-10,NDLS,AGC,2025-10-10 06:49:00,2025-10-10 06:49:00,2025-10-10 06:49:00,0.0,0.0,1150.0,920.0,933.7
12626,2025-10-10,AGC,VGLJ,2025-10-10 09:53:00,2025-10-10 09:53:00,2025-10-10 09:58:00,5.3,5.3,920.0,736.0,749.5
12626,2025-10-10,VGLJ,BPL,2025-10-10 13:02:00,2025-10-10 13:02:00,2025-10-10 13:14:00,12.1,12.1,690.0,552.0,577.2
12626,2025-10-10,BPL,NGP,2025-10-10 16:18:00,2025-10-10 16:18:00,2025-10-10 16:29:00,11.7,11.7,267.1,213.7,239.2
12626,2025-10-10,NGP,MAS,2025-10-10 19:33:00,2025-10-10 19:33:00,2025-10-10 19:45:00,12.5,12.5,67.4,53.9,74.6
12424,2025-10-10,NDLS,CNB,2025-10-10 06:16:00,2025-10-10 06:16:00,2025-10-10 06:18:00,2.0,2.0,1150.0,920.0,928.9
12424,2025-10-10,CNB,PRYJ,2025-10-10 09:22:00,2025-10-10 09:22:00,2025-10-10 09:32:00,11.0,11.0,920.0,736.0,745.1
12424,2025-10-10,PRYJ,DDU,2025-10-10 12:36:00,2025-10-10 12:36:00,2025-10-10 12:42:00,6.9,6.9,690.0,552.0,560.2
12424,2025-10-10,DDU,PPTA,2025-10-10 15:46:00,2025-10-10 15:46:00,2025-10-10 15:55:00,10.0,10.0,480.3,384.2,409.7
12424,2025-10-10,PPTA,GHY,2025-10-10 18:59:00,2025-10-10 18:59:00,2025-10-10 19:14:00,15.5,15.5,175.3,140.2,158.2
12260,2025-10-10,NDLS,CNB,2025-10-10 06:33:00,2025-10-10 06:33:00,2025-10-10 06:51:00,18.8,18.8,1150.0,920.0,958.9
12260,2025-10-10,CNB,PRYJ,2025-10-10 10:41:00,2025-10-10 10:41:00,2025-10-10 11:04:00,23.3,23.3,862.5,690.0,717.8
12260,2025-10-10,PRYJ,DDU,2025-10-10 14:54:00,2025-10-10 14:54:00,2025-10-10 15:18:00,24.7,24.7,478.0,382.4,419.4
12260,2025-10-10,DDU,HWH,2025-10-10 19:08:00,2025-10-10 19:08:00,2025-10-10 19:28:00,20.1,20.1,115.1,92.1,99.8
12926,2025-10-10,BCT,BRC,2025-10-10 05:34:00,2025-10-10 05:34:00,2025-10-10 05:37:00,3.8,3.8,1150.0,920.0,949.3
12926,2025-10-10,BRC,RTM,2025-10-10 08:41:00,2025-10-10 08:41:00,2025-10-10 08:52:00,11.6,11.6,920.0,736.0,751.2
12926,2025-10-10,RTM,KOTA,2025-10-10 11:56:00,2025-10-10 11:56:00,2025-10-10 12:15:00,19.6,19.6,690.0,552.0,568.4
12926,2025-10-10,KOTA,NDLS,2025-10-10 15:19:00,2025-10-10 15:19:00,2025-10-10 15:50:00,31.2,31.2,265.1,212.1,256.6
12926,2025-10-10,NDLS,ASR,2025-10-10 18:54:00,2025-10-10 18:54:00,2025-10-10 19:23:00,29.8,29.8,101.4,81.1,119.6
12627,2025-10-10,SBC,DMM,2025-10-10 05:35:00,2025-10-10 05:35:00,2025-10-10 05:41:00,6.7,6.7,1150.0,920.0,931.9
12627,2025-10-10,DMM,GTL,2025-10-10 08:45:00,2025-10-10 08:45:00,2025-10-10 08:54:00,9.4,9.4,920.0,736.0,745.8
12627,2025-10-10,GTL,SC,2025-10-10 11:58:00,2025-10-10 11:58:00,2025-10-10 13:01:00,63.7,63.7,690.0,552.0,626.2
12627,2025-10-10,SC,NGP,2025-10-10 16:05:00,2025-10-10 16:05:00,2025-10-10 17:05:00,60.7,60.7,391.3,313.0,385.4
12627,2025-10-10,NGP,NDLS,2025-10-10 20:09:00,2025-10-10 20:09:00,2025-10-10 21:12:00,63.2,63.2,117.8,94.2,153.8
12301,2025-10-11,NDLS,CNB,2025-10-11 06:39:00,2025-10-11 06:39:00,2025-10-11 06:39:00,0.0,0.0,1150.0,920.0,928.1
12301,2025-10-11,CNB,PRYJ,2025-10-11 09:43:00,2025-10-11 09:43:00,2025-10-11 09:52:00,9.9,9.9,920.0,736.0,747.8
12301,2025-10-11,PRYJ,DDU,2025-10-11 12:56:00,2025-10-11 12:56:00,2025-10-11 13:13:00,18.0,18.0,690.0,552.0,582.1
12301,2025-10-11,DDU,GKP,2025-10-11 16:17:00,2025-10-11 16:17:00,2025-10-11 16:38:00,21.3,21.3,320.0,256.0,271.1
12301,2025-10-11,GKP,HWH,2025-10-11 19:42:00,2025-10-11 19:42:00,2025-10-11 20:42:00,60.0,60.0,57.5,46.0,103.9
12302,2025-10-11,HWH,GKP,2025-10-11 05:42:00,2025-10-11 05:42:00,2025-10-11 05:53:00,11.7,11.7,1150.0,920.0,941.5
12302,2025-10-11,GKP,DDU,2025-10-11 08:57:00,2025-10-11 08:57:00,2025-10-11 09:15:00,18.7,18.7,920.0,736.0,773.2
12302,2025-10-11,DDU,PRYJ,2025-10-11 12:19:00,2025-10-11 12:19:00,2025-10-11 12:36:00,17.8,17.8,690.0,552.0,565.5
12302,2025-10-11,PRYJ,CNB,2025-10-11 15:40:00,2025-10-11 15:40:00,2025-10-11 16:25:00,45.4,45.4,375.1,300.1,348.4
12302,2025-10-11,CNB,NDLS,2025-10-11 19:29:00,2025-10-11 19:29:00,2025-10-11 20:11:00,42.9,42.9,132.0,105.6,150.8
12951,2025-10-11,BCT,ST,2025-10-11 06:15:00,2025-10-11 06:15:00,2025-10-11 06:16:00,1.1,1.1,1150.0,920.0,936.8
12951,2025-10-11,ST,BRC,2025-10-11 09:20:00,2025-10-11 09:20:00,2025-10-11 09:38:00,18.3,18.3,920.0,736.0,742.3
12951,2025-10-11,BRC,RTM,2025-10-11 12:42:00,2025-10-11 12:42:00,2025-10-11 13:03:00,21.1,21.1,690.0,552.0,565.9
12951,2025-10-11,RTM,KOTA,2025-10-11 16:07:00,2025-10-11 16:07:00,2025-10-11 16:29:00,22.5,22.5,498.4,398.7,429.8
12951,2025-10-11,KOTA,NDLS,2025-10-11 19:33:00,2025-10-11 19:33:00,2025-10-11 19:59:00,26.8,26.8,173.7,139.0,173.9
12952,2025-10-11,NDLS,KOTA,2025-10-11 05:36:00,2025-10-11 05:36:00,2025-10-11 05:48:00,12.8,12.8,1150.0,920.0,944.7
12952,2025-10-11,KOTA,RTM,2025-10-11 08:52:00,2025-10-11 08:52:00,2025-10-11 09:08:00,16.9,16.9,920.0,736.0,768.0
12952,2025-10-11,RTM,BRC,2025-10-11 12:12:00,2025-10-11 12:12:00,2025-10-11 12:32:00,20.4,20.4,690.0,552.0,567.3
12952,2025-10-11,BRC,ST,2025-10-11 15:36:00,2025-10-11 15:36:00,2025-10-11 15:54:00,18.7,18.7,431.4,345.1,377.9
12952,2025-10-11,ST,BCT,2025-10-11 18:58:00,2025-10-11 18:58:00,2025-10-11 19:24:00,26.4,26.4,114.9,91.9,124.3
12004,2025-10-11,NDLS,GZB,2025-10-11 05:58:00,2025-10-11 05:58:00,2025-10-11 06:39:00,41.1,41.1,1150.0,920.0,965.7
12004,2025-10-11,GZB,ALJN,2025-10-11 09:43:00,2025-10-11 09:43:00,2025-10-11 11:08:00,85.7,85.7,920.0,736.0,814.3
12004,2025-10-11,ALJN,TDL,2025-10-11 14:12:00,2025-10-11 14:12:00,2025-10-11 15:33:00,81.7,81.7,690.0,552.0,621.3
12004,2025-10-11,TDL,CNB,2025-10-11 18:37:00,2025-10-11 18:37:00,2025-10-11 19:51:00,74.5,74.5,533.8,427.0,504.7
12004,2025-10-11,CNB,LKO,2025-10-11 22:55:00,2025-10-11 22:55:00,2025-10-12 00:21:00,86.7,86.7,123.3,98.6,167.7
12626,2025-10-11,NDLS,AGC,2025-10-11 05:39:00,2025-10-11 05:39:00,2025-10-11 06:17:00,38.5,38.5,1150.0,920.0,959.6
12626,2025-10-11,AGC,VGLJ,2025-10-11 09:21:00,2025-10-11 09:21:00,2025-10-11 10:01:00,40.1,40.1,920.0,736.0,786.2
12626,2025-10-11,VGLJ,BPL,2025-10-11 13:05:00,2025-10-11 13:05:00,2025-10-11 14:00:00,55.9,55.9,690.0,552.0,598.9
12626,2025-10-11,BPL,NGP,2025-10-11 17:04:00,2025-10-11 17:04:00,2025-10-11 18:08:00,64.6,64.6,313.2,250.6,316.1
12626,2025-10-11,NGP,MAS,2025-10-11 21:12:00,2025-10-11 21:12:00,2025-10-11 22:19:00,67.8,67.8,104.5,83.6,159.4
12424,2025-10-11,NDLS,CNB,2025-10-11 05:46:00,2025-10-11 05:46:00,2025-10-11 06:03:00,17.1,17.1,1150.0,920.0,937.3
12424,2025-10-11,CNB,PRYJ,2025-10-11 09:07:00,2025-10-11 09:07:00,2025-10-11 09:12:00,5.4,5.4,920.0,736.0,756.4
12424,2025-10-11,PRYJ,DDU,2025-10-11 12:16:00,2025-10-11 12:16:00,2025-10-11 12:32:00,16.8,16.8,690.0,552.0,569.8
12424,2025-10-11,DDU,PPTA,2025-10-11 15:36:00,2025-10-11 15:36:00,2025-10-11 15:57:00,21.5,21.5,270.0,216.0,252.3
12424,2025-10-11,PPTA,GHY,2025-10-11 19:01:00,2025-10-11 19:01:00,2025-10-11 20:02:00,61.3,61.3,54.9,43.9,101.5
12260,2025-10-11,NDLS,CNB,2025-10-11 06:57:00,2025-10-11 06:57:00,2025-10-11 06:57:00,0.0,0.0,1150.0,920.0,920.1
12260,2025-10-11,CNB,PRYJ,2025-10-11 10:47:00,2025-10-11 10:47:00,2025-10-11 10:58:00,11.3,11.3,862.5,690.0,716.1
12260,2025-10-11,PRYJ,DDU,2025-10-11 14:48:00,2025-10-11 14:48:00,2025-10-11 15:10:00,22.5,22.5,320.0,256.0,274.4
12260,2025-10-11,DDU,HWH,2025-10-11 19:00:00,2025-10-11 19:00:00,2025-10-11 19:35:00,35.2,35.2,98.2,78.6,100.5
12926,2025-10-11,BCT,BRC,2025-10-11 06:33:00,2025-10-11 06:33:00,2025-10-11 06:46:00,13.3,13.3,1150.0,920.0,941.9
12926,2025-10-11,BRC,RTM,2025-10-11 09:50:00,2025-10-11 09:50:00,2025-10-11 09:57:00,7.8,7.8,920.0,736.0,762.3
12926,2025-10-11,RTM,KOTA,2025-10-11 13:01:00,2025-10-11 13:01:00,2025-10-11 13:12:00,12.0,12.0,690.0,552.0,563.9
12926,2025-10-11,KOTA,NDLS,2025-10-11 16:16:00,2025-10-11 16:16:00,2025-10-11 16:35:00,19.2,19.2,527.9,422.3,455.8
12926,2025-10-11,NDLS,ASR,2025-10-11 19:39:00,2025-10-11 19:39:00,2025-10-11 20:08:00,29.7,29.7,169.7,135.8,176.3
12627,2025-10-11,SBC,DMM,2025-10-11 05:47:00,2025-10-11 05:47:00,2025-10-11 05:59:00,13.0,13.0,1150.0,920.0,935.4
12627,2025-10-11,DMM,GTL,2025-10-11 09:03:00,2025-10-11 09:03:00,2025-10-11 09:26:00,23.3,23.3,920.0,736.0,778.1
12627,2025-10-11,GTL,SC,2025-10-11 12:30:00,2025-10-11 12:30:00,2025-10-11 12:42:00,13.0,13.0,690.0,552.0,575.9
12627,2025-10-11,SC,NGP,2025-10-11 15:46:00,2025-10-11 15:46:00,2025-10-11 16:01:00,15.2,15.2,462.4,369.9,387.9
12627,2025-10-11,NGP,NDLS,2025-10-11 19:05:00,2025-10-11 19:05:00,2025-10-11 19:23:00,18.8,18.8,141.5,113.2,145.3
12301,2025-10-12,NDLS,CNB,2025-10-12 06:19:00,2025-10-12 06:19:00,2025-10-12 06:51:00,32.3,32.3,1150.0,920.0,954.6
12301,2025-10-12,CNB,PRYJ,2025-10-12 09:55:00,2025-10-12 09:55:00,2025-10-12 10:32:00,37.8,37.8,920.0,736.0,785.4
12301,2025-10-12,PRYJ,DDU,2025-10-12 13:36:00,2025-10-12 13:36:00,2025-10-12 14:11:00,35.1,35.1,690.0,552.0,585.4
12301,2025-10-12,DDU,GKP,2025-10-12 17:15:00,2025-10-12 17:15:00,2025-10-12 17:58:00,43.2,43.2,482.9,386.3,425.1
12301,2025-10-12,GKP,HWH,2025-10-12 21:02:00,2025-10-12 21:02:00,2025-10-12 21:49:00,47.6,47.6,167.8,134.2,177.2
12302,2025-10-12,HWH,GKP,2025-10-12 06:25:00,2025-10-12 06:25:00,2025-10-12 06:38:00,13.5,13.5,1150.0,920.0,930.8
12302,2025-10-12,GKP,DDU,2025-10-12 09:42:00,2025-10-12 09:42:00,2025-10-12 09:55:00,13.3,13.3,920.0,736.0,767.2
12302,2025-10-12,DDU,PRYJ,2025-10-12 12:59:00,2025-10-12 12:59:00,2025-10-12 13:13:00,14.7,14.7,690.0,552.0,578.2
12302,2025-10-12,PRYJ,CNB,2025-10-12 16:17:00,2025-10-12 16:17:00,2025-10-12 16:42:00,25.4,25.4,431.8,345.4,388.1
12302,2025-10-12,CNB,NDLS,2025-10-12 19:46:00,2025-10-12 19:46:00,2025-10-12 20:13:00,27.7,27.7,147.6,118.1,146.9
12951,2025-10-12,BCT,ST,2025-10-12 05:36:00,2025-10-12 05:36:00,2025-10-12 06:16:00,40.2,40.2,1150.0,920.0,960.7
12951,2025-10-12,ST,BRC,2025-10-12 09:20:00,2025-10-12 09:20:00,2025-10-12 10:13:00,53.3,53.3,920.0,736.0,785.0
12951,2025-10-12,BRC,RTM,2025-10-12 13:17:00,2025-10-12 13:17:00,2025-10-12 14:07:00,50.6,50.6,690.0,552.0,588.3
12951,2025-10-12,RTM,KOTA,2025-10-12 17:11:00,2025-10-12 17:11:00,2025-10-12 18:00:00,49.1,49.1,379.4,303.5,351.4
12951,2025-10-12,KOTA,NDLS,2025-10-12 21:04:00,2025-10-12 21:04:00,2025-10-12 22:38:00,94.6,94.6,128.5,102.8,194.1
12952,2025-10-12,NDLS,KOTA,2025-10-12 05:54:00,2025-10-12 05:54:00,2025-10-12 06:12:00,18.4,18.4,1150.0,920.0,938.0
12952,2025-10-12,KOTA,RTM,2025-10-12 09:16:00,2025-10-12 09:16:00,2025-10-12 09:31:00,15.7,15.7,920.0,736.0,756.2
12952,2025-10-12,RTM,BRC,2025-10-12 12:35:00,2025-10-12 12:35:00,2025-10-12 12:57:00,23.0,23.0,690.0,552.0,585.5
12952,2025-10-12,BRC,ST,2025-10-12 16:01:00,2025-10-12 16:01:00,2025-10-12 17:04:00,63.0,63.0,451.4,361.1,434.9
12952,2025-10-12,ST,BCT,2025-10-12 20:08:00,2025-10-12 20:08:00,2025-10-12 21:14:00,66.4,66.4,108.5,86.8,153.1
12004,2025-10-12,NDLS,GZB,2025-10-12 06:57:00,2025-10-12 06:57:00,2025-10-12 07:06:00,9.2,9.2,1150.0,920.0,941.6
12004,2025-10-12,GZB,ALJN,2025-10-12 10:10:00,2025-10-12 10:10:00,2025-10-12 10:13:00,3.6,3.6,920.0,736.0,748.7
12004,2025-10-12,ALJN,TDL,2025-10-12 13:17:00,2025-10-12 13:17:00,2025-10-12 13:24:00,7.7,7.7,690.0,552.0,570.0
12004,2025-10-12,TDL,CNB,2025-10-12 16:28:00,2025-10-12 16:28:00,2025-10-12 16:36:00,8.7,8.7,299.9,239.9,263.9
12004,2025-10-12,CNB,LKO,2025-10-12 19:40:00,2025-10-12 19:40:00,2025-10-12 19:48:00,8.5,8.5,146.0,116.8,123.4
12626,2025-10-12,NDLS,AGC,2025-10-12 06:35:00,2025-10-12 06:35:00,2025-10-12 07:50:00,75.9,75.9,1150.0,920.0,1004.6
12626,2025-10-12,AGC,VGLJ,2025-10-12 10:54:00,2025-10-12 10:54:00,2025-10-12 12:16:00,82.9,82.9,920.0,736.0,819.2
12626,2025-10-12,VGLJ,BPL,2025-10-12 15:20:00,2025-10-12 15:20:00,2025-10-12 16:49:00,89.8,89.8,690.0,552.0,629.1
12626,2025-10-12,BPL,NGP,2025-10-12 19:53:00,2025-10-12 19:53:00,2025-10-12 21:25:00,92.7,92.7,392.1,313.7,396.5
12626,2025-10-12,NGP,MAS,2025-10-13 00:29:00,2025-10-13 00:29:00,2025-10-13 02:00:00,91.9,91.9,120.0,96.0,173.0
12424,2025-10-12,NDLS,CNB,2025-10-12 06:10:00,2025-10-12 06:10:00,2025-10-12 06:21:00,11.5,11.5,1150.0,920.0,945.3
12424,2025-10-12,CNB,PRYJ,2025-10-12 09:25:00,2025-10-12 09:25:00,2025-10-12 09:52:00,27.5,27.5,920.0,736.0,759.1
12424,2025-10-12,PRYJ,DDU,2025-10-12 12:56:00,2025-10-12 12:56:00,2025-10-12 13:24:00,28.2,28.2,690.0,552.0,588.2
12424,2025-10-12,DDU,PPTA,2025-10-12 16:28:00,2025-10-12 16:28:00,2025-10-12 16:56:00,28.1,28.1,319.3,255.4,293.8
12424,2025-10-12,PPTA,GHY,2025-10-12 20:00:00,2025-10-12 20:00:00,2025-10-12 20:29:00,29.1,29.1,63.7,51.0,95.0
12260,2025-10-12,NDLS,CNB,2025-10-12 05:44:00,2025-10-12 05:44:00,2025-10-12 05:52:00,8.7,8.7,1150.0,920.0,942.7
12260,2025-10-12,CNB,PRYJ,2025-10-12 09:42:00,2025-10-12 09:42:00,2025-10-12 09:52:00,10.8,10.8,862.5,690.0,702.4
12260,2025-10-12,PRYJ,DDU,2025-10-12 13:42:00,2025-10-12 13:42:00,2025-10-12 13:43:00,1.9,1.9,390.0,312.0,332.1
12260,2025-10-12,DDU,HWH,2025-10-12 17:33:00,2025-10-12 17:33:00,2025-10-12 17:42:00,9.2,9.2,152.6,122.1,136.8
12926,2025-10-12,BCT,BRC,2025-10-12 06:15:00,2025-10-12 06:15:00,2025-10-12 06:19:00,4.9,4.9,1150.0,920.0,928.2
12926,2025-10-12,BRC,RTM,2025-10-12 09:23:00,2025-10-12 09:23:00,2025-10-12 09:34:00,11.1,11.1,920.0,736.0,757.0
12926,2025-10-12,RTM,KOTA,2025-10-12 12:38:00,2025-10-12 12:38:00,2025-10-12 12:55:00,17.6,17.6,690.0,552.0,583.4
12926,2025-10-12,KOTA,NDLS,2025-10-12 15:59:00,2025-10-12 15:59:00,2025-10-12 16:14:00,15.7,15.7,272.9,218.3,243.7
12926,2025-10-12,NDLS,ASR,2025-10-12 19:18:00,2025-10-12 19:18:00,2025-10-12 19:43:00,25.5,25.5,65.3,52.2,88.1
12627,2025-10-12,SBC,DMM,2025-10-12 05:31:00,2025-10-12 05:31:00,2025-10-12 05:55:00,24.7,24.7,1150.0,920.0,941.4
12627,2025-10-12,DMM,GTL,2025-10-12 08:59:00,2025-10-12 08:59:00,2025-10-12 09:51:00,52.8,52.8,920.0,736.0,792.5
12627,2025-10-12,GTL,SC,2025-10-12 12:55:00,2025-10-12 12:55:00,2025-10-12 13:57:00,63.0,63.0,690.0,552.0,630.6
12627,2025-10-12,SC,NGP,2025-10-12 17:01:00,2025-10-12 17:01:00,2025-10-12 18:14:00,73.5,73.5,398.5,318.8,398.5
12627,2025-10-12,NGP,NDLS,2025-10-12 21:18:00,2025-10-12 21:18:00,2025-10-12 22:37:00,79.5,79.5,103.6,82.9,162.6
12301,2025-10-13,NDLS,CNB,2025-10-13 05:40:00,2025-10-13 05:40:00,2025-10-13 05:46:00,6.8,6.8,1150.0,920.0,930.4
12301,2025-10-13,CNB,PRYJ,2025-10-13 08:50:00,2025-10-13 08:50:00,2025-10-13 09:05:00,15.9,15.9,920.0,736.0,758.3
12301,2025-10-13,PRYJ,DDU,2025-10-13 12:09:00,2025-10-13 12:09:00,2025-10-13 12:27:00,18.1,18.1,690.0,552.0,573.2
12301,2025-10-13,DDU,GKP,2025-10-13 15:31:00,2025-10-13 15:31:00,2025-10-13 16:05:00,34.3,34.3,376.5,301.2,345.5
12301,2025-10-13,GKP,HWH,2025-10-13 19:09:00,2025-10-13 19:09:00,2025-10-13 19:49:00,40.0,40.0,51.3,41.0,102.1
12302,2025-10-13,HWH,GKP,2025-10-13 06:13:00,2025-10-13 06:13:00,2025-10-13 06:42:00,29.8,29.8,1150.0,920.0,947.3
12302,2025-10-13,GKP,DDU,2025-10-13 09:46:00,2025-10-13 09:46:00,2025-10-13 10:15:00,29.0,29.0,920.0,736.0,773.3
12302,2025-10-13,DDU,PRYJ,2025-10-13 13:19:00,2025-10-13 13:19:00,2025-10-13 14:46:00,87.2,87.2,690.0,552.0,633.9
12302,2025-10-13,PRYJ,CNB,2025-10-13 17:50:00,2025-10-13 17:50:00,2025-10-13 19:17:00,87.6,87.6,398.8,319.0,406.6
12302,2025-10-13,CNB,NDLS,2025-10-13 22:21:00,2025-10-13 22:21:00,2025-10-13 23:46:00,85.1,85.1,106.4,85.1,159.1
12951,2025-10-13,BCT,ST,2025-10-13 06:03:00,2025-10-13 06:03:00,2025-10-13 06:17:00,14.6,14.6,1150.0,920.0,942.8
12951,2025-10-13,ST,BRC,2025-10-13 09:21:00,2025-10-13 09:21:00,2025-10-13 10:29:00,68.5,68.5,920.0,736.0,822.8
12951,2025-10-13,BRC,RTM,2025-10-13 13:33:00,2025-10-13 13:33:00,2025-10-13 14:41:00,68.1,68.1,690.0,552.0,620.3
12951,2025-10-13,RTM,KOTA,2025-10-13 17:45:00,2025-10-13 17:45:00,2025-10-13 19:01:00,76.6,76.6,478.0,382.4,457.6
12951,2025-10-13,KOTA,NDLS,2025-10-13 22:05:00,2025-10-13 22:05:00,2025-10-13 23:34:00,89.0,89.0,137.3,109.8,196.4
12952,2025-10-13,NDLS,KOTA,2025-10-13 06:37:00,2025-10-13 06:37:00,2025-10-13 07:05:00,28.7,28.7,1150.0,920.0,958.6
12952,2025-10-13,KOTA,RTM,2025-10-13 10:09:00,2025-10-13 10:09:00,2025-10-13 10:42:00,33.9,33.9,920.0,736.0,778.9
12952,2025-10-13,RTM,BRC,2025-10-13 13:46:00,2025-10-13 13:46:00,2025-10-13 14:34:00,48.7,48.7,690.0,552.0,598.2
12952,2025-10-13,BRC,ST,2025-10-13 17:38:00,2025-10-13 17:38:00,2025-10-13 18:26:00,48.2,48.2,323.6,258.9,308.0
12952,2025-10-13,ST,BCT,2025-10-13 21:30:00,2025-10-13 21:30:00,2025-10-13 22:16:00,46.7,46.7,115.9,92.7,155.8
12004,2025-10-13,NDLS,GZB,2025-10-13 05:54:00,2025-10-13 05:54:00,2025-10-13 06:07:00,13.5,13.5,1150.0,920.0,950.6
12004,2025-10-13,GZB,ALJN,2025-10-13 09:11:00,2025-10-13 09:11:00,2025-10-13 09:21:00,10.5,10.5,920.0,736.0,750.4
12004,2025-10-13,ALJN,TDL,2025-10-13 12:25:00,2025-10-13 12:25:00,2025-10-13 12:42:00,17.3,17.3,690.0,552.0,567.8
12004,2025-10-13,TDL,CNB,2025-10-13 15:46:00,2025-10-13 15:46:00,2025-10-13 16:11:00,25.5,25.5,488.9,391.1,425.0
12004,2025-10-13,CNB,LKO,2025-10-13 19:15:00,2025-10-13 19:15:00,2025-10-13 20:05:00,50.2,50.2,140.9,112.7,144.5
12626,2025-10-13,NDLS,AGC,2025-10-13 05:51:00,2025-10-13 05:51:00,2025-10-13 06:14:00,23.1,23.1,1150.0,920.0,948.7
12626,2025-10-13,AGC,VGLJ,2025-10-13 09:18:00,2025-10-13 09:18:00,2025-10-13 09:49:00,31.2,31.2,920.0,736.0,773.5
12626,2025-10-13,VGLJ,BPL,2025-10-13 12:53:00,2025-10-13 12:53:00,2025-10-13 13:25:00,32.3,32.3,690.0,552.0,590.4
12626,2025-10-13,BPL,NGP,2025-10-13 16:29:00,2025-10-13 16:29:00,2025-10-13 17:09:00,40.9,40.9,251.3,201.0,255.4
12626,2025-10-13,NGP,MAS,2025-10-13 20:13:00,2025-10-13 20:13:00,2025-10-13 20:57:00,44.3,44.3,81.4,65.1,103.6
12424,2025-10-13,NDLS,CNB,2025-10-13 06:40:00,2025-10-13 06:40:00,2025-10-13 06:40:00,0.0,0.0,1150.0,920.0,933.4
12424,2025-10-13,CNB,PRYJ,2025-10-13 09:44:00,2025-10-13 09:44:00,2025-10-13 10:48:00,64.7,64.7,920.0,736.0,806.3
12424,2025-10-13,PRYJ,DDU,2025-10-13 13:52:00,2025-10-13 13:52:00,2025-10-13 15:12:00,80.8,80.8,690.0,552.0,638.3
12424,2025-10-13,DDU,PPTA,2025-10-13 18:16:00,2025-10-13 18:16:00,2025-10-13 19:51:00,95.4,95.4,411.7,329.4,411.9
12424,2025-10-13,PPTA,GHY,2025-10-13 22:55:00,2025-10-13 22:55:00,2025-10-14 00:36:00,101.6,101.6,127.6,102.1,184.5
12260,2025-10-13,NDLS,CNB,2025-10-13 06:28:00,2025-10-13 06:28:00,2025-10-13 07:20:00,52.4,52.4,1150.0,920.0,976.6
12260,2025-10-13,CNB,PRYJ,2025-10-13 11:10:00,2025-10-13 11:10:00,2025-10-13 12:18:00,68.1,68.1,862.5,690.0,751.5
12260,2025-10-13,PRYJ,DDU,2025-10-13 16:08:00,2025-10-13 16:08:00,2025-10-13 17:20:00,72.1,72.1,530.8,424.6,486.5
12260,2025-10-13,DDU,HWH,2025-10-13 21:10:00,2025-10-13 21:10:00,2025-10-13 22:21:00,71.7,71.7,134.3,107.4,174.3
12926,2025-10-13,BCT,BRC,2025-10-13 06:33:00,2025-10-13 06:33:00,2025-10-13 06:48:00,15.9,15.9,1150.0,920.0,936.5
12926,2025-10-13,BRC,RTM,2025-10-13 09:52:00,2025-10-13 09:52:00,2025-10-13 10:21:00,29.2,29.2,920.0,736.0,780.8
12926,2025-10-13,RTM,KOTA,2025-10-13 13:25:00,2025-10-13 13:25:00,2025-10-13 13:58:00,33.5,33.5,690.0,552.0,594.0
12926,2025-10-13,KOTA,NDLS,2025-10-13 17:02:00,2025-10-13 17:02:00,2025-10-13 17:29:00,27.6,27.6,270.7,216.6,255.3
12926,2025-10-13,NDLS,ASR,2025-10-13 20:33:00,2025-10-13 20:33:00,2025-10-13 21:35:00,62.8,62.8,127.1,101.7,158.8
12627,2025-10-13,SBC,DMM,2025-10-13 06:49:00,2025-10-13 06:49:00,2025-10-13 07:03:00,14.2,14.2,1150.0,920.0,952.7
12627,2025-10-13,DMM,GTL,2025-10-13 10:07:00,2025-10-13 10:07:00,2025-10-13 10:24:00,17.2,17.2,920.0,736.0,760.7
12627,2025-10-13,GTL,SC,2025-10-13 13:28:00,2025-10-13 13:28:00,2025-10-13 13:50:00,22.9,22.9,690.0,552.0,585.9
12627,2025-10-13,SC,NGP,2025-10-13 16:54:00,2025-10-13 16:54:00,2025-10-13 17:17:00,23.8,23.8,240.6,192.5,224.6
12627,2025-10-13,NGP,NDLS,2025-10-13 20:21:00,2025-10-13 20:21:00,2025-10-13 20:44:00,23.8,23.8,160.8,128.6,155.1
12301,2025-10-14,NDLS,CNB,2025-10-14 05:54:00,2025-10-14 05:54:00,2025-10-14 05:54:00,0.0,0.0,1150.0,920.0,925.6
12301,2025-10-14,CNB,PRYJ,2025-10-14 08:58:00,2025-10-14 08:58:00,2025-10-14 08:58:00,0.0,0.0,920.0,736.0,738.5
12301,2025-10-14,PRYJ,DDU,2025-10-14 12:02:00,2025-10-14 12:02:00,2025-10-14 12:38:00,36.7,36.7,690.0,552.0,587.1
12301,2025-10-14,DDU,GKP,2025-10-14 15:42:00,2025-10-14 15:42:00,2025-10-14 16:27:00,46.0,46.0,268.5,214.8,256.3
12301,2025-10-14,GKP,HWH,2025-10-14 19:31:00,2025-10-14 19:31:00,2025-10-14 20:24:00,53.4,53.4,113.0,90.4,127.3
12302,2025-10-14,HWH,GKP,2025-10-14 06:15:00,2025-10-14 06:15:00,2025-10-14 06:28:00,13.5,13.5,1150.0,920.0,933.9
12302,2025-10-14,GKP,DDU,2025-10-14 09:32:00,2025-10-14 09:32:00,2025-10-14 09:49:00,17.0,17.0,920.0,736.0,757.5
12302,2025-10-14,DDU,PRYJ,2025-10-14 12:53:00,2025-10-14 12:53:00,2025-10-14 13:13:00,20.3,20.3,690.0,552.0,576.8
12302,2025-10-14,PRYJ,CNB,2025-10-14 16:17:00,2025-10-14 16:17:00,2025-10-14 16:48:00,31.1,31.1,409.5,327.6,367.7
12302,2025-10-14,CNB,NDLS,2025-10-14 19:52:00,2025-10-14 19:52:00,2025-10-14 20:25:00,33.4,33.4,119.9,95.9,141.0
12951,2025-10-14,BCT,ST,2025-10-14 06:14:00,2025-10-14 06:14:00,2025-10-14 06:38:00,24.7,24.7,1150.0,920.0,954.4
12951,2025-10-14,ST,BRC,2025-10-14 09:42:00,2025-10-14 09:42:00,2025-10-14 10:00:00,18.5,18.5,920.0,736.0,757.4
12951,2025-10-14,BRC,RTM,2025-10-14 13:04:00,2025-10-14 13:04:00,2025-10-14 13:25:00,21.0,21.0,690.0,552.0,574.6
12951,2025-10-14,RTM,KOTA,2025-10-14 16:29:00,2025-10-14 16:29:00,2025-10-14 16:51:00,22.9,22.9,407.4,325.9,374.5
12951,2025-10-14,KOTA,NDLS,2025-10-14 19:55:00,2025-10-14 19:55:00,2025-10-14 20:30:00,35.8,35.8,121.8,97.4,129.2
12952,2025-10-14,NDLS,KOTA,2025-10-14 05:55:00,2025-10-14 05:55:00,2025-10-14 05:55:00,0.4,0.4,1150.0,920.0,924.8
12952,2025-10-14,KOTA,RTM,2025-10-14 08:59:00,2025-10-14 08:59:00,2025-10-14 08:59:00,0.0,0.0,920.0,736.0,751.7
12952,2025-10-14,RTM,BRC,2025-10-14 12:03:00,2025-10-14 12:03:00,2025-10-14 12:03:00,0.0,0.0,690.0,552.0,564.6
12952,2025-10-14,BRC,ST,2025-10-14 15:07:00,2025-10-14 15:07:00,2025-10-14 15:14:00,7.1,7.1,482.7,386.2,392.4
12952,2025-10-14,ST,BCT,2025-10-14 18:18:00,2025-10-14 18:18:00,2025-10-14 19:18:00,60.3,60.3,163.6,130.9,187.1
12004,2025-10-14,NDLS,GZB,2025-10-14 06:37:00,2025-10-14 06:37:00,2025-10-14 06:48:00,12.0,12.0,1150.0,920.0,927.3
12004,2025-10-14,GZB,ALJN,2025-10-14 09:52:00,2025-10-14 09:52:00,2025-10-14 10:41:00,49.1,49.1,920.0,736.0,784.1
12004,2025-10-14,ALJN,TDL,2025-10-14 13:45:00,2025-10-14 13:45:00,2025-10-14 14:39:00,54.8,54.8,690.0,552.0,606.1
12004,2025-10-14,TDL,CNB,2025-10-14 17:43:00,2025-10-14 17:43:00,2025-10-14 18:41:00,58.6,58.6,471.0,376.8,427.1
12004,2025-10-14,CNB,LKO,2025-10-14 21:45:00,2025-10-14 21:45:00,2025-10-14 22:44:00,59.4,59.4,179.9,143.9,211.5
12626,2025-10-14,NDLS,AGC,2025-10-14 05:48:00,2025-10-14 05:48:00,2025-10-14 05:52:00,4.8,4.8,1150.0,920.0,922.0
12626,2025-10-14,AGC,VGLJ,2025-10-14 08:56:00,2025-10-14 08:56:00,2025-10-14 09:24:00,28.5,28.5,920.0,736.0,802.3
12626,2025-10-14,VGLJ,BPL,2025-10-14 12:28:00,2025-10-14 12:28:00,2025-10-14 13:07:00,39.7,39.7,690.0,552.0,589.0
12626,2025-10-14,BPL,NGP,2025-10-14 16:11:00,2025-10-14 16:11:00,2025-10-14 16:51:00,40.2,40.2,368.2,294.6,339.0
12626,2025-10-14,NGP,MAS,2025-10-14 19:55:00,2025-10-14 19:55:00,2025-10-14 20:46:00,51.6,51.6,72.6,58.1,110.0
12424,2025-10-14,NDLS,CNB,2025-10-14 06:39:00,2025-10-14 06:39:00,2025-10-14 06:47:00,8.5,8.5,1150.0,920.0,933.3
12424,2025-10-14,CNB,PRYJ,2025-10-14 09:51:00,2025-10-14 09:51:00,2025-10-14 10:51:00,60.9,60.9,920.0,736.0,795.8
12424,2025-10-14,PRYJ,DDU,2025-10-14 13:55:00,2025-10-14 13:55:00,2025-10-14 14:55:00,60.6,60.6,690.0,552.0,613.9
12424,2025-10-14,DDU,PPTA,2025-10-14 17:59:00,2025-10-14 17:59:00,2025-10-14 19:06:00,67.6,67.6,537.3,429.8,499.0
12424,2025-10-14,PPTA,GHY,2025-10-14 22:10:00,2025-10-14 22:10:00,2025-10-14 23:26:00,76.8,76.8,138.2,110.6,184.8
12260,2025-10-14,NDLS,CNB,2025-10-14 05:54:00,2025-10-14 05:54:00,2025-10-14 06:16:00,22.4,22.4,1150.0,920.0,959.3
12260,2025-10-14,CNB,PRYJ,2025-10-14 10:06:00,2025-10-14 10:06:00,2025-10-14 10:28:00,22.8,22.8,862.5,690.0,715.4
12260,2025-10-14,PRYJ,DDU,2025-10-14 14:18:00,2025-10-14 14:18:00,2025-10-14 14:41:00,23.9,23.9,333.3,266.6,283.7
12260,2025-10-14,DDU,HWH,2025-10-14 18:31:00,2025-10-14 18:31:00,2025-10-14 19:00:00,29.9,29.9,62.0,49.6,80.6
12926,2025-10-14,BCT,BRC,2025-10-14 06:15:00,2025-10-14 06:15:00,2025-10-14 06:21:00,7.0,7.0,1150.0,920.0,926.2
12926,2025-10-14,BRC,RTM,2025-10-14 09:25:00,2025-10-14 09:25:00,2025-10-14 09:38:00,13.8,13.8,920.0,736.0,773.6
12926,2025-10-14,RTM,KOTA,2025-10-14 12:42:00,2025-10-14 12:42:00,2025-10-14 12:54:00,12.1,12.1,690.0,552.0,590.7
12926,2025-10-14,KOTA,NDLS,2025-10-14 15:58:00,2025-10-14 15:58:00,2025-10-14 16:12:00,14.5,14.5,515.5,412.4,437.7
12926,2025-10-14,NDLS,ASR,2025-10-14 19:16:00,2025-10-14 19:16:00,2025-10-14 19:31:00,15.3,15.3,74.8,59.8,78.2
12627,2025-10-14,SBC,DMM,2025-10-14 06:36:00,2025-10-14 06:36:00,2025-10-14 06:36:00,0.0,0.0,1150.0,920.0,931.2
12627,2025-10-14,DMM,GTL,2025-10-14 09:40:00,2025-10-14 09:40:00,2025-10-14 09:40:00,0.0,0.0,920.0,736.0,759.1
12627,2025-10-14,GTL,SC,2025-10-14 12:44:00,2025-10-14 12:44:00,2025-10-14 12:53:00,9.5,9.5,690.0,552.0,573.9
12627,2025-10-14,SC,NGP,2025-10-14 15:57:00,2025-10-14 15:57:00,2025-10-14 16:21:00,24.9,24.9,437.4,349.9,386.8
12627,2025-10-14,NGP,NDLS,2025-10-14 19:25:00,2025-10-14 19:25:00,2025-10-14 19:53:00,28.2,28.2,92.5,74.0,108.5
12301,2025-10-15,NDLS,CNB,2025-10-15 06:58:00,2025-10-15 06:58:00,2025-10-15 07:55:00,57.7,57.7,1150.0,920.0,983.5
12301,2025-10-15,CNB,PRYJ,2025-10-15 10:59:00,2025-10-15 10:59:00,2025-10-15 11:50:00,51.3,51.3,920.0,736.0,796.9
12301,2025-10-15,PRYJ,DDU,2025-10-15 14:54:00,2025-10-15 14:54:00,2025-10-15 15:48:00,54.9,54.9,690.0,552.0,607.1
12301,2025-10-15,DDU,GKP,2025-10-15 18:52:00,2025-10-15 18:52:00,2025-10-15 19:48:00,56.4,56.4,237.4,189.9,263.4
12301,2025-10-15,GKP,HWH,2025-10-15 22:52:00,2025-10-15 22:52:00,2025-10-15 23:41:00,49.2,49.2,82.9,66.3,129.1
12302,2025-10-15,HWH,GKP,2025-10-15 06:01:00,2025-10-15 06:01:00,2025-10-15 06:16:00,15.7,15.7,1150.0,920.0,936.8
12302,2025-10-15,GKP,DDU,2025-10-15 09:20:00,2025-10-15 09:20:00,2025-10-15 09:39:00,19.3,19.3,920.0,736.0,759.4
12302,2025-10-15,DDU,PRYJ,2025-10-15 12:43:00,2025-10-15 12:43:00,2025-10-15 13:02:00,20.0,20.0,690.0,552.0,572.2
12302,2025-10-15,PRYJ,CNB,2025-10-15 16:06:00,2025-10-15 16:06:00,2025-10-15 16:18:00,12.7,12.7,346.9,277.5,292.0
12302,2025-10-15,CNB,NDLS,2025-10-15 19:22:00,2025-10-15 19:22:00,2025-10-15 20:17:00,55.2,55.2,171.4,137.1,208.1
12951,2025-10-15,BCT,ST,2025-10-15 06:29:00,2025-10-15 06:29:00,2025-10-15 06:33:00,4.4,4.4,1150.0,920.0,933.8
12951,2025-10-15,ST,BRC,2025-10-15 09:37:00,2025-10-15 09:37:00,2025-10-15 09:39:00,2.6,2.6,920.0,736.0,751.8
12951,2025-10-15,BRC,RTM,2025-10-15 12:43:00,2025-10-15 12:43:00,2025-10-15 12:46:00,3.1,3.1,690.0,552.0,567.8
12951,2025-10-15,RTM,KOTA,2025-10-15 15:50:00,2025-10-15 15:50:00,2025-10-15 15:59:00,9.5,9.5,353.1,282.5,303.4
12951,2025-10-15,KOTA,NDLS,2025-10-15 19:03:00,2025-10-15 19:03:00,2025-10-15 19:14:00,11.7,11.7,83.2,66.6,82.7
12952,2025-10-15,NDLS,KOTA,2025-10-15 05:36:00,2025-10-15 05:36:00,2025-10-15 05:42:00,6.7,6.7,1150.0,920.0,936.6
12952,2025-10-15,KOTA,RTM,2025-10-15 08:46:00,2025-10-15 08:46:00,2025-10-15 08:56:00,10.1,10.1,920.0,736.0,754.8
12952,2025-10-15,RTM,BRC,2025-10-15 12:00:00,2025-10-15 12:00:00,2025-10-15 12:05:00,5.0,5.0,690.0,552.0,572.0
12952,2025-10-15,BRC,ST,2025-10-15 15:09:00,2025-10-15 15:09:00,2025-10-15 15:20:00,11.1,11.1,536.2,429.0,451.2
12952,2025-10-15,ST,BCT,2025-10-15 18:24:00,2025-10-15 18:24:00,2025-10-15 18:31:00,7.5,7.5,132.6,106.1,137.2
12004,2025-10-15,NDLS,GZB,2025-10-15 06:08:00,2025-10-15 06:08:00,2025-10-15 06:27:00,19.2,19.2,1150.0,920.0,954.5
12004,2025-10-15,GZB,ALJN,2025-10-15 09:31:00,2025-10-15 09:31:00,2025-10-15 10:01:00,30.4,30.4,920.0,736.0,771.9
12004,2025-10-15,ALJN,TDL,2025-10-15 13:05:00,2025-10-15 13:05:00,2025-10-15 13:38:00,33.3,33.3,690.0,552.0,592.6
12004,2025-10-15,TDL,CNB,2025-10-15 16:42:00,2025-10-15 16:42:00,2025-10-15 17:23:00,41.4,41.4,389.7,311.8,337.9
12004,2025-10-15,CNB,LKO,2025-10-15 20:27:00,2025-10-15 20:27:00,2025-10-15 21:11:00,44.8,44.8,85.4,68.3,117.9
12626,2025-10-15,NDLS,AGC,2025-10-15 06:42:00,2025-10-15 06:42:00,2025-10-15 06:55:00,13.6,13.6,1150.0,920.0,944.4
12626,2025-10-15,AGC,VGLJ,2025-10-15 09:59:00,2025-10-15 09:59:00,2025-10-15 10:26:00,27.5,27.5,920.0,736.0,774.3
12626,2025-10-15,VGLJ,BPL,2025-10-15 13:30:00,2025-10-15 13:30:00,2025-10-15 13:53:00,23.7,23.7,690.0,552.0,587.5
12626,2025-10-15,BPL,NGP,2025-10-15 16:57:00,2025-10-15 16:57:00,2025-10-15 17:22:00,25.7,25.7,357.7,286.2,318.1
12626,2025-10-15,NGP,MAS,2025-10-15 20:26:00,2025-10-15 20:26:00,2025-10-15 21:10:00,44.3,44.3,166.7,133.4,176.3
12424,2025-10-15,NDLS,CNB,2025-10-15 05:44:00,2025-10-15 05:44:00,2025-10-15 05:53:00,9.8,9.8,1150.0,920.0,939.3
12424,2025-10-15,CNB,PRYJ,2025-10-15 08:57:00,2025-10-15 08:57:00,2025-10-15 09:48:00,51.1,51.1,920.0,736.0,787.0
12424,2025-10-15,PRYJ,DDU,2025-10-15 12:52:00,2025-10-15 12:52:00,2025-10-15 14:37:00,106.0,106.0,690.0,552.0,644.7
12424,2025-10-15,DDU,PPTA,2025-10-15 17:41:00,2025-10-15 17:41:00,2025-10-15 19:20:00,99.6,99.6,233.3,186.6,291.7
12424,2025-10-15,PPTA,GHY,2025-10-15 22:24:00,2025-10-15 22:24:00,2025-10-16 00:01:00,97.5,97.5,85.8,68.6,165.8
12260,2025-10-15,NDLS,CNB,2025-10-15 05:34:00,2025-10-15 05:34:00,2025-10-15 05:51:00,17.8,17.8,1150.0,920.0,940.7
12260,2025-10-15,CNB,PRYJ,2025-10-15 09:41:00,2025-10-15 09:41:00,2025-10-15 10:06:00,25.7,25.7,862.5,690.0,713.6
12260,2025-10-15,PRYJ,DDU,2025-10-15 13:56:00,2025-10-15 13:56:00,2025-10-15 14:55:00,59.2,59.2,368.5,294.8,353.9
12260,2025-10-15,DDU,HWH,2025-10-15 18:45:00,2025-10-15 18:45:00,2025-10-15 19:30:00,45.8,45.8,56.7,45.4,89.8
12926,2025-10-15,BCT,BRC,2025-10-15 05:44:00,2025-10-15 05:44:00,2025-10-15 06:02:00,18.0,18.0,1150.0,920.0,944.8
12926,2025-10-15,BRC,RTM,2025-10-15 09:06:00,2025-10-15 09:06:00,2025-10-15 09:25:00,19.3,19.3,920.0,736.0,756.3
12926,2025-10-15,RTM,KOTA,2025-10-15 12:29:00,2025-10-15 12:29:00,2025-10-15 13:22:00,53.6,53.6,690.0,552.0,610.2
12926,2025-10-15,KOTA,NDLS,2025-10-15 16:26:00,2025-10-15 16:26:00,2025-10-15 17:15:00,49.7,49.7,283.8,227.0,288.9
12926,2025-10-15,NDLS,ASR,2025-10-15 20:19:00,2025-10-15 20:19:00,2025-10-15 21:09:00,50.9,50.9,88.6,70.9,113.9
12627,2025-10-15,SBC,DMM,2025-10-15 06:30:00,2025-10-15 06:30:00,2025-10-15 06:49:00,19.7,19.7,1150.0,920.0,959.0
12627,2025-10-15,DMM,GTL,2025-10-15 09:53:00,2025-10-15 09:53:00,2025-10-15 10:25:00,32.1,32.1,920.0,736.0,760.0
12627,2025-10-15,GTL,SC,2025-10-15 13:29:00,2025-10-15 13:29:00,2025-10-15 14:08:00,39.8,39.8,690.0,552.0,608.2
12627,2025-10-15,SC,NGP,2025-10-15 17:12:00,2025-10-15 17:12:00,2025-10-15 18:09:00,57.5,57.5,315.5,252.4,304.9
12627,2025-10-15,NGP,NDLS,2025-10-15 21:13:00,2025-10-15 21:13:00,2025-10-15 22:21:00,68.3,68.3,92.9,74.3,147.4
12301,2025-10-16,NDLS,CNB,2025-10-16 06:44:00,2025-10-16 06:44:00,2025-10-16 07:59:00,75.7,75.7,1150.0,920.0,990.8
12301,2025-10-16,CNB,PRYJ,2025-10-16 11:03:00,2025-10-16 11:03:00,2025-10-16 12:16:00,73.9,73.9,920.0,736.0,799.8
12301,2025-10-16,PRYJ,DDU,2025-10-16 15:20:00,2025-10-16 15:20:00,2025-10-16 16:43:00,83.4,83.4,690.0,552.0,636.7
12301,2025-10-16,DDU,GKP,2025-10-16 19:47:00,2025-10-16 19:47:00,2025-10-16 21:24:00,97.1,97.1,416.1,332.9,430.1
12301,2025-10-16,GKP,HWH,2025-10-17 00:28:00,2025-10-17 00:28:00,2025-10-17 02:04:00,96.7,96.7,85.9,68.7,162.1
12302,2025-10-16,HWH,GKP,2025-10-16 06:37:00,2025-10-16 06:37:00,2025-10-16 06:51:00,14.5,14.5,1150.0,920.0,930.4
12302,2025-10-16,GKP,DDU,2025-10-16 09:55:00,2025-10-16 09:55:00,2025-10-16 10:08:00,13.4,13.4,920.0,736.0,772.3
12302,2025-10-16,DDU,PRYJ,2025-10-16 13:12:00,2025-10-16 13:12:00,2025-10-16 13:45:00,33.6,33.6,690.0,552.0,571.9
12302,2025-10-16,PRYJ,CNB,2025-10-16 16:49:00,2025-10-16 16:49:00,2025-10-16 17:20:00,31.1,31.1,229.2,183.4,231.9
12302,2025-10-16,CNB,NDLS,2025-10-16 20:24:00,2025-10-16 20:24:00,2025-10-16 21:55:00,91.5,91.5,88.5,70.8,158.2
12951,2025-10-16,BCT,ST,2025-10-16 06:15:00,2025-10-16 06:15:00,2025-10-16 06:15:00,0.9,0.9,1150.0,920.0,939.3
12951,2025-10-16,ST,BRC,2025-10-16 09:19:00,2025-10-16 09:19:00,2025-10-16 09:26:00,7.6,7.6,920.0,736.0,747.6
12951,2025-10-16,BRC,RTM,2025-10-16 12:30:00,2025-10-16 12:30:00,2025-10-16 12:45:00,15.2,15.2,690.0,552.0,579.6
12951,2025-10-16,RTM,KOTA,2025-10-16 15:49:00,2025-10-16 15:49:00,2025-10-16 16:34:00,45.8,45.8,444.3,355.4,403.2
12951,2025-10-16,KOTA,NDLS,2025-10-16 19:38:00,2025-10-16 19:38:00,2025-10-16 21:22:00,104.8,104.8,136.0,108.8,217.9
12952,2025-10-16,NDLS,KOTA,2025-10-16 06:20:00,2025-10-16 06:20:00,2025-10-16 07:21:00,61.3,61.3,1150.0,920.0,982.4
12952,2025-10-16,KOTA,RTM,2025-10-16 10:25:00,2025-10-16 10:25:00,2025-10-16 11:25:00,60.7,60.7,920.0,736.0,801.4
12952,2025-10-16,RTM,BRC,2025-10-16 14:29:00,2025-10-16 14:29:00,2025-10-16 16:18:00,109.5,109.5,690.0,552.0,653.6
12952,2025-10-16,BRC,ST,2025-10-16 19:22:00,2025-10-16 19:22:00,2025-10-16 21:15:00,113.6,113.6,304.0,243.2,349.6
12952,2025-10-16,ST,BCT,2025-10-17 00:19:00,2025-10-17 00:19:00,2025-10-17 02:11:00,112.5,112.5,123.5,98.8,201.1
12004,2025-10-16,NDLS,GZB,2025-10-16 06:04:00,2025-10-16 06:04:00,2025-10-16 06:14:00,10.2,10.2,1150.0,920.0,933.7
12004,2025-10-16,GZB,ALJN,2025-10-16 09:18:00,2025-10-16 09:18:00,2025-10-16 09:40:00,22.7,22.7,920.0,736.0,750.7
12004,2025-10-16,ALJN,TDL,2025-10-16 12:44:00,2025-10-16 12:44:00,2025-10-16 13:18:00,34.4,34.4,690.0,552.0,592.0
12004,2025-10-16,TDL,CNB,2025-10-16 16:22:00,2025-10-16 16:22:00,2025-10-16 17:07:00,45.6,45.6,352.9,282.3,336.2
12004,2025-10-16,CNB,LKO,2025-10-16 20:11:00,2025-10-16 20:11:00,2025-10-16 21:01:00,50.9,50.9,132.2,105.8,152.3
12626,2025-10-16,NDLS,AGC,2025-10-16 06:48:00,2025-10-16 06:48:00,2025-10-16 07:16:00,28.4,28.4,1150.0,920.0,951.1
12626,2025-10-16,AGC,VGLJ,2025-10-16 10:20:00,2025-10-16 10:20:00,2025-10-16 11:04:00,44.9,44.9,920.0,736.0,772.7
12626,2025-10-16,VGLJ,BPL,2025-10-16 14:08:00,2025-10-16 14:08:00,2025-10-16 14:56:00,48.6,48.6,690.0,552.0,595.4
12626,2025-10-16,BPL,NGP,2025-10-16 18:00:00,2025-10-16 18:00:00,2025-10-16 18:59:00,59.6,59.6,248.4,198.7,278.2
12626,2025-10-16,NGP,MAS,2025-10-16 22:03:00,2025-10-16 22:03:00,2025-10-16 23:06:00,63.6,63.6,156.6,125.3,181.3
12424,2025-10-16,NDLS,CNB,2025-10-16 06:25:00,2025-10-16 06:25:00,2025-10-16 06:39:00,15.0,15.0,1150.0,920.0,949.3
12424,2025-10-16,CNB,PRYJ,2025-10-16 09:43:00,2025-10-16 09:43:00,2025-10-16 09:53:00,10.8,10.8,920.0,736.0,755.2
12424,2025-10-16,PRYJ,DDU,2025-10-16 12:57:00,2025-10-16 12:57:00,2025-10-16 13:45:00,48.2,48.2,690.0,552.0,596.2
12424,2025-10-16,DDU,PPTA,2025-10-16 16:49:00,2025-10-16 16:49:00,2025-10-16 17:35:00,46.0,46.0,473.0,378.4,436.0
12424,2025-10-16,PPTA,GHY,2025-10-16 20:39:00,2025-10-16 20:39:00,2025-10-16 21:15:00,36.5,36.5,148.3,118.6,147.7
12260,2025-10-16,NDLS,CNB,2025-10-16 06:22:00,2025-10-16 06:22:00,2025-10-16 06:55:00,33.7,33.7,1150.0,920.0,961.4
12260,2025-10-16,CNB,PRYJ,2025-10-16 10:45:00,2025-10-16 10:45:00,2025-10-16 11:25:00,40.5,40.5,862.5,690.0,725.9
12260,2025-10-16,PRYJ,DDU,2025-10-16 15:15:00,2025-10-16 15:15:00,2025-10-16 15:53:00,38.9,38.9,337.1,269.7,309.8
12260,2025-10-16,DDU,HWH,2025-10-16 19:43:00,2025-10-16 19:43:00,2025-10-16 20:21:00,38.7,38.7,100.3,80.2,134.2
12926,2025-10-16,BCT,BRC,2025-10-16 06:54:00,2025-10-16 06:54:00,2025-10-16 07:17:00,23.6,23.6,1150.0,920.0,951.1
12926,2025-10-16,BRC,RTM,2025-10-16 10:21:00,2025-10-16 10:21:00,2025-10-16 10:57:00,36.3,36.3,920.0,736.0,789.6
12926,2025-10-16,RTM,KOTA,2025-10-16 14:01:00,2025-10-16 14:01:00,2025-10-16 14:39:00,38.6,38.6,690.0,552.0,589.3
12926,2025-10-16,KOTA,NDLS,2025-10-16 17:43:00,2025-10-16 17:43:00,2025-10-16 18:26:00,43.1,43.1,288.9,231.1,275.7
12926,2025-10-16,NDLS,ASR,2025-10-16 21:30:00,2025-10-16 21:30:00,2025-10-16 22:23:00,53.7,53.7,125.0,100.0,146.3
12627,2025-10-16,SBC,DMM,2025-10-16 06:51:00,2025-10-16 06:51:00,2025-10-16 06:52:00,1.6,1.6,1150.0,920.0,922.4
12627,2025-10-16,DMM,GTL,2025-10-16 09:56:00,2025-10-16 09:56:00,2025-10-16 11:10:00,74.7,74.7,920.0,736.0,799.7
12627,2025-10-16,GTL,SC,2025-10-16 14:14:00,2025-10-16 14:14:00,2025-10-16 16:16:00,122.3,122.3,690.0,552.0,667.2
12627,2025-10-16,SC,NGP,2025-10-16 19:20:00,2025-10-16 19:20:00,2025-10-16 21:22:00,122.1,122.1,493.5,394.8,509.4
12627,2025-10-16,NGP,NDLS,2025-10-17 00:26:00,2025-10-17 00:26:00,2025-10-17 02:34:00,128.7,128.7,163.8,131.0,231.7
12301,2025-10-17,NDLS,CNB,2025-10-17 06:13:00,2025-10-17 06:13:00,2025-10-17 06:23:00,10.3,10.3,1150.0,920.0,937.7
12301,2025-10-17,CNB,PRYJ,2025-10-17 09:27:00,2025-10-17 09:27:00,2025-10-17 09:38:00,11.0,11.0,920.0,736.0,758.9
12301,2025-10-17,PRYJ,DDU,2025-10-17 12:42:00,2025-10-17 12:42:00,2025-10-17 12:49:00,7.3,7.3,690.0,552.0,560.2
12301,2025-10-17,DDU,GKP,2025-10-17 15:53:00,2025-10-17 15:53:00,2025-10-17 16:06:00,13.2,13.2,490.8,392.6,427.2
12301,2025-10-17,GKP,HWH,2025-10-17 19:10:00,2025-10-17 19:10:00,2025-10-17 19:29:00,19.9,19.9,122.1,97.7,134.8
12302,2025-10-17,HWH,GKP,2025-10-17 06:56:00,2025-10-17 06:56:00,2025-10-17 07:17:00,21.1,21.1,1150.0,920.0,956.6
12302,2025-10-17,GKP,DDU,2025-10-17 10:21:00,2025-10-17 10:21:00,2025-10-17 11:20:00,59.5,59.5,920.0,736.0,800.8
12302,2025-10-17,DDU,PRYJ,2025-10-17 14:24:00,2025-10-17 14:24:00,2025-10-17 15:18:00,54.3,54.3,690.0,552.0,604.3
12302,2025-10-17,PRYJ,CNB,2025-10-17 18:22:00,2025-10-17 18:22:00,2025-10-17 19:17:00,55.9,55.9,365.8,292.6,345.1
12302,2025-10-17,CNB,NDLS,2025-10-17 22:21:00,2025-10-17 22:21:00,2025-10-17 23:22:00,61.6,61.6,56.6,45.3,85.7
12951,2025-10-17,BCT,ST,2025-10-17 05:43:00,2025-10-17 05:43:00,2025-10-17 06:42:00,59.4,59.4,1150.0,920.0,980.4
12951,2025-10-17,ST,BRC,2025-10-17 09:46:00,2025-10-17 09:46:00,2025-10-17 10:50:00,64.3,64.3,920.0,736.0,803.4
12951,2025-10-17,BRC,RTM,2025-10-17 13:54:00,2025-10-17 13:54:00,2025-10-17 15:03:00,69.4,69.4,690.0,552.0,604.7
12951,2025-10-17,RTM,KOTA,2025-10-17 18:07:00,2025-10-17 18:07:00,2025-10-17 19:40:00,93.1,93.1,532.2,425.8,515.9
12951,2025-10-17,KOTA,NDLS,2025-10-17 22:44:00,2025-10-17 22:44:00,2025-10-18 00:11:00,87.3,87.3,66.0,52.8,141.2
12952,2025-10-17,NDLS,KOTA,2025-10-17 06:55:00,2025-10-17 06:55:00,2025-10-17 07:07:00,12.8,12.8,1150.0,920.0,929.2
12952,2025-10-17,KOTA,RTM,2025-10-17 10:11:00,2025-10-17 10:11:00,2025-10-17 10:21:00,10.2,10.2,920.0,736.0,768.6
12952,2025-10-17,RTM,BRC,2025-10-17 13:25:00,2025-10-17 13:25:00,2025-10-17 13:39:00,14.8,14.8,690.0,552.0,577.4
12952,2025-10-17,BRC,ST,2025-10-17 16:43:00,2025-10-17 16:43:00,2025-10-17 16:59:00,16.9,16.9,349.7,279.8,305.8
12952,2025-10-17,ST,BCT,2025-10-17 20:03:00,2025-10-17 20:03:00,2025-10-17 20:15:00,12.4,12.4,138.1,110.5,148.6
12004,2025-10-17,NDLS,GZB,2025-10-17 06:01:00,2025-10-17 06:01:00,2025-10-17 06:08:00,8.0,8.0,1150.0,920.0,932.0
12004,2025-10-17,GZB,ALJN,2025-10-17 09:12:00,2025-10-17 09:12:00,2025-10-17 09:14:00,2.8,2.8,920.0,736.0,732.5
12004,2025-10-17,ALJN,TDL,2025-10-17 12:18:00,2025-10-17 12:18:00,2025-10-17 12:21:00,3.2,3.2,690.0,552.0,573.5
12004,2025-10-17,TDL,CNB,2025-10-17 15:25:00,2025-10-17 15:25:00,2025-10-17 15:34:00,9.8,9.8,410.9,328.7,347.2
12004,2025-10-17,CNB,LKO,2025-10-17 18:38:00,2025-10-17 18:38:00,2025-10-17 18:50:00,12.3,12.3,140.0,112.0,123.6
12626,2025-10-17,NDLS,AGC,2025-10-17 06:59:00,2025-10-17 06:59:00,2025-10-17 07:11:00,12.2,12.2,1150.0,920.0,930.7
12626,2025-10-17,AGC,VGLJ,2025-10-17 10:15:00,2025-10-17 10:15:00,2025-10-17 10:39:00,24.4,24.4,920.0,736.0,756.8
12626,2025-10-17,VGLJ,BPL,2025-10-17 13:43:00,2025-10-17 13:43:00,2025-10-17 14:18:00,35.3,35.3,690.0,552.0,574.7
12626,2025-10-17,BPL,NGP,2025-10-17 17:22:00,2025-10-17 17:22:00,2025-10-17 18:13:00,51.8,51.8,375.7,300.6,369.2
12626,2025-10-17,NGP,MAS,2025-10-17 21:17:00,2025-10-17 21:17:00,2025-10-17 22:20:00,63.1,63.1,53.3,42.6,98.0
12424,2025-10-17,NDLS,CNB,2025-10-17 06:21:00,2025-10-17 06:21:00,2025-10-17 06:40:00,19.2,19.2,1150.0,920.0,953.2
12424,2025-10-17,CNB,PRYJ,2025-10-17 09:44:00,2025-10-17 09:44:00,2025-10-17 10:04:00,20.8,20.8,920.0,736.0,760.2
12424,2025-10-17,PRYJ,DDU,2025-10-17 13:08:00,2025-10-17 13:08:00,2025-10-17 13:59:00,51.0,51.0,690.0,552.0,603.7
12424,2025-10-17,DDU,PPTA,2025-10-17 17:03:00,2025-10-17 17:03:00,2025-10-17 17:58:00,55.4,55.4,462.4,369.9,420.2
12424,2025-10-17,PPTA,GHY,2025-10-17 21:02:00,2025-10-17 21:02:00,2025-10-17 22:02:00,60.8,60.8,111.3,89.0,142.9
12260,2025-10-17,NDLS,CNB,2025-10-17 06:50:00,2025-10-17 06:50:00,2025-10-17 07:01:00,11.2,11.2,1150.0,920.0,949.8
12260,2025-10-17,CNB,PRYJ,2025-10-17 10:51:00,2025-10-17 10:51:00,2025-10-17 11:04:00,13.4,13.4,862.5,690.0,726.6
12260,2025-10-17,PRYJ,DDU,2025-10-17 14:54:00,2025-10-17 14:54:00,2025-10-17 15:07:00,14.0,14.0,408.8,327.0,340.7
12260,2025-10-17,DDU,HWH,2025-10-17 18:57:00,2025-10-17 18:57:00,2025-10-17 19:27:00,30.7,30.7,89.8,71.8,119.9
12926,2025-10-17,BCT,BRC,2025-10-17 05:37:00,2025-10-17 05:37:00,2025-10-17 05:41:00,4.4,4.4,1150.0,920.0,922.1
12926,2025-10-17,BRC,RTM,2025-10-17 08:45:00,2025-10-17 08:45:00,2025-10-17 09:45:00,60.1,60.1,920.0,736.0,794.8
12926,2025-10-17,RTM,KOTA,2025-10-17 12:49:00,2025-10-17 12:49:00,2025-10-17 13:52:00,63.4,63.4,690.0,552.0,624.6
12926,2025-10-17,KOTA,NDLS,2025-10-17 16:56:00,2025-10-17 16:56:00,2025-10-17 17:57:00,61.6,61.6,444.1,355.3,420.3
12926,2025-10-17,NDLS,ASR,2025-10-17 21:01:00,2025-10-17 21:01:00,2025-10-17 22:04:00,63.9,63.9,80.0,64.0,127.4
12627,2025-10-17,SBC,DMM,2025-10-17 06:15:00,2025-10-17 06:15:00,2025-10-17 06:32:00,17.7,17.7,1150.0,920.0,954.2
12627,2025-10-17,DMM,GTL,2025-10-17 09:36:00,2025-10-17 09:36:00,2025-10-17 09:52:00,16.9,16.9,920.0,736.0,752.1
12627,2025-10-17,GTL,SC,2025-10-17 12:56:00,2025-10-17 12:56:00,2025-10-17 13:20:00,24.2,24.2,690.0,552.0,587.2
12627,2025-10-17,SC,NGP,2025-10-17 16:24:00,2025-10-17 16:24:00,2025-10-17 16:46:00,22.3,22.3,472.7,378.2,407.5
12627,2025-10-17,NGP,NDLS,2025-10-17 19:50:00,2025-10-17 19:50:00,2025-10-17 20:16:00,26.5,26.5,124.8,99.8,120.1
12301,2025-10-18,NDLS,CNB,2025-10-18 06:37:00,2025-10-18 06:37:00,2025-10-18 06:47:00,10.4,10.4,1150.0,920.0,925.2
12301,2025-10-18,CNB,PRYJ,2025-10-18 09:51:00,2025-10-18 09:51:00,2025-10-18 10:06:00,15.1,15.1,920.0,736.0,762.5
12301,2025-10-18,PRYJ,DDU,2025-10-18 13:10:00,2025-10-18 13:10:00,2025-10-18 13:56:00,46.9,46.9,690.0,552.0,588.3
12301,2025-10-18,DDU,GKP,2025-10-18 17:00:00,2025-10-18 17:00:00,2025-10-18 17:56:00,56.9,56.9,302.0,241.6,292.5
12301,2025-10-18,GKP,HWH,2025-10-18 21:00:00,2025-10-18 21:00:00,2025-10-18 22:03:00,63.3,63.3,161.6,129.3,198.5
12302,2025-10-18,HWH,GKP,2025-10-18 06:31:00,2025-10-18 06:31:00,2025-10-18 07:06:00,35.9,35.9,1150.0,920.0,943.8
12302,2025-10-18,GKP,DDU,2025-10-18 10:10:00,2025-10-18 10:10:00,2025-10-18 10:47:00,37.7,37.7,920.0,736.0,775.7
12302,2025-10-18,DDU,PRYJ,2025-10-18 13:51:00,2025-10-18 13:51:00,2025-10-18 14:39:00,48.8,48.8,690.0,552.0,596.1
12302,2025-10-18,PRYJ,CNB,2025-10-18 17:43:00,2025-10-18 17:43:00,2025-10-18 18:40:00,57.8,57.8,532.1,425.7,482.7
12302,2025-10-18,CNB,NDLS,2025-10-18 21:44:00,2025-10-18 21:44:00,2025-10-18 22:38:00,54.9,54.9,146.5,117.2,176.5
12951,2025-10-18,BCT,ST,2025-10-18 06:34:00,2025-10-18 06:34:00,2025-10-18 06:45:00,11.2,11.2,1150.0,920.0,936.2
12951,2025-10-18,ST,BRC,2025-10-18 09:49:00,2025-10-18 09:49:00,2025-10-18 10:05:00,16.2,16.2,920.0,736.0,772.3
12951,2025-10-18,BRC,RTM,2025-10-18 13:09:00,2025-10-18 13:09:00,2025-10-18 13:44:00,35.1,35.1,690.0,552.0,597.2
12951,2025-10-18,RTM,KOTA,2025-10-18 16:48:00,2025-10-18 16:48:00,2025-10-18 17:23:00,35.6,35.6,493.8,395.0,439.4
12951,2025-10-18,KOTA,NDLS,2025-10-18 20:27:00,2025-10-18 20:27:00,2025-10-18 21:11:00,44.8,44.8,140.6,112.5,153.8
12952,2025-10-18,NDLS,KOTA,2025-10-18 06:49:00,2025-10-18 06:49:00,2025-10-18 07:02:00,13.7,13.7,1150.0,920.0,951.3
12952,2025-10-18,KOTA,RTM,2025-10-18 10:06:00,2025-10-18 10:06:00,2025-10-18 10:22:00,16.8,16.8,920.0,736.0,762.2
12952,2025-10-18,RTM,BRC,2025-10-18 13:26:00,2025-10-18 13:26:00,2025-10-18 13:49:00,23.4,23.4,690.0,552.0,581.1
12952,2025-10-18,BRC,ST,2025-10-18 16:53:00,2025-10-18 16:53:00,2025-10-18 17:04:00,11.0,11.0,333.6,266.9,294.5
12952,2025-10-18,ST,BCT,2025-10-18 20:08:00,2025-10-18 20:08:00,2025-10-18 20:21:00,14.0,14.0,116.0,92.8,115.3
12004,2025-10-18,NDLS,GZB,2025-10-18 06:07:00,2025-10-18 06:07:00,2025-10-18 06:10:00,3.7,3.7,1150.0,920.0,940.2
12004,2025-10-18,GZB,ALJN,2025-10-18 09:14:00,2025-10-18 09:14:00,2025-10-18 09:14:00,0.5,0.5,920.0,736.0,731.4
12004,2025-10-18,ALJN,TDL,2025-10-18 12:18:00,2025-10-18 12:18:00,2025-10-18 12:18:00,0.0,0.0,690.0,552.0,569.1
12004,2025-10-18,TDL,CNB,2025-10-18 15:22:00,2025-10-18 15:22:00,2025-10-18 15:48:00,26.8,26.8,363.6,290.9,328.0
12004,2025-10-18,CNB,LKO,2025-10-18 18:52:00,2025-10-18 18:52:00,2025-10-18 19:25:00,33.7,33.7,78.6,62.9,103.1
12626,2025-10-18,NDLS,AGC,2025-10-18 06:35:00,2025-10-18 06:35:00,2025-10-18 07:16:00,41.3,41.3,1150.0,920.0,969.3
12626,2025-10-18,AGC,VGLJ,2025-10-18 10:20:00,2025-10-18 10:20:00,2025-10-18 11:13:00,53.9,53.9,920.0,736.0,775.5
12626,2025-10-18,VGLJ,BPL,2025-10-18 14:17:00,2025-10-18 14:17:00,2025-10-18 15:22:00,65.4,65.4,690.0,552.0,612.5
12626,2025-10-18,BPL,NGP,2025-10-18 18:26:00,2025-10-18 18:26:00,2025-10-18 19:42:00,76.3,76.3,442.9,354.3,423.2
12626,2025-10-18,NGP,MAS,2025-10-18 22:46:00,2025-10-18 22:46:00,2025-10-19 00:07:00,81.9,81.9,151.1,120.9,203.7
12424,2025-10-18,NDLS,CNB,2025-10-18 05:52:00,2025-10-18 05:52:00,2025-10-18 06:11:00,19.2,19.2,1150.0,920.0,942.9
12424,2025-10-18,CNB,PRYJ,2025-10-18 09:15:00,2025-10-18 09:15:00,2025-10-18 10:05:00,50.5,50.5,920.0,736.0,796.2
12424,2025-10-18,PRYJ,DDU,2025-10-18 13:09:00,2025-10-18 13:09:00,2025-10-18 14:00:00,51.4,51.4,690.0,552.0,608.4
12424,2025-10-18,DDU,PPTA,2025-10-18 17:04:00,2025-10-18 17:04:00,2025-10-18 18:18:00,74.1,74.1,321.6,257.3,323.5
12424,2025-10-18,PPTA,GHY,2025-10-18 21:22:00,2025-10-18 21:22:00,2025-10-18 22:29:00,67.1,67.1,87.9,70.3,130.6
12260,2025-10-18,NDLS,CNB,2025-10-18 05:59:00,2025-10-18 05:59:00,2025-10-18 06:07:00,8.2,8.2,1150.0,920.0,933.4
12260,2025-10-18,CNB,PRYJ,2025-10-18 09:57:00,2025-10-18 09:57:00,2025-10-18 10:12:00,15.0,15.0,862.5,690.0,710.3
12260,2025-10-18,PRYJ,DDU,2025-10-18 14:02:00,2025-10-18 14:02:00,2025-10-18 14:23:00,21.9,21.9,260.9,208.7,229.8
12260,2025-10-18,DDU,HWH,2025-10-18 18:13:00,2025-10-18 18:13:00,2025-10-18 18:42:00,29.5,29.5,174.2,139.4,174.8
12926,2025-10-18,BCT,BRC,2025-10-18 06:16:00,2025-10-18 06:16:00,2025-10-18 06:19:00,3.0,3.0,1150.0,920.0,933.1
12926,2025-10-18,BRC,RTM,2025-10-18 09:23:00,2025-10-18 09:23:00,2025-10-18 09:23:00,0.0,0.0,920.0,736.0,730.8
12926,2025-10-18,RTM,KOTA,2025-10-18 12:27:00,2025-10-18 12:27:00,2025-10-18 12:27:00,0.0,0.0,690.0,552.0,567.1
12926,2025-10-18,KOTA,NDLS,2025-10-18 15:31:00,2025-10-18 15:31:00,2025-10-18 15:39:00,8.7,8.7,482.8,386.2,415.3
12926,2025-10-18,NDLS,ASR,2025-10-18 18:43:00,2025-10-18 18:43:00,2025-10-18 19:15:00,32.5,32.5,61.4,49.1,77.0
12627,2025-10-18,SBC,DMM,2025-10-18 06:01:00,2025-10-18 06:01:00,2025-10-18 06:42:00,41.2,41.2,1150.0,920.0,966.3
12627,2025-10-18,DMM,GTL,2025-10-18 09:46:00,2025-10-18 09:46:00,2025-10-18 10:39:00,53.1,53.1,920.0,736.0,787.3
12627,2025-10-18,GTL,SC,2025-10-18 13:43:00,2025-10-18 13:43:00,2025-10-18 14:37:00,54.8,54.8,690.0,552.0,609.5
12627,2025-10-18,SC,NGP,2025-10-18 17:41:00,2025-10-18 17:41:00,2025-10-18 19:16:00,96.0,96.0,512.9,410.3,502.0
12627,2025-10-18,NGP,NDLS,2025-10-18 22:20:00,2025-10-18 22:20:00,2025-10-18 23:54:00,94.1,94.1,132.6,106.1,194.2
12301,2025-10-19,NDLS,CNB,2025-10-19 05:41:00,2025-10-19 05:41:00,2025-10-19 05:44:00,3.1,3.1,1150.0,920.0,929.3
12301,2025-10-19,CNB,PRYJ,2025-10-19 08:48:00,2025-10-19 08:48:00,2025-10-19 09:04:00,16.7,16.7,920.0,736.0,770.6
12301,2025-10-19,PRYJ,DDU,2025-10-19 12:08:00,2025-10-19 12:08:00,2025-10-19 12:27:00,19.8,19.8,690.0,552.0,564.6
12301,2025-10-19,DDU,GKP,2025-10-19 15:31:00,2025-10-19 15:31:00,2025-10-19 15:52:00,21.9,21.9,256.3,205.0,235.6
12301,2025-10-19,GKP,HWH,2025-10-19 18:56:00,2025-10-19 18:56:00,2025-10-19 19:19:00,23.7,23.7,139.7,111.8,138.4
12302,2025-10-19,HWH,GKP,2025-10-19 05:37:00,2025-10-19 05:37:00,2025-10-19 06:37:00,60.1,60.1,1150.0,920.0,969.1
12302,2025-10-19,GKP,DDU,2025-10-19 09:41:00,2025-10-19 09:41:00,2025-10-19 10:38:00,57.8,57.8,920.0,736.0,798.3
12302,2025-10-19,DDU,PRYJ,2025-10-19 13:42:00,2025-10-19 13:42:00,2025-10-19 14:47:00,65.8,65.8,690.0,552.0,614.3
12302,2025-10-19,PRYJ,CNB,2025-10-19 17:51:00,2025-10-19 17:51:00,2025-10-19 18:52:00,61.4,61.4,402.8,322.2,389.0
12302,2025-10-19,CNB,NDLS,2025-10-19 21:56:00,2025-10-19 21:56:00,2025-10-19 23:09:00,73.4,73.4,92.6,74.1,144.5
12951,2025-10-19,BCT,ST,2025-10-19 06:23:00,2025-10-19 06:23:00,2025-10-19 06:38:00,15.6,15.6,1150.0,920.0,932.9
12951,2025-10-19,ST,BRC,2025-10-19 09:42:00,2025-10-19 09:42:00,2025-10-19 10:00:00,18.8,18.8,920.0,736.0,773.3
12951,2025-10-19,BRC,RTM,2025-10-19 13:04:00,2025-10-19 13:04:00,2025-10-19 13:23:00,19.3,19.3,690.0,552.0,559.7
12951,2025-10-19,RTM,KOTA,2025-10-19 16:27:00,2025-10-19 16:27:00,2025-10-19 16:54:00,27.5,27.5,407.8,326.2,363.8
12951,2025-10-19,KOTA,NDLS,2025-10-19 19:58:00,2025-10-19 19:58:00,2025-10-19 20:36:00,38.6,38.6,160.3,128.2,167.7
12952,2025-10-19,NDLS,KOTA,2025-10-19 06:42:00,2025-10-19 06:42:00,2025-10-19 07:30:00,48.3,48.3,1150.0,920.0,981.1
12952,2025-10-19,KOTA,RTM,2025-10-19 10:34:00,2025-10-19 10:34:00,2025-10-19 11:36:00,62.0,62.0,920.0,736.0,796.6
12952,2025-10-19,RTM,BRC,2025-10-19 14:40:00,2025-10-19 14:40:00,2025-10-19 15:49:00,69.5,69.5,690.0,552.0,611.2
12952,2025-10-19,BRC,ST,2025-10-19 18:53:00,2025-10-19 18:53:00,2025-10-19 20:05:00,72.8,72.8,316.3,253.0,341.8
12952,2025-10-19,ST,BCT,2025-10-19 23:09:00,2025-10-19 23:09:00,2025-10-20 00:25:00,76.3,76.3,143.0,114.4,196.3
12004,2025-10-19,NDLS,GZB,2025-10-19 06:33:00,2025-10-19 06:33:00,2025-10-19 06:40:00,7.9,7.9,1150.0,920.0,921.6
12004,2025-10-19,GZB,ALJN,2025-10-19 09:44:00,2025-10-19 09:44:00,2025-10-19 10:01:00,17.6,17.6,920.0,736.0,761.7
12004,2025-10-19,ALJN,TDL,2025-10-19 13:05:00,2025-10-19 13:05:00,2025-10-19 13:30:00,25.6,25.6,690.0,552.0,599.0
12004,2025-10-19,TDL,CNB,2025-10-19 16:34:00,2025-10-19 16:34:00,2025-10-19 16:52:00,18.5,18.5,541.9,433.5,462.3
12004,2025-10-19,CNB,LKO,2025-10-19 19:56:00,2025-10-19 19:56:00,2025-10-19 20:16:00,20.4,20.4,166.7,133.4,155.9
12626,2025-10-19,NDLS,AGC,2025-10-19 06:12:00,2025-10-19 06:12:00,2025-10-19 06:16:00,4.5,4.5,1150.0,920.0,937.9
12626,2025-10-19,AGC,VGLJ,2025-10-19 09:20:00,2025-10-19 09:20:00,2025-10-19 09:31:00,11.8,11.8,920.0,736.0,759.4
12626,2025-10-19,VGLJ,BPL,2025-10-19 12:35:00,2025-10-19 12:35:00,2025-10-19 12:53:00,18.8,18.8,690.0,552.0,573.1
12626,2025-10-19,BPL,NGP,2025-10-19 15:57:00,2025-10-19 15:57:00,2025-10-19 16:23:00,26.6,26.6,284.8,227.8,247.3
12626,2025-10-19,NGP,MAS,2025-10-19 19:27:00,2025-10-19 19:27:00,2025-10-19 19:57:00,30.9,30.9,106.6,85.3,123.3
12424,2025-10-19,NDLS,CNB,2025-10-19 05:40:00,2025-10-19 05:40:00,2025-10-19 05:58:00,18.4,18.4,1150.0,920.0,932.0
12424,2025-10-19,CNB,PRYJ,2025-10-19 09:02:00,2025-10-19 09:02:00,2025-10-19 09:22:00,20.0,20.0,920.0,736.0,759.3
12424,2025-10-19,PRYJ,DDU,2025-10-19 12:26:00,2025-10-19 12:26:00,2025-10-19 12:52:00,26.2,26.2,690.0,552.0,586.9
12424,2025-10-19,DDU,PPTA,2025-10-19 15:56:00,2025-10-19 15:56:00,2025-10-19 16:32:00,36.9,36.9,283.4,226.7,279.9
12424,2025-10-19,PPTA,GHY,2025-10-19 19:36:00,2025-10-19 19:36:00,2025-10-19 20:18:00,42.3,42.3,118.7,95.0,127.1
12260,2025-10-19,NDLS,CNB,2025-10-19 05:37:00,2025-10-19 05:37:00,2025-10-19 05:52:00,15.5,15.5,1150.0,920.0,935.3
12260,2025-10-19,CNB,PRYJ,2025-10-19 09:42:00,2025-10-19 09:42:00,2025-10-19 09:49:00,7.7,7.7,862.5,690.0,717.5
12260,2025-10-19,PRYJ,DDU,2025-10-19 13:39:00,2025-10-19 13:39:00,2025-10-19 14:34:00,55.2,55.2,385.8,308.6,356.4
12260,2025-10-19,DDU,HWH,2025-10-19 18:24:00,2025-10-19 18:24:00,2025-10-19 19:23:00,59.3,59.3,169.7,135.8,193.1
12926,2025-10-19,BCT,BRC,2025-10-19 06:57:00,2025-10-19 06:57:00,2025-10-19 07:15:00,18.3,18.3,1150.0,920.0,948.9
12926,2025-10-19,BRC,RTM,2025-10-19 10:19:00,2025-10-19 10:19:00,2025-10-19 11:29:00,70.5,70.5,920.0,736.0,801.2
12926,2025-10-19,RTM,KOTA,2025-10-19 14:33:00,2025-10-19 14:33:00,2025-10-19 15:47:00,74.6,74.6,690.0,552.0,608.6
12926,2025-10-19,KOTA,NDLS,2025-10-19 18:51:00,2025-10-19 18:51:00,2025-10-19 20:16:00,85.7,85.7,410.3,328.2,407.0
12926,2025-10-19,NDLS,ASR,2025-10-19 23:20:00,2025-10-19 23:20:00,2025-10-20 01:02:00,102.7,102.7,55.2,44.2,126.3
12627,2025-10-19,SBC,DMM,2025-10-19 05:39:00,2025-10-19 05:39:00,2025-10-19 05:39:00,0.9,0.9,1150.0,920.0,934.3
12627,2025-10-19,DMM,GTL,2025-10-19 08:43:00,2025-10-19 08:43:00,2025-10-19 08:57:00,14.5,14.5,920.0,736.0,766.6
12627,2025-10-19,GTL,SC,2025-10-19 12:01:00,2025-10-19 12:01:00,2025-10-19 12:12:00,11.5,11.5,690.0,552.0,547.6
12627,2025-10-19,SC,NGP,2025-10-19 15:16:00,2025-10-19 15:16:00,2025-10-19 15:36:00,20.8,20.8,325.0,260.0,288.3
12627,2025-10-19,NGP,NDLS,2025-10-19 18:40:00,2025-10-19 18:40:00,2025-10-19 19:10:00,30.4,30.4,82.5,66.0,98.7
12301,2025-10-20,NDLS,CNB,2025-10-20 05:31:00,2025-10-20 05:31:00,2025-10-20 05:34:00,3.4,3.4,1150.0,920.0,932.7
12301,2025-10-20,CNB,PRYJ,2025-10-20 08:38:00,2025-10-20 08:38:00,2025-10-20 08:48:00,10.1,10.1,920.0,736.0,753.1
12301,2025-10-20,PRYJ,DDU,2025-10-20 11:52:00,2025-10-20 11:52:00,2025-10-20 12:14:00,22.9,22.9,690.0,552.0,589.2
12301,2025-10-20,DDU,GKP,2025-10-20 15:18:00,2025-10-20 15:18:00,2025-10-20 15:46:00,28.4,28.4,434.1,347.3,386.1
12301,2025-10-20,GKP,HWH,2025-10-20 18:50:00,2025-10-20 18:50:00,2025-10-20 19:23:00,33.5,33.5,76.2,61.0,99.9
12302,2025-10-20,HWH,GKP,2025-10-20 06:38:00,2025-10-20 06:38:00,2025-10-20 06:38:00,0.0,0.0,1150.0,920.0,925.2
12302,2025-10-20,GKP,DDU,2025-10-20 09:42:00,2025-10-20 09:42:00,2025-10-20 09:43:00,1.8,1.8,920.0,736.0,737.3
12302,2025-10-20,DDU,PRYJ,2025-10-20 12:47:00,2025-10-20 12:47:00,2025-10-20 12:50:00,3.5,3.5,690.0,552.0,566.1
12302,2025-10-20,PRYJ,CNB,2025-10-20 15:54:00,2025-10-20 15:54:00,2025-10-20 16:34:00,40.4,40.4,360.4,288.3,336.0
12302,2025-10-20,CNB,NDLS,2025-10-20 19:38:00,2025-10-20 19:38:00,2025-10-20 20:22:00,44.8,44.8,165.1,132.1,171.9
12951,2025-10-20,BCT,ST,2025-10-20 05:42:00,2025-10-20 05:42:00,2025-10-20 06:05:00,23.2,23.2,1150.0,920.0,957.8
12951,2025-10-20,ST,BRC,2025-10-20 09:09:00,2025-10-20 09:09:00,2025-10-20 09:30:00,21.8,21.8,920.0,736.0,757.8
12951,2025-10-20,BRC,RTM,2025-10-20 12:34:00,2025-10-20 12:34:00,2025-10-20 13:36:00,62.1,62.1,690.0,552.0,618.2
12951,2025-10-20,RTM,KOTA,2025-10-20 16:40:00,2025-10-20 16:40:00,2025-10-20 17:53:00,73.4,73.4,320.5,256.4,327.3
12951,2025-10-20,KOTA,NDLS,2025-10-20 20:57:00,2025-10-20 20:57:00,2025-10-20 22:21:00,84.2,84.2,73.5,58.8,133.7
12952,2025-10-20,NDLS,KOTA,2025-10-20 06:36:00,2025-10-20 06:36:00,2025-10-20 06:42:00,6.6,6.6,1150.0,920.0,919.8
12952,2025-10-20,KOTA,RTM,2025-10-20 09:46:00,2025-10-20 09:46:00,2025-10-20 09:52:00,7.0,7.0,920.0,736.0,755.4
12952,2025-10-20,RTM,BRC,2025-10-20 12:56:00,2025-10-20 12:56:00,2025-10-20 13:08:00,12.8,12.8,690.0,552.0,563.9
12952,2025-10-20,BRC,ST,2025-10-20 16:12:00,2025-10-20 16:12:00,2025-10-20 17:15:00,63.7,63.7,451.4,361.1,405.0
12952,2025-10-20,ST,BCT,2025-10-20 20:19:00,2025-10-20 20:19:00,2025-10-20 21:27:00,68.7,68.7,55.0,44.0,111.0
12004,2025-10-20,NDLS,GZB,2025-10-20 06:34:00,2025-10-20 06:34:00,2025-10-20 07:11:00,37.9,37.9,1150.0,920.0,964.6
12004,2025-10-20,GZB,ALJN,2025-10-20 10:15:00,2025-10-20 10:15:00,2025-10-20 10:42:00,27.8,27.8,920.0,736.0,767.6
12004,2025-10-20,ALJN,TDL,2025-10-20 13:46:00,2025-10-20 13:46:00,2025-10-20 14:13:00,27.2,27.2,690.0,552.0,584.2
12004,2025-10-20,TDL,CNB,2025-10-20 17:17:00,2025-10-20 17:17:00,2025-10-20 17:51:00,34.3,34.3,509.7,407.8,438.6
12004,2025-10-20,CNB,LKO,2025-10-20 20:55:00,2025-10-20 20:55:00,2025-10-20 21:22:00,27.2,27.2,176.3,141.0,178.8
12626,2025-10-20,NDLS,AGC,2025-10-20 05:47:00,2025-10-20 05:47:00,2025-10-20 05:50:00,3.0,3.0,1150.0,920.0,927.4
12626,2025-10-20,AGC,VGLJ,2025-10-20 08:54:00,2025-10-20 08:54:00,2025-10-20 08:57:00,3.4,3.4,920.0,736.0,750.3
12626,2025-10-20,VGLJ,BPL,2025-10-20 12:01:00,2025-10-20 12:01:00,2025-10-20 12:01:00,0.0,0.0,690.0,552.0,562.1
12626,2025-10-20,BPL,NGP,2025-10-20 15:05:00,2025-10-20 15:05:00,2025-10-20 15:10:00,5.7,5.7,454.2,363.4,371.8
12626,2025-10-20,NGP,MAS,2025-10-20 18:14:00,2025-10-20 18:14:00,2025-10-20 18:23:00,9.1,9.1,55.1,44.1,52.9
12424,2025-10-20,NDLS,CNB,2025-10-20 06:40:00,2025-10-20 06:40:00,2025-10-20 06:43:00,3.0,3.0,1150.0,920.0,940.8
12424,2025-10-20,CNB,PRYJ,2025-10-20 09:47:00,2025-10-20 09:47:00,2025-10-20 09:59:00,12.4,12.4,920.0,736.0,753.5
12424,2025-10-20,PRYJ,DDU,2025-10-20 13:03:00,2025-10-20 13:03:00,2025-10-20 13:23:00,20.5,20.5,690.0,552.0,581.3
12424,2025-10-20,DDU,PPTA,2025-10-20 16:27:00,2025-10-20 16:27:00,2025-10-20 16:52:00,25.9,25.9,369.4,295.5,316.8
12424,2025-10-20,PPTA,GHY,2025-10-20 19:56:00,2025-10-20 19:56:00,2025-10-20 20:21:00,25.2,25.2,102.6,82.1,114.3
12260,2025-10-20,NDLS,CNB,2025-10-20 05:53:00,2025-10-20 05:53:00,2025-10-20 05:59:00,6.1,6.1,1150.0,920.0,938.6
12260,2025-10-20,CNB,PRYJ,2025-10-20 09:49:00,2025-10-20 09:49:00,2025-10-20 09:58:00,9.1,9.1,862.5,690.0,716.0
12260,2025-10-20,PRYJ,DDU,2025-10-20 13:48:00,2025-10-20 13:48:00,2025-10-20 14:27:00,40.0,40.0,222.0,177.6,225.4
12260,2025-10-20,DDU,HWH,2025-10-20 18:17:00,2025-10-20 18:17:00,2025-10-20 19:02:00,45.9,45.9,140.1,112.1,145.4
12926,2025-10-20,BCT,BRC,2025-10-20 06:57:00,2025-10-20 06:57:00,2025-10-20 07:00:00,4.0,4.0,1150.0,920.0,941.0
12926,2025-10-20,BRC,RTM,2025-10-20 10:04:00,2025-10-20 10:04:00,2025-10-20 10:23:00,19.2,19.2,920.0,736.0,771.0
12926,2025-10-20,RTM,KOTA,2025-10-20 13:27:00,2025-10-20 13:27:00,2025-10-20 13:40:00,13.8,13.8,690.0,552.0,581.8
12926,2025-10-20,KOTA,NDLS,2025-10-20 16:44:00,2025-10-20 16:44:00,2025-10-20 16:56:00,12.6,12.6,346.9,277.5,283.5
12926,2025-10-20,NDLS,ASR,2025-10-20 20:00:00,2025-10-20 20:00:00,2025-10-20 20:05:00,5.6,5.6,153.2,122.6,142.7
12627,2025-10-20,SBC,DMM,2025-10-20 06:15:00,2025-10-20 06:15:00,2025-10-20 06:20:00,5.0,5.0,1150.0,920.0,957.4
12627,2025-10-20,DMM,GTL,2025-10-20 09:24:00,2025-10-20 09:24:00,2025-10-20 09:39:00,15.5,15.5,920.0,736.0,762.1
12627,2025-10-20,GTL,SC,2025-10-20 12:43:00,2025-10-20 12:43:00,2025-10-20 13:03:00,20.9,20.9,690.0,552.0,587.1
12627,2025-10-20,SC,NGP,2025-10-20 16:07:00,2025-10-20 16:07:00,2025-10-20 16:18:00,11.3,11.3,250.5,200.4,210.9
12627,2025-10-20,NGP,NDLS,2025-10-20 19:22:00,2025-10-20 19:22:00,2025-10-20 19:41:00,19.9,19.9,175.7,140.6,165.0
12301,2025-10-21,NDLS,CNB,2025-10-21 06:17:00,2025-10-21 06:17:00,2025-10-21 06:17:00,0.0,0.0,1150.0,920.0,934.0
12301,2025-10-21,CNB,PRYJ,2025-10-21 09:21:00,2025-10-21 09:21:00,2025-10-21 09:24:00,3.2,3.2,920.0,736.0,743.6
12301,2025-10-21,PRYJ,DDU,2025-10-21 12:28:00,2025-10-21 12:28:00,2025-10-21 12:28:00,0.0,0.0,690.0,552.0,560.3
12301,2025-10-21,DDU,GKP,2025-10-21 15:32:00,2025-10-21 15:32:00,2025-10-21 15:32:00,0.0,0.0,541.7,433.4,432.2
12301,2025-10-21,GKP,HWH,2025-10-21 18:36:00,2025-10-21 18:36:00,2025-10-21 18:46:00,11.0,11.0,81.4,65.1,88.8
12302,2025-10-21,HWH,GKP,2025-10-21 05:35:00,2025-10-21 05:35:00,2025-10-21 05:58:00,23.6,23.6,1150.0,920.0,958.6
12302,2025-10-21,GKP,DDU,2025-10-21 09:02:00,2025-10-21 09:02:00,2025-10-21 09:20:00,18.7,18.7,920.0,736.0,765.2
12302,2025-10-21,DDU,PRYJ,2025-10-21 12:24:00,2025-10-21 12:24:00,2025-10-21 12:53:00,29.9,29.9,690.0,552.0,571.6
12302,2025-10-21,PRYJ,CNB,2025-10-21 15:57:00,2025-10-21 15:57:00,2025-10-21 16:26:00,29.5,29.5,315.6,252.5,284.3
12302,2025-10-21,CNB,NDLS,2025-10-21 19:30:00,2025-10-21 19:30:00,2025-10-21 19:55:00,25.6,25.6,78.3,62.6,86.4
12951,2025-10-21,BCT,ST,2025-10-21 05:51:00,2025-10-21 05:51:00,2025-10-21 06:10:00,19.1,19.1,1150.0,920.0,943.0
12951,2025-10-21,ST,BRC,2025-10-21 09:14:00,2025-10-21 09:14:00,2025-10-21 09:40:00,26.1,26.1,920.0,736.0,770.1
12951,2025-10-21,BRC,RTM,2025-10-21 12:44:00,2025-10-21 12:44:00,2025-10-21 13:53:00,69.9,69.9,690.0,552.0,624.5
12951,2025-10-21,RTM,KOTA,2025-10-21 16:57:00,2025-10-21 16:57:00,2025-10-21 18:18:00,81.2,81.2,355.0,284.0,351.0
12951,2025-10-21,KOTA,NDLS,2025-10-21 21:22:00,2025-10-21 21:22:00,2025-10-21 22:44:00,82.4,82.4,155.5,124.4,190.6
12952,2025-10-21,NDLS,KOTA,2025-10-21 05:50:00,2025-10-21 05:50:00,2025-10-21 06:49:00,60.0,60.0,1150.0,920.0,989.6
12952,2025-10-21,KOTA,RTM,2025-10-21 09:53:00,2025-10-21 09:53:00,2025-10-21 10:59:00,66.5,66.5,920.0,736.0,813.7
12952,2025-10-21,RTM,BRC,2025-10-21 14:03:00,2025-10-21 14:03:00,2025-10-21 15:18:00,75.7,75.7,690.0,552.0,611.3
12952,2025-10-21,BRC,ST,2025-10-21 18:22:00,2025-10-21 18:22:00,2025-10-21 19:37:00,75.7,75.7,428.5,342.8,416.0
12952,2025-10-21,ST,BCT,2025-10-21 22:41:00,2025-10-21 22:41:00,2025-10-22 00:00:00,79.8,79.8,90.3,72.2,135.5
12004,2025-10-21,NDLS,GZB,2025-10-21 05:41:00,2025-10-21 05:41:00,2025-10-21 05:45:00,4.9,4.9,1150.0,920.0,940.6
12004,2025-10-21,GZB,ALJN,2025-10-21 08:49:00,2025-10-21 08:49:00,2025-10-21 08:55:00,6.4,6.4,920.0,736.0,757.9
12004,2025-10-21,ALJN,TDL,2025-10-21 11:59:00,2025-10-21 11:59:00,2025-10-21 12:20:00,21.6,21.6,690.0,552.0,588.8
12004,2025-10-21,TDL,CNB,2025-10-21 15:24:00,2025-10-21 15:24:00,2025-10-21 15:45:00,21.5,21.5,231.3,185.0,213.4
12004,2025-10-21,CNB,LKO,2025-10-21 18:49:00,2025-10-21 18:49:00,2025-10-21 19:16:00,27.9,27.9,120.9,96.7,121.1
12626,2025-10-21,NDLS,AGC,2025-10-21 05:43:00,2025-10-21 05:43:00,2025-10-21 05:47:00,4.5,4.5,1150.0,920.0,939.2
12626,2025-10-21,AGC,VGLJ,2025-10-21 08:51:00,2025-10-21 08:51:00,2025-10-21 09:04:00,13.8,13.8,920.0,736.0,762.5
12626,2025-10-21,VGLJ,BPL,2025-10-21 12:08:00,2025-10-21 12:08:00,2025-10-21 12:23:00,15.4,15.4,690.0,552.0,575.1
12626,2025-10-21,BPL,NGP,2025-10-21 15:27:00,2025-10-21 15:27:00,2025-10-21 16:37:00,70.6,70.6,421.4,337.1,410.3
12626,2025-10-21,NGP,MAS,2025-10-21 19:41:00,2025-10-21 19:41:00,2025-10-21 20:50:00,69.2,69.2,133.1,106.5,161.7
12424,2025-10-21,NDLS,CNB,2025-10-21 06:35:00,2025-10-21 06:35:00,2025-10-21 06:53:00,18.2,18.2,1150.0,920.0,950.8
12424,2025-10-21,CNB,PRYJ,2025-10-21 09:57:00,2025-10-21 09:57:00,2025-10-21 10:49:00,52.8,52.8,920.0,736.0,800.3
12424,2025-10-21,PRYJ,DDU,2025-10-21 13:53:00,2025-10-21 13:53:00,2025-10-21 15:21:00,88.8,88.8,690.0,552.0,650.3
12424,2025-10-21,DDU,PPTA,2025-10-21 18:25:00,2025-10-21 18:25:00,2025-10-21 19:49:00,84.4,84.4,526.4,421.1,505.3
12424,2025-10-21,PPTA,GHY,2025-10-21 22:53:00,2025-10-21 22:53:00,2025-10-22 00:19:00,86.3,86.3,176.4,141.1,207.0
12260,2025-10-21,NDLS,CNB,2025-10-21 06:34:00,2025-10-21 06:34:00,2025-10-21 06:42:00,8.6,8.6,1150.0,920.0,930.6
12260,2025-10-21,CNB,PRYJ,2025-10-21 10:32:00,2025-10-21 10:32:00,2025-10-21 10:45:00,13.2,13.2,862.5,690.0,711.9
12260,2025-10-21,PRYJ,DDU,2025-10-21 14:35:00,2025-10-21 14:35:00,2025-10-21 14:47:00,12.4,12.4,368.2,294.6,318.3
12260,2025-10-21,DDU,HWH,2025-10-21 18:37:00,2025-10-21 18:37:00,2025-10-21 19:00:00,23.5,23.5,81.8,65.4,90.9
12926,2025-10-21,BCT,BRC,2025-10-21 05:47:00,2025-10-21 05:47:00,2025-10-21 06:53:00,66.9,66.9,1150.0,920.0,990.7
12926,2025-10-21,BRC,RTM,2025-10-21 09:57:00,2025-10-21 09:57:00,2025-10-21 12:00:00,123.5,123.5,920.0,736.0,832.9
12926,2025-10-21,RTM,KOTA,2025-10-21 15:04:00,2025-10-21 15:04:00,2025-10-21 17:08:00,124.5,124.5,690.0,552.0,656.7
12926,2025-10-21,KOTA,NDLS,2025-10-21 20:12:00,2025-10-21 20:12:00,2025-10-21 22:21:00,129.1,129.1,414.0,331.2,441.6
12926,2025-10-21,NDLS,ASR,2025-10-22 01:25:00,2025-10-22 01:25:00,2025-10-22 04:16:00,171.9,171.9,95.4,76.3,234.8
12627,2025-10-21,SBC,DMM,2025-10-21 06:36:00,2025-10-21 06:36:00,2025-10-21 06:41:00,5.1,5.1,1150.0,920.0,936.5
12627,2025-10-21,DMM,GTL,2025-10-21 09:45:00,2025-10-21 09:45:00,2025-10-21 09:56:00,11.4,11.4,920.0,736.0,754.5
12627,2025-10-21,GTL,SC,2025-10-21 13:00:00,2025-10-21 13:00:00,2025-10-21 14:00:00,60.1,60.1,690.0,552.0,616.8
12627,2025-10-21,SC,NGP,2025-10-21 17:04:00,2025-10-21 17:04:00,2025-10-21 18:12:00,68.3,68.3,424.0,339.2,409.6
12627,2025-10-21,NGP,NDLS,2025-10-21 21:16:00,2025-10-21 21:16:00,2025-10-21 22:25:00,69.6,69.6,147.2,117.8,190.0
12301,2025-10-22,NDLS,CNB,2025-10-22 05:33:00,2025-10-22 05:33:00,2025-10-22 06:04:00,31.9,31.9,1150.0,920.0,956.2
12301,2025-10-22,CNB,PRYJ,2025-10-22 09:08:00,2025-10-22 09:08:00,2025-10-22 09:43:00,35.7,35.7,920.0,736.0,760.6
12301,2025-10-22,PRYJ,DDU,2025-10-22 12:47:00,2025-10-22 12:47:00,2025-10-22 13:29:00,42.2,42.2,690.0,552.0,597.1
12301,2025-10-22,DDU,GKP,2025-10-22 16:33:00,2025-10-22 16:33:00,2025-10-22 17:11:00,38.8,38.8,268.4,214.7,264.7
12301,2025-10-22,GKP,HWH,2025-10-22 20:15:00,2025-10-22 20:15:00,2025-10-22 20:52:00,37.9,37.9,127.2,101.8,151.5
12302,2025-10-22,HWH,GKP,2025-10-22 05:56:00,2025-10-22 05:56:00,2025-10-22 06:40:00,44.9,44.9,1150.0,920.0,954.6
12302,2025-10-22,GKP,DDU,2025-10-22 09:44:00,2025-10-22 09:44:00,2025-10-22 10:31:00,47.7,47.7,920.0,736.0,785.1
12302,2025-10-22,DDU,PRYJ,2025-10-22 13:35:00,2025-10-22 13:35:00,2025-10-22 14:30:00,55.8,55.8,690.0,552.0,615.6
12302,2025-10-22,PRYJ,CNB,2025-10-22 17:34:00,2025-10-22 17:34:00,2025-10-22 18:34:00,60.7,60.7,369.5,295.6,356.3
12302,2025-10-22,CNB,NDLS,2025-10-22 21:38:00,2025-10-22 21:38:00,2025-10-22 22:41:00,63.6,63.6,89.5,71.6,123.9
12951,2025-10-22,BCT,ST,2025-10-22 06:27:00,2025-10-22 06:27:00,2025-10-22 06:28:00,1.1,1.1,1150.0,920.0,940.8
12951,2025-10-22,ST,BRC,2025-10-22 09:32:00,2025-10-22 09:32:00,2025-10-22 09:44:00,12.2,12.2,920.0,736.0,763.8
12951,2025-10-22,BRC,RTM,2025-10-22 12:48:00,2025-10-22 12:48:00,2025-10-22 13:03:00,15.8,15.8,690.0,552.0,572.3
12951,2025-10-22,RTM,KOTA,2025-10-22 16:07:00,2025-10-22 16:07:00,2025-10-22 16:33:00,26.4,26.4,494.7,395.8,442.8
12951,2025-10-22,KOTA,NDLS,2025-10-22 19:37:00,2025-10-22 19:37:00,2025-10-22 21:01:00,85.0,85.0,139.3,111.4,191.1
12952,2025-10-22,NDLS,KOTA,2025-10-22 06:26:00,2025-10-22 06:26:00,2025-10-22 06:26:00,0.0,0.0,1150.0,920.0,918.2
12952,2025-10-22,KOTA,RTM,2025-10-22 09:30:00,2025-10-22 09:30:00,2025-10-22 09:34:00,4.8,4.8,920.0,736.0,747.5
12952,2025-10-22,RTM,BRC,2025-10-22 12:38:00,2025-10-22 12:38:00,2025-10-22 12:46:00,8.0,8.0,690.0,552.0,569.0
12952,2025-10-22,BRC,ST,2025-10-22 15:50:00,2025-10-22 15:50:00,2025-10-22 16:39:00,49.2,49.2,457.9,366.3,411.2
12952,2025-10-22,ST,BCT,2025-10-22 19:43:00,2025-10-22 19:43:00,2025-10-22 20:32:00,49.9,49.9,69.0,55.2,111.4
12004,2025-10-22,NDLS,GZB,2025-10-22 05:39:00,2025-10-22 05:39:00,2025-10-22 05:55:00,16.6,16.6,1150.0,920.0,937.2
12004,2025-10-22,GZB,ALJN,2025-10-22 08:59:00,2025-10-22 08:59:00,2025-10-22 09:24:00,25.7,25.7,920.0,736.0,762.4
12004,2025-10-22,ALJN,TDL,2025-10-22 12:28:00,2025-10-22 12:28:00,2025-10-22 13:06:00,38.5,38.5,690.0,552.0,599.4
12004,2025-10-22,TDL,CNB,2025-10-22 16:10:00,2025-10-22 16:10:00,2025-10-22 17:16:00,66.6,66.6,538.2,430.6,492.6
12004,2025-10-22,CNB,LKO,2025-10-22 20:20:00,2025-10-22 20:20:00,2025-10-22 21:29:00,69.1,69.1,99.2,79.4,143.0
12626,2025-10-22,NDLS,AGC,2025-10-22 05:44:00,2025-10-22 05:44:00,2025-10-22 06:09:00,25.8,25.8,1150.0,920.0,951.6
12626,2025-10-22,AGC,VGLJ,2025-10-22 09:13:00,2025-10-22 09:13:00,2025-10-22 09:42:00,29.8,29.8,920.0,736.0,777.2
12626,2025-10-22,VGLJ,BPL,2025-10-22 12:46:00,2025-10-22 12:46:00,2025-10-22 13:25:00,39.9,39.9,690.0,552.0,601.7
12626,2025-10-22,BPL,NGP,2025-10-22 16:29:00,2025-10-22 16:29:00,2025-10-22 17:11:00,42.8,42.8,430.3,344.2,390.4
12626,2025-10-22,NGP,MAS,2025-10-22 20:15:00,2025-10-22 20:15:00,2025-10-22 21:00:00,45.1,45.1,111.7,89.4,148.6
12424,2025-10-22,NDLS,CNB,2025-10-22 06:06:00,2025-10-22 06:06:00,2025-10-22 06:42:00,36.9,36.9,1150.0,920.0,968.2
12424,2025-10-22,CNB,PRYJ,2025-10-22 09:46:00,2025-10-22 09:46:00,2025-10-22 10:24:00,38.9,38.9,920.0,736.0,785.1
12424,2025-10-22,PRYJ,DDU,2025-10-22 13:28:00,2025-10-22 13:28:00,2025-10-22 14:11:00,43.3,43.3,690.0,552.0,586.9
12424,2025-10-22,DDU,PPTA,2025-10-22 17:15:00,2025-10-22 17:15:00,2025-10-22 18:00:00,45.7,45.7,501.0,400.8,454.0
12424,2025-10-22,PPTA,GHY,2025-10-22 21:04:00,2025-10-22 21:04:00,2025-10-22 21:54:00,50.0,50.0,51.1,40.9,90.6
12260,2025-10-22,NDLS,CNB,2025-10-22 06:08:00,2025-10-22 06:08:00,2025-10-22 06:09:00,1.3,1.3,1150.0,920.0,943.2
12260,2025-10-22,CNB,PRYJ,2025-10-22 09:59:00,2025-10-22 09:59:00,2025-10-22 10:06:00,7.4,7.4,862.5,690.0,714.5
12260,2025-10-22,PRYJ,DDU,2025-10-22 13:56:00,2025-10-22 13:56:00,2025-10-22 14:05:00,9.6,9.6,427.3,341.8,374.0
12260,2025-10-22,DDU,HWH,2025-10-22 17:55:00,2025-10-22 17:55:00,2025-10-22 18:04:00,9.5,9.5,137.0,109.6,106.3
12926,2025-10-22,BCT,BRC,2025-10-22 06:59:00,2025-10-22 06:59:00,2025-10-22 06:59:00,0.0,0.0,1150.0,920.0,912.5
12926,2025-10-22,BRC,RTM,2025-10-22 10:03:00,2025-10-22 10:03:00,2025-10-22 10:05:00,2.6,2.6,920.0,736.0,761.1
12926,2025-10-22,RTM,KOTA,2025-10-22 13:09:00,2025-10-22 13:09:00,2025-10-22 13:09:00,0.0,0.0,690.0,552.0,560.2
12926,2025-10-22,KOTA,NDLS,2025-10-22 16:13:00,2025-10-22 16:13:00,2025-10-22 16:19:00,6.2,6.2,521.9,417.5,433.9
12926,2025-10-22,NDLS,ASR,2025-10-22 19:23:00,2025-10-22 19:23:00,2025-10-22 20:14:00,51.3,51.3,120.6,96.5,141.5
12627,2025-10-22,SBC,DMM,2025-10-22 05:49:00,2025-10-22 05:49:00,2025-10-22 06:06:00,17.1,17.1,1150.0,920.0,937.9
12627,2025-10-22,DMM,GTL,2025-10-22 09:10:00,2025-10-22 09:10:00,2025-10-22 10:33:00,83.8,83.8,920.0,736.0,796.4
12627,2025-10-22,GTL,SC,2025-10-22 13:37:00,2025-10-22 13:37:00,2025-10-22 16:07:00,150.2,150.2,690.0,552.0,669.8
12627,2025-10-22,SC,NGP,2025-10-22 19:11:00,2025-10-22 19:11:00,2025-10-22 21:50:00,159.1,159.1,433.9,347.1,482.6
12627,2025-10-22,NGP,NDLS,2025-10-23 00:54:00,2025-10-23 00:54:00,2025-10-23 03:30:00,156.0,156.0,129.9,103.9,235.5
12301,2025-10-23,NDLS,CNB,2025-10-23 06:31:00,2025-10-23 06:31:00,2025-10-23 06:43:00,12.8,12.8,1150.0,920.0,934.6
12301,2025-10-23,CNB,PRYJ,2025-10-23 09:47:00,2025-10-23 09:47:00,2025-10-23 10:41:00,54.8,54.8,920.0,736.0,785.2
12301,2025-10-23,PRYJ,DDU,2025-10-23 13:45:00,2025-10-23 13:45:00,2025-10-23 14:42:00,57.6,57.6,690.0,552.0,609.8
12301,2025-10-23,DDU,GKP,2025-10-23 17:46:00,2025-10-23 17:46:00,2025-10-23 18:38:00,52.6,52.6,234.8,187.8,252.4
12301,2025-10-23,GKP,HWH,2025-10-23 21:42:00,2025-10-23 21:42:00,2025-10-23 22:42:00,60.1,60.1,155.4,124.3,186.3
12302,2025-10-23,HWH,GKP,2025-10-23 06:50:00,2025-10-23 06:50:00,2025-10-23 06:55:00,5.3,5.3,1150.0,920.0,943.6
12302,2025-10-23,GKP,DDU,2025-10-23 09:59:00,2025-10-23 09:59:00,2025-10-23 10:30:00,31.5,31.5,920.0,736.0,772.9
12302,2025-10-23,DDU,PRYJ,2025-10-23 13:34:00,2025-10-23 13:34:00,2025-10-23 15:18:00,105.0,105.0,690.0,552.0,652.4
12302,2025-10-23,PRYJ,CNB,2025-10-23 18:22:00,2025-10-23 18:22:00,2025-10-23 20:11:00,109.2,109.2,267.2,213.8,313.8
12302,2025-10-23,CNB,NDLS,2025-10-23 23:15:00,2025-10-23 23:15:00,2025-10-24 01:08:00,113.4,113.4,156.9,125.5,227.0
12951,2025-10-23,BCT,ST,2025-10-23 06:31:00,2025-10-23 06:31:00,2025-10-23 06:44:00,13.6,13.6,1150.0,920.0,938.8
12951,2025-10-23,ST,BRC,2025-10-23 09:48:00,2025-10-23 09:48:00,2025-10-23 09:59:00,11.3,11.3,920.0,736.0,761.2
12951,2025-10-23,BRC,RTM,2025-10-23 13:03:00,2025-10-23 13:03:00,2025-10-23 13:13:00,10.5,10.5,690.0,552.0,569.4
12951,2025-10-23,RTM,KOTA,2025-10-23 16:17:00,2025-10-23 16:17:00,2025-10-23 16:17:00,0.0,0.0,485.2,388.2,396.5
12951,2025-10-23,KOTA,NDLS,2025-10-23 19:21:00,2025-10-23 19:21:00,2025-10-23 19:21:00,0.0,0.0,121.1,96.9,112.2
12952,2025-10-23,NDLS,KOTA,2025-10-23 05:38:00,2025-10-23 05:38:00,2025-10-23 06:00:00,22.9,22.9,1150.0,920.0,942.8
12952,2025-10-23,KOTA,RTM,2025-10-23 09:04:00,2025-10-23 09:04:00,2025-10-23 09:27:00,23.6,23.6,920.0,736.0,767.3
12952,2025-10-23,RTM,BRC,2025-10-23 12:31:00,2025-10-23 12:31:00,2025-10-23 12:54:00,23.7,23.7,690.0,552.0,585.5
12952,2025-10-23,BRC,ST,2025-10-23 15:58:00,2025-10-23 15:58:00,2025-10-23 16:27:00,29.2,29.2,455.5,364.4,406.8
12952,2025-10-23,ST,BCT,2025-10-23 19:31:00,2025-10-23 19:31:00,2025-10-23 20:48:00,77.2,77.2,70.9,56.7,140.5
12004,2025-10-23,NDLS,GZB,2025-10-23 06:16:00,2025-10-23 06:16:00,2025-10-23 06:50:00,34.3,34.3,1150.0,920.0,967.7
12004,2025-10-23,GZB,ALJN,2025-10-23 09:54:00,2025-10-23 09:54:00,2025-10-23 10:12:00,18.7,18.7,920.0,736.0,759.2
12004,2025-10-23,ALJN,TDL,2025-10-23 13:16:00,2025-10-23 13:16:00,2025-10-23 13:36:00,20.6,20.6,690.0,552.0,589.2
12004,2025-10-23,TDL,CNB,2025-10-23 16:40:00,2025-10-23 16:40:00,2025-10-23 17:09:00,29.0,29.0,409.0,327.2,355.1
12004,2025-10-23,CNB,LKO,2025-10-23 20:13:00,2025-10-23 20:13:00,2025-10-23 20:40:00,27.7,27.7,63.9,51.1,78.8
12626,2025-10-23,NDLS,AGC,2025-10-23 05:59:00,2025-10-23 05:59:00,2025-10-23 06:15:00,16.9,16.9,1150.0,920.0,959.0
12626,2025-10-23,AGC,VGLJ,2025-10-23 09:19:00,2025-10-23 09:19:00,2025-10-23 09:39:00,20.3,20.3,920.0,736.0,764.1
12626,2025-10-23,VGLJ,BPL,2025-10-23 12:43:00,2025-10-23 12:43:00,2025-10-23 13:16:00,33.8,33.8,690.0,552.0,590.7
12626,2025-10-23,BPL,NGP,2025-10-23 16:20:00,2025-10-23 16:20:00,2025-10-23 17:06:00,46.4,46.4,227.0,181.6,227.9
12626,2025-10-23,NGP,MAS,2025-10-23 20:10:00,2025-10-23 20:10:00,2025-10-23 20:58:00,48.2,48.2,76.6,61.3,113.7
12424,2025-10-23,NDLS,CNB,2025-10-23 05:58:00,2025-10-23 05:58:00,2025-10-23 06:38:00,40.0,40.0,1150.0,920.0,957.6
12424,2025-10-23,CNB,PRYJ,2025-10-23 09:42:00,2025-10-23 09:42:00,2025-10-23 10:25:00,43.7,43.7,920.0,736.0,785.2
12424,2025-10-23,PRYJ,DDU,2025-10-23 13:29:00,2025-10-23 13:29:00,2025-10-23 14:22:00,53.2,53.2,690.0,552.0,603.1
12424,2025-10-23,DDU,PPTA,2025-10-23 17:26:00,2025-10-23 17:26:00,2025-10-23 18:36:00,70.1,70.1,307.5,246.0,320.6
12424,2025-10-23,PPTA,GHY,2025-10-23 21:40:00,2025-10-23 21:40:00,2025-10-23 22:54:00,74.4,74.4,154.3,123.4,203.9
12260,2025-10-23,NDLS,CNB,2025-10-23 06:03:00,2025-10-23 06:03:00,2025-10-23 06:25:00,22.3,22.3,1150.0,920.0,958.1
12260,2025-10-23,CNB,PRYJ,2025-10-23 10:15:00,2025-10-23 10:15:00,2025-10-23 10:45:00,30.4,30.4,862.5,690.0,727.8
12260,2025-10-23,PRYJ,DDU,2025-10-23 14:35:00,2025-10-23 14:35:00,2025-10-23 15:04:00,29.6,29.6,373.9,299.1,334.9
12260,2025-10-23,DDU,HWH,2025-10-23 18:54:00,2025-10-23 18:54:00,2025-10-23 19:11:00,17.8,17.8,71.9,57.5,108.0
12926,2025-10-23,BCT,BRC,2025-10-23 06:18:00,2025-10-23 06:18:00,2025-10-23 06:34:00,16.6,16.6,1150.0,920.0,955.6
12926,2025-10-23,BRC,RTM,2025-10-23 09:38:00,2025-10-23 09:38:00,2025-10-23 09:55:00,17.8,17.8,920.0,736.0,753.7
12926,2025-10-23,RTM,KOTA,2025-10-23 12:59:00,2025-10-23 12:59:00,2025-10-23 13:20:00,21.3,21.3,690.0,552.0,571.9
12926,2025-10-23,KOTA,NDLS,2025-10-23 16:24:00,2025-10-23 16:24:00,2025-10-23 16:46:00,22.1,22.1,238.5,190.8,221.3
12926,2025-10-23,NDLS,ASR,2025-10-23 19:50:00,2025-10-23 19:50:00,2025-10-23 20:08:00,18.6,18.6,118.5,94.8,121.1
12627,2025-10-23,SBC,DMM,2025-10-23 05:48:00,2025-10-23 05:48:00,2025-10-23 05:55:00,7.7,7.7,1150.0,920.0,941.5
12627,2025-10-23,DMM,GTL,2025-10-23 08:59:00,2025-10-23 08:59:00,2025-10-23 09:16:00,17.7,17.7,920.0,736.0,776.9
12627,2025-10-23,GTL,SC,2025-10-23 12:20:00,2025-10-23 12:20:00,2025-10-23 12:36:00,16.6,16.6,690.0,552.0,583.8
12627,2025-10-23,SC,NGP,2025-10-23 15:40:00,2025-10-23 15:40:00,2025-10-23 16:01:00,21.8,21.8,289.1,231.3,260.9
12627,2025-10-23,NGP,NDLS,2025-10-23 19:05:00,2025-10-23 19:05:00,2025-10-23 19:25:00,20.8,20.8,134.5,107.6,121.4
12301,2025-10-24,NDLS,CNB,2025-10-24 05:41:00,2025-10-24 05:41:00,2025-10-24 05:41:00,0.0,0.0,1150.0,920.0,925.1
12301,2025-10-24,CNB,PRYJ,2025-10-24 08:45:00,2025-10-24 08:45:00,2025-10-24 08:46:00,1.6,1.6,920.0,736.0,736.7
12301,2025-10-24,PRYJ,DDU,2025-10-24 11:50:00,2025-10-24 11:50:00,2025-10-24 11:59:00,9.5,9.5,690.0,552.0,576.9
12301,2025-10-24,DDU,GKP,2025-10-24 15:03:00,2025-10-24 15:03:00,2025-10-24 15:11:00,8.1,8.1,254.9,203.9,226.8
12301,2025-10-24,GKP,HWH,2025-10-24 18:15:00,2025-10-24 18:15:00,2025-10-24 18:32:00,17.1,17.1,100.7,80.6,103.6
12302,2025-10-24,HWH,GKP,2025-10-24 06:45:00,2025-10-24 06:45:00,2025-10-24 06:59:00,14.8,14.8,1150.0,920.0,957.4
12302,2025-10-24,GKP,DDU,2025-10-24 10:03:00,2025-10-24 10:03:00,2025-10-24 10:31:00,28.8,28.8,920.0,736.0,774.1
12302,2025-10-24,DDU,PRYJ,2025-10-24 13:35:00,2025-10-24 13:35:00,2025-10-24 14:10:00,35.5,35.5,690.0,552.0,583.9
12302,2025-10-24,PRYJ,CNB,2025-10-24 17:14:00,2025-10-24 17:14:00,2025-10-24 18:23:00,69.5,69.5,373.1,298.5,358.9
12302,2025-10-24,CNB,NDLS,2025-10-24 21:27:00,2025-10-24 21:27:00,2025-10-24 22:46:00,79.3,79.3,130.5,104.4,180.4
12951,2025-10-24,BCT,ST,2025-10-24 05:44:00,2025-10-24 05:44:00,2025-10-24 06:38:00,54.9,54.9,1150.0,920.0,977.4
12951,2025-10-24,ST,BRC,2025-10-24 09:42:00,2025-10-24 09:42:00,2025-10-24 11:24:00,102.1,102.1,920.0,736.0,830.0
12951,2025-10-24,BRC,RTM,2025-10-24 14:28:00,2025-10-24 14:28:00,2025-10-24 16:06:00,98.6,98.6,690.0,552.0,653.5
12951,2025-10-24,RTM,KOTA,2025-10-24 19:10:00,2025-10-24 19:10:00,2025-10-24 20:53:00,104.0,104.0,284.3,227.4,335.9
12951,2025-10-24,KOTA,NDLS,2025-10-24 23:57:00,2025-10-24 23:57:00,2025-10-25 01:51:00,114.3,114.3,77.0,61.6,172.6
12952,2025-10-24,NDLS,KOTA,2025-10-24 05:42:00,2025-10-24 05:42:00,2025-10-24 05:53:00,11.4,11.4,1150.0,920.0,943.0
12952,2025-10-24,KOTA,RTM,2025-10-24 08:57:00,2025-10-24 08:57:00,2025-10-24 09:58:00,61.0,61.0,920.0,736.0,801.8
12952,2025-10-24,RTM,BRC,2025-10-24 13:02:00,2025-10-24 13:02:00,2025-10-24 14:05:00,63.2,63.2,690.0,552.0,629.3
12952,2025-10-24,BRC,ST,2025-10-24 17:09:00,2025-10-24 17:09:00,2025-10-24 18:03:00,54.8,54.8,346.2,277.0,325.5
12952,2025-10-24,ST,BCT,2025-10-24 21:07:00,2025-10-24 21:07:00,2025-10-24 22:08:00,61.1,61.1,155.1,124.1,165.1
12004,2025-10-24,NDLS,GZB,2025-10-24 06:54:00,2025-10-24 06:54:00,2025-10-24 07:02:00,8.3,8.3,1150.0,920.0,946.2
12004,2025-10-24,GZB,ALJN,2025-10-24 10:06:00,2025-10-24 10:06:00,2025-10-24 10:19:00,13.4,13.4,920.0,736.0,775.8
12004,2025-10-24,ALJN,TDL,2025-10-24 13:23:00,2025-10-24 13:23:00,2025-10-24 13:39:00,16.8,16.8,690.0,552.0,576.8
12004,2025-10-24,TDL,CNB,2025-10-24 16:43:00,2025-10-24 16:43:00,2025-10-24 17:05:00,22.6,22.6,232.4,185.9,227.2
12004,2025-10-24,CNB,LKO,2025-10-24 20:09:00,2025-10-24 20:09:00,2025-10-24 20:33:00,24.1,24.1,146.8,117.4,142.4
12626,2025-10-24,NDLS,AGC,2025-10-24 06:28:00,2025-10-24 06:28:00,2025-10-24 06:38:00,10.7,10.7,1150.0,920.0,939.4
12626,2025-10-24,AGC,VGLJ,2025-10-24 09:42:00,2025-10-24 09:42:00,2025-10-24 10:44:00,62.6,62.6,920.0,736.0,799.6
12626,2025-10-24,VGLJ,BPL,2025-10-24 13:48:00,2025-10-24 13:48:00,2025-10-24 14:59:00,71.3,71.3,690.0,552.0,622.9
12626,2025-10-24,BPL,NGP,2025-10-24 18:03:00,2025-10-24 18:03:00,2025-10-24 19:55:00,112.2,112.2,371.2,297.0,400.6
12626,2025-10-24,NGP,MAS,2025-10-24 22:59:00,2025-10-24 22:59:00,2025-10-25 01:08:00,129.9,129.9,111.1,88.9,193.2
12424,2025-10-24,NDLS,CNB,2025-10-24 06:44:00,2025-10-24 06:44:00,2025-10-24 06:45:00,2.0,2.0,1150.0,920.0,946.8
12424,2025-10-24,CNB,PRYJ,2025-10-24 09:49:00,2025-10-24 09:49:00,2025-10-24 09:59:00,10.4,10.4,920.0,736.0,763.7
12424,2025-10-24,PRYJ,DDU,2025-10-24 13:03:00,2025-10-24 13:03:00,2025-10-24 13:47:00,44.8,44.8,690.0,552.0,618.5
12424,2025-10-24,DDU,PPTA,2025-10-24 16:51:00,2025-10-24 16:51:00,2025-10-24 17:49:00,58.5,58.5,427.4,341.9,404.6
12424,2025-10-24,PPTA,GHY,2025-10-24 20:53:00,2025-10-24 20:53:00,2025-10-24 22:04:00,71.6,71.6,61.5,49.2,119.6
12260,2025-10-24,NDLS,CNB,2025-10-24 06:14:00,2025-10-24 06:14:00,2025-10-24 06:14:00,0.9,0.9,1150.0,920.0,918.3
12260,2025-10-24,CNB,PRYJ,2025-10-24 10:04:00,2025-10-24 10:04:00,2025-10-24 10:07:00,3.6,3.6,862.5,690.0,701.8
12260,2025-10-24,PRYJ,DDU,2025-10-24 13:57:00,2025-10-24 13:57:00,2025-10-24 13:57:00,0.3,0.3,513.2,410.6,417.2
12260,2025-10-24,DDU,HWH,2025-10-24 17:47:00,2025-10-24 17:47:00,2025-10-24 17:56:00,9.9,9.9,56.2,45.0,58.0
12926,2025-10-24,BCT,BRC,2025-10-24 06:04:00,2025-10-24 06:04:00,2025-10-24 06:12:00,8.5,8.5,1150.0,920.0,944.7
12926,2025-10-24,BRC,RTM,2025-10-24 09:16:00,2025-10-24 09:16:00,2025-10-24 09:24:00,8.3,8.3,920.0,736.0,752.8
12926,2025-10-24,RTM,KOTA,2025-10-24 12:28:00,2025-10-24 12:28:00,2025-10-24 12:35:00,7.7,7.7,690.0,552.0,578.6
12926,2025-10-24,KOTA,NDLS,2025-10-24 15:39:00,2025-10-24 15:39:00,2025-10-24 15:50:00,12.0,12.0,530.6,424.5,454.2
12926,2025-10-24,NDLS,ASR,2025-10-24 18:54:00,2025-10-24 18:54:00,2025-10-24 19:47:00,53.1,53.1,121.9,97.5,149.1
12627,2025-10-24,SBC,DMM,2025-10-24 06:18:00,2025-10-24 06:18:00,2025-10-24 07:09:00,51.6,51.6,1150.0,920.0,980.7
12627,2025-10-24,DMM,GTL,2025-10-24 10:13:00,2025-10-24 10:13:00,2025-10-24 11:12:00,59.3,59.3,920.0,736.0,794.6
12627,2025-10-24,GTL,SC,2025-10-24 14:16:00,2025-10-24 14:16:00,2025-10-24 15:16:00,60.3,60.3,690.0,552.0,609.3
12627,2025-10-24,SC,NGP,2025-10-24 18:20:00,2025-10-24 18:20:00,2025-10-24 19:19:00,59.7,59.7,446.4,357.1,420.3
12627,2025-10-24,NGP,NDLS,2025-10-24 22:23:00,2025-10-24 22:23:00,2025-10-24 23:29:00,66.6,66.6,135.5,108.4,184.7
12301,2025-10-25,NDLS,CNB,2025-10-25 06:16:00,2025-10-25 06:16:00,2025-10-25 06:48:00,32.5,32.5,1150.0,920.0,950.4
12301,2025-10-25,CNB,PRYJ,2025-10-25 09:52:00,2025-10-25 09:52:00,2025-10-25 11:06:00,74.3,74.3,920.0,736.0,805.2
12301,2025-10-25,PRYJ,DDU,2025-10-25 14:10:00,2025-10-25 14:10:00,2025-10-25 15:27:00,77.5,77.5,690.0,552.0,632.8
12301,2025-10-25,DDU,GKP,2025-10-25 18:31:00,2025-10-25 18:31:00,2025-10-25 19:48:00,77.1,77.1,419.3,335.4,401.0
12301,2025-10-25,GKP,HWH,2025-10-25 22:52:00,2025-10-25 22:52:00,2025-10-26 00:11:00,79.5,79.5,67.0,53.6,132.1
12302,2025-10-25,HWH,GKP,2025-10-25 05:37:00,2025-10-25 05:37:00,2025-10-25 06:30:00,53.7,53.7,1150.0,920.0,977.6
12302,2025-10-25,GKP,DDU,2025-10-25 09:34:00,2025-10-25 09:34:00,2025-10-25 10:29:00,55.7,55.7,920.0,736.0,797.2
12302,2025-10-25,DDU,PRYJ,2025-10-25 13:33:00,2025-10-25 13:33:00,2025-10-25 14:32:00,59.9,59.9,690.0,552.0,627.1
12302,2025-10-25,PRYJ,CNB,2025-10-25 17:36:00,2025-10-25 17:36:00,2025-10-25 18:35:00,59.8,59.8,460.0,368.0,419.6
12302,2025-10-25,CNB,NDLS,2025-10-25 21:39:00,2025-10-25 21:39:00,2025-10-25 22:40:00,61.2,61.2,58.7,47.0,117.2
12951,2025-10-25,BCT,ST,2025-10-25 06:53:00,2025-10-25 06:53:00,2025-10-25 07:26:00,33.6,33.6,1150.0,920.0,948.8
12951,2025-10-25,ST,BRC,2025-10-25 10:30:00,2025-10-25 10:30:00,2025-10-25 11:00:00,30.3,30.3,920.0,736.0,779.9
12951,2025-10-25,BRC,RTM,2025-10-25 14:04:00,2025-10-25 14:04:00,2025-10-25 15:18:00,74.2,74.2,690.0,552.0,609.8
12951,2025-10-25,RTM,KOTA,2025-10-25 18:22:00,2025-10-25 18:22:00,2025-10-25 19:28:00,66.6,66.6,267.7,214.2,275.3
12951,2025-10-25,KOTA,NDLS,2025-10-25 22:32:00,2025-10-25 22:32:00,2025-10-25 23:47:00,75.4,75.4,51.1,40.9,117.0
12952,2025-10-25,NDLS,KOTA,2025-10-25 06:55:00,2025-10-25 06:55:00,2025-10-25 07:08:00,13.3,13.3,1150.0,920.0,933.6
12952,2025-10-25,KOTA,RTM,2025-10-25 10:12:00,2025-10-25 10:12:00,2025-10-25 10:26:00,14.8,14.8,920.0,736.0,751.8
12952,2025-10-25,RTM,BRC,2025-10-25 13:30:00,2025-10-25 13:30:00,2025-10-25 13:40:00,11.0,11.0,690.0,552.0,552.2
12952,2025-10-25,BRC,ST,2025-10-25 16:44:00,2025-10-25 16:44:00,2025-10-25 17:01:00,17.7,17.7,245.9,196.7,222.8
12952,2025-10-25,ST,BCT,2025-10-25 20:05:00,2025-10-25 20:05:00,2025-10-25 20:24:00,19.5,19.5,124.0,99.2,127.0
12004,2025-10-25,NDLS,GZB,2025-10-25 05:34:00,2025-10-25 05:34:00,2025-10-25 05:45:00,12.0,12.0,1150.0,920.0,934.1
12004,2025-10-25,GZB,ALJN,2025-10-25 08:49:00,2025-10-25 08:49:00,2025-10-25 09:11:00,22.1,22.1,920.0,736.0,760.2
12004,2025-10-25,ALJN,TDL,2025-10-25 12:15:00,2025-10-25 12:15:00,2025-10-25 12:39:00,24.2,24.2,690.0,552.0,579.5
12004,2025-10-25,TDL,CNB,2025-10-25 15:43:00,2025-10-25 15:43:00,2025-10-25 16:00:00,17.9,17.9,396.0,316.8,352.6
12004,2025-10-25,CNB,LKO,2025-10-25 19:04:00,2025-10-25 19:04:00,2025-10-25 19:26:00,22.6,22.6,65.2,52.2,71.1
12626,2025-10-25,NDLS,AGC,2025-10-25 06:38:00,2025-10-25 06:38:00,2025-10-25 07:05:00,27.2,27.2,1150.0,920.0,947.9
12626,2025-10-25,AGC,VGLJ,2025-10-25 10:09:00,2025-10-25 10:09:00,2025-10-25 11:24:00,75.2,75.2,920.0,736.0,808.6
12626,2025-10-25,VGLJ,BPL,2025-10-25 14:28:00,2025-10-25 14:28:00,2025-10-25 15:55:00,87.1,87.1,690.0,552.0,638.9
12626,2025-10-25,BPL,NGP,2025-10-25 18:59:00,2025-10-25 18:59:00,2025-10-25 20:40:00,102.0,102.0,448.6,358.9,453.9
12626,2025-10-25,NGP,MAS,2025-10-25 23:44:00,2025-10-25 23:44:00,2025-10-26 01:43:00,119.2,119.2,136.5,109.2,225.2
12424,2025-10-25,NDLS,CNB,2025-10-25 05:37:00,2025-10-25 05:37:00,2025-10-25 05:58:00,21.1,21.1,1150.0,920.0,945.8
12424,2025-10-25,CNB,PRYJ,2025-10-25 09:02:00,2025-10-25 09:02:00,2025-10-25 09:25:00,23.3,23.3,920.0,736.0,774.2
12424,2025-10-25,PRYJ,DDU,2025-10-25 12:29:00,2025-10-25 12:29:00,2025-10-25 12:58:00,29.2,29.2,690.0,552.0,588.1
12424,2025-10-25,DDU,PPTA,2025-10-25 16:02:00,2025-10-25 16:02:00,2025-10-25 16:29:00,27.4,27.4,505.4,404.3,432.6
12424,2025-10-25,PPTA,GHY,2025-10-25 19:33:00,2025-10-25 19:33:00,2025-10-25 19:59:00,26.5,26.5,82.7,66.2,96.4
12260,2025-10-25,NDLS,CNB,2025-10-25 06:01:00,2025-10-25 06:01:00,2025-10-25 06:11:00,10.8,10.8,1150.0,920.0,940.5
12260,2025-10-25,CNB,PRYJ,2025-10-25 10:01:00,2025-10-25 10:01:00,2025-10-25 10:11:00,10.8,10.8,862.5,690.0,712.0
12260,2025-10-25,PRYJ,DDU,2025-10-25 14:01:00,2025-10-25 14:01:00,2025-10-25 14:07:00,6.8,6.8,486.5,389.2,411.8
12260,2025-10-25,DDU,HWH,2025-10-25 17:57:00,2025-10-25 17:57:00,2025-10-25 18:10:00,13.9,13.9,135.2,108.2,129.5
12926,2025-10-25,BCT,BRC,2025-10-25 06:03:00,2025-10-25 06:03:00,2025-10-25 07:01:00,58.2,58.2,1150.0,920.0,959.3
12926,2025-10-25,BRC,RTM,2025-10-25 10:05:00,2025-10-25 10:05:00,2025-10-25 11:13:00,68.4,68.4,920.0,736.0,810.3
12926,2025-10-25,RTM,KOTA,2025-10-25 14:17:00,2025-10-25 14:17:00,2025-10-25 15:22:00,65.1,65.1,690.0,552.0,625.2
12926,2025-10-25,KOTA,NDLS,2025-10-25 18:26:00,2025-10-25 18:26:00,2025-10-25 19:30:00,65.0,65.0,408.5,326.8,401.8
12926,2025-10-25,NDLS,ASR,2025-10-25 22:34:00,2025-10-25 22:34:00,2025-10-25 23:43:00,69.4,69.4,156.3,125.0,203.1
12627,2025-10-25,SBC,DMM,2025-10-25 05:50:00,2025-10-25 05:50:00,2025-10-25 05:59:00,9.1,9.1,1150.0,920.0,942.1
12627,2025-10-25,DMM,GTL,2025-10-25 09:03:00,2025-10-25 09:03:00,2025-10-25 09:15:00,12.4,12.4,920.0,736.0,748.2
12627,2025-10-25,GTL,SC,2025-10-25 12:19:00,2025-10-25 12:19:00,2025-10-25 12:33:00,14.7,14.7,690.0,552.0,580.9
12627,2025-10-25,SC,NGP,2025-10-25 15:37:00,2025-10-25 15:37:00,2025-10-25 15:54:00,17.7,17.7,331.3,265.0,305.8
12627,2025-10-25,NGP,NDLS,2025-10-25 18:58:00,2025-10-25 18:58:00,2025-10-25 19:20:00,23.0,23.0,94.8,75.8,91.1
12301,2025-10-26,NDLS,CNB,2025-10-26 06:54:00,2025-10-26 06:54:00,2025-10-26 07:04:00,10.8,10.8,1150.0,920.0,946.5
12301,2025-10-26,CNB,PRYJ,2025-10-26 10:08:00,2025-10-26 10:08:00,2025-10-26 10:19:00,11.7,11.7,920.0,736.0,757.4
12301,2025-10-26,PRYJ,DDU,2025-10-26 13:23:00,2025-10-26 13:23:00,2025-10-26 13:41:00,18.5,18.5,690.0,552.0,560.1
12301,2025-10-26,DDU,GKP,2025-10-26 16:45:00,2025-10-26 16:45:00,2025-10-26 17:14:00,29.9,29.9,220.5,176.4,215.4
12301,2025-10-26,GKP,HWH,2025-10-26 20:18:00,2025-10-26 20:18:00,2025-10-26 20:47:00,29.2,29.2,87.3,69.8,98.7
12302,2025-10-26,HWH,GKP,2025-10-26 06:51:00,2025-10-26 06:51:00,2025-10-26 08:02:00,72.0,72.0,1150.0,920.0,997.5
12302,2025-10-26,GKP,DDU,2025-10-26 11:06:00,2025-10-26 11:06:00,2025-10-26 12:20:00,74.4,74.4,920.0,736.0,800.8
12302,2025-10-26,DDU,PRYJ,2025-10-26 15:24:00,2025-10-26 15:24:00,2025-10-26 17:14:00,111.0,111.0,690.0,552.0,653.6
12302,2025-10-26,PRYJ,CNB,2025-10-26 20:18:00,2025-10-26 20:18:00,2025-10-26 22:19:00,121.8,121.8,386.0,308.8,416.8
12302,2025-10-26,CNB,NDLS,2025-10-27 01:23:00,2025-10-27 01:23:00,2025-10-27 03:29:00,126.8,126.8,154.7,123.8,246.1
12951,2025-10-26,BCT,ST,2025-10-26 05:58:00,2025-10-26 05:58:00,2025-10-26 05:58:00,0.0,0.0,1150.0,920.0,926.9
12951,2025-10-26,ST,BRC,2025-10-26 09:02:00,2025-10-26 09:02:00,2025-10-26 09:26:00,24.3,24.3,920.0,736.0,756.7
12951,2025-10-26,BRC,RTM,2025-10-26 12:30:00,2025-10-26 12:30:00,2025-10-26 12:43:00,13.8,13.8,690.0,552.0,566.4
12951,2025-10-26,RTM,KOTA,2025-10-26 15:47:00,2025-10-26 15:47:00,2025-10-26 15:57:00,10.3,10.3,360.7,288.6,294.6
12951,2025-10-26,KOTA,NDLS,2025-10-26 19:01:00,2025-10-26 19:01:00,2025-10-26 19:14:00,13.7,13.7,51.7,41.4,72.5
12952,2025-10-26,NDLS,KOTA,2025-10-26 06:47:00,2025-10-26 06:47:00,2025-10-26 07:19:00,32.4,32.4,1150.0,920.0,977.2
12952,2025-10-26,KOTA,RTM,2025-10-26 10:23:00,2025-10-26 10:23:00,2025-10-26 10:56:00,33.3,33.3,920.0,736.0,780.3
12952,2025-10-26,RTM,BRC,2025-10-26 14:00:00,2025-10-26 14:00:00,2025-10-26 15:19:00,79.4,79.4,690.0,552.0,631.1
12952,2025-10-26,BRC,ST,2025-10-26 18:23:00,2025-10-26 18:23:00,2025-10-26 19:43:00,81.0,81.0,518.4,414.7,480.5
12952,2025-10-26,ST,BCT,2025-10-26 22:47:00,2025-10-26 22:47:00,2025-10-27 00:04:00,77.0,77.0,175.8,140.6,193.1
12004,2025-10-26,NDLS,GZB,2025-10-26 06:53:00,2025-10-26 06:53:00,2025-10-26 07:27:00,34.4,34.4,1150.0,920.0,961.7
12004,2025-10-26,GZB,ALJN,2025-10-26 10:31:00,2025-10-26 10:31:00,2025-10-26 11:12:00,41.2,41.2,920.0,736.0,774.5
12004,2025-10-26,ALJN,TDL,2025-10-26 14:16:00,2025-10-26 14:16:00,2025-10-26 15:01:00,45.5,45.5,690.0,552.0,592.8
12004,2025-10-26,TDL,CNB,2025-10-26 18:05:00,2025-10-26 18:05:00,2025-10-26 18:57:00,52.7,52.7,279.3,223.4,274.2
12004,2025-10-26,CNB,LKO,2025-10-26 22:01:00,2025-10-26 22:01:00,2025-10-26 23:03:00,62.2,62.2,130.6,104.5,160.1
12626,2025-10-26,NDLS,AGC,2025-10-26 06:39:00,2025-10-26 06:39:00,2025-10-26 06:48:00,9.3,9.3,1150.0,920.0,930.7
12626,2025-10-26,AGC,VGLJ,2025-10-26 09:52:00,2025-10-26 09:52:00,2025-10-26 10:09:00,17.4,17.4,920.0,736.0,757.9
12626,2025-10-26,VGLJ,BPL,2025-10-26 13:13:00,2025-10-26 13:13:00,2025-10-26 13:28:00,15.5,15.5,690.0,552.0,572.1
12626,2025-10-26,BPL,NGP,2025-10-26 16:32:00,2025-10-26 16:32:00,2025-10-26 16:50:00,18.4,18.4,517.3,413.8,449.2
12626,2025-10-26,NGP,MAS,2025-10-26 19:54:00,2025-10-26 19:54:00,2025-10-26 20:07:00,13.7,13.7,154.9,123.9,138.1
12424,2025-10-26,NDLS,CNB,2025-10-26 05:53:00,2025-10-26 05:53:00,2025-10-26 06:08:00,15.9,15.9,1150.0,920.0,946.1
12424,2025-10-26,CNB,PRYJ,2025-10-26 09:12:00,2025-10-26 09:12:00,2025-10-26 09:27:00,15.7,15.7,920.0,736.0,751.0
12424,2025-10-26,PRYJ,DDU,2025-10-26 12:31:00,2025-10-26 12:31:00,2025-10-26 12:51:00,21.0,21.0,690.0,552.0,590.7
12424,2025-10-26,DDU,PPTA,2025-10-26 15:55:00,2025-10-26 15:55:00,2025-10-26 16:21:00,26.9,26.9,236.0,188.8,206.0
12424,2025-10-26,PPTA,GHY,2025-10-26 19:25:00,2025-10-26 19:25:00,2025-10-26 20:03:00,38.9,38.9,102.4,81.9,131.1
12260,2025-10-26,NDLS,CNB,2025-10-26 06:08:00,2025-10-26 06:08:00,2025-10-26 06:08:00,0.0,0.0,1150.0,920.0,928.8
12260,2025-10-26,CNB,PRYJ,2025-10-26 09:58:00,2025-10-26 09:58:00,2025-10-26 10:07:00,9.7,9.7,862.5,690.0,706.1
12260,2025-10-26,PRYJ,DDU,2025-10-26 13:57:00,2025-10-26 13:57:00,2025-10-26 14:19:00,22.8,22.8,235.5,188.4,218.5
12260,2025-10-26,DDU,HWH,2025-10-26 18:09:00,2025-10-26 18:09:00,2025-10-26 19:11:00,63.0,63.0,164.7,131.8,182.7
12926,2025-10-26,BCT,BRC,2025-10-26 06:30:00,2025-10-26 06:30:00,2025-10-26 06:40:00,10.8,10.8,1150.0,920.0,939.2
12926,2025-10-26,BRC,RTM,2025-10-26 09:44:00,2025-10-26 09:44:00,2025-10-26 09:59:00,15.6,15.6,920.0,736.0,759.5
12926,2025-10-26,RTM,KOTA,2025-10-26 13:03:00,2025-10-26 13:03:00,2025-10-26 13:20:00,17.2,17.2,690.0,552.0,585.0
12926,2025-10-26,KOTA,NDLS,2025-10-26 16:24:00,2025-10-26 16:24:00,2025-10-26 16:41:00,17.4,17.4,285.6,228.5,255.4
12926,2025-10-26,NDLS,ASR,2025-10-26 19:45:00,2025-10-26 19:45:00,2025-10-26 20:10:00,25.6,25.6,106.7,85.4,117.0
12627,2025-10-26,SBC,DMM,2025-10-26 06:18:00,2025-10-26 06:18:00,2025-10-26 06:19:00,1.1,1.1,1150.0,920.0,938.3
12627,2025-10-26,DMM,GTL,2025-10-26 09:23:00,2025-10-26 09:23:00,2025-10-26 09:26:00,3.7,3.7,920.0,736.0,749.7
12627,2025-10-26,GTL,SC,2025-10-26 12:30:00,2025-10-26 12:30:00,2025-10-26 12:41:00,11.6,11.6,690.0,552.0,575.8
12627,2025-10-26,SC,NGP,2025-10-26 15:45:00,2025-10-26 15:45:00,2025-10-26 16:03:00,18.2,18.2,232.8,186.2,207.3
12627,2025-10-26,NGP,NDLS,2025-10-26 19:07:00,2025-10-26 19:07:00,2025-10-26 19:24:00,17.7,17.7,99.0,79.2,102.5
12301,2025-10-27,NDLS,CNB,2025-10-27 05:47:00,2025-10-27 05:47:00,2025-10-27 05:58:00,11.6,11.6,1150.0,920.0,936.4
12301,2025-10-27,CNB,PRYJ,2025-10-27 09:02:00,2025-10-27 09:02:00,2025-10-27 09:25:00,23.4,23.4,920.0,736.0,763.4
12301,2025-10-27,PRYJ,DDU,2025-10-27 12:29:00,2025-10-27 12:29:00,2025-10-27 13:54:00,85.7,85.7,690.0,552.0,652.1
12301,2025-10-27,DDU,GKP,2025-10-27 16:58:00,2025-10-27 16:58:00,2025-10-27 18:20:00,82.3,82.3,270.2,216.2,303.2
12301,2025-10-27,GKP,HWH,2025-10-27 21:24:00,2025-10-27 21:24:00,2025-10-27 22:47:00,83.3,83.3,107.9,86.3,171.8
12302,2025-10-27,HWH,GKP,2025-10-27 06:40:00,2025-10-27 06:40:00,2025-10-27 07:03:00,23.9,23.9,1150.0,920.0,945.5
12302,2025-10-27,GKP,DDU,2025-10-27 10:07:00,2025-10-27 10:07:00,2025-10-27 11:07:00,60.9,60.9,920.0,736.0,790.9
12302,2025-10-27,DDU,PRYJ,2025-10-27 14:11:00,2025-10-27 14:11:00,2025-10-27 15:16:00,65.3,65.3,690.0,552.0,624.8
12302,2025-10-27,PRYJ,CNB,2025-10-27 18:20:00,2025-10-27 18:20:00,2025-10-27 19:30:00,70.6,70.6,381.8,305.4,376.2
12302,2025-10-27,CNB,NDLS,2025-10-27 22:34:00,2025-10-27 22:34:00,2025-10-27 23:48:00,74.8,74.8,168.4,134.7,215.3
12951,2025-10-27,BCT,ST,2025-10-27 06:24:00,2025-10-27 06:24:00,2025-10-27 06:27:00,4.0,4.0,1150.0,920.0,926.8
12951,2025-10-27,ST,BRC,2025-10-27 09:31:00,2025-10-27 09:31:00,2025-10-27 09:33:00,2.1,2.1,920.0,736.0,728.8
12951,2025-10-27,BRC,RTM,2025-10-27 12:37:00,2025-10-27 12:37:00,2025-10-27 12:37:00,0.0,0.0,690.0,552.0,564.5
12951,2025-10-27,RTM,KOTA,2025-10-27 15:41:00,2025-10-27 15:41:00,2025-10-27 15:41:00,0.0,0.0,403.7,323.0,343.0
12951,2025-10-27,KOTA,NDLS,2025-10-27 18:45:00,2025-10-27 18:45:00,2025-10-27 18:56:00,11.1,11.1,112.9,90.3,118.6
12952,2025-10-27,NDLS,KOTA,2025-10-27 06:53:00,2025-10-27 06:53:00,2025-10-27 06:53:00,0.0,0.0,1150.0,920.0,935.0
12952,2025-10-27,KOTA,RTM,2025-10-27 09:57:00,2025-10-27 09:57:00,2025-10-27 10:27:00,30.5,30.5,920.0,736.0,774.4
12952,2025-10-27,RTM,BRC,2025-10-27 13:31:00,2025-10-27 13:31:00,2025-10-27 14:13:00,42.1,42.1,690.0,552.0,600.5
12952,2025-10-27,BRC,ST,2025-10-27 17:17:00,2025-10-27 17:17:00,2025-10-27 18:12:00,55.8,55.8,510.9,408.7,459.6
12952,2025-10-27,ST,BCT,2025-10-27 21:16:00,2025-10-27 21:16:00,2025-10-27 22:21:00,65.2,65.2,74.9,59.9,120.4
12004,2025-10-27,NDLS,GZB,2025-10-27 06:21:00,2025-10-27 06:21:00,2025-10-27 06:42:00,21.4,21.4,1150.0,920.0,949.1
12004,2025-10-27,GZB,ALJN,2025-10-27 09:46:00,2025-10-27 09:46:00,2025-10-27 10:10:00,24.4,24.4,920.0,736.0,768.8
12004,2025-10-27,ALJN,TDL,2025-10-27 13:14:00,2025-10-27 13:14:00,2025-10-27 13:40:00,26.5,26.5,690.0,552.0,567.1
12004,2025-10-27,TDL,CNB,2025-10-27 16:44:00,2025-10-27 16:44:00,2025-10-27 17:18:00,34.1,34.1,380.5,304.4,348.3
12004,2025-10-27,CNB,LKO,2025-10-27 20:22:00,2025-10-27 20:22:00,2025-10-27 20:55:00,33.7,33.7,66.4,53.1,100.9
12626,2025-10-27,NDLS,AGC,2025-10-27 05:49:00,2025-10-27 05:49:00,2025-10-27 06:19:00,30.3,30.3,1150.0,920.0,943.8
12626,2025-10-27,AGC,VGLJ,2025-10-27 09:23:00,2025-10-27 09:23:00,2025-10-27 10:02:00,39.0,39.0,920.0,736.0,774.2
12626,2025-10-27,VGLJ,BPL,2025-10-27 13:06:00,2025-10-27 13:06:00,2025-10-27 13:53:00,47.6,47.6,690.0,552.0,587.2
12626,2025-10-27,BPL,NGP,2025-10-27 16:57:00,2025-10-27 16:57:00,2025-10-27 18:48:00,111.7,111.7,427.6,342.1,452.4
12626,2025-10-27,NGP,MAS,2025-10-27 21:52:00,2025-10-27 21:52:00,2025-10-27 23:47:00,115.1,115.1,84.1,67.3,158.5
12424,2025-10-27,NDLS,CNB,2025-10-27 05:38:00,2025-10-27 05:38:00,2025-10-27 05:57:00,19.1,19.1,1150.0,920.0,943.7
12424,2025-10-27,CNB,PRYJ,2025-10-27 09:01:00,2025-10-27 09:01:00,2025-10-27 09:14:00,13.6,13.6,920.0,736.0,761.0
12424,2025-10-27,PRYJ,DDU,2025-10-27 12:18:00,2025-10-27 12:18:00,2025-10-27 12:31:00,13.2,13.2,690.0,552.0,580.6
12424,2025-10-27,DDU,PPTA,2025-10-27 15:35:00,2025-10-27 15:35:00,2025-10-27 16:07:00,32.2,32.2,345.4,276.3,314.0
12424,2025-10-27,PPTA,GHY,2025-10-27 19:11:00,2025-10-27 19:11:00,2025-10-27 19:49:00,38.9,38.9,115.6,92.5,128.0
12260,2025-10-27,NDLS,CNB,2025-10-27 06:53:00,2025-10-27 06:53:00,2025-10-27 07:10:00,17.5,17.5,1150.0,920.0,949.6
12260,2025-10-27,CNB,PRYJ,2025-10-27 11:00:00,2025-10-27 11:00:00,2025-10-27 11:18:00,18.1,18.1,862.5,690.0,708.8
12260,2025-10-27,PRYJ,DDU,2025-10-27 15:08:00,2025-10-27 15:08:00,2025-10-27 15:22:00,14.5,14.5,482.2,385.8,407.4
12260,2025-10-27,DDU,HWH,2025-10-27 19:12:00,2025-10-27 19:12:00,2025-10-27 19:37:00,25.6,25.6,69.2,55.4,107.7
12926,2025-10-27,BCT,BRC,2025-10-27 06:55:00,2025-10-27 06:55:00,2025-10-27 07:21:00,26.9,26.9,1150.0,920.0,954.0
12926,2025-10-27,BRC,RTM,2025-10-27 10:25:00,2025-10-27 10:25:00,2025-10-27 10:54:00,30.0,30.0,920.0,736.0,766.8
12926,2025-10-27,RTM,KOTA,2025-10-27 13:58:00,2025-10-27 13:58:00,2025-10-27 14:19:00,21.8,21.8,690.0,552.0,586.4
12926,2025-10-27,KOTA,NDLS,2025-10-27 17:23:00,2025-10-27 17:23:00,2025-10-27 17:44:00,21.2,21.2,506.7,405.4,453.0
12926,2025-10-27,NDLS,ASR,2025-10-27 20:48:00,2025-10-27 20:48:00,2025-10-27 21:47:00,59.5,59.5,65.6,52.5,118.0
12627,2025-10-27,SBC,DMM,2025-10-27 06:43:00,2025-10-27 06:43:00,2025-10-27 06:49:00,6.7,6.7,1150.0,920.0,934.9
12627,2025-10-27,DMM,GTL,2025-10-27 09:53:00,2025-10-27 09:53:00,2025-10-27 10:01:00,8.1,8.1,920.0,736.0,764.3
12627,2025-10-27,GTL,SC,2025-10-27 13:05:00,2025-10-27 13:05:00,2025-10-27 13:14:00,9.4,9.4,690.0,552.0,559.5
12627,2025-10-27,SC,NGP,2025-10-27 16:18:00,2025-10-27 16:18:00,2025-10-27 17:06:00,48.4,48.4,325.8,260.6,317.7
12627,2025-10-27,NGP,NDLS,2025-10-27 20:10:00,2025-10-27 20:10:00,2025-10-27 21:03:00,53.7,53.7,89.2,71.4,124.4
12301,2025-10-28,NDLS,CNB,2025-10-28 05:42:00,2025-10-28 05:42:00,2025-10-28 05:42:00,0.0,0.0,1150.0,920.0,935.6
12301,2025-10-28,CNB,PRYJ,2025-10-28 08:46:00,2025-10-28 08:46:00,2025-10-28 08:50:00,4.7,4.7,920.0,736.0,752.6
12301,2025-10-28,PRYJ,DDU,2025-10-28 11:54:00,2025-10-28 11:54:00,2025-10-28 11:55:00,1.2,1.2,690.0,552.0,560.4
12301,2025-10-28,DDU,GKP,2025-10-28 14:59:00,2025-10-28 14:59:00,2025-10-28 15:12:00,13.6,13.6,380.9,304.7,315.3
12301,2025-10-28,GKP,HWH,2025-10-28 18:16:00,2025-10-28 18:16:00,2025-10-28 19:37:00,81.9,81.9,85.7,68.6,141.6
12302,2025-10-28,HWH,GKP,2025-10-28 06:02:00,2025-10-28 06:02:00,2025-10-28 06:07:00,6.0,6.0,1150.0,920.0,937.8
12302,2025-10-28,GKP,DDU,2025-10-28 09:11:00,2025-10-28 09:11:00,2025-10-28 09:22:00,11.2,11.2,920.0,736.0,745.2
12302,2025-10-28,DDU,PRYJ,2025-10-28 12:26:00,2025-10-28 12:26:00,2025-10-28 12:45:00,19.4,19.4,690.0,552.0,573.0
12302,2025-10-28,PRYJ,CNB,2025-10-28 15:49:00,2025-10-28 15:49:00,2025-10-28 15:59:00,10.3,10.3,291.0,232.8,249.9
12302,2025-10-28,CNB,NDLS,2025-10-28 19:03:00,2025-10-28 19:03:00,2025-10-28 19:20:00,17.0,17.0,84.9,67.9,108.6
12951,2025-10-28,BCT,ST,2025-10-28 06:14:00,2025-10-28 06:14:00,2025-10-28 06:18:00,4.7,4.7,1150.0,920.0,935.3
12951,2025-10-28,ST,BRC,2025-10-28 09:22:00,2025-10-28 09:22:00,2025-10-28 09:32:00,10.5,10.5,920.0,736.0,752.2
12951,2025-10-28,BRC,RTM,2025-10-28 12:36:00,2025-10-28 12:36:00,2025-10-28 13:09:00,33.1,33.1,690.0,552.0,590.7
12951,2025-10-28,RTM,KOTA,2025-10-28 16:13:00,2025-10-28 16:13:00,2025-10-28 16:52:00,39.4,39.4,545.0,436.0,485.3
12951,2025-10-28,KOTA,NDLS,2025-10-28 19:56:00,2025-10-28 19:56:00,2025-10-28 20:25:00,29.5,29.5,160.4,128.3,161.4
12952,2025-10-28,NDLS,KOTA,2025-10-28 06:51:00,2025-10-28 06:51:00,2025-10-28 07:43:00,52.8,52.8,1150.0,920.0,982.0
12952,2025-10-28,KOTA,RTM,2025-10-28 10:47:00,2025-10-28 10:47:00,2025-10-28 11:44:00,57.1,57.1,920.0,736.0,788.2
12952,2025-10-28,RTM,BRC,2025-10-28 14:48:00,2025-10-28 14:48:00,2025-10-28 15:48:00,60.3,60.3,690.0,552.0,610.6
12952,2025-10-28,BRC,ST,2025-10-28 18:52:00,2025-10-28 18:52:00,2025-10-28 20:48:00,116.5,116.5,405.2,324.2,438.1
12952,2025-10-28,ST,BCT,2025-10-28 23:52:00,2025-10-28 23:52:00,2025-10-29 01:51:00,119.8,119.8,105.1,84.1,194.0
12004,2025-10-28,NDLS,GZB,2025-10-28 05:35:00,2025-10-28 05:35:00,2025-10-28 06:19:00,44.4,44.4,1150.0,920.0,974.7
12004,2025-10-28,GZB,ALJN,2025-10-28 09:23:00,2025-10-28 09:23:00,2025-10-28 10:01:00,38.1,38.1,920.0,736.0,770.3
12004,2025-10-28,ALJN,TDL,2025-10-28 13:05:00,2025-10-28 13:05:00,2025-10-28 13:38:00,33.3,33.3,690.0,552.0,602.8
12004,2025-10-28,TDL,CNB,2025-10-28 16:42:00,2025-10-28 16:42:00,2025-10-28 17:36:00,54.9,54.9,492.3,393.8,438.7
12004,2025-10-28,CNB,LKO,2025-10-28 20:40:00,2025-10-28 20:40:00,2025-10-28 21:33:00,53.5,53.5,61.2,49.0,107.8
12626,2025-10-28,NDLS,AGC,2025-10-28 06:12:00,2025-10-28 06:12:00,2025-10-28 06:14:00,2.7,2.7,1150.0,920.0,932.8
12626,2025-10-28,AGC,VGLJ,2025-10-28 09:18:00,2025-10-28 09:18:00,2025-10-28 09:18:00,0.0,0.0,920.0,736.0,751.6
12626,2025-10-28,VGLJ,BPL,2025-10-28 12:22:00,2025-10-28 12:22:00,2025-10-28 12:25:00,3.0,3.0,690.0,552.0,565.0
12626,2025-10-28,BPL,NGP,2025-10-28 15:29:00,2025-10-28 15:29:00,2025-10-28 15:32:00,3.2,3.2,262.0,209.6,226.4
12626,2025-10-28,NGP,MAS,2025-10-28 18:36:00,2025-10-28 18:36:00,2025-10-28 18:46:00,10.2,10.2,94.2,75.4,110.3
12424,2025-10-28,NDLS,CNB,2025-10-28 06:18:00,2025-10-28 06:18:00,2025-10-28 06:18:00,0.0,0.0,1150.0,920.0,931.1
12424,2025-10-28,CNB,PRYJ,2025-10-28 09:22:00,2025-10-28 09:22:00,2025-10-28 09:22:00,0.0,0.0,920.0,736.0,742.9
12424,2025-10-28,PRYJ,DDU,2025-10-28 12:26:00,2025-10-28 12:26:00,2025-10-28 12:34:00,8.3,8.3,690.0,552.0,566.7
12424,2025-10-28,DDU,PPTA,2025-10-28 15:38:00,2025-10-28 15:38:00,2025-10-28 15:52:00,15.0,15.0,346.6,277.3,307.0
12424,2025-10-28,PPTA,GHY,2025-10-28 18:56:00,2025-10-28 18:56:00,2025-10-28 18:59:00,4.0,4.0,156.3,125.0,143.5
12260,2025-10-28,NDLS,CNB,2025-10-28 06:48:00,2025-10-28 06:48:00,2025-10-28 06:48:00,0.0,0.0,1150.0,920.0,925.0
12260,2025-10-28,CNB,PRYJ,2025-10-28 10:38:00,2025-10-28 10:38:00,2025-10-28 10:38:00,0.0,0.0,862.5,690.0,699.4
12260,2025-10-28,PRYJ,DDU,2025-10-28 14:28:00,2025-10-28 14:28:00,2025-10-28 15:12:00,44.4,44.4,537.3,429.8,478.9
12260,2025-10-28,DDU,HWH,2025-10-28 19:02:00,2025-10-28 19:02:00,2025-10-28 19:54:00,52.3,52.3,124.0,99.2,147.6
12926,2025-10-28,BCT,BRC,2025-10-28 05:41:00,2025-10-28 05:41:00,2025-10-28 05:48:00,7.9,7.9,1150.0,920.0,936.4
12926,2025-10-28,BRC,RTM,2025-10-28 08:52:00,2025-10-28 08:52:00,2025-10-28 09:07:00,15.9,15.9,920.0,736.0,766.3
12926,2025-10-28,RTM,KOTA,2025-10-28 12:11:00,2025-10-28 12:11:00,2025-10-28 12:37:00,27.0,27.0,690.0,552.0,585.7
12926,2025-10-28,KOTA,NDLS,2025-10-28 15:41:00,2025-10-28 15:41:00,2025-10-28 16:11:00,30.0,30.0,479.7,383.8,415.7
12926,2025-10-28,NDLS,ASR,2025-10-28 19:15:00,2025-10-28 19:15:00,2025-10-28 19:56:00,41.4,41.4,144.7,115.8,148.5
12627,2025-10-28,SBC,DMM,2025-10-28 05:53:00,2025-10-28 05:53:00,2025-10-28 06:06:00,13.3,13.3,1150.0,920.0,931.5
12627,2025-10-28,DMM,GTL,2025-10-28 09:10:00,2025-10-28 09:10:00,2025-10-28 09:23:00,13.7,13.7,920.0,736.0,766.5
12627,2025-10-28,GTL,SC,2025-10-28 12:27:00,2025-10-28 12:27:00,2025-10-28 12:45:00,18.5,18.5,690.0,552.0,573.8
12627,2025-10-28,SC,NGP,2025-10-28 15:49:00,2025-10-28 15:49:00,2025-10-28 16:15:00,26.7,26.7,477.2,381.8,414.9
12627,2025-10-28,NGP,NDLS,2025-10-28 19:19:00,2025-10-28 19:19:00,2025-10-28 19:47:00,28.0,28.0,103.2,82.6,132.5
12301,2025-10-29,NDLS,CNB,2025-10-29 06:15:00,2025-10-29 06:15:00,2025-10-29 06:27:00,12.2,12.2,1150.0,920.0,943.7
12301,2025-10-29,CNB,PRYJ,2025-10-29 09:31:00,2025-10-29 09:31:00,2025-10-29 09:49:00,18.2,18.2,920.0,736.0,761.2
12301,2025-10-29,PRYJ,DDU,2025-10-29 12:53:00,2025-10-29 12:53:00,2025-10-29 13:19:00,26.4,26.4,690.0,552.0,569.8
12301,2025-10-29,DDU,GKP,2025-10-29 16:23:00,2025-10-29 16:23:00,2025-10-29 16:55:00,32.1,32.1,222.8,178.2,210.1
12301,2025-10-29,GKP,HWH,2025-10-29 19:59:00,2025-10-29 19:59:00,2025-10-29 20:49:00,50.5,50.5,141.7,113.4,179.1
12302,2025-10-29,HWH,GKP,2025-10-29 06:07:00,2025-10-29 06:07:00,2025-10-29 06:46:00,39.1,39.1,1150.0,920.0,980.5
12302,2025-10-29,GKP,DDU,2025-10-29 09:50:00,2025-10-29 09:50:00,2025-10-29 11:35:00,105.9,105.9,920.0,736.0,833.4
12302,2025-10-29,DDU,PRYJ,2025-10-29 14:39:00,2025-10-29 14:39:00,2025-10-29 16:34:00,115.5,115.5,690.0,552.0,648.8
12302,2025-10-29,PRYJ,CNB,2025-10-29 19:38:00,2025-10-29 19:38:00,2025-10-29 21:44:00,126.5,126.5,518.3,414.6,520.8
12302,2025-10-29,CNB,NDLS,2025-10-30 00:48:00,2025-10-30 00:48:00,2025-10-30 02:54:00,126.5,126.5,93.7,75.0,185.5
12951,2025-10-29,BCT,ST,2025-10-29 05:52:00,2025-10-29 05:52:00,2025-10-29 05:52:00,0.0,0.0,1150.0,920.0,931.3
12951,2025-10-29,ST,BRC,2025-10-29 08:56:00,2025-10-29 08:56:00,2025-10-29 09:06:00,10.6,10.6,920.0,736.0,750.8
12951,2025-10-29,BRC,RTM,2025-10-29 12:10:00,2025-10-29 12:10:00,2025-10-29 12:25:00,15.4,15.4,690.0,552.0,595.2
12951,2025-10-29,RTM,KOTA,2025-10-29 15:29:00,2025-10-29 15:29:00,2025-10-29 15:49:00,20.9,20.9,365.3,292.2,324.6
12951,2025-10-29,KOTA,NDLS,2025-10-29 18:53:00,2025-10-29 18:53:00,2025-10-29 19:17:00,24.3,24.3,92.3,73.8,98.0
12952,2025-10-29,NDLS,KOTA,2025-10-29 06:10:00,2025-10-29 06:10:00,2025-10-29 06:10:00,0.0,0.0,1150.0,920.0,912.4
12952,2025-10-29,KOTA,RTM,2025-10-29 09:14:00,2025-10-29 09:14:00,2025-10-29 09:18:00,4.9,4.9,920.0,736.0,764.9
12952,2025-10-29,RTM,BRC,2025-10-29 12:22:00,2025-10-29 12:22:00,2025-10-29 12:26:00,4.6,4.6,690.0,552.0,563.7
12952,2025-10-29,BRC,ST,2025-10-29 15:30:00,2025-10-29 15:30:00,2025-10-29 15:43:00,13.5,13.5,488.1,390.5,420.8
12952,2025-10-29,ST,BCT,2025-10-29 18:47:00,2025-10-29 18:47:00,2025-10-29 19:02:00,15.4,15.4,112.0,89.6,116.9
12004,2025-10-29,NDLS,GZB,2025-10-29 06:02:00,2025-10-29 06:02:00,2025-10-29 06:16:00,14.5,14.5,1150.0,920.0,935.9
12004,2025-10-29,GZB,ALJN,2025-10-29 09:20:00,2025-10-29 09:20:00,2025-10-29 09:45:00,25.6,25.6,920.0,736.0,766.3
12004,2025-10-29,ALJN,TDL,2025-10-29 12:49:00,2025-10-29 12:49:00,2025-10-29 13:29:00,40.2,40.2,690.0,552.0,620.7
12004,2025-10-29,TDL,CNB,2025-10-29 16:33:00,2025-10-29 16:33:00,2025-10-29 17:17:00,44.5,44.5,538.3,430.6,483.7
12004,2025-10-29,CNB,LKO,2025-10-29 20:21:00,2025-10-29 20:21:00,2025-10-29 21:14:00,53.1,53.1,62.2,49.8,108.9
12626,2025-10-29,NDLS,AGC,2025-10-29 05:36:00,2025-10-29 05:36:00,2025-10-29 05:56:00,20.8,20.8,1150.0,920.0,956.7
12626,2025-10-29,AGC,VGLJ,2025-10-29 09:00:00,2025-10-29 09:00:00,2025-10-29 09:19:00,19.8,19.8,920.0,736.0,775.6
12626,2025-10-29,VGLJ,BPL,2025-10-29 12:23:00,2025-10-29 12:23:00,2025-10-29 12:51:00,28.2,28.2,690.0,552.0,591.9
12626,2025-10-29,BPL,NGP,2025-10-29 15:55:00,2025-10-29 15:55:00,2025-10-29 16:36:00,41.5,41.5,230.2,184.2,235.2
12626,2025-10-29,NGP,MAS,2025-10-29 19:40:00,2025-10-29 19:40:00,2025-10-29 20:17:00,37.7,37.7,54.3,43.4,75.8
12424,2025-10-29,NDLS,CNB,2025-10-29 05:50:00,2025-10-29 05:50:00,2025-10-29 06:27:00,37.2,37.2,1150.0,920.0,968.2
12424,2025-10-29,CNB,PRYJ,2025-10-29 09:31:00,2025-10-29 09:31:00,2025-10-29 10:14:00,43.6,43.6,920.0,736.0,780.6
12424,2025-10-29,PRYJ,DDU,2025-10-29 13:18:00,2025-10-29 13:18:00,2025-10-29 14:09:00,51.8,51.8,690.0,552.0,604.8
12424,2025-10-29,DDU,PPTA,2025-10-29 17:13:00,2025-10-29 17:13:00,2025-10-29 18:10:00,57.2,57.2,266.6,213.3,262.5
12424,2025-10-29,PPTA,GHY,2025-10-29 21:14:00,2025-10-29 21:14:00,2025-10-29 22:16:00,62.3,62.3,136.5,109.2,167.8
12260,2025-10-29,NDLS,CNB,2025-10-29 06:11:00,2025-10-29 06:11:00,2025-10-29 06:11:00,0.0,0.0,1150.0,920.0,931.9
12260,2025-10-29,CNB,PRYJ,2025-10-29 10:01:00,2025-10-29 10:01:00,2025-10-29 10:01:00,0.0,0.0,862.5,690.0,700.9
12260,2025-10-29,PRYJ,DDU,2025-10-29 13:51:00,2025-10-29 13:51:00,2025-10-29 13:59:00,8.9,8.9,360.4,288.3,303.8
12260,2025-10-29,DDU,HWH,2025-10-29 17:49:00,2025-10-29 17:49:00,2025-10-29 18:37:00,48.3,48.3,165.9,132.7,175.6
12926,2025-10-29,BCT,BRC,2025-10-29 06:26:00,2025-10-29 06:26:00,2025-10-29 07:22:00,56.4,56.4,1150.0,920.0,965.6
12926,2025-10-29,BRC,RTM,2025-10-29 10:26:00,2025-10-29 10:26:00,2025-10-29 11:20:00,54.4,54.4,920.0,736.0,796.6
12926,2025-10-29,RTM,KOTA,2025-10-29 14:24:00,2025-10-29 14:24:00,2025-10-29 15:22:00,58.5,58.5,690.0,552.0,610.7
12926,2025-10-29,KOTA,NDLS,2025-10-29 18:26:00,2025-10-29 18:26:00,2025-10-29 19:28:00,62.4,62.4,230.2,184.2,256.1
12926,2025-10-29,NDLS,ASR,2025-10-29 22:32:00,2025-10-29 22:32:00,2025-10-29 23:46:00,74.4,74.4,53.2,42.6,131.5
12627,2025-10-29,SBC,DMM,2025-10-29 06:35:00,2025-10-29 06:35:00,2025-10-29 06:45:00,10.7,10.7,1150.0,920.0,930.3
12627,2025-10-29,DMM,GTL,2025-10-29 09:49:00,2025-10-29 09:49:00,2025-10-29 10:46:00,57.8,57.8,920.0,736.0,795.2
12627,2025-10-29,GTL,SC,2025-10-29 13:50:00,2025-10-29 13:50:00,2025-10-29 14:50:00,60.9,60.9,690.0,552.0,605.7
12627,2025-10-29,SC,NGP,2025-10-29 17:54:00,2025-10-29 17:54:00,2025-10-29 18:47:00,53.2,53.2,303.7,243.0,303.8
12627,2025-10-29,NGP,NDLS,2025-10-29 21:51:00,2025-10-29 21:51:00,2025-10-29 22:55:00,64.0,64.0,144.6,115.7,176.3
12301,2025-10-30,NDLS,CNB,2025-10-30 05:38:00,2025-10-30 05:38:00,2025-10-30 05:46:00,8.6,8.6,1150.0,920.0,931.2
12301,2025-10-30,CNB,PRYJ,2025-10-30 08:50:00,2025-10-30 08:50:00,2025-10-30 09:01:00,11.6,11.6,920.0,736.0,748.8
12301,2025-10-30,PRYJ,DDU,2025-10-30 12:05:00,2025-10-30 12:05:00,2025-10-30 12:26:00,21.4,21.4,690.0,552.0,577.5
12301,2025-10-30,DDU,GKP,2025-10-30 15:30:00,2025-10-30 15:30:00,2025-10-30 16:03:00,33.3,33.3,242.2,193.8,234.2
12301,2025-10-30,GKP,HWH,2025-10-30 19:07:00,2025-10-30 19:07:00,2025-10-30 19:50:00,43.8,43.8,114.2,91.4,127.6
12302,2025-10-30,HWH,GKP,2025-10-30 06:07:00,2025-10-30 06:07:00,2025-10-30 06:07:00,0.6,0.6,1150.0,920.0,924.7
12302,2025-10-30,GKP,DDU,2025-10-30 09:11:00,2025-10-30 09:11:00,2025-10-30 09:12:00,1.3,1.3,920.0,736.0,734.4
12302,2025-10-30,DDU,PRYJ,2025-10-30 12:16:00,2025-10-30 12:16:00,2025-10-30 12:35:00,19.1,19.1,690.0,552.0,592.4
12302,2025-10-30,PRYJ,CNB,2025-10-30 15:39:00,2025-10-30 15:39:00,2025-10-30 16:15:00,36.0,36.0,433.6,346.9,368.6
12302,2025-10-30,CNB,NDLS,2025-10-30 19:19:00,2025-10-30 19:19:00,2025-10-30 19:56:00,37.2,37.2,156.9,125.5,155.6
12951,2025-10-30,BCT,ST,2025-10-30 06:15:00,2025-10-30 06:15:00,2025-10-30 06:17:00,2.4,2.4,1150.0,920.0,947.4
12951,2025-10-30,ST,BRC,2025-10-30 09:21:00,2025-10-30 09:21:00,2025-10-30 09:26:00,5.9,5.9,920.0,736.0,770.7
12951,2025-10-30,BRC,RTM,2025-10-30 12:30:00,2025-10-30 12:30:00,2025-10-30 12:31:00,1.3,1.3,690.0,552.0,570.3
12951,2025-10-30,RTM,KOTA,2025-10-30 15:35:00,2025-10-30 15:35:00,2025-10-30 15:37:00,2.6,2.6,234.6,187.7,214.9
12951,2025-10-30,KOTA,NDLS,2025-10-30 18:41:00,2025-10-30 18:41:00,2025-10-30 19:09:00,28.8,28.8,103.7,83.0,119.8
12952,2025-10-30,NDLS,KOTA,2025-10-30 05:40:00,2025-10-30 05:40:00,2025-10-30 05:54:00,14.6,14.6,1150.0,920.0,931.2
12952,2025-10-30,KOTA,RTM,2025-10-30 08:58:00,2025-10-30 08:58:00,2025-10-30 09:20:00,22.6,22.6,920.0,736.0,764.7
12952,2025-10-30,RTM,BRC,2025-10-30 12:24:00,2025-10-30 12:24:00,2025-10-30 12:52:00,28.9,28.9,690.0,552.0,584.4
12952,2025-10-30,BRC,ST,2025-10-30 15:56:00,2025-10-30 15:56:00,2025-10-30 16:25:00,29.5,29.5,331.3,265.0,298.2
12952,2025-10-30,ST,BCT,2025-10-30 19:29:00,2025-10-30 19:29:00,2025-10-30 19:49:00,20.1,20.1,96.7,77.4,105.7
12004,2025-10-30,NDLS,GZB,2025-10-30 06:04:00,2025-10-30 06:04:00,2025-10-30 06:10:00,6.1,6.1,1150.0,920.0,932.4
12004,2025-10-30,GZB,ALJN,2025-10-30 09:14:00,2025-10-30 09:14:00,2025-10-30 10:20:00,66.2,66.2,920.0,736.0,796.5
12004,2025-10-30,ALJN,TDL,2025-10-30 13:24:00,2025-10-30 13:24:00,2025-10-30 14:39:00,76.0,76.0,690.0,552.0,624.7
12004,2025-10-30,TDL,CNB,2025-10-30 17:43:00,2025-10-30 17:43:00,2025-10-30 18:58:00,75.3,75.3,510.0,408.0,478.7
12004,2025-10-30,CNB,LKO,2025-10-30 22:02:00,2025-10-30 22:02:00,2025-10-30 23:26:00,84.8,84.8,54.0,43.2,123.6
12626,2025-10-30,NDLS,AGC,2025-10-30 06:51:00,2025-10-30 06:51:00,2025-10-30 06:51:00,0.0,0.0,1150.0,920.0,934.0
12626,2025-10-30,AGC,VGLJ,2025-10-30 09:55:00,2025-10-30 09:55:00,2025-10-30 10:04:00,9.5,9.5,920.0,736.0,760.1
12626,2025-10-30,VGLJ,BPL,2025-10-30 13:08:00,2025-10-30 13:08:00,2025-10-30 13:15:00,7.3,7.3,690.0,552.0,577.4
12626,2025-10-30,BPL,NGP,2025-10-30 16:19:00,2025-10-30 16:19:00,2025-10-30 16:38:00,19.9,19.9,478.7,383.0,410.0
12626,2025-10-30,NGP,MAS,2025-10-30 19:42:00,2025-10-30 19:42:00,2025-10-30 20:27:00,45.6,45.6,79.7,63.8,100.2
12424,2025-10-30,NDLS,CNB,2025-10-30 06:51:00,2025-10-30 06:51:00,2025-10-30 07:01:00,10.1,10.1,1150.0,920.0,930.9
12424,2025-10-30,CNB,PRYJ,2025-10-30 10:05:00,2025-10-30 10:05:00,2025-10-30 10:19:00,14.9,14.9,920.0,736.0,768.0
12424,2025-10-30,PRYJ,DDU,2025-10-30 13:23:00,2025-10-30 13:23:00,2025-10-30 14:39:00,76.8,76.8,690.0,552.0,616.8
12424,2025-10-30,DDU,PPTA,2025-10-30 17:43:00,2025-10-30 17:43:00,2025-10-30 19:07:00,85.0,85.0,430.1,344.1,415.8
12424,2025-10-30,PPTA,GHY,2025-10-30 22:11:00,2025-10-30 22:11:00,2025-10-30 23:45:00,94.7,94.7,130.3,104.2,195.5
12260,2025-10-30,NDLS,CNB,2025-10-30 06:06:00,2025-10-30 06:06:00,2025-10-30 06:23:00,17.4,17.4,1150.0,920.0,931.3
12260,2025-10-30,CNB,PRYJ,2025-10-30 10:13:00,2025-10-30 10:13:00,2025-10-30 10:42:00,29.8,29.8,862.5,690.0,727.7
12260,2025-10-30,PRYJ,DDU,2025-10-30 14:32:00,2025-10-30 14:32:00,2025-10-30 15:34:00,62.1,62.1,301.1,240.9,304.4
12260,2025-10-30,DDU,HWH,2025-10-30 19:24:00,2025-10-30 19:24:00,2025-10-30 21:14:00,110.3,110.3,95.0,76.0,187.2
12926,2025-10-30,BCT,BRC,2025-10-30 05:42:00,2025-10-30 05:42:00,2025-10-30 06:06:00,24.6,24.6,1150.0,920.0,951.8
12926,2025-10-30,BRC,RTM,2025-10-30 09:10:00,2025-10-30 09:10:00,2025-10-30 09:36:00,26.0,26.0,920.0,736.0,775.9
12926,2025-10-30,RTM,KOTA,2025-10-30 12:40:00,2025-10-30 12:40:00,2025-10-30 13:26:00,46.7,46.7,690.0,552.0,590.6
12926,2025-10-30,KOTA,NDLS,2025-10-30 16:30:00,2025-10-30 16:30:00,2025-10-30 17:20:00,50.6,50.6,533.1,426.5,475.8
12926,2025-10-30,NDLS,ASR,2025-10-30 20:24:00,2025-10-30 20:24:00,2025-10-30 21:06:00,42.8,42.8,124.2,99.4,135.3
12627,2025-10-30,SBC,DMM,2025-10-30 05:52:00,2025-10-30 05:52:00,2025-10-30 06:22:00,30.8,30.8,1150.0,920.0,970.4
12627,2025-10-30,DMM,GTL,2025-10-30 09:26:00,2025-10-30 09:26:00,2025-10-30 09:55:00,29.9,29.9,920.0,736.0,764.2
12627,2025-10-30,GTL,SC,2025-10-30 12:59:00,2025-10-30 12:59:00,2025-10-30 13:39:00,40.6,40.6,690.0,552.0,608.8
12627,2025-10-30,SC,NGP,2025-10-30 16:43:00,2025-10-30 16:43:00,2025-10-30 17:40:00,57.2,57.2,237.2,189.8,236.9
12627,2025-10-30,NGP,NDLS,2025-10-30 20:44:00,2025-10-30 20:44:00,2025-10-30 21:57:00,73.6,73.6,167.7,134.2,198.9
12301,2025-10-31,NDLS,CNB,2025-10-31 05:34:00,2025-10-31 05:34:00,2025-10-31 05:43:00,9.5,9.5,1150.0,920.0,948.9
12301,2025-10-31,CNB,PRYJ,2025-10-31 08:47:00,2025-10-31 08:47:00,2025-10-31 09:05:00,18.6,18.6,920.0,736.0,766.3
12301,2025-10-31,PRYJ,DDU,2025-10-31 12:09:00,2025-10-31 12:09:00,2025-10-31 12:22:00,13.1,13.1,690.0,552.0,565.8
12301,2025-10-31,DDU,GKP,2025-10-31 15:26:00,2025-10-31 15:26:00,2025-10-31 15:32:00,6.1,6.1,276.7,221.4,235.6
12301,2025-10-31,GKP,HWH,2025-10-31 18:36:00,2025-10-31 18:36:00,2025-10-31 18:43:00,7.9,7.9,135.1,108.1,130.6
12302,2025-10-31,HWH,GKP,2025-10-31 06:03:00,2025-10-31 06:03:00,2025-10-31 06:43:00,40.8,40.8,1150.0,920.0,970.6
12302,2025-10-31,GKP,DDU,2025-10-31 09:47:00,2025-10-31 09:47:00,2025-10-31 10:20:00,34.0,34.0,920.0,736.0,779.6
12302,2025-10-31,DDU,PRYJ,2025-10-31 13:24:00,2025-10-31 13:24:00,2025-10-31 13:54:00,30.3,30.3,690.0,552.0,594.9
12302,2025-10-31,PRYJ,CNB,2025-10-31 16:58:00,2025-10-31 16:58:00,2025-10-31 17:30:00,32.9,32.9,320.2,256.2,298.9
12302,2025-10-31,CNB,NDLS,2025-10-31 20:34:00,2025-10-31 20:34:00,2025-10-31 21:07:00,33.6,33.6,157.1,125.7,167.1
12951,2025-10-31,BCT,ST,2025-10-31 06:40:00,2025-10-31 06:40:00,2025-10-31 06:43:00,3.4,3.4,1150.0,920.0,911.5
12951,2025-10-31,ST,BRC,2025-10-31 09:47:00,2025-10-31 09:47:00,2025-10-31 09:55:00,8.2,8.2,920.0,736.0,748.1
12951,2025-10-31,BRC,RTM,2025-10-31 12:59:00,2025-10-31 12:59:00,2025-10-31 13:14:00,15.2,15.2,690.0,552.0,577.7
12951,2025-10-31,RTM,KOTA,2025-10-31 16:18:00,2025-10-31 16:18:00,2025-10-31 16:31:00,13.4,13.4,430.6,344.5,355.6
12951,2025-10-31,KOTA,NDLS,2025-10-31 19:35:00,2025-10-31 19:35:00,2025-10-31 19:47:00,12.8,12.8,62.3,49.8,72.0
12952,2025-10-31,NDLS,KOTA,2025-10-31 06:02:00,2025-10-31 06:02:00,2025-10-31 06:10:00,8.2,8.2,1150.0,920.0,942.5
12952,2025-10-31,KOTA,RTM,2025-10-31 09:14:00,2025-10-31 09:14:00,2025-10-31 09:17:00,3.1,3.1,920.0,736.0,739.4
12952,2025-10-31,RTM,BRC,2025-10-31 12:21:00,2025-10-31 12:21:00,2025-10-31 12:23:00,2.9,2.9,690.0,552.0,565.5
12952,2025-10-31,BRC,ST,2025-10-31 15:27:00,2025-10-31 15:27:00,2025-10-31 15:43:00,16.0,16.0,529.2,423.4,434.7
12952,2025-10-31,ST,BCT,2025-10-31 18:47:00,2025-10-31 18:47:00,2025-10-31 19:01:00,14.9,14.9,57.6,46.1,68.1
12004,2025-10-31,NDLS,GZB,2025-10-31 06:20:00,2025-10-31 06:20:00,2025-10-31 06:24:00,4.8,4.8,1150.0,920.0,914.0
12004,2025-10-31,GZB,ALJN,2025-10-31 09:28:00,2025-10-31 09:28:00,2025-10-31 09:42:00,15.0,15.0,920.0,736.0,748.9
12004,2025-10-31,ALJN,TDL,2025-10-31 12:46:00,2025-10-31 12:46:00,2025-10-31 13:09:00,23.2,23.2,690.0,552.0,562.0
12004,2025-10-31,TDL,CNB,2025-10-31 16:13:00,2025-10-31 16:13:00,2025-10-31 16:31:00,18.6,18.6,414.5,331.6,361.8
12004,2025-10-31,CNB,LKO,2025-10-31 19:35:00,2025-10-31 19:35:00,2025-10-31 19:58:00,23.2,23.2,126.8,101.4,127.1
12626,2025-10-31,NDLS,AGC,2025-10-31 05:43:00,2025-10-31 05:43:00,2025-10-31 06:35:00,52.4,52.4,1150.0,920.0,981.8
12626,2025-10-31,AGC,VGLJ,2025-10-31 09:39:00,2025-10-31 09:39:00,2025-10-31 10:28:00,49.8,49.8,920.0,736.0,797.2
12626,2025-10-31,VGLJ,BPL,2025-10-31 13:32:00,2025-10-31 13:32:00,2025-10-31 14:18:00,46.2,46.2,690.0,552.0,612.7
12626,2025-10-31,BPL,NGP,2025-10-31 17:22:00,2025-10-31 17:22:00,2025-10-31 18:43:00,81.0,81.0,543.7,435.0,518.9
12626,2025-10-31,NGP,MAS,2025-10-31 21:47:00,2025-10-31 21:47:00,2025-10-31 23:04:00,77.7,77.7,52.9,42.3,130.4
12424,2025-10-31,NDLS,CNB,2025-10-31 05:39:00,2025-10-31 05:39:00,2025-10-31 05:45:00,6.9,6.9,1150.0,920.0,933.5
12424,2025-10-31,CNB,PRYJ,2025-10-31 08:49:00,2025-10-31 08:49:00,2025-10-31 08:49:00,0.0,0.0,920.0,736.0,745.0
12424,2025-10-31,PRYJ,DDU,2025-10-31 11:53:00,2025-10-31 11:53:00,2025-10-31 11:54:00,1.8,1.8,690.0,552.0,574.4
12424,2025-10-31,DDU,PPTA,2025-10-31 14:58:00,2025-10-31 14:58:00,2025-10-31 15:06:00,8.8,8.8,365.6,292.5,306.5
12424,2025-10-31,PPTA,GHY,2025-10-31 18:10:00,2025-10-31 18:10:00,2025-10-31 18:26:00,16.3,16.3,74.6,59.7,89.1
12260,2025-10-31,NDLS,CNB,2025-10-31 06:44:00,2025-10-31 06:44:00,2025-10-31 06:44:00,0.0,0.0,1150.0,920.0,934.7
12260,2025-10-31,CNB,PRYJ,2025-10-31 10:34:00,2025-10-31 10:34:00,2025-10-31 10:34:00,0.9,0.9,862.5,690.0,693.6
12260,2025-10-31,PRYJ,DDU,2025-10-31 14:24:00,2025-10-31 14:24:00,2025-10-31 14:24:00,0.0,0.0,377.3,301.8,329.0
12260,2025-10-31,DDU,HWH,2025-10-31 18:14:00,2025-10-31 18:14:00,2025-10-31 18:17:00,3.9,3.9,147.1,117.7,143.1
12926,2025-10-31,BCT,BRC,2025-10-31 06:09:00,2025-10-31 06:09:00,2025-10-31 06:12:00,3.4,3.4,1150.0,920.0,943.8
12926,2025-10-31,BRC,RTM,2025-10-31 09:16:00,2025-10-31 09:16:00,2025-10-31 09:21:00,5.5,5.5,920.0,736.0,761.9
12926,2025-10-31,RTM,KOTA,2025-10-31 12:25:00,2025-10-31 12:25:00,2025-10-31 12:34:00,9.4,9.4,690.0,552.0,579.2
12926,2025-10-31,KOTA,NDLS,2025-10-31 15:38:00,2025-10-31 15:38:00,2025-10-31 15:43:00,5.6,5.6,491.1,392.9,414.9
12926,2025-10-31,NDLS,ASR,2025-10-31 18:47:00,2025-10-31 18:47:00,2025-10-31 19:09:00,22.5,22.5,147.9,118.3,139.5
12627,2025-10-31,SBC,DMM,2025-10-31 06:19:00,2025-10-31 06:19:00,2025-10-31 06:39:00,20.3,20.3,1150.0,920.0,939.9
12627,2025-10-31,DMM,GTL,2025-10-31 09:43:00,2025-10-31 09:43:00,2025-10-31 10:05:00,22.6,22.6,920.0,736.0,767.0
12627,2025-10-31,GTL,SC,2025-10-31 13:09:00,2025-10-31 13:09:00,2025-10-31 13:45:00,36.1,36.1,690.0,552.0,596.4
12627,2025-10-31,SC,NGP,2025-10-31 16:49:00,2025-10-31 16:49:00,2025-10-31 17:16:00,27.9,27.9,424.1,339.3,364.1
12627,2025-10-31,NGP,NDLS,2025-10-31 20:20:00,2025-10-31 20:20:00,2025-10-31 20:48:00,28.9,28.9,100.5,80.4,109.5
12301,2025-11-01,NDLS,CNB,2025-11-01 05:45:00,2025-11-01 05:45:00,2025-11-01 06:00:00,15.2,15.2,1150.0,920.0,946.7
12301,2025-11-01,CNB,PRYJ,2025-11-01 09:04:00,2025-11-01 09:04:00,2025-11-01 09:18:00,14.3,14.3,920.0,736.0,756.1
12301,2025-11-01,PRYJ,DDU,2025-11-01 12:22:00,2025-11-01 12:22:00,2025-11-01 12:44:00,22.4,22.4,690.0,552.0,588.6
12301,2025-11-01,DDU,GKP,2025-11-01 15:48:00,2025-11-01 15:48:00,2025-11-01 16:14:00,26.4,26.4,503.3,402.6,440.9
12301,2025-11-01,GKP,HWH,2025-11-01 19:18:00,2025-11-01 19:18:00,2025-11-01 20:05:00,47.6,47.6,120.0,96.0,144.3
12302,2025-11-01,HWH,GKP,2025-11-01 06:10:00,2025-11-01 06:10:00,2025-11-01 07:00:00,50.1,50.1,1150.0,920.0,971.6
12302,2025-11-01,GKP,DDU,2025-11-01 10:04:00,2025-11-01 10:04:00,2025-11-01 10:54:00,50.5,50.5,920.0,736.0,789.5
12302,2025-11-01,DDU,PRYJ,2025-11-01 13:58:00,2025-11-01 13:58:00,2025-11-01 15:49:00,111.5,111.5,690.0,552.0,646.5
12302,2025-11-01,PRYJ,CNB,2025-11-01 18:53:00,2025-11-01 18:53:00,2025-11-01 21:44:00,171.6,171.6,263.0,210.4,356.3
12302,2025-11-01,CNB,NDLS,2025-11-02 00:48:00,2025-11-02 00:48:00,2025-11-02 03:41:00,173.3,173.3,82.1,65.7,217.6
12951,2025-11-01,BCT,ST,2025-11-01 05:48:00,2025-11-01 05:48:00,2025-11-01 05:48:00,0.0,0.0,1150.0,920.0,947.3
12951,2025-11-01,ST,BRC,2025-11-01 08:52:00,2025-11-01 08:52:00,2025-11-01 09:52:00,61.0,61.0,920.0,736.0,800.4
12951,2025-11-01,BRC,RTM,2025-11-01 12:56:00,2025-11-01 12:56:00,2025-11-01 14:03:00,67.1,67.1,690.0,552.0,617.0
12951,2025-11-01,RTM,KOTA,2025-11-01 17:07:00,2025-11-01 17:07:00,2025-11-01 18:10:00,63.5,63.5,266.7,213.4,287.0
12951,2025-11-01,KOTA,NDLS,2025-11-01 21:14:00,2025-11-01 21:14:00,2025-11-01 22:19:00,65.8,65.8,175.1,140.1,213.9
12952,2025-11-01,NDLS,KOTA,2025-11-01 06:09:00,2025-11-01 06:09:00,2025-11-01 06:27:00,18.2,18.2,1150.0,920.0,945.2
12952,2025-11-01,KOTA,RTM,2025-11-01 09:31:00,2025-11-01 09:31:00,2025-11-01 09:45:00,14.6,14.6,920.0,736.0,759.3
12952,2025-11-01,RTM,BRC,2025-11-01 12:49:00,2025-11-01 12:49:00,2025-11-01 13:09:00,20.1,20.1,690.0,552.0,578.7
12952,2025-11-01,BRC,ST,2025-11-01 16:13:00,2025-11-01 16:13:00,2025-11-01 16:37:00,24.9,24.9,221.0,176.8,209.8
12952,2025-11-01,ST,BCT,2025-11-01 19:41:00,2025-11-01 19:41:00,2025-11-01 20:10:00,29.1,29.1,149.5,119.6,144.1
12004,2025-11-01,NDLS,GZB,2025-11-01 05:42:00,2025-11-01 05:42:00,2025-11-01 06:07:00,25.2,25.2,1150.0,920.0,956.1
12004,2025-11-01,GZB,ALJN,2025-11-01 09:11:00,2025-11-01 09:11:00,2025-11-01 09:40:00,29.3,29.3,920.0,736.0,770.4
12004,2025-11-01,ALJN,TDL,2025-11-01 12:44:00,2025-11-01 12:44:00,2025-11-01 13:06:00,22.8,22.8,690.0,552.0,580.9
12004,2025-11-01,TDL,CNB,2025-11-01 16:10:00,2025-11-01 16:10:00,2025-11-01 16:41:00,31.5,31.5,270.6,216.5,251.6
12004,2025-11-01,CNB,LKO,2025-11-01 19:45:00,2025-11-01 19:45:00,2025-11-01 20:26:00,41.4,41.4,134.7,107.8,159.3
12626,2025-11-01,NDLS,AGC,2025-11-01 06:53:00,2025-11-01 06:53:00,2025-11-01 07:38:00,45.6,45.6,1150.0,920.0,966.5
12626,2025-11-01,AGC,VGLJ,2025-11-01 10:42:00,2025-11-01 10:42:00,2025-11-01 11:30:00,48.1,48.1,920.0,736.0,772.4
12626,2025-11-01,VGLJ,BPL,2025-11-01 14:34:00,2025-11-01 14:34:00,2025-11-01 15:34:00,60.9,60.9,690.0,552.0,612.0
12626,2025-11-01,BPL,NGP,2025-11-01 18:38:00,2025-11-01 18:38:00,2025-11-01 19:43:00,65.1,65.1,520.2,416.2,478.2
12626,2025-11-01,NGP,MAS,2025-11-01 22:47:00,2025-11-01 22:47:00,2025-11-02 00:02:00,75.4,75.4,92.1,73.7,147.6
12424,2025-11-01,NDLS,CNB,2025-11-01 06:29:00,2025-11-01 06:29:00,2025-11-01 06:51:00,22.6,22.6,1150.0,920.0,928.3
12424,2025-11-01,CNB,PRYJ,2025-11-01 09:55:00,2025-11-01 09:55:00,2025-11-01 10:16:00,21.7,21.7,920.0,736.0,758.9
12424,2025-11-01,PRYJ,DDU,2025-11-01 13:20:00,2025-11-01 13:20:00,2025-11-01 13:39:00,19.5,19.5,690.0,552.0,595.0
12424,2025-11-01,DDU,PPTA,2025-11-01 16:43:00,2025-11-01 16:43:00,2025-11-01 17:14:00,31.9,31.9,242.1,193.7,231.4
12424,2025-11-01,PPTA,GHY,2025-11-01 20:18:00,2025-11-01 20:18:00,2025-11-01 20:58:00,40.8,40.8,166.7,133.4,180.9
12260,2025-11-01,NDLS,CNB,2025-11-01 06:50:00,2025-11-01 06:50:00,2025-11-01 07:10:00,20.9,20.9,1150.0,920.0,943.9
12260,2025-11-01,CNB,PRYJ,2025-11-01 11:00:00,2025-11-01 11:00:00,2025-11-01 11:18:00,18.9,18.9,862.5,690.0,704.8
12260,2025-11-01,PRYJ,DDU,2025-11-01 15:08:00,2025-11-01 15:08:00,2025-11-01 15:55:00,47.1,47.1,443.6,354.9,399.0
12260,2025-11-01,DDU,HWH,2025-11-01 19:45:00,2025-11-01 19:45:00,2025-11-01 20:34:00,49.9,49.9,165.1,132.1,175.7
12926,2025-11-01,BCT,BRC,2025-11-01 06:16:00,2025-11-01 06:16:00,2025-11-01 07:12:00,56.8,56.8,1150.0,920.0,985.3
12926,2025-11-01,BRC,RTM,2025-11-01 10:16:00,2025-11-01 10:16:00,2025-11-01 11:18:00,62.6,62.6,920.0,736.0,810.2
12926,2025-11-01,RTM,KOTA,2025-11-01 14:22:00,2025-11-01 14:22:00,2025-11-01 15:41:00,79.4,79.4,690.0,552.0,632.5
12926,2025-11-01,KOTA,NDLS,2025-11-01 18:45:00,2025-11-01 18:45:00,2025-11-01 20:07:00,82.4,82.4,504.2,403.4,474.3
12926,2025-11-01,NDLS,ASR,2025-11-01 23:11:00,2025-11-01 23:11:00,2025-11-02 00:42:00,91.7,91.7,82.5,66.0,158.9
12627,2025-11-01,SBC,DMM,2025-11-01 05:39:00,2025-11-01 05:39:00,2025-11-01 07:29:00,110.2,110.2,1150.0,920.0,1019.2
12627,2025-11-01,DMM,GTL,2025-11-01 10:33:00,2025-11-01 10:33:00,2025-11-01 12:24:00,111.7,111.7,920.0,736.0,846.0
12627,2025-11-01,GTL,SC,2025-11-01 15:28:00,2025-11-01 15:28:00,2025-11-01 17:13:00,106.0,106.0,690.0,552.0,647.3
12627,2025-11-01,SC,NGP,2025-11-01 20:17:00,2025-11-01 20:17:00,2025-11-01 22:16:00,119.2,119.2,370.8,296.6,417.2
12627,2025-11-01,NGP,NDLS,2025-11-02 01:20:00,2025-11-02 01:20:00,2025-11-02 03:24:00,124.8,124.8,85.8,68.6,167.7
12301,2025-11-02,NDLS,CNB,2025-11-02 06:34:00,2025-11-02 06:34:00,2025-11-02 06:34:00,0.3,0.3,1150.0,920.0,923.8
12301,2025-11-02,CNB,PRYJ,2025-11-02 09:38:00,2025-11-02 09:38:00,2025-11-02 09:38:00,0.0,0.0,920.0,736.0,756.9
12301,2025-11-02,PRYJ,DDU,2025-11-02 12:42:00,2025-11-02 12:42:00,2025-11-02 12:43:00,1.2,1.2,690.0,552.0,560.1
12301,2025-11-02,DDU,GKP,2025-11-02 15:47:00,2025-11-02 15:47:00,2025-11-02 15:52:00,5.2,5.2,356.0,284.8,296.3
12301,2025-11-02,GKP,HWH,2025-11-02 18:56:00,2025-11-02 18:56:00,2025-11-02 19:01:00,5.8,5.8,141.9,113.5,128.0
12302,2025-11-02,HWH,GKP,2025-11-02 06:14:00,2025-11-02 06:14:00,2025-11-02 06:14:00,0.0,0.0,1150.0,920.0,928.0
12302,2025-11-02,GKP,DDU,2025-11-02 09:18:00,2025-11-02 09:18:00,2025-11-02 09:19:00,1.1,1.1,920.0,736.0,750.0
12302,2025-11-02,DDU,PRYJ,2025-11-02 12:23:00,2025-11-02 12:23:00,2025-11-02 12:42:00,19.8,19.8,690.0,552.0,582.5
12302,2025-11-02,PRYJ,CNB,2025-11-02 15:46:00,2025-11-02 15:46:00,2025-11-02 16:40:00,54.7,54.7,361.2,289.0,352.5
12302,2025-11-02,CNB,NDLS,2025-11-02 19:44:00,2025-11-02 19:44:00,2025-11-02 20:37:00,53.9,53.9,175.2,140.2,219.3
12951,2025-11-02,BCT,ST,2025-11-02 05:59:00,2025-11-02 05:59:00,2025-11-02 06:16:00,17.4,17.4,1150.0,920.0,940.8
12951,2025-11-02,ST,BRC,2025-11-02 09:20:00,2025-11-02 09:20:00,2025-11-02 09:36:00,16.8,16.8,920.0,736.0,763.9
12951,2025-11-02,BRC,RTM,2025-11-02 12:40:00,2025-11-02 12:40:00,2025-11-02 13:06:00,26.7,26.7,690.0,552.0,578.8
12951,2025-11-02,RTM,KOTA,2025-11-02 16:10:00,2025-11-02 16:10:00,2025-11-02 16:52:00,42.3,42.3,498.9,399.1,446.8
12951,2025-11-02,KOTA,NDLS,2025-11-02 19:56:00,2025-11-02 19:56:00,2025-11-02 20:37:00,41.6,41.6,90.7,72.6,127.0
12952,2025-11-02,NDLS,KOTA,2025-11-02 06:06:00,2025-11-02 06:06:00,2025-11-02 06:18:00,12.8,12.8,1150.0,920.0,928.7
12952,2025-11-02,KOTA,RTM,2025-11-02 09:22:00,2025-11-02 09:22:00,2025-11-02 09:33:00,11.7,11.7,920.0,736.0,762.2
12952,2025-11-02,RTM,BRC,2025-11-02 12:37:00,2025-11-02 12:37:00,2025-11-02 13:11:00,34.4,34.4,690.0,552.0,593.8
12952,2025-11-02,BRC,ST,2025-11-02 16:15:00,2025-11-02 16:15:00,2025-11-02 17:22:00,67.1,67.1,417.8,334.2,385.0
12952,2025-11-02,ST,BCT,2025-11-02 20:26:00,2025-11-02 20:26:00,2025-11-02 21:38:00,72.5,72.5,69.4,55.5,116.7
12004,2025-11-02,NDLS,GZB,2025-11-02 06:56:00,2025-11-02 06:56:00,2025-11-02 06:57:00,1.5,1.5,1150.0,920.0,933.7
12004,2025-11-02,GZB,ALJN,2025-11-02 10:01:00,2025-11-02 10:01:00,2025-11-02 10:04:00,3.1,3.1,920.0,736.0,749.7
12004,2025-11-02,ALJN,TDL,2025-11-02 13:08:00,2025-11-02 13:08:00,2025-11-02 13:18:00,10.6,10.6,690.0,552.0,575.4
12004,2025-11-02,TDL,CNB,2025-11-02 16:22:00,2025-11-02 16:22:00,2025-11-02 16:31:00,9.4,9.4,276.2,221.0,231.7
12004,2025-11-02,CNB,LKO,2025-11-02 19:35:00,2025-11-02 19:35:00,2025-11-02 19:52:00,17.8,17.8,173.2,138.6,154.8
12626,2025-11-02,NDLS,AGC,2025-11-02 05:57:00,2025-11-02 05:57:00,2025-11-02 06:26:00,29.2,29.2,1150.0,920.0,970.1
12626,2025-11-02,AGC,VGLJ,2025-11-02 09:30:00,2025-11-02 09:30:00,2025-11-02 10:00:00,30.7,30.7,920.0,736.0,778.0
12626,2025-11-02,VGLJ,BPL,2025-11-02 13:04:00,2025-11-02 13:04:00,2025-11-02 13:35:00,31.8,31.8,690.0,552.0,599.1
12626,2025-11-02,BPL,NGP,2025-11-02 16:39:00,2025-11-02 16:39:00,2025-11-02 17:14:00,35.4,35.4,387.2,309.8,338.7
12626,2025-11-02,NGP,MAS,2025-11-02 20:18:00,2025-11-02 20:18:00,2025-11-02 20:55:00,37.6,37.6,112.5,90.0,136.5
12424,2025-11-02,NDLS,CNB,2025-11-02 05:48:00,2025-11-02 05:48:00,2025-11-02 05:58:00,10.6,10.6,1150.0,920.0,938.8
12424,2025-11-02,CNB,PRYJ,2025-11-02 09:02:00,2025-11-02 09:02:00,2025-11-02 09:20:00,18.7,18.7,920.0,736.0,776.3
12424,2025-11-02,PRYJ,DDU,2025-11-02 12:24:00,2025-11-02 12:24:00,2025-11-02 12:42:00,18.9,18.9,690.0,552.0,572.8
12424,2025-11-02,DDU,PPTA,2025-11-02 15:46:00,2025-11-02 15:46:00,2025-11-02 16:06:00,20.7,20.7,243.9,195.1,227.0
12424,2025-11-02,PPTA,GHY,2025-11-02 19:10:00,2025-11-02 19:10:00,2025-11-02 19:29:00,19.7,19.7,100.9,80.7,100.1
12260,2025-11-02,NDLS,CNB,2025-11-02 06:54:00,2025-11-02 06:54:00,2025-11-02 07:03:00,9.6,9.6,1150.0,920.0,938.4
12260,2025-11-02,CNB,PRYJ,2025-11-02 10:53:00,2025-11-02 10:53:00,2025-11-02 11:07:00,14.2,14.2,862.5,690.0,705.3
12260,2025-11-02,PRYJ,DDU,2025-11-02 14:57:00,2025-11-02 14:57:00,2025-11-02 15:16:00,19.4,19.4,509.2,407.4,434.0
12260,2025-11-02,DDU,HWH,2025-11-02 19:06:00,2025-11-02 19:06:00,2025-11-02 19:26:00,20.5,20.5,169.6,135.7,163.1
12926,2025-11-02,BCT,BRC,2025-11-02 05:49:00,2025-11-02 05:49:00,2025-11-02 05:53:00,4.7,4.7,1150.0,920.0,929.4
12926,2025-11-02,BRC,RTM,2025-11-02 08:57:00,2025-11-02 08:57:00,2025-11-02 09:07:00,10.5,10.5,920.0,736.0,752.9
12926,2025-11-02,RTM,KOTA,2025-11-02 12:11:00,2025-11-02 12:11:00,2025-11-02 12:21:00,10.2,10.2,690.0,552.0,586.5
12926,2025-11-02,KOTA,NDLS,2025-11-02 15:25:00,2025-11-02 15:25:00,2025-11-02 15:37:00,12.5,12.5,335.6,268.5,281.5
12926,2025-11-02,NDLS,ASR,2025-11-02 18:41:00,2025-11-02 18:41:00,2025-11-02 18:54:00,13.5,13.5,126.1,100.9,125.6
12627,2025-11-02,SBC,DMM,2025-11-02 06:35:00,2025-11-02 06:35:00,2025-11-02 07:10:00,35.9,35.9,1150.0,920.0,972.7
12627,2025-11-02,DMM,GTL,2025-11-02 10:14:00,2025-11-02 10:14:00,2025-11-02 11:15:00,61.1,61.1,920.0,736.0,798.6
12627,2025-11-02,GTL,SC,2025-11-02 14:19:00,2025-11-02 14:19:00,2025-11-02 15:19:00,60.6,60.6,690.0,552.0,612.5
12627,2025-11-02,SC,NGP,2025-11-02 18:23:00,2025-11-02 18:23:00,2025-11-02 19:31:00,68.9,68.9,521.2,417.0,491.9
12627,2025-11-02,NGP,NDLS,2025-11-02 22:35:00,2025-11-02 22:35:00,2025-11-02 23:53:00,78.1,78.1,132.9,106.3,200.4
12301,2025-11-03,NDLS,CNB,2025-11-03 06:48:00,2025-11-03 06:48:00,2025-11-03 07:20:00,32.5,32.5,1150.0,920.0,935.3
12301,2025-11-03,CNB,PRYJ,2025-11-03 10:24:00,2025-11-03 10:24:00,2025-11-03 11:49:00,85.0,85.0,920.0,736.0,840.5
12301,2025-11-03,PRYJ,DDU,2025-11-03 14:53:00,2025-11-03 14:53:00,2025-11-03 16:23:00,90.9,90.9,690.0,552.0,625.2
12301,2025-11-03,DDU,GKP,2025-11-03 19:27:00,2025-11-03 19:27:00,2025-11-03 21:01:00,94.6,94.6,260.7,208.6,295.8
12301,2025-11-03,GKP,HWH,2025-11-04 00:05:00,2025-11-04 00:05:00,2025-11-04 02:48:00,163.4,163.4,136.8,109.4,263.1
12302,2025-11-03,HWH,GKP,2025-11-03 06:11:00,2025-11-03 06:11:00,2025-11-03 06:22:00,11.5,11.5,1150.0,920.0,936.1
12302,2025-11-03,GKP,DDU,2025-11-03 09:26:00,2025-11-03 09:26:00,2025-11-03 09:43:00,17.7,17.7,920.0,736.0,762.6
12302,2025-11-03,DDU,PRYJ,2025-11-03 12:47:00,2025-11-03 12:47:00,2025-11-03 12:58:00,11.9,11.9,690.0,552.0,572.2
12302,2025-11-03,PRYJ,CNB,2025-11-03 16:02:00,2025-11-03 16:02:00,2025-11-03 16:10:00,8.2,8.2,406.4,325.1,337.2
12302,2025-11-03,CNB,NDLS,2025-11-03 19:14:00,2025-11-03 19:14:00,2025-11-03 19:23:00,9.5,9.5,129.2,103.4,127.1
12951,2025-11-03,BCT,ST,2025-11-03 06:20:00,2025-11-03 06:20:00,2025-11-03 06:29:00,9.9,9.9,1150.0,920.0,953.7
12951,2025-11-03,ST,BRC,2025-11-03 09:33:00,2025-11-03 09:33:00,2025-11-03 10:11:00,38.9,38.9,920.0,736.0,784.8
12951,2025-11-03,BRC,RTM,2025-11-03 13:15:00,2025-11-03 13:15:00,2025-11-03 14:05:00,50.2,50.2,690.0,552.0,595.0
12951,2025-11-03,RTM,KOTA,2025-11-03 17:09:00,2025-11-03 17:09:00,2025-11-03 18:10:00,61.9,61.9,469.1,375.3,443.3
12951,2025-11-03,KOTA,NDLS,2025-11-03 21:14:00,2025-11-03 21:14:00,2025-11-03 22:23:00,69.2,69.2,140.5,112.4,179.8
12952,2025-11-03,NDLS,KOTA,2025-11-03 05:48:00,2025-11-03 05:48:00,2025-11-03 05:50:00,2.6,2.6,1150.0,920.0,916.5
12952,2025-11-03,KOTA,RTM,2025-11-03 08:54:00,2025-11-03 08:54:00,2025-11-03 09:00:00,7.0,7.0,920.0,736.0,759.0
12952,2025-11-03,RTM,BRC,2025-11-03 12:04:00,2025-11-03 12:04:00,2025-11-03 12:06:00,2.2,2.2,690.0,552.0,575.1
12952,2025-11-03,BRC,ST,2025-11-03 15:10:00,2025-11-03 15:10:00,2025-11-03 15:10:00,0.0,0.0,384.4,307.5,319.3
12952,2025-11-03,ST,BCT,2025-11-03 18:14:00,2025-11-03 18:14:00,2025-11-03 19:08:00,54.3,54.3,56.8,45.4,95.3
12004,2025-11-03,NDLS,GZB,2025-11-03 05:54:00,2025-11-03 05:54:00,2025-11-03 06:07:00,13.6,13.6,1150.0,920.0,951.1
12004,2025-11-03,GZB,ALJN,2025-11-03 09:11:00,2025-11-03 09:11:00,2025-11-03 10:35:00,84.1,84.1,920.0,736.0,799.1
12004,2025-11-03,ALJN,TDL,2025-11-03 13:39:00,2025-11-03 13:39:00,2025-11-03 15:14:00,96.0,96.0,690.0,552.0,637.4
12004,2025-11-03,TDL,CNB,2025-11-03 18:18:00,2025-11-03 18:18:00,2025-11-03 19:54:00,96.6,96.6,369.9,295.9,391.0
12004,2025-11-03,CNB,LKO,2025-11-03 22:58:00,2025-11-03 22:58:00,2025-11-04 00:35:00,98.0,98.0,77.5,62.0,144.2
12626,2025-11-03,NDLS,AGC,2025-11-03 05:32:00,2025-11-03 05:32:00,2025-11-03 05:48:00,16.4,16.4,1150.0,920.0,929.1
12626,2025-11-03,AGC,VGLJ,2025-11-03 08:52:00,2025-11-03 08:52:00,2025-11-03 09:42:00,50.7,50.7,920.0,736.0,799.8
12626,2025-11-03,VGLJ,BPL,2025-11-03 12:46:00,2025-11-03 12:46:00,2025-11-03 13:36:00,50.4,50.4,690.0,552.0,603.0
12626,2025-11-03,BPL,NGP,2025-11-03 16:40:00,2025-11-03 16:40:00,2025-11-03 17:31:00,51.2,51.2,501.4,401.1,464.6
12626,2025-11-03,NGP,MAS,2025-11-03 20:35:00,2025-11-03 20:35:00,2025-11-03 21:27:00,52.2,52.2,82.9,66.3,124.1
12424,2025-11-03,NDLS,CNB,2025-11-03 06:08:00,2025-11-03 06:08:00,2025-11-03 06:11:00,4.0,4.0,1150.0,920.0,939.5
12424,2025-11-03,CNB,PRYJ,2025-11-03 09:15:00,2025-11-03 09:15:00,2025-11-03 09:27:00,12.7,12.7,920.0,736.0,763.2
12424,2025-11-03,PRYJ,DDU,2025-11-03 12:31:00,2025-11-03 12:31:00,2025-11-03 12:35:00,4.5,4.5,690.0,552.0,562.1
12424,2025-11-03,DDU,PPTA,2025-11-03 15:39:00,2025-11-03 15:39:00,2025-11-03 15:49:00,10.1,10.1,265.6,212.5,232.4
12424,2025-11-03,PPTA,GHY,2025-11-03 18:53:00,2025-11-03 18:53:00,2025-11-03 19:06:00,14.0,14.0,106.3,85.0,101.4
12260,2025-11-03,NDLS,CNB,2025-11-03 05:56:00,2025-11-03 05:56:00,2025-11-03 06:28:00,32.8,32.8,1150.0,920.0,941.0
12260,2025-11-03,CNB,PRYJ,2025-11-03 10:18:00,2025-11-03 10:18:00,2025-11-03 10:50:00,32.6,32.6,862.5,690.0,727.5
12260,2025-11-03,PRYJ,DDU,2025-11-03 14:40:00,2025-11-03 14:40:00,2025-11-03 15:20:00,41.0,41.0,487.7,390.2,427.6
12260,2025-11-03,DDU,HWH,2025-11-03 19:10:00,2025-11-03 19:10:00,2025-11-03 19:43:00,33.1,33.1,120.2,96.2,131.8
12926,2025-11-03,BCT,BRC,2025-11-03 06:54:00,2025-11-03 06:54:00,2025-11-03 07:58:00,64.7,64.7,1150.0,920.0,979.6
12926,2025-11-03,BRC,RTM,2025-11-03 11:02:00,2025-11-03 11:02:00,2025-11-03 12:10:00,68.2,68.2,920.0,736.0,809.0
12926,2025-11-03,RTM,KOTA,2025-11-03 15:14:00,2025-11-03 15:14:00,2025-11-03 16:27:00,73.1,73.1,690.0,552.0,639.1
12926,2025-11-03,KOTA,NDLS,2025-11-03 19:31:00,2025-11-03 19:31:00,2025-11-03 20:40:00,69.4,69.4,402.2,321.8,400.1
12926,2025-11-03,NDLS,ASR,2025-11-03 23:44:00,2025-11-03 23:44:00,2025-11-04 01:07:00,83.9,83.9,102.6,82.1,161.1
12627,2025-11-03,SBC,DMM,2025-11-03 06:06:00,2025-11-03 06:06:00,2025-11-03 06:25:00,19.4,19.4,1150.0,920.0,959.8
12627,2025-11-03,DMM,GTL,2025-11-03 09:29:00,2025-11-03 09:29:00,2025-11-03 09:44:00,15.7,15.7,920.0,736.0,764.1
12627,2025-11-03,GTL,SC,2025-11-03 12:48:00,2025-11-03 12:48:00,2025-11-03 13:17:00,29.6,29.6,690.0,552.0,600.0
12627,2025-11-03,SC,NGP,2025-11-03 16:21:00,2025-11-03 16:21:00,2025-11-03 16:50:00,29.8,29.8,430.5,344.4,393.3
12627,2025-11-03,NGP,NDLS,2025-11-03 19:54:00,2025-11-03 19:54:00,2025-11-03 20:24:00,30.5,30.5,161.0,128.8,156.4
12301,2025-11-04,NDLS,CNB,2025-11-04 05:32:00,2025-11-04 05:32:00,2025-11-04 05:55:00,23.1,23.1,1150.0,920.0,944.4
12301,2025-11-04,CNB,PRYJ,2025-11-04 08:59:00,2025-11-04 08:59:00,2025-11-04 10:02:00,63.1,63.1,920.0,736.0,808.9
12301,2025-11-04,PRYJ,DDU,2025-11-04 13:06:00,2025-11-04 13:06:00,2025-11-04 14:15:00,69.2,69.2,690.0,552.0,616.0
12301,2025-11-04,DDU,GKP,2025-11-04 17:19:00,2025-11-04 17:19:00,2025-11-04 19:23:00,124.0,124.0,460.4,368.3,488.8
12301,2025-11-04,GKP,HWH,2025-11-04 22:27:00,2025-11-04 22:27:00,2025-11-05 00:38:00,131.8,131.8,138.2,110.6,231.5
12302,2025-11-04,HWH,GKP,2025-11-04 06:53:00,2025-11-04 06:53:00,2025-11-04 07:01:00,8.8,8.8,1150.0,920.0,934.6
12302,2025-11-04,GKP,DDU,2025-11-04 10:05:00,2025-11-04 10:05:00,2025-11-04 10:22:00,17.8,17.8,920.0,736.0,758.6
12302,2025-11-04,DDU,PRYJ,2025-11-04 13:26:00,2025-11-04 13:26:00,2025-11-04 13:45:00,19.8,19.8,690.0,552.0,579.1
12302,2025-11-04,PRYJ,CNB,2025-11-04 16:49:00,2025-11-04 16:49:00,2025-11-04 17:13:00,24.9,24.9,520.6,416.5,438.9
12302,2025-11-04,CNB,NDLS,2025-11-04 20:17:00,2025-11-04 20:17:00,2025-11-04 20:44:00,28.0,28.0,166.9,133.5,171.9
12951,2025-11-04,BCT,ST,2025-11-04 06:12:00,2025-11-04 06:12:00,2025-11-04 06:39:00,27.1,27.1,1150.0,920.0,945.8
12951,2025-11-04,ST,BRC,2025-11-04 09:43:00,2025-11-04 09:43:00,2025-11-04 10:14:00,31.1,31.1,920.0,736.0,763.3
12951,2025-11-04,BRC,RTM,2025-11-04 13:18:00,2025-11-04 13:18:00,2025-11-04 13:59:00,41.6,41.6,690.0,552.0,605.6
12951,2025-11-04,RTM,KOTA,2025-11-04 17:03:00,2025-11-04 17:03:00,2025-11-04 17:30:00,27.9,27.9,521.9,417.5,444.3
12951,2025-11-04,KOTA,NDLS,2025-11-04 20:34:00,2025-11-04 20:34:00,2025-11-04 20:57:00,23.9,23.9,55.5,44.4,83.4
12952,2025-11-04,NDLS,KOTA,2025-11-04 05:51:00,2025-11-04 05:51:00,2025-11-04 05:59:00,8.7,8.7,1150.0,920.0,932.9
12952,2025-11-04,KOTA,RTM,2025-11-04 09:03:00,2025-11-04 09:03:00,2025-11-04 09:27:00,24.6,24.6,920.0,736.0,770.9
12952,2025-11-04,RTM,BRC,2025-11-04 12:31:00,2025-11-04 12:31:00,2025-11-04 12:59:00,28.4,28.4,690.0,552.0,582.0
12952,2025-11-04,BRC,ST,2025-11-04 16:03:00,2025-11-04 16:03:00,2025-11-04 16:36:00,33.7,33.7,315.4,252.3,274.2
12952,2025-11-04,ST,BCT,2025-11-04 19:40:00,2025-11-04 19:40:00,2025-11-04 20:10:00,30.2,30.2,143.5,114.8,138.0
12004,2025-11-04,NDLS,GZB,2025-11-04 06:07:00,2025-11-04 06:07:00,2025-11-04 07:04:00,57.6,57.6,1150.0,920.0,982.0
12004,2025-11-04,GZB,ALJN,2025-11-04 10:08:00,2025-11-04 10:08:00,2025-11-04 11:16:00,68.7,68.7,920.0,736.0,803.8
12004,2025-11-04,ALJN,TDL,2025-11-04 14:20:00,2025-11-04 14:20:00,2025-11-04 15:50:00,90.3,90.3,690.0,552.0,643.5
12004,2025-11-04,TDL,CNB,2025-11-04 18:54:00,2025-11-04 18:54:00,2025-11-04 20:26:00,92.7,92.7,533.1,426.5,513.3
12004,2025-11-04,CNB,LKO,2025-11-04 23:30:00,2025-11-04 23:30:00,2025-11-05 01:03:00,93.1,93.1,115.7,92.6,185.5
12626,2025-11-04,NDLS,AGC,2025-11-04 06:01:00,2025-11-04 06:01:00,2025-11-04 06:01:00,0.0,0.0,1150.0,920.0,919.4
12626,2025-11-04,AGC,VGLJ,2025-11-04 09:05:00,2025-11-04 09:05:00,2025-11-04 09:05:00,0.0,0.0,920.0,736.0,746.7
12626,2025-11-04,VGLJ,BPL,2025-11-04 12:09:00,2025-11-04 12:09:00,2025-11-04 12:20:00,11.9,11.9,690.0,552.0,583.5
12626,2025-11-04,BPL,NGP,2025-11-04 15:24:00,2025-11-04 15:24:00,2025-11-04 15:32:00,8.2,8.2,423.4,338.7,356.7
12626,2025-11-04,NGP,MAS,2025-11-04 18:36:00,2025-11-04 18:36:00,2025-11-04 18:54:00,18.6,18.6,77.0,61.6,86.0
12424,2025-11-04,NDLS,CNB,2025-11-04 06:34:00,2025-11-04 06:34:00,2025-11-04 06:34:00,0.3,0.3,1150.0,920.0,931.9
12424,2025-11-04,CNB,PRYJ,2025-11-04 09:38:00,2025-11-04 09:38:00,2025-11-04 09:39:00,1.9,1.9,920.0,736.0,733.7
12424,2025-11-04,PRYJ,DDU,2025-11-04 12:43:00,2025-11-04 12:43:00,2025-11-04 13:51:00,68.6,68.6,690.0,552.0,626.7
12424,2025-11-04,DDU,PPTA,2025-11-04 16:55:00,2025-11-04 16:55:00,2025-11-04 18:43:00,108.9,108.9,505.1,404.1,511.3
12424,2025-11-04,PPTA,GHY,2025-11-04 21:47:00,2025-11-04 21:47:00,2025-11-04 23:37:00,111.0,111.0,76.2,61.0,167.3
12260,2025-11-04,NDLS,CNB,2025-11-04 06:44:00,2025-11-04 06:44:00,2025-11-04 06:45:00,2.0,2.0,1150.0,920.0,929.9
12260,2025-11-04,CNB,PRYJ,2025-11-04 10:35:00,2025-11-04 10:35:00,2025-11-04 10:49:00,14.3,14.3,862.5,690.0,714.7
12260,2025-11-04,PRYJ,DDU,2025-11-04 14:39:00,2025-11-04 14:39:00,2025-11-04 15:02:00,23.2,23.2,477.7,382.2,407.5
12260,2025-11-04,DDU,HWH,2025-11-04 18:52:00,2025-11-04 18:52:00,2025-11-04 19:07:00,15.9,15.9,88.7,71.0,108.2
12926,2025-11-04,BCT,BRC,2025-11-04 05:53:00,2025-11-04 05:53:00,2025-11-04 06:36:00,44.0,44.0,1150.0,920.0,957.9
12926,2025-11-04,BRC,RTM,2025-11-04 09:40:00,2025-11-04 09:40:00,2025-11-04 10:32:00,52.7,52.7,920.0,736.0,778.0
12926,2025-11-04,RTM,KOTA,2025-11-04 13:36:00,2025-11-04 13:36:00,2025-11-04 14:32:00,56.5,56.5,690.0,552.0,602.6
12926,2025-11-04,KOTA,NDLS,2025-11-04 17:36:00,2025-11-04 17:36:00,2025-11-04 18:39:00,63.6,63.6,446.7,357.4,403.1
12926,2025-11-04,NDLS,ASR,2025-11-04 21:43:00,2025-11-04 21:43:00,2025-11-04 22:51:00,68.8,68.8,102.9,82.3,137.4
12627,2025-11-04,SBC,DMM,2025-11-04 06:30:00,2025-11-04 06:30:00,2025-11-04 06:31:00,1.3,1.3,1150.0,920.0,930.1
12627,2025-11-04,DMM,GTL,2025-11-04 09:35:00,2025-11-04 09:35:00,2025-11-04 09:35:00,0.0,0.0,920.0,736.0,752.2
12627,2025-11-04,GTL,SC,2025-11-04 12:39:00,2025-11-04 12:39:00,2025-11-04 12:43:00,4.5,4.5,690.0,552.0,572.1
12627,2025-11-04,SC,NGP,2025-11-04 15:47:00,2025-11-04 15:47:00,2025-11-04 15:51:00,4.2,4.2,533.2,426.6,447.8
12627,2025-11-04,NGP,NDLS,2025-11-04 18:55:00,2025-11-04 18:55:00,2025-11-04 19:00:00,5.4,5.4,157.7,126.2,143.3
12301,2025-11-05,NDLS,CNB,2025-11-05 05:56:00,2025-11-05 05:56:00,2025-11-05 06:42:00,47.0,47.0,1150.0,920.0,972.3
12301,2025-11-05,CNB,PRYJ,2025-11-05 09:46:00,2025-11-05 09:46:00,2025-11-05 10:35:00,49.5,49.5,920.0,736.0,784.3
12301,2025-11-05,PRYJ,DDU,2025-11-05 13:39:00,2025-11-05 13:39:00,2025-11-05 14:26:00,47.7,47.7,690.0,552.0,611.0
12301,2025-11-05,DDU,GKP,2025-11-05 17:30:00,2025-11-05 17:30:00,2025-11-05 18:19:00,49.7,49.7,426.7,341.4,387.7
12301,2025-11-05,GKP,HWH,2025-11-05 21:23:00,2025-11-05 21:23:00,2025-11-05 22:18:00,55.9,55.9,99.4,79.5,144.9
12302,2025-11-05,HWH,GKP,2025-11-05 06:36:00,2025-11-05 06:36:00,2025-11-05 06:48:00,12.2,12.2,1150.0,920.0,944.8
12302,2025-11-05,GKP,DDU,2025-11-05 09:52:00,2025-11-05 09:52:00,2025-11-05 10:08:00,16.4,16.4,920.0,736.0,767.2
12302,2025-11-05,DDU,PRYJ,2025-11-05 13:12:00,2025-11-05 13:12:00,2025-11-05 13:36:00,24.6,24.6,690.0,552.0,590.1
12302,2025-11-05,PRYJ,CNB,2025-11-05 16:40:00,2025-11-05 16:40:00,2025-11-05 17:33:00,53.3,53.3,489.0,391.2,444.6
12302,2025-11-05,CNB,NDLS,2025-11-05 20:37:00,2025-11-05 20:37:00,2025-11-05 21:59:00,82.2,82.2,154.6,123.7,204.6
12951,2025-11-05,BCT,ST,2025-11-05 06:15:00,2025-11-05 06:15:00,2025-11-05 06:20:00,5.7,5.7,1150.0,920.0,934.1
12951,2025-11-05,ST,BRC,2025-11-05 09:24:00,2025-11-05 09:24:00,2025-11-05 09:31:00,7.1,7.1,920.0,736.0,731.7
12951,2025-11-05,BRC,RTM,2025-11-05 12:35:00,2025-11-05 12:35:00,2025-11-05 12:46:00,11.7,11.7,690.0,552.0,561.2
12951,2025-11-05,RTM,KOTA,2025-11-05 15:50:00,2025-11-05 15:50:00,2025-11-05 16:44:00,54.1,54.1,526.6,421.3,456.6
12951,2025-11-05,KOTA,NDLS,2025-11-05 19:48:00,2025-11-05 19:48:00,2025-11-05 21:42:00,115.0,115.0,70.8,56.6,182.4
12952,2025-11-05,NDLS,KOTA,2025-11-05 06:12:00,2025-11-05 06:12:00,2025-11-05 06:17:00,5.4,5.4,1150.0,920.0,948.0
12952,2025-11-05,KOTA,RTM,2025-11-05 09:21:00,2025-11-05 09:21:00,2025-11-05 09:34:00,13.1,13.1,920.0,736.0,754.7
12952,2025-11-05,RTM,BRC,2025-11-05 12:38:00,2025-11-05 12:38:00,2025-11-05 14:00:00,82.5,82.5,690.0,552.0,634.3
12952,2025-11-05,BRC,ST,2025-11-05 17:04:00,2025-11-05 17:04:00,2025-11-05 18:29:00,85.3,85.3,245.8,196.6,281.5
12952,2025-11-05,ST,BCT,2025-11-05 21:33:00,2025-11-05 21:33:00,2025-11-05 23:51:00,138.6,138.6,107.3,85.8,212.3
12004,2025-11-05,NDLS,GZB,2025-11-05 06:01:00,2025-11-05 06:01:00,2025-11-05 06:16:00,15.4,15.4,1150.0,920.0,935.9
12004,2025-11-05,GZB,ALJN,2025-11-05 09:20:00,2025-11-05 09:20:00,2025-11-05 10:40:00,80.6,80.6,920.0,736.0,815.1
12004,2025-11-05,ALJN,TDL,2025-11-05 13:44:00,2025-11-05 13:44:00,2025-11-05 15:16:00,92.9,92.9,690.0,552.0,645.8
12004,2025-11-05,TDL,CNB,2025-11-05 18:20:00,2025-11-05 18:20:00,2025-11-05 20:01:00,101.4,101.4,386.6,309.3,412.6
12004,2025-11-05,CNB,LKO,2025-11-05 23:05:00,2025-11-05 23:05:00,2025-11-06 00:36:00,91.8,91.8,139.8,111.8,204.4
12626,2025-11-05,NDLS,AGC,2025-11-05 06:14:00,2025-11-05 06:14:00,2025-11-05 06:57:00,43.2,43.2,1150.0,920.0,971.5
12626,2025-11-05,AGC,VGLJ,2025-11-05 10:01:00,2025-11-05 10:01:00,2025-11-05 10:39:00,38.0,38.0,920.0,736.0,771.6
12626,2025-11-05,VGLJ,BPL,2025-11-05 13:43:00,2025-11-05 13:43:00,2025-11-05 14:27:00,44.2,44.2,690.0,552.0,581.8
12626,2025-11-05,BPL,NGP,2025-11-05 17:31:00,2025-11-05 17:31:00,2025-11-05 18:16:00,45.1,45.1,531.5,425.2,475.7
12626,2025-11-05,NGP,MAS,2025-11-05 21:20:00,2025-11-05 21:20:00,2025-11-05 22:02:00,42.6,42.6,152.8,122.2,167.4
12424,2025-11-05,NDLS,CNB,2025-11-05 06:03:00,2025-11-05 06:03:00,2025-11-05 06:03:00,0.0,0.0,1150.0,920.0,929.7
12424,2025-11-05,CNB,PRYJ,2025-11-05 09:07:00,2025-11-05 09:07:00,2025-11-05 09:18:00,11.1,11.1,920.0,736.0,761.4
12424,2025-11-05,PRYJ,DDU,2025-11-05 12:22:00,2025-11-05 12:22:00,2025-11-05 12:41:00,19.1,19.1,690.0,552.0,569.6
12424,2025-11-05,DDU,PPTA,2025-11-05 15:45:00,2025-11-05 15:45:00,2025-11-05 16:10:00,25.6,25.6,518.1,414.5,455.2
12424,2025-11-05,PPTA,GHY,2025-11-05 19:14:00,2025-11-05 19:14:00,2025-11-05 19:39:00,25.1,25.1,74.8,59.8,93.0
12260,2025-11-05,NDLS,CNB,2025-11-05 05:59:00,2025-11-05 05:59:00,2025-11-05 06:44:00,45.2,45.2,1150.0,920.0,966.7
12260,2025-11-05,CNB,PRYJ,2025-11-05 10:34:00,2025-11-05 10:34:00,2025-11-05 11:19:00,45.3,45.3,862.5,690.0,738.6
12260,2025-11-05,PRYJ,DDU,2025-11-05 15:09:00,2025-11-05 15:09:00,2025-11-05 15:56:00,47.1,47.1,285.6,228.5,277.7
12260,2025-11-05,DDU,HWH,2025-11-05 19:46:00,2025-11-05 19:46:00,2025-11-05 20:35:00,49.2,49.2,91.8,73.4,119.9
12926,2025-11-05,BCT,BRC,2025-11-05 06:23:00,2025-11-05 06:23:00,2025-11-05 06:29:00,6.2,6.2,1150.0,920.0,926.3
12926,2025-11-05,BRC,RTM,2025-11-05 09:33:00,2025-11-05 09:33:00,2025-11-05 09:43:00,10.9,10.9,920.0,736.0,748.1
12926,2025-11-05,RTM,KOTA,2025-11-05 12:47:00,2025-11-05 12:47:00,2025-11-05 13:05:00,18.1,18.1,690.0,552.0,569.3
12926,2025-11-05,KOTA,NDLS,2025-11-05 16:09:00,2025-11-05 16:09:00,2025-11-05 17:02:00,53.4,53.4,304.2,243.4,293.4
12926,2025-11-05,NDLS,ASR,2025-11-05 20:06:00,2025-11-05 20:06:00,2025-11-05 21:14:00,68.5,68.5,151.7,121.4,181.8
12627,2025-11-05,SBC,DMM,2025-11-05 06:22:00,2025-11-05 06:22:00,2025-11-05 06:22:00,0.0,0.0,1150.0,920.0,927.0
12627,2025-11-05,DMM,GTL,2025-11-05 09:26:00,2025-11-05 09:26:00,2025-11-05 09:35:00,9.7,9.7,920.0,736.0,750.0
12627,2025-11-05,GTL,SC,2025-11-05 12:39:00,2025-11-05 12:39:00,2025-11-05 12:46:00,7.7,7.7,690.0,552.0,564.2
12627,2025-11-05,SC,NGP,2025-11-05 15:50:00,2025-11-05 15:50:00,2025-11-05 15:50:00,0.0,0.0,539.2,431.4,432.2
12627,2025-11-05,NGP,NDLS,2025-11-05 18:54:00,2025-11-05 18:54:00,2025-11-05 19:02:00,8.6,8.6,121.8,97.4,111.8
12301,2025-11-06,NDLS,CNB,2025-11-06 05:49:00,2025-11-06 05:49:00,2025-11-06 06:13:00,24.6,24.6,1150.0,920.0,953.0
12301,2025-11-06,CNB,PRYJ,2025-11-06 09:17:00,2025-11-06 09:17:00,2025-11-06 09:45:00,28.5,28.5,920.0,736.0,770.6
12301,2025-11-06,PRYJ,DDU,2025-11-06 12:49:00,2025-11-06 12:49:00,2025-11-06 13:23:00,34.6,34.6,690.0,552.0,586.3
12301,2025-11-06,DDU,GKP,2025-11-06 16:27:00,2025-11-06 16:27:00,2025-11-06 16:56:00,29.6,29.6,378.6,302.9,334.8
12301,2025-11-06,GKP,HWH,2025-11-06 20:00:00,2025-11-06 20:00:00,2025-11-06 20:32:00,32.3,32.3,143.4,114.7,166.9
12302,2025-11-06,HWH,GKP,2025-11-06 06:56:00,2025-11-06 06:56:00,2025-11-06 06:57:00,1.0,1.0,1150.0,920.0,932.4
12302,2025-11-06,GKP,DDU,2025-11-06 10:01:00,2025-11-06 10:01:00,2025-11-06 10:08:00,7.5,7.5,920.0,736.0,751.2
12302,2025-11-06,DDU,PRYJ,2025-11-06 13:12:00,2025-11-06 13:12:00,2025-11-06 13:27:00,15.2,15.2,690.0,552.0,582.3
12302,2025-11-06,PRYJ,CNB,2025-11-06 16:31:00,2025-11-06 16:31:00,2025-11-06 16:43:00,12.4,12.4,322.9,258.3,289.5
12302,2025-11-06,CNB,NDLS,2025-11-06 19:47:00,2025-11-06 19:47:00,2025-11-06 19:58:00,11.8,11.8,89.9,71.9,92.9
12951,2025-11-06,BCT,ST,2025-11-06 05:54:00,2025-11-06 05:54:00,2025-11-06 06:00:00,6.0,6.0,1150.0,920.0,921.7
12951,2025-11-06,ST,BRC,2025-11-06 09:04:00,2025-11-06 09:04:00,2025-11-06 09:12:00,8.5,8.5,920.0,736.0,759.3
12951,2025-11-06,BRC,RTM,2025-11-06 12:16:00,2025-11-06 12:16:00,2025-11-06 12:24:00,8.2,8.2,690.0,552.0,578.4
12951,2025-11-06,RTM,KOTA,2025-11-06 15:28:00,2025-11-06 15:28:00,2025-11-06 15:53:00,25.4,25.4,482.0,385.6,400.0
12951,2025-11-06,KOTA,NDLS,2025-11-06 18:57:00,2025-11-06 18:57:00,2025-11-06 19:18:00,21.7,21.7,130.0,104.0,124.3
12952,2025-11-06,NDLS,KOTA,2025-11-06 06:39:00,2025-11-06 06:39:00,2025-11-06 06:46:00,8.0,8.0,1150.0,920.0,937.7
12952,2025-11-06,KOTA,RTM,2025-11-06 09:50:00,2025-11-06 09:50:00,2025-11-06 10:18:00,28.2,28.2,920.0,736.0,775.8
12952,2025-11-06,RTM,BRC,2025-11-06 13:22:00,2025-11-06 13:22:00,2025-11-06 13:58:00,36.5,36.5,690.0,552.0,588.8
12952,2025-11-06,BRC,ST,2025-11-06 17:02:00,2025-11-06 17:02:00,2025-11-06 17:46:00,44.3,44.3,263.2,210.6,275.4
12952,2025-11-06,ST,BCT,2025-11-06 20:50:00,2025-11-06 20:50:00,2025-11-06 22:30:00,100.7,100.7,131.3,105.0,198.7
12004,2025-11-06,NDLS,GZB,2025-11-06 06:56:00,2025-11-06 06:56:00,2025-11-06 07:19:00,23.8,23.8,1150.0,920.0,962.2
12004,2025-11-06,GZB,ALJN,2025-11-06 10:23:00,2025-11-06 10:23:00,2025-11-06 10:58:00,35.6,35.6,920.0,736.0,766.8
12004,2025-11-06,ALJN,TDL,2025-11-06 14:02:00,2025-11-06 14:02:00,2025-11-06 14:41:00,39.4,39.4,690.0,552.0,583.7
12004,2025-11-06,TDL,CNB,2025-11-06 17:45:00,2025-11-06 17:45:00,2025-11-06 18:32:00,47.6,47.6,397.1,317.7,381.0
12004,2025-11-06,CNB,LKO,2025-11-06 21:36:00,2025-11-06 21:36:00,2025-11-06 22:32:00,56.5,56.5,71.1,56.9,110.5
12626,2025-11-06,NDLS,AGC,2025-11-06 05:56:00,2025-11-06 05:56:00,2025-11-06 06:50:00,54.5,54.5,1150.0,920.0,982.0
12626,2025-11-06,AGC,VGLJ,2025-11-06 09:54:00,2025-11-06 09:54:00,2025-11-06 10:59:00,65.8,65.8,920.0,736.0,788.4
12626,2025-11-06,VGLJ,BPL,2025-11-06 14:03:00,2025-11-06 14:03:00,2025-11-06 15:19:00,76.2,76.2,690.0,552.0,623.0
12626,2025-11-06,BPL,NGP,2025-11-06 18:23:00,2025-11-06 18:23:00,2025-11-06 19:37:00,74.7,74.7,405.0,324.0,392.8
12626,2025-11-06,NGP,MAS,2025-11-06 22:41:00,2025-11-06 22:41:00,2025-11-07 00:37:00,116.6,116.6,171.3,137.0,248.3
12424,2025-11-06,NDLS,CNB,2025-11-06 05:45:00,2025-11-06 05:45:00,2025-11-06 06:15:00,30.9,30.9,1150.0,920.0,938.7
12424,2025-11-06,CNB,PRYJ,2025-11-06 09:19:00,2025-11-06 09:19:00,2025-11-06 10:20:00,61.8,61.8,920.0,736.0,801.5
12424,2025-11-06,PRYJ,DDU,2025-11-06 13:24:00,2025-11-06 13:24:00,2025-11-06 14:17:00,53.2,53.2,690.0,552.0,617.3
12424,2025-11-06,DDU,PPTA,2025-11-06 17:21:00,2025-11-06 17:21:00,2025-11-06 18:19:00,58.2,58.2,528.9,423.1,481.7
12424,2025-11-06,PPTA,GHY,2025-11-06 21:23:00,2025-11-06 21:23:00,2025-11-06 23:22:00,120.0,120.0,73.9,59.1,162.8
12260,2025-11-06,NDLS,CNB,2025-11-06 05:39:00,2025-11-06 05:39:00,2025-11-06 06:01:00,22.5,22.5,1150.0,920.0,954.2
12260,2025-11-06,CNB,PRYJ,2025-11-06 09:51:00,2025-11-06 09:51:00,2025-11-06 10:17:00,26.1,26.1,862.5,690.0,721.2
12260,2025-11-06,PRYJ,DDU,2025-11-06 14:07:00,2025-11-06 14:07:00,2025-11-06 15:06:00,59.2,59.2,522.7,418.2,470.3
12260,2025-11-06,DDU,HWH,2025-11-06 18:56:00,2025-11-06 18:56:00,2025-11-06 19:53:00,57.2,57.2,92.7,74.2,145.9
12926,2025-11-06,BCT,BRC,2025-11-06 05:32:00,2025-11-06 05:32:00,2025-11-06 05:32:00,0.0,0.0,1150.0,920.0,928.1
12926,2025-11-06,BRC,RTM,2025-11-06 08:36:00,2025-11-06 08:36:00,2025-11-06 09:18:00,42.9,42.9,920.0,736.0,805.7
12926,2025-11-06,RTM,KOTA,2025-11-06 12:22:00,2025-11-06 12:22:00,2025-11-06 13:05:00,43.0,43.0,690.0,552.0,597.4
12926,2025-11-06,KOTA,NDLS,2025-11-06 16:09:00,2025-11-06 16:09:00,2025-11-06 16:48:00,39.4,39.4,508.6,406.9,456.3
12926,2025-11-06,NDLS,ASR,2025-11-06 19:52:00,2025-11-06 19:52:00,2025-11-06 20:18:00,26.3,26.3,85.1,68.1,106.7
12627,2025-11-06,SBC,DMM,2025-11-06 05:52:00,2025-11-06 05:52:00,2025-11-06 05:56:00,4.1,4.1,1150.0,920.0,928.8
12627,2025-11-06,DMM,GTL,2025-11-06 09:00:00,2025-11-06 09:00:00,2025-11-06 09:01:00,1.2,1.2,920.0,736.0,754.5
12627,2025-11-06,GTL,SC,2025-11-06 12:05:00,2025-11-06 12:05:00,2025-11-06 12:27:00,22.4,22.4,690.0,552.0,574.8
12627,2025-11-06,SC,NGP,2025-11-06 15:31:00,2025-11-06 15:31:00,2025-11-06 15:59:00,28.2,28.2,456.1,364.9,390.9
12627,2025-11-06,NGP,NDLS,2025-11-06 19:03:00,2025-11-06 19:03:00,2025-11-06 19:27:00,24.2,24.2,176.9,141.5,173.8
12301,2025-11-07,NDLS,CNB,2025-11-07 06:27:00,2025-11-07 06:27:00,2025-11-07 07:11:00,44.1,44.1,1150.0,920.0,958.0
12301,2025-11-07,CNB,PRYJ,2025-11-07 10:15:00,2025-11-07 10:15:00,2025-11-07 11:04:00,49.1,49.1,920.0,736.0,793.7
12301,2025-11-07,PRYJ,DDU,2025-11-07 14:08:00,2025-11-07 14:08:00,2025-11-07 14:49:00,41.5,41.5,690.0,552.0,595.8
12301,2025-11-07,DDU,GKP,2025-11-07 17:53:00,2025-11-07 17:53:00,2025-11-07 18:37:00,44.7,44.7,261.1,208.9,259.9
12301,2025-11-07,GKP,HWH,2025-11-07 21:41:00,2025-11-07 21:41:00,2025-11-07 22:32:00,51.0,51.0,93.3,74.6,121.8
12302,2025-11-07,HWH,GKP,2025-11-07 06:27:00,2025-11-07 06:27:00,2025-11-07 06:35:00,8.6,8.6,1150.0,920.0,946.6
12302,2025-11-07,GKP,DDU,2025-11-07 09:39:00,2025-11-07 09:39:00,2025-11-07 09:50:00,11.4,11.4,920.0,736.0,755.8
12302,2025-11-07,DDU,PRYJ,2025-11-07 12:54:00,2025-11-07 12:54:00,2025-11-07 13:07:00,13.7,13.7,690.0,552.0,565.9
12302,2025-11-07,PRYJ,CNB,2025-11-07 16:11:00,2025-11-07 16:11:00,2025-11-07 16:30:00,19.5,19.5,520.1,416.1,444.3
12302,2025-11-07,CNB,NDLS,2025-11-07 19:34:00,2025-11-07 19:34:00,2025-11-07 19:49:00,16.0,16.0,178.0,142.4,174.7
12951,2025-11-07,BCT,ST,2025-11-07 05:38:00,2025-11-07 05:38:00,2025-11-07 05:50:00,12.8,12.8,1150.0,920.0,930.8
12951,2025-11-07,ST,BRC,2025-11-07 08:54:00,2025-11-07 08:54:00,2025-11-07 09:09:00,15.8,15.8,920.0,736.0,769.9
12951,2025-11-07,BRC,RTM,2025-11-07 12:13:00,2025-11-07 12:13:00,2025-11-07 12:19:00,6.4,6.4,690.0,552.0,590.4
12951,2025-11-07,RTM,KOTA,2025-11-07 15:23:00,2025-11-07 15:23:00,2025-11-07 16:07:00,44.9,44.9,393.8,315.0,353.4
12951,2025-11-07,KOTA,NDLS,2025-11-07 19:11:00,2025-11-07 19:11:00,2025-11-07 20:07:00,56.8,56.8,69.3,55.4,122.0
12952,2025-11-07,NDLS,KOTA,2025-11-07 06:54:00,2025-11-07 06:54:00,2025-11-07 07:24:00,31.0,31.0,1150.0,920.0,970.5
12952,2025-11-07,KOTA,RTM,2025-11-07 10:28:00,2025-11-07 10:28:00,2025-11-07 10:57:00,29.8,29.8,920.0,736.0,761.8
12952,2025-11-07,RTM,BRC,2025-11-07 14:01:00,2025-11-07 14:01:00,2025-11-07 14:35:00,34.2,34.2,690.0,552.0,595.2
12952,2025-11-07,BRC,ST,2025-11-07 17:39:00,2025-11-07 17:39:00,2025-11-07 18:17:00,38.7,38.7,384.0,307.2,346.1
12952,2025-11-07,ST,BCT,2025-11-07 21:21:00,2025-11-07 21:21:00,2025-11-07 21:59:00,38.5,38.5,148.4,118.7,154.4
12004,2025-11-07,NDLS,GZB,2025-11-07 06:44:00,2025-11-07 06:44:00,2025-11-07 07:15:00,31.6,31.6,1150.0,920.0,940.2
12004,2025-11-07,GZB,ALJN,2025-11-07 10:19:00,2025-11-07 10:19:00,2025-11-07 10:55:00,36.7,36.7,920.0,736.0,779.5
12004,2025-11-07,ALJN,TDL,2025-11-07 13:59:00,2025-11-07 13:59:00,2025-11-07 14:35:00,36.3,36.3,690.0,552.0,584.2
12004,2025-11-07,TDL,CNB,2025-11-07 17:39:00,2025-11-07 17:39:00,2025-11-07 18:41:00,62.6,62.6,275.3,220.2,293.7
12004,2025-11-07,CNB,LKO,2025-11-07 21:45:00,2025-11-07 21:45:00,2025-11-07 23:19:00,94.1,94.1,129.6,103.7,193.0
12626,2025-11-07,NDLS,AGC,2025-11-07 05:36:00,2025-11-07 05:36:00,2025-11-07 05:52:00,16.0,16.0,1150.0,920.0,955.8
12626,2025-11-07,AGC,VGLJ,2025-11-07 08:56:00,2025-11-07 08:56:00,2025-11-07 09:19:00,23.7,23.7,920.0,736.0,751.3
12626,2025-11-07,VGLJ,BPL,2025-11-07 12:23:00,2025-11-07 12:23:00,2025-11-07 12:55:00,32.9,32.9,690.0,552.0,600.7
12626,2025-11-07,BPL,NGP,2025-11-07 15:59:00,2025-11-07 15:59:00,2025-11-07 16:34:00,35.9,35.9,374.9,299.9,348.9
12626,2025-11-07,NGP,MAS,2025-11-07 19:38:00,2025-11-07 19:38:00,2025-11-07 20:24:00,46.8,46.8,151.9,121.5,175.3
12424,2025-11-07,NDLS,CNB,2025-11-07 05:55:00,2025-11-07 05:55:00,2025-11-07 05:55:00,0.0,0.0,1150.0,920.0,931.5
12424,2025-11-07,CNB,PRYJ,2025-11-07 08:59:00,2025-11-07 08:59:00,2025-11-07 09:04:00,5.2,5.2,920.0,736.0,760.9
12424,2025-11-07,PRYJ,DDU,2025-11-07 12:08:00,2025-11-07 12:08:00,2025-11-07 12:21:00,13.7,13.7,690.0,552.0,571.9
12424,2025-11-07,DDU,PPTA,2025-11-07 15:25:00,2025-11-07 15:25:00,2025-11-07 15:25:00,0.0,0.0,333.7,267.0,273.3
12424,2025-11-07,PPTA,GHY,2025-11-07 18:29:00,2025-11-07 18:29:00,2025-11-07 19:18:00,49.1,49.1,116.7,93.4,139.3
12260,2025-11-07,NDLS,CNB,2025-11-07 06:35:00,2025-11-07 06:35:00,2025-11-07 06:45:00,10.9,10.9,1150.0,920.0,954.6
12260,2025-11-07,CNB,PRYJ,2025-11-07 10:35:00,2025-11-07 10:35:00,2025-11-07 10:49:00,14.4,14.4,862.5,690.0,734.6
12260,2025-11-07,PRYJ,DDU,2025-11-07 14:39:00,2025-11-07 14:39:00,2025-11-07 14:59:00,20.4,20.4,276.3,221.0,236.3
12260,2025-11-07,DDU,HWH,2025-11-07 18:49:00,2025-11-07 18:49:00,2025-11-07 19:19:00,30.1,30.1,165.5,132.4,171.8
12926,2025-11-07,BCT,BRC,2025-11-07 05:45:00,2025-11-07 05:45:00,2025-11-07 05:48:00,3.4,3.4,1150.0,920.0,921.4
12926,2025-11-07,BRC,RTM,2025-11-07 08:52:00,2025-11-07 08:52:00,2025-11-07 09:39:00,47.5,47.5,920.0,736.0,794.4
12926,2025-11-07,RTM,KOTA,2025-11-07 12:43:00,2025-11-07 12:43:00,2025-11-07 13:29:00,46.8,46.8,690.0,552.0,602.7
12926,2025-11-07,KOTA,NDLS,2025-11-07 16:33:00,2025-11-07 16:33:00,2025-11-07 17:14:00,41.8,41.8,478.7,383.0,432.1
12926,2025-11-07,NDLS,ASR,2025-11-07 20:18:00,2025-11-07 20:18:00,2025-11-07 21:14:00,56.6,56.6,138.3,110.6,168.2
12627,2025-11-07,SBC,DMM,2025-11-07 06:16:00,2025-11-07 06:16:00,2025-11-07 06:25:00,9.8,9.8,1150.0,920.0,938.8
12627,2025-11-07,DMM,GTL,2025-11-07 09:29:00,2025-11-07 09:29:00,2025-11-07 09:51:00,22.5,22.5,920.0,736.0,772.1
12627,2025-11-07,GTL,SC,2025-11-07 12:55:00,2025-11-07 12:55:00,2025-11-07 13:23:00,28.6,28.6,690.0,552.0,572.4
12627,2025-11-07,SC,NGP,2025-11-07 16:27:00,2025-11-07 16:27:00,2025-11-07 17:02:00,35.2,35.2,325.0,260.0,290.9
12627,2025-11-07,NGP,NDLS,2025-11-07 20:06:00,2025-11-07 20:06:00,2025-11-07 21:30:00,84.6,84.6,140.9,112.7,192.0
12301,2025-11-08,NDLS,CNB,2025-11-08 05:37:00,2025-11-08 05:37:00,2025-11-08 06:09:00,32.7,32.7,1150.0,920.0,971.6
12301,2025-11-08,CNB,PRYJ,2025-11-08 09:13:00,2025-11-08 09:13:00,2025-11-08 09:35:00,22.3,22.3,920.0,736.0,759.4
12301,2025-11-08,PRYJ,DDU,2025-11-08 12:39:00,2025-11-08 12:39:00,2025-11-08 12:58:00,19.4,19.4,690.0,552.0,558.9
12301,2025-11-08,DDU,GKP,2025-11-08 16:02:00,2025-11-08 16:02:00,2025-11-08 16:39:00,37.3,37.3,524.3,419.4,456.7
12301,2025-11-08,GKP,HWH,2025-11-08 19:43:00,2025-11-08 19:43:00,2025-11-08 20:13:00,30.8,30.8,106.0,84.8,114.2
12302,2025-11-08,HWH,GKP,2025-11-08 05:39:00,2025-11-08 05:39:00,2025-11-08 05:39:00,0.0,0.0,1150.0,920.0,926.2
12302,2025-11-08,GKP,DDU,2025-11-08 08:43:00,2025-11-08 08:43:00,2025-11-08 08:45:00,2.6,2.6,920.0,736.0,751.0
12302,2025-11-08,DDU,PRYJ,2025-11-08 11:49:00,2025-11-08 11:49:00,2025-11-08 11:58:00,9.1,9.1,690.0,552.0,569.0
12302,2025-11-08,PRYJ,CNB,2025-11-08 15:02:00,2025-11-08 15:02:00,2025-11-08 15:13:00,11.9,11.9,235.0,188.0,207.7
12302,2025-11-08,CNB,NDLS,2025-11-08 18:17:00,2025-11-08 18:17:00,2025-11-08 18:31:00,14.8,14.8,144.1,115.3,138.8
12951,2025-11-08,BCT,ST,2025-11-08 05:55:00,2025-11-08 05:55:00,2025-11-08 06:42:00,47.7,47.7,1150.0,920.0,982.0
12951,2025-11-08,ST,BRC,2025-11-08 09:46:00,2025-11-08 09:46:00,2025-11-08 10:32:00,46.2,46.2,920.0,736.0,787.3
12951,2025-11-08,BRC,RTM,2025-11-08 13:36:00,2025-11-08 13:36:00,2025-11-08 14:22:00,46.4,46.4,690.0,552.0,592.5
12951,2025-11-08,RTM,KOTA,2025-11-08 17:26:00,2025-11-08 17:26:00,2025-11-08 18:18:00,52.8,52.8,382.1,305.7,361.3
12951,2025-11-08,KOTA,NDLS,2025-11-08 21:22:00,2025-11-08 21:22:00,2025-11-08 22:21:00,59.6,59.6,140.2,112.2,166.8
12952,2025-11-08,NDLS,KOTA,2025-11-08 06:47:00,2025-11-08 06:47:00,2025-11-08 06:54:00,7.3,7.3,1150.0,920.0,930.7
12952,2025-11-08,KOTA,RTM,2025-11-08 09:58:00,2025-11-08 09:58:00,2025-11-08 10:08:00,10.4,10.4,920.0,736.0,766.8
12952,2025-11-08,RTM,BRC,2025-11-08 13:12:00,2025-11-08 13:12:00,2025-11-08 13:15:00,3.8,3.8,690.0,552.0,592.0
12952,2025-11-08,BRC,ST,2025-11-08 16:19:00,2025-11-08 16:19:00,2025-11-08 17:15:00,56.7,56.7,255.3,204.2,270.7
12952,2025-11-08,ST,BCT,2025-11-08 20:19:00,2025-11-08 20:19:00,2025-11-08 21:24:00,65.9,65.9,63.0,50.4,122.5
12004,2025-11-08,NDLS,GZB,2025-11-08 05:30:00,2025-11-08 05:30:00,2025-11-08 06:02:00,32.2,32.2,1150.0,920.0,955.0
12004,2025-11-08,GZB,ALJN,2025-11-08 09:06:00,2025-11-08 09:06:00,2025-11-08 09:32:00,26.5,26.5,920.0,736.0,779.0
12004,2025-11-08,ALJN,TDL,2025-11-08 12:36:00,2025-11-08 12:36:00,2025-11-08 13:07:00,31.1,31.1,690.0,552.0,585.2
12004,2025-11-08,TDL,CNB,2025-11-08 16:11:00,2025-11-08 16:11:00,2025-11-08 16:49:00,38.4,38.4,389.3,311.4,361.1
12004,2025-11-08,CNB,LKO,2025-11-08 19:53:00,2025-11-08 19:53:00,2025-11-08 20:33:00,40.6,40.6,83.0,66.4,112.3
12626,2025-11-08,NDLS,AGC,2025-11-08 06:49:00,2025-11-08 06:49:00,2025-11-08 07:29:00,40.4,40.4,1150.0,920.0,964.4
12626,2025-11-08,AGC,VGLJ,2025-11-08 10:33:00,2025-11-08 10:33:00,2025-11-08 11:17:00,44.7,44.7,920.0,736.0,797.1
12626,2025-11-08,VGLJ,BPL,2025-11-08 14:21:00,2025-11-08 14:21:00,2025-11-08 15:01:00,40.9,40.9,690.0,552.0,592.8
12626,2025-11-08,BPL,NGP,2025-11-08 18:05:00,2025-11-08 18:05:00,2025-11-08 18:53:00,48.5,48.5,284.6,227.7,262.6
12626,2025-11-08,NGP,MAS,2025-11-08 21:57:00,2025-11-08 21:57:00,2025-11-08 22:45:00,48.4,48.4,153.2,122.6,183.6
12424,2025-11-08,NDLS,CNB,2025-11-08 06:32:00,2025-11-08 06:32:00,2025-11-08 06:53:00,21.0,21.0,1150.0,920.0,938.8
12424,2025-11-08,CNB,PRYJ,2025-11-08 09:57:00,2025-11-08 09:57:00,2025-11-08 10:35:00,38.0,38.0,920.0,736.0,772.1
12424,2025-11-08,PRYJ,DDU,2025-11-08 13:39:00,2025-11-08 13:39:00,2025-11-08 14:18:00,39.2,39.2,690.0,552.0,598.5
12424,2025-11-08,DDU,PPTA,2025-11-08 17:22:00,2025-11-08 17:22:00,2025-11-08 18:02:00,40.6,40.6,496.5,397.2,457.6
12424,2025-11-08,PPTA,GHY,2025-11-08 21:06:00,2025-11-08 21:06:00,2025-11-08 21:31:00,25.9,25.9,87.3,69.8,104.4
12260,2025-11-08,NDLS,CNB,2025-11-08 06:46:00,2025-11-08 06:46:00,2025-11-08 06:59:00,13.6,13.6,1150.0,920.0,954.2
12260,2025-11-08,CNB,PRYJ,2025-11-08 10:49:00,2025-11-08 10:49:00,2025-11-08 10:56:00,7.8,7.8,862.5,690.0,700.4
12260,2025-11-08,PRYJ,DDU,2025-11-08 14:46:00,2025-11-08 14:46:00,2025-11-08 15:18:00,32.0,32.0,392.9,314.3,361.1
12260,2025-11-08,DDU,HWH,2025-11-08 19:08:00,2025-11-08 19:08:00,2025-11-08 19:37:00,29.5,29.5,71.0,56.8,79.8
12926,2025-11-08,BCT,BRC,2025-11-08 06:21:00,2025-11-08 06:21:00,2025-11-08 06:32:00,12.0,12.0,1150.0,920.0,946.1
12926,2025-11-08,BRC,RTM,2025-11-08 09:36:00,2025-11-08 09:36:00,2025-11-08 10:18:00,42.4,42.4,920.0,736.0,775.9
12926,2025-11-08,RTM,KOTA,2025-11-08 13:22:00,2025-11-08 13:22:00,2025-11-08 14:13:00,51.4,51.4,690.0,552.0,594.0
12926,2025-11-08,KOTA,NDLS,2025-11-08 17:17:00,2025-11-08 17:17:00,2025-11-08 18:13:00,56.4,56.4,236.3,189.0,248.5
12926,2025-11-08,NDLS,ASR,2025-11-08 21:17:00,2025-11-08 21:17:00,2025-11-08 22:14:00,57.2,57.2,51.2,41.0,92.4
12627,2025-11-08,SBC,DMM,2025-11-08 06:23:00,2025-11-08 06:23:00,2025-11-08 06:27:00,4.8,4.8,1150.0,920.0,943.4
12627,2025-11-08,DMM,GTL,2025-11-08 09:31:00,2025-11-08 09:31:00,2025-11-08 09:44:00,13.7,13.7,920.0,736.0,732.4
12627,2025-11-08,GTL,SC,2025-11-08 12:48:00,2025-11-08 12:48:00,2025-11-08 13:06:00,18.6,18.6,690.0,552.0,569.5
12627,2025-11-08,SC,NGP,2025-11-08 16:10:00,2025-11-08 16:10:00,2025-11-08 16:46:00,36.9,36.9,433.5,346.8,389.5
12627,2025-11-08,NGP,NDLS,2025-11-08 19:50:00,2025-11-08 19:50:00,2025-11-08 20:42:00,52.7,52.7,141.8,113.4,170.0
12301,2025-11-09,NDLS,CNB,2025-11-09 06:38:00,2025-11-09 06:38:00,2025-11-09 06:41:00,3.1,3.1,1150.0,920.0,929.9
12301,2025-11-09,CNB,PRYJ,2025-11-09 09:45:00,2025-11-09 09:45:00,2025-11-09 09:57:00,12.0,12.0,920.0,736.0,758.8
12301,2025-11-09,PRYJ,DDU,2025-11-09 13:01:00,2025-11-09 13:01:00,2025-11-09 13:08:00,7.5,7.5,690.0,552.0,580.3
12301,2025-11-09,DDU,GKP,2025-11-09 16:12:00,2025-11-09 16:12:00,2025-11-09 16:17:00,5.7,5.7,405.7,324.6,342.2
12301,2025-11-09,GKP,HWH,2025-11-09 19:21:00,2025-11-09 19:21:00,2025-11-09 19:29:00,8.6,8.6,149.7,119.8,148.2
12302,2025-11-09,HWH,GKP,2025-11-09 05:44:00,2025-11-09 05:44:00,2025-11-09 05:44:00,0.0,0.0,1150.0,920.0,921.2
12302,2025-11-09,GKP,DDU,2025-11-09 08:48:00,2025-11-09 08:48:00,2025-11-09 09:46:00,58.0,58.0,920.0,736.0,806.0
12302,2025-11-09,DDU,PRYJ,2025-11-09 12:50:00,2025-11-09 12:50:00,2025-11-09 13:56:00,66.7,66.7,690.0,552.0,625.7
12302,2025-11-09,PRYJ,CNB,2025-11-09 17:00:00,2025-11-09 17:00:00,2025-11-09 18:16:00,76.9,76.9,414.8,331.8,407.6
12302,2025-11-09,CNB,NDLS,2025-11-09 21:20:00,2025-11-09 21:20:00,2025-11-09 22:38:00,78.9,78.9,167.8,134.2,219.4
12951,2025-11-09,BCT,ST,2025-11-09 06:17:00,2025-11-09 06:17:00,2025-11-09 06:24:00,7.5,7.5,1150.0,920.0,938.4
12951,2025-11-09,ST,BRC,2025-11-09 09:28:00,2025-11-09 09:28:00,2025-11-09 09:41:00,13.8,13.8,920.0,736.0,753.5
12951,2025-11-09,BRC,RTM,2025-11-09 12:45:00,2025-11-09 12:45:00,2025-11-09 13:06:00,21.5,21.5,690.0,552.0,577.7
12951,2025-11-09,RTM,KOTA,2025-11-09 16:10:00,2025-11-09 16:10:00,2025-11-09 16:35:00,25.1,25.1,421.2,337.0,358.5
12951,2025-11-09,KOTA,NDLS,2025-11-09 19:39:00,2025-11-09 19:39:00,2025-11-09 20:06:00,28.0,28.0,136.0,108.8,150.6
12952,2025-11-09,NDLS,KOTA,2025-11-09 06:37:00,2025-11-09 06:37:00,2025-11-09 07:03:00,26.2,26.2,1150.0,920.0,957.6
12952,2025-11-09,KOTA,RTM,2025-11-09 10:07:00,2025-11-09 10:07:00,2025-11-09 10:30:00,23.2,23.2,920.0,736.0,757.6
12952,2025-11-09,RTM,BRC,2025-11-09 13:34:00,2025-11-09 13:34:00,2025-11-09 13:58:00,24.5,24.5,690.0,552.0,575.7
12952,2025-11-09,BRC,ST,2025-11-09 17:02:00,2025-11-09 17:02:00,2025-11-09 17:31:00,29.1,29.1,517.9,414.3,451.9
12952,2025-11-09,ST,BCT,2025-11-09 20:35:00,2025-11-09 20:35:00,2025-11-09 21:24:00,49.0,49.0,77.1,61.7,119.6
12004,2025-11-09,NDLS,GZB,2025-11-09 06:02:00,2025-11-09 06:02:00,2025-11-09 06:08:00,6.1,6.1,1150.0,920.0,942.9
12004,2025-11-09,GZB,ALJN,2025-11-09 09:12:00,2025-11-09 09:12:00,2025-11-09 09:25:00,13.1,13.1,920.0,736.0,744.6
12004,2025-11-09,ALJN,TDL,2025-11-09 12:29:00,2025-11-09 12:29:00,2025-11-09 12:48:00,19.7,19.7,690.0,552.0,584.1
12004,2025-11-09,TDL,CNB,2025-11-09 15:52:00,2025-11-09 15:52:00,2025-11-09 16:19:00,27.5,27.5,407.8,326.2,358.8
12004,2025-11-09,CNB,LKO,2025-11-09 19:23:00,2025-11-09 19:23:00,2025-11-09 20:42:00,79.2,79.2,108.0,86.4,182.2
12626,2025-11-09,NDLS,AGC,2025-11-09 05:42:00,2025-11-09 05:42:00,2025-11-09 05:50:00,8.2,8.2,1150.0,920.0,937.2
12626,2025-11-09,AGC,VGLJ,2025-11-09 08:54:00,2025-11-09 08:54:00,2025-11-09 09:52:00,58.6,58.6,920.0,736.0,794.7
12626,2025-11-09,VGLJ,BPL,2025-11-09 12:56:00,2025-11-09 12:56:00,2025-11-09 13:51:00,55.4,55.4,690.0,552.0,611.7
12626,2025-11-09,BPL,NGP,2025-11-09 16:55:00,2025-11-09 16:55:00,2025-11-09 17:59:00,64.4,64.4,534.9,427.9,482.5
12626,2025-11-09,NGP,MAS,2025-11-09 21:03:00,2025-11-09 21:03:00,2025-11-09 23:14:00,131.3,131.3,109.3,87.4,195.6
12424,2025-11-09,NDLS,CNB,2025-11-09 06:42:00,2025-11-09 06:42:00,2025-11-09 07:08:00,26.6,26.6,1150.0,920.0,955.6
12424,2025-11-09,CNB,PRYJ,2025-11-09 10:12:00,2025-11-09 10:12:00,2025-11-09 10:41:00,29.2,29.2,920.0,736.0,765.2
12424,2025-11-09,PRYJ,DDU,2025-11-09 13:45:00,2025-11-09 13:45:00,2025-11-09 14:19:00,34.3,34.3,690.0,552.0,584.7
12424,2025-11-09,DDU,PPTA,2025-11-09 17:23:00,2025-11-09 17:23:00,2025-11-09 18:02:00,39.1,39.1,438.5,350.8,390.3
12424,2025-11-09,PPTA,GHY,2025-11-09 21:06:00,2025-11-09 21:06:00,2025-11-09 22:09:00,63.7,63.7,149.1,119.3,179.3
12260,2025-11-09,NDLS,CNB,2025-11-09 06:15:00,2025-11-09 06:15:00,2025-11-09 06:21:00,6.2,6.2,1150.0,920.0,940.2
12260,2025-11-09,CNB,PRYJ,2025-11-09 10:11:00,2025-11-09 10:11:00,2025-11-09 10:13:00,2.4,2.4,862.5,690.0,700.2
12260,2025-11-09,PRYJ,DDU,2025-11-09 14:03:00,2025-11-09 14:03:00,2025-11-09 14:13:00,10.0,10.0,501.3,401.0,428.6
12260,2025-11-09,DDU,HWH,2025-11-09 18:03:00,2025-11-09 18:03:00,2025-11-09 18:07:00,4.8,4.8,150.9,120.7,131.7
12926,2025-11-09,BCT,BRC,2025-11-09 05:50:00,2025-11-09 05:50:00,2025-11-09 05:53:00,3.4,3.4,1150.0,920.0,949.0
12926,2025-11-09,BRC,RTM,2025-11-09 08:57:00,2025-11-09 08:57:00,2025-11-09 09:37:00,40.7,40.7,920.0,736.0,790.1
12926,2025-11-09,RTM,KOTA,2025-11-09 12:41:00,2025-11-09 12:41:00,2025-11-09 13:37:00,56.6,56.6,690.0,552.0,617.0
12926,2025-11-09,KOTA,NDLS,2025-11-09 16:41:00,2025-11-09 16:41:00,2025-11-09 17:36:00,56.0,56.0,280.3,224.2,286.3
12926,2025-11-09,NDLS,ASR,2025-11-09 20:40:00,2025-11-09 20:40:00,2025-11-09 21:34:00,54.0,54.0,103.0,82.4,145.0
12627,2025-11-09,SBC,DMM,2025-11-09 06:01:00,2025-11-09 06:01:00,2025-11-09 06:27:00,26.7,26.7,1150.0,920.0,951.2
12627,2025-11-09,DMM,GTL,2025-11-09 09:31:00,2025-11-09 09:31:00,2025-11-09 09:53:00,22.4,22.4,920.0,736.0,758.0
12627,2025-11-09,GTL,SC,2025-11-09 12:57:00,2025-11-09 12:57:00,2025-11-09 13:29:00,32.7,32.7,690.0,552.0,580.1
12627,2025-11-09,SC,NGP,2025-11-09 16:33:00,2025-11-09 16:33:00,2025-11-09 17:14:00,41.8,41.8,536.5,429.2,476.8
12627,2025-11-09,NGP,NDLS,2025-11-09 20:18:00,2025-11-09 20:18:00,2025-11-09 20:58:00,40.3,40.3,61.1,48.9,101.6
12301,2025-11-10,NDLS,CNB,2025-11-10 05:41:00,2025-11-10 05:41:00,2025-11-10 05:59:00,18.6,18.6,1150.0,920.0,936.6
12301,2025-11-10,CNB,PRYJ,2025-11-10 09:03:00,2025-11-10 09:03:00,2025-11-10 09:23:00,20.6,20.6,920.0,736.0,769.0
12301,2025-11-10,PRYJ,DDU,2025-11-10 12:27:00,2025-11-10 12:27:00,2025-11-10 12:46:00,19.3,19.3,690.0,552.0,568.3
12301,2025-11-10,DDU,GKP,2025-11-10 15:50:00,2025-11-10 15:50:00,2025-11-10 16:10:00,20.5,20.5,432.6,346.1,378.5
12301,2025-11-10,GKP,HWH,2025-11-10 19:14:00,2025-11-10 19:14:00,2025-11-10 19:40:00,26.5,26.5,125.1,100.1,137.3
12302,2025-11-10,HWH,GKP,2025-11-10 05:34:00,2025-11-10 05:34:00,2025-11-10 06:40:00,66.2,66.2,1150.0,920.0,1004.2
12302,2025-11-10,GKP,DDU,2025-11-10 09:44:00,2025-11-10 09:44:00,2025-11-10 10:44:00,60.8,60.8,920.0,736.0,796.6
12302,2025-11-10,DDU,PRYJ,2025-11-10 13:48:00,2025-11-10 13:48:00,2025-11-10 14:53:00,65.1,65.1,690.0,552.0,603.6
12302,2025-11-10,PRYJ,CNB,2025-11-10 17:57:00,2025-11-10 17:57:00,2025-11-10 19:03:00,67.0,67.0,513.7,411.0,493.8
12302,2025-11-10,CNB,NDLS,2025-11-10 22:07:00,2025-11-10 22:07:00,2025-11-10 23:13:00,66.8,66.8,162.9,130.3,193.8
12951,2025-11-10,BCT,ST,2025-11-10 06:54:00,2025-11-10 06:54:00,2025-11-10 07:21:00,27.4,27.4,1150.0,920.0,949.3
12951,2025-11-10,ST,BRC,2025-11-10 10:25:00,2025-11-10 10:25:00,2025-11-10 10:52:00,27.4,27.4,920.0,736.0,778.7
12951,2025-11-10,BRC,RTM,2025-11-10 13:56:00,2025-11-10 13:56:00,2025-11-10 14:28:00,32.9,32.9,690.0,552.0,592.1
12951,2025-11-10,RTM,KOTA,2025-11-10 17:32:00,2025-11-10 17:32:00,2025-11-10 19:07:00,95.6,95.6,332.0,265.6,342.5
12951,2025-11-10,KOTA,NDLS,2025-11-10 22:11:00,2025-11-10 22:11:00,2025-11-11 00:20:00,129.1,129.1,148.0,118.4,239.5
12952,2025-11-10,NDLS,KOTA,2025-11-10 06:51:00,2025-11-10 06:51:00,2025-11-10 06:53:00,2.1,2.1,1150.0,920.0,914.0
12952,2025-11-10,KOTA,RTM,2025-11-10 09:57:00,2025-11-10 09:57:00,2025-11-10 10:34:00,37.5,37.5,920.0,736.0,783.7
12952,2025-11-10,RTM,BRC,2025-11-10 13:38:00,2025-11-10 13:38:00,2025-11-10 14:58:00,80.9,80.9,690.0,552.0,633.6
12952,2025-11-10,BRC,ST,2025-11-10 18:02:00,2025-11-10 18:02:00,2025-11-10 19:24:00,82.3,82.3,246.4,197.1,280.5
12952,2025-11-10,ST,BCT,2025-11-10 22:28:00,2025-11-10 22:28:00,2025-11-10 23:51:00,83.8,83.8,58.6,46.9,124.3
12004,2025-11-10,NDLS,GZB,2025-11-10 06:41:00,2025-11-10 06:41:00,2025-11-10 06:59:00,18.4,18.4,1150.0,920.0,958.7
12004,2025-11-10,GZB,ALJN,2025-11-10 10:03:00,2025-11-10 10:03:00,2025-11-10 10:32:00,29.3,29.3,920.0,736.0,763.8
12004,2025-11-10,ALJN,TDL,2025-11-10 13:36:00,2025-11-10 13:36:00,2025-11-10 14:02:00,26.5,26.5,690.0,552.0,592.9
12004,2025-11-10,TDL,CNB,2025-11-10 17:06:00,2025-11-10 17:06:00,2025-11-10 17:36:00,30.4,30.4,245.3,196.2,222.1
12004,2025-11-10,CNB,LKO,2025-11-10 20:40:00,2025-11-10 20:40:00,2025-11-10 21:53:00,73.0,73.0,143.2,114.6,189.9
12626,2025-11-10,NDLS,AGC,2025-11-10 06:07:00,2025-11-10 06:07:00,2025-11-10 06:35:00,28.7,28.7,1150.0,920.0,955.0
12626,2025-11-10,AGC,VGLJ,2025-11-10 09:39:00,2025-11-10 09:39:00,2025-11-10 10:15:00,36.6,36.6,920.0,736.0,768.5
12626,2025-11-10,VGLJ,BPL,2025-11-10 13:19:00,2025-11-10 13:19:00,2025-11-10 14:08:00,49.7,49.7,690.0,552.0,611.1
12626,2025-11-10,BPL,NGP,2025-11-10 17:12:00,2025-11-10 17:12:00,2025-11-10 18:03:00,51.3,51.3,332.0,265.6,317.2
12626,2025-11-10,NGP,MAS,2025-11-10 21:07:00,2025-11-10 21:07:00,2025-11-10 22:05:00,58.3,58.3,180.0,144.0,193.7
12424,2025-11-10,NDLS,CNB,2025-11-10 06:47:00,2025-11-10 06:47:00,2025-11-10 07:22:00,35.6,35.6,1150.0,920.0,957.6
12424,2025-11-10,CNB,PRYJ,2025-11-10 10:26:00,2025-11-10 10:26:00,2025-11-10 11:07:00,41.2,41.2,920.0,736.0,763.5
12424,2025-11-10,PRYJ,DDU,2025-11-10 14:11:00,2025-11-10 14:11:00,2025-11-10 14:57:00,46.6,46.6,690.0,552.0,589.2
12424,2025-11-10,DDU,PPTA,2025-11-10 18:01:00,2025-11-10 18:01:00,2025-11-10 18:58:00,57.8,57.8,348.9,279.1,348.6
12424,2025-11-10,PPTA,GHY,2025-11-10 22:02:00,2025-11-10 22:02:00,2025-11-10 23:17:00,75.7,75.7,145.8,116.6,179.4
12260,2025-11-10,NDLS,CNB,2025-11-10 06:02:00,2025-11-10 06:02:00,2025-11-10 06:39:00,37.4,37.4,1150.0,920.0,959.8
12260,2025-11-10,CNB,PRYJ,2025-11-10 10:29:00,2025-11-10 10:29:00,2025-11-10 11:17:00,48.2,48.2,862.5,690.0,754.2
12260,2025-11-10,PRYJ,DDU,2025-11-10 15:07:00,2025-11-10 15:07:00,2025-11-10 15:57:00,50.2,50.2,378.5,302.8,364.2
12260,2025-11-10,DDU,HWH,2025-11-10 19:47:00,2025-11-10 19:47:00,2025-11-10 20:48:00,61.8,61.8,83.4,66.7,149.1
12926,2025-11-10,BCT,BRC,2025-11-10 05:34:00,2025-11-10 05:34:00,2025-11-10 05:40:00,6.4,6.4,1150.0,920.0,941.8
12926,2025-11-10,BRC,RTM,2025-11-10 08:44:00,2025-11-10 08:44:00,2025-11-10 08:55:00,11.6,11.6,920.0,736.0,743.3
12926,2025-11-10,RTM,KOTA,2025-11-10 11:59:00,2025-11-10 11:59:00,2025-11-10 12:17:00,18.9,18.9,690.0,552.0,577.3
12926,2025-11-10,KOTA,NDLS,2025-11-10 15:21:00,2025-11-10 15:21:00,2025-11-10 15:47:00,26.1,26.1,527.3,421.8,448.7
12926,2025-11-10,NDLS,ASR,2025-11-10 18:51:00,2025-11-10 18:51:00,2025-11-10 19:03:00,12.6,12.6,167.9,134.3,143.0
12627,2025-11-10,SBC,DMM,2025-11-10 06:44:00,2025-11-10 06:44:00,2025-11-10 06:57:00,13.7,13.7,1150.0,920.0,948.5
12627,2025-11-10,DMM,GTL,2025-11-10 10:01:00,2025-11-10 10:01:00,2025-11-10 10:20:00,19.2,19.2,920.0,736.0,762.3
12627,2025-11-10,GTL,SC,2025-11-10 13:24:00,2025-11-10 13:24:00,2025-11-10 13:50:00,26.0,26.0,690.0,552.0,584.7
12627,2025-11-10,SC,NGP,2025-11-10 16:54:00,2025-11-10 16:54:00,2025-11-10 17:23:00,29.3,29.3,455.3,364.2,392.3
12627,2025-11-10,NGP,NDLS,2025-11-10 20:27:00,2025-11-10 20:27:00,2025-11-10 21:02:00,35.6,35.6,53.0,42.4,80.4
12301,2025-11-11,NDLS,CNB,2025-11-11 06:23:00,2025-11-11 06:23:00,2025-11-11 07:28:00,65.6,65.6,1150.0,920.0,994.5
12301,2025-11-11,CNB,PRYJ,2025-11-11 10:32:00,2025-11-11 10:32:00,2025-11-11 11:40:00,68.8,68.8,920.0,736.0,800.7
12301,2025-11-11,PRYJ,DDU,2025-11-11 14:44:00,2025-11-11 14:44:00,2025-11-11 15:59:00,75.3,75.3,690.0,552.0,618.3
12301,2025-11-11,DDU,GKP,2025-11-11 19:03:00,2025-11-11 19:03:00,2025-11-11 20:07:00,64.7,64.7,319.1,255.3,322.2
12301,2025-11-11,GKP,HWH,2025-11-11 23:11:00,2025-11-11 23:11:00,2025-11-12 00:28:00,77.6,77.6,156.5,125.2,186.9
12302,2025-11-11,HWH,GKP,2025-11-11 06:20:00,2025-11-11 06:20:00,2025-11-11 07:01:00,41.5,41.5,1150.0,920.0,962.5
12302,2025-11-11,GKP,DDU,2025-11-11 10:05:00,2025-11-11 10:05:00,2025-11-11 10:49:00,44.9,44.9,920.0,736.0,779.8
12302,2025-11-11,DDU,PRYJ,2025-11-11 13:53:00,2025-11-11 13:53:00,2025-11-11 14:47:00,54.2,54.2,690.0,552.0,616.7
12302,2025-11-11,PRYJ,CNB,2025-11-11 17:51:00,2025-11-11 17:51:00,2025-11-11 18:51:00,60.2,60.2,309.9,247.9,314.4
12302,2025-11-11,CNB,NDLS,2025-11-11 21:55:00,2025-11-11 21:55:00,2025-11-11 23:00:00,65.2,65.2,63.5,50.8,128.5
12951,2025-11-11,BCT,ST,2025-11-11 05:48:00,2025-11-11 05:48:00,2025-11-11 06:00:00,12.9,12.9,1150.0,920.0,941.7
12951,2025-11-11,ST,BRC,2025-11-11 09:04:00,2025-11-11 09:04:00,2025-11-11 09:21:00,17.2,17.2,920.0,736.0,766.8
12951,2025-11-11,BRC,RTM,2025-11-11 12:25:00,2025-11-11 12:25:00,2025-11-11 12:41:00,16.5,16.5,690.0,552.0,583.1
12951,2025-11-11,RTM,KOTA,2025-11-11 15:45:00,2025-11-11 15:45:00,2025-11-11 16:10:00,25.2,25.2,226.0,180.8,216.0
12951,2025-11-11,KOTA,NDLS,2025-11-11 19:14:00,2025-11-11 19:14:00,2025-11-11 19:38:00,24.8,24.8,160.7,128.6,169.3
12952,2025-11-11,NDLS,KOTA,2025-11-11 05:44:00,2025-11-11 05:44:00,2025-11-11 05:58:00,14.7,14.7,1150.0,920.0,945.5
12952,2025-11-11,KOTA,RTM,2025-11-11 09:02:00,2025-11-11 09:02:00,2025-11-11 10:09:00,68.0,68.0,920.0,736.0,796.8
12952,2025-11-11,RTM,BRC,2025-11-11 13:13:00,2025-11-11 13:13:00,2025-11-11 14:30:00,77.4,77.4,690.0,552.0,618.6
12952,2025-11-11,BRC,ST,2025-11-11 17:34:00,2025-11-11 17:34:00,2025-11-11 18:48:00,74.4,74.4,421.1,336.9,392.5
12952,2025-11-11,ST,BCT,2025-11-11 21:52:00,2025-11-11 21:52:00,2025-11-11 23:13:00,81.6,81.6,172.6,138.1,205.3
12004,2025-11-11,NDLS,GZB,2025-11-11 06:45:00,2025-11-11 06:45:00,2025-11-11 06:46:00,1.2,1.2,1150.0,920.0,936.8
12004,2025-11-11,GZB,ALJN,2025-11-11 09:50:00,2025-11-11 09:50:00,2025-11-11 10:47:00,57.7,57.7,920.0,736.0,784.8
12004,2025-11-11,ALJN,TDL,2025-11-11 13:51:00,2025-11-11 13:51:00,2025-11-11 14:53:00,62.6,62.6,690.0,552.0,617.5
12004,2025-11-11,TDL,CNB,2025-11-11 17:57:00,2025-11-11 17:57:00,2025-11-11 19:51:00,114.4,114.4,418.1,334.5,444.4
12004,2025-11-11,CNB,LKO,2025-11-11 22:55:00,2025-11-11 22:55:00,2025-11-12 01:03:00,129.0,129.0,153.4,122.7,242.3
12626,2025-11-11,NDLS,AGC,2025-11-11 05:55:00,2025-11-11 05:55:00,2025-11-11 06:16:00,21.7,21.7,1150.0,920.0,958.8
12626,2025-11-11,AGC,VGLJ,2025-11-11 09:20:00,2025-11-11 09:20:00,2025-11-11 09:40:00,20.0,20.0,920.0,736.0,769.2
12626,2025-11-11,VGLJ,BPL,2025-11-11 12:44:00,2025-11-11 12:44:00,2025-11-11 13:07:00,23.2,23.2,690.0,552.0,562.8
12626,2025-11-11,BPL,NGP,2025-11-11 16:11:00,2025-11-11 16:11:00,2025-11-11 16:46:00,35.7,35.7,348.6,278.9,328.0
12626,2025-11-11,NGP,MAS,2025-11-11 19:50:00,2025-11-11 19:50:00,2025-11-11 20:23:00,33.6,33.6,151.0,120.8,158.3
12424,2025-11-11,NDLS,CNB,2025-11-11 06:45:00,2025-11-11 06:45:00,2025-11-11 06:46:00,1.5,1.5,1150.0,920.0,919.0
12424,2025-11-11,CNB,PRYJ,2025-11-11 09:50:00,2025-11-11 09:50:00,2025-11-11 09:51:00,1.2,1.2,920.0,736.0,749.8
12424,2025-11-11,PRYJ,DDU,2025-11-11 12:55:00,2025-11-11 12:55:00,2025-11-11 12:59:00,4.2,4.2,690.0,552.0,574.8
12424,2025-11-11,DDU,PPTA,2025-11-11 16:03:00,2025-11-11 16:03:00,2025-11-11 16:08:00,5.6,5.6,531.1,424.9,428.3
12424,2025-11-11,PPTA,GHY,2025-11-11 19:12:00,2025-11-11 19:12:00,2025-11-11 19:14:00,2.7,2.7,64.4,51.5,68.8
12260,2025-11-11,NDLS,CNB,2025-11-11 06:11:00,2025-11-11 06:11:00,2025-11-11 06:31:00,20.5,20.5,1150.0,920.0,938.4
12260,2025-11-11,CNB,PRYJ,2025-11-11 10:21:00,2025-11-11 10:21:00,2025-11-11 10:37:00,16.7,16.7,862.5,690.0,712.0
12260,2025-11-11,PRYJ,DDU,2025-11-11 14:27:00,2025-11-11 14:27:00,2025-11-11 14:53:00,26.6,26.6,335.9,268.7,300.6
12260,2025-11-11,DDU,HWH,2025-11-11 18:43:00,2025-11-11 18:43:00,2025-11-11 19:11:00,28.9,28.9,166.6,133.3,168.6
12926,2025-11-11,BCT,BRC,2025-11-11 06:50:00,2025-11-11 06:50:00,2025-11-11 06:50:00,1.0,1.0,1150.0,920.0,925.4
12926,2025-11-11,BRC,RTM,2025-11-11 09:54:00,2025-11-11 09:54:00,2025-11-11 10:09:00,15.0,15.0,920.0,736.0,757.4
12926,2025-11-11,RTM,KOTA,2025-11-11 13:13:00,2025-11-11 13:13:00,2025-11-11 14:08:00,55.3,55.3,690.0,552.0,600.8
12926,2025-11-11,KOTA,NDLS,2025-11-11 17:12:00,2025-11-11 17:12:00,2025-11-11 18:04:00,52.9,52.9,265.8,212.6,262.4
12926,2025-11-11,NDLS,ASR,2025-11-11 21:08:00,2025-11-11 21:08:00,2025-11-11 21:59:00,51.6,51.6,149.0,119.2,161.0
12627,2025-11-11,SBC,DMM,2025-11-11 05:47:00,2025-11-11 05:47:00,2025-11-11 06:12:00,25.5,25.5,1150.0,920.0,957.4
12627,2025-11-11,DMM,GTL,2025-11-11 09:16:00,2025-11-11 09:16:00,2025-11-11 09:35:00,19.2,19.2,920.0,736.0,771.7
12627,2025-11-11,GTL,SC,2025-11-11 12:39:00,2025-11-11 12:39:00,2025-11-11 12:55:00,16.7,16.7,690.0,552.0,572.8
12627,2025-11-11,SC,NGP,2025-11-11 15:59:00,2025-11-11 15:59:00,2025-11-11 16:37:00,38.1,38.1,362.8,290.2,316.9
12627,2025-11-11,NGP,NDLS,2025-11-11 19:41:00,2025-11-11 19:41:00,2025-11-11 20:45:00,64.5,64.5,174.1,139.3,197.3
12301,2025-11-12,NDLS,CNB,2025-11-12 06:55:00,2025-11-12 06:55:00,2025-11-12 06:57:00,2.6,2.6,1150.0,920.0,955.5
12301,2025-11-12,CNB,PRYJ,2025-11-12 10:01:00,2025-11-12 10:01:00,2025-11-12 10:16:00,15.1,15.1,920.0,736.0,769.6
12301,2025-11-12,PRYJ,DDU,2025-11-12 13:20:00,2025-11-12 13:20:00,2025-11-12 13:38:00,18.2,18.2,690.0,552.0,576.8
12301,2025-11-12,DDU,GKP,2025-11-12 16:42:00,2025-11-12 16:42:00,2025-11-12 16:59:00,17.7,17.7,496.2,397.0,424.7
12301,2025-11-12,GKP,HWH,2025-11-12 20:03:00,2025-11-12 20:03:00,2025-11-12 20:22:00,20.0,20.0,73.2,58.6,91.1
12302,2025-11-12,HWH,GKP,2025-11-12 06:48:00,2025-11-12 06:48:00,2025-11-12 06:57:00,9.6,9.6,1150.0,920.0,934.2
12302,2025-11-12,GKP,DDU,2025-11-12 10:01:00,2025-11-12 10:01:00,2025-11-12 10:16:00,15.1,15.1,920.0,736.0,752.6
12302,2025-11-12,DDU,PRYJ,2025-11-12 13:20:00,2025-11-12 13:20:00,2025-11-12 13:43:00,23.1,23.1,690.0,552.0,565.9
12302,2025-11-12,PRYJ,CNB,2025-11-12 16:47:00,2025-11-12 16:47:00,2025-11-12 17:14:00,27.9,27.9,256.5,205.2,243.6
12302,2025-11-12,CNB,NDLS,2025-11-12 20:18:00,2025-11-12 20:18:00,2025-11-12 20:45:00,28.0,28.0,105.8,84.6,131.5
12951,2025-11-12,BCT,ST,2025-11-12 06:58:00,2025-11-12 06:58:00,2025-11-12 07:09:00,11.3,11.3,1150.0,920.0,935.9
12951,2025-11-12,ST,BRC,2025-11-12 10:13:00,2025-11-12 10:13:00,2025-11-12 10:26:00,13.4,13.4,920.0,736.0,768.5
12951,2025-11-12,BRC,RTM,2025-11-12 13:30:00,2025-11-12 13:30:00,2025-11-12 13:46:00,16.1,16.1,690.0,552.0,586.5
12951,2025-11-12,RTM,KOTA,2025-11-12 16:50:00,2025-11-12 16:50:00,2025-11-12 17:13:00,23.6,23.6,360.4,288.3,327.9
12951,2025-11-12,KOTA,NDLS,2025-11-12 20:17:00,2025-11-12 20:17:00,2025-11-12 21:07:00,50.1,50.1,112.6,90.1,144.5
12952,2025-11-12,NDLS,KOTA,2025-11-12 06:40:00,2025-11-12 06:40:00,2025-11-12 06:57:00,17.4,17.4,1150.0,920.0,937.2
12952,2025-11-12,KOTA,RTM,2025-11-12 10:01:00,2025-11-12 10:01:00,2025-11-12 10:15:00,14.4,14.4,920.0,736.0,763.8
12952,2025-11-12,RTM,BRC,2025-11-12 13:19:00,2025-11-12 13:19:00,2025-11-12 13:44:00,25.5,25.5,690.0,552.0,578.6
12952,2025-11-12,BRC,ST,2025-11-12 16:48:00,2025-11-12 16:48:00,2025-11-12 17:36:00,48.1,48.1,411.8,329.4,376.8
12952,2025-11-12,ST,BCT,2025-11-12 20:40:00,2025-11-12 20:40:00,2025-11-12 21:21:00,41.9,41.9,62.8,50.2,88.5
12004,2025-11-12,NDLS,GZB,2025-11-12 06:17:00,2025-11-12 06:17:00,2025-11-12 06:28:00,11.8,11.8,1150.0,920.0,948.0
12004,2025-11-12,GZB,ALJN,2025-11-12 09:32:00,2025-11-12 09:32:00,2025-11-12 10:30:00,58.5,58.5,920.0,736.0,798.6
12004,2025-11-12,ALJN,TDL,2025-11-12 13:34:00,2025-11-12 13:34:00,2025-11-12 14:28:00,54.2,54.2,690.0,552.0,611.3
12004,2025-11-12,TDL,CNB,2025-11-12 17:32:00,2025-11-12 17:32:00,2025-11-12 18:30:00,58.4,58.4,373.3,298.6,372.6
12004,2025-11-12,CNB,LKO,2025-11-12 21:34:00,2025-11-12 21:34:00,2025-11-12 22:32:00,58.2,58.2,165.7,132.6,196.3
12626,2025-11-12,NDLS,AGC,2025-11-12 06:13:00,2025-11-12 06:13:00,2025-11-12 06:19:00,6.3,6.3,1150.0,920.0,932.5
12626,2025-11-12,AGC,VGLJ,2025-11-12 09:23:00,2025-11-12 09:23:00,2025-11-12 09:31:00,8.7,8.7,920.0,736.0,759.6
12626,2025-11-12,VGLJ,BPL,2025-11-12 12:35:00,2025-11-12 12:35:00,2025-11-12 12:46:00,11.7,11.7,690.0,552.0,569.5
12626,2025-11-12,BPL,NGP,2025-11-12 15:50:00,2025-11-12 15:50:00,2025-11-12 16:04:00,14.6,14.6,506.9,405.5,425.9
12626,2025-11-12,NGP,MAS,2025-11-12 19:08:00,2025-11-12 19:08:00,2025-11-12 19:20:00,12.4,12.4,137.4,109.9,132.0
12424,2025-11-12,NDLS,CNB,2025-11-12 06:59:00,2025-11-12 06:59:00,2025-11-12 07:13:00,14.5,14.5,1150.0,920.0,939.4
12424,2025-11-12,CNB,PRYJ,2025-11-12 10:17:00,2025-11-12 10:17:00,2025-11-12 10:29:00,12.9,12.9,920.0,736.0,767.7
12424,2025-11-12,PRYJ,DDU,2025-11-12 13:33:00,2025-11-12 13:33:00,2025-11-12 13:56:00,23.5,23.5,690.0,552.0,562.2
12424,2025-11-12,DDU,PPTA,2025-11-12 17:00:00,2025-11-12 17:00:00,2025-11-12 17:21:00,21.1,21.1,352.9,282.3,296.9
12424,2025-11-12,PPTA,GHY,2025-11-12 20:25:00,2025-11-12 20:25:00,2025-11-12 20:45:00,21.0,21.0,172.2,137.8,153.1
12260,2025-11-12,NDLS,CNB,2025-11-12 05:34:00,2025-11-12 05:34:00,2025-11-12 05:35:00,1.4,1.4,1150.0,920.0,924.8
12260,2025-11-12,CNB,PRYJ,2025-11-12 09:25:00,2025-11-12 09:25:00,2025-11-12 09:32:00,7.4,7.4,862.5,690.0,713.5
12260,2025-11-12,PRYJ,DDU,2025-11-12 13:22:00,2025-11-12 13:22:00,2025-11-12 14:07:00,45.8,45.8,497.4,397.9,440.2
12260,2025-11-12,DDU,HWH,2025-11-12 17:57:00,2025-11-12 17:57:00,2025-11-12 18:51:00,54.2,54.2,99.6,79.7,142.5
12926,2025-11-12,BCT,BRC,2025-11-12 06:46:00,2025-11-12 06:46:00,2025-11-12 08:03:00,77.7,77.7,1150.0,920.0,998.7
12926,2025-11-12,BRC,RTM,2025-11-12 11:07:00,2025-11-12 11:07:00,2025-11-12 12:27:00,80.1,80.1,920.0,736.0,809.0
12926,2025-11-12,RTM,KOTA,2025-11-12 15:31:00,2025-11-12 15:31:00,2025-11-12 17:10:00,99.6,99.6,690.0,552.0,649.4
12926,2025-11-12,KOTA,NDLS,2025-11-12 20:14:00,2025-11-12 20:14:00,2025-11-12 21:57:00,103.1,103.1,260.1,208.1,313.8
12926,2025-11-12,NDLS,ASR,2025-11-13 01:01:00,2025-11-13 01:01:00,2025-11-13 02:48:00,107.5,107.5,116.2,93.0,194.2
12627,2025-11-12,SBC,DMM,2025-11-12 06:43:00,2025-11-12 06:43:00,2025-11-12 07:05:00,22.2,22.2,1150.0,920.0,965.7
12627,2025-11-12,DMM,GTL,2025-11-12 10:09:00,2025-11-12 10:09:00,2025-11-12 10:34:00,25.4,25.4,920.0,736.0,767.9
12627,2025-11-12,GTL,SC,2025-11-12 13:38:00,2025-11-12 13:38:00,2025-11-12 14:10:00,32.8,32.8,690.0,552.0,590.0
12627,2025-11-12,SC,NGP,2025-11-12 17:14:00,2025-11-12 17:14:00,2025-11-12 18:39:00,85.8,85.8,306.9,245.5,323.2
12627,2025-11-12,NGP,NDLS,2025-11-12 21:43:00,2025-11-12 21:43:00,2025-11-12 23:11:00,88.3,88.3,107.7,86.2,162.2
12301,2025-11-13,NDLS,CNB,2025-11-13 06:52:00,2025-11-13 06:52:00,2025-11-13 07:37:00,45.8,45.8,1150.0,920.0,977.1
12301,2025-11-13,CNB,PRYJ,2025-11-13 10:41:00,2025-11-13 10:41:00,2025-11-13 11:36:00,55.1,55.1,920.0,736.0,802.3
12301,2025-11-13,PRYJ,DDU,2025-11-13 14:40:00,2025-11-13 14:40:00,2025-11-13 15:37:00,57.3,57.3,690.0,552.0,624.3
12301,2025-11-13,DDU,GKP,2025-11-13 18:41:00,2025-11-13 18:41:00,2025-11-13 19:43:00,62.9,62.9,317.1,253.7,315.3
12301,2025-11-13,GKP,HWH,2025-11-13 22:47:00,2025-11-13 22:47:00,2025-11-13 23:46:00,60.0,60.0,78.0,62.4,139.6
12302,2025-11-13,HWH,GKP,2025-11-13 06:03:00,2025-11-13 06:03:00,2025-11-13 06:20:00,17.0,17.0,1150.0,920.0,949.7
12302,2025-11-13,GKP,DDU,2025-11-13 09:24:00,2025-11-13 09:24:00,2025-11-13 09:49:00,25.9,25.9,920.0,736.0,763.5
12302,2025-11-13,DDU,PRYJ,2025-11-13 12:53:00,2025-11-13 12:53:00,2025-11-13 14:15:00,82.2,82.2,690.0,552.0,635.3
12302,2025-11-13,PRYJ,CNB,2025-11-13 17:19:00,2025-11-13 17:19:00,2025-11-13 19:03:00,104.9,104.9,402.1,321.7,413.3
12302,2025-11-13,CNB,NDLS,2025-11-13 22:07:00,2025-11-13 22:07:00,2025-11-13 23:43:00,96.0,96.0,148.9,119.1,211.6
12951,2025-11-13,BCT,ST,2025-11-13 06:34:00,2025-11-13 06:34:00,2025-11-13 07:01:00,27.9,27.9,1150.0,920.0,960.9
12951,2025-11-13,ST,BRC,2025-11-13 10:05:00,2025-11-13 10:05:00,2025-11-13 10:34:00,29.9,29.9,920.0,736.0,795.0
12951,2025-11-13,BRC,RTM,2025-11-13 13:38:00,2025-11-13 13:38:00,2025-11-13 14:10:00,32.3,32.3,690.0,552.0,597.4
12951,2025-11-13,RTM,KOTA,2025-11-13 17:14:00,2025-11-13 17:14:00,2025-11-13 18:35:00,81.3,81.3,253.1,202.5,265.1
12951,2025-11-13,KOTA,NDLS,2025-11-13 21:39:00,2025-11-13 21:39:00,2025-11-13 23:05:00,86.7,86.7,125.5,100.4,194.6
12952,2025-11-13,NDLS,KOTA,2025-11-13 05:56:00,2025-11-13 05:56:00,2025-11-13 06:09:00,13.9,13.9,1150.0,920.0,945.2
12952,2025-11-13,KOTA,RTM,2025-11-13 09:13:00,2025-11-13 09:13:00,2025-11-13 09:38:00,25.1,25.1,920.0,736.0,764.9
12952,2025-11-13,RTM,BRC,2025-11-13 12:42:00,2025-11-13 12:42:00,2025-11-13 13:05:00,23.7,23.7,690.0,552.0,583.2
12952,2025-11-13,BRC,ST,2025-11-13 16:09:00,2025-11-13 16:09:00,2025-11-13 16:32:00,23.5,23.5,232.2,185.8,208.1
12952,2025-11-13,ST,BCT,2025-11-13 19:36:00,2025-11-13 19:36:00,2025-11-13 20:00:00,24.5,24.5,78.4,62.7,86.5
12004,2025-11-13,NDLS,GZB,2025-11-13 06:11:00,2025-11-13 06:11:00,2025-11-13 06:47:00,36.8,36.8,1150.0,920.0,961.7
12004,2025-11-13,GZB,ALJN,2025-11-13 09:51:00,2025-11-13 09:51:00,2025-11-13 10:35:00,44.0,44.0,920.0,736.0,774.0
12004,2025-11-13,ALJN,TDL,2025-11-13 13:39:00,2025-11-13 13:39:00,2025-11-13 14:21:00,43.0,43.0,690.0,552.0,592.8
12004,2025-11-13,TDL,CNB,2025-11-13 17:25:00,2025-11-13 17:25:00,2025-11-13 18:06:00,41.1,41.1,517.5,414.0,455.1
12004,2025-11-13,CNB,LKO,2025-11-13 21:10:00,2025-11-13 21:10:00,2025-11-13 22:03:00,53.1,53.1,132.7,106.2,143.5
12626,2025-11-13,NDLS,AGC,2025-11-13 06:06:00,2025-11-13 06:06:00,2025-11-13 07:04:00,58.7,58.7,1150.0,920.0,966.2
12626,2025-11-13,AGC,VGLJ,2025-11-13 10:08:00,2025-11-13 10:08:00,2025-11-13 11:06:00,58.3,58.3,920.0,736.0,791.9
12626,2025-11-13,VGLJ,BPL,2025-11-13 14:10:00,2025-11-13 14:10:00,2025-11-13 15:22:00,72.9,72.9,690.0,552.0,634.3
12626,2025-11-13,BPL,NGP,2025-11-13 18:26:00,2025-11-13 18:26:00,2025-11-13 19:37:00,71.3,71.3,465.9,372.7,447.3
12626,2025-11-13,NGP,MAS,2025-11-13 22:41:00,2025-11-13 22:41:00,2025-11-14 00:01:00,80.5,80.5,108.4,86.7,177.6
12424,2025-11-13,NDLS,CNB,2025-11-13 05:59:00,2025-11-13 05:59:00,2025-11-13 05:59:00,0.0,0.0,1150.0,920.0,929.5
12424,2025-11-13,CNB,PRYJ,2025-11-13 09:03:00,2025-11-13 09:03:00,2025-11-13 09:07:00,4.5,4.5,920.0,736.0,745.0
12424,2025-11-13,PRYJ,DDU,2025-11-13 12:11:00,2025-11-13 12:11:00,2025-11-13 12:16:00,5.7,5.7,690.0,552.0,560.0
12424,2025-11-13,DDU,PPTA,2025-11-13 15:20:00,2025-11-13 15:20:00,2025-11-13 15:29:00,9.8,9.8,496.9,397.5,419.8
12424,2025-11-13,PPTA,GHY,2025-11-13 18:33:00,2025-11-13 18:33:00,2025-11-13 18:44:00,11.3,11.3,123.5,98.8,104.1
12260,2025-11-13,NDLS,CNB,2025-11-13 05:30:00,2025-11-13 05:30:00,2025-11-13 05:32:00,2.3,2.3,1150.0,920.0,934.4
12260,2025-11-13,CNB,PRYJ,2025-11-13 09:22:00,2025-11-13 09:22:00,2025-11-13 09:23:00,1.9,1.9,862.5,690.0,703.0
12260,2025-11-13,PRYJ,DDU,2025-11-13 13:13:00,2025-11-13 13:13:00,2025-11-13 13:22:00,9.1,9.1,443.8,355.0,361.6
12260,2025-11-13,DDU,HWH,2025-11-13 17:12:00,2025-11-13 17:12:00,2025-11-13 17:15:00,3.1,3.1,136.6,109.3,140.9
12926,2025-11-13,BCT,BRC,2025-11-13 06:59:00,2025-11-13 06:59:00,2025-11-13 07:02:00,3.2,3.2,1150.0,920.0,920.2
12926,2025-11-13,BRC,RTM,2025-11-13 10:06:00,2025-11-13 10:06:00,2025-11-13 10:06:00,0.6,0.6,920.0,736.0,743.7
12926,2025-11-13,RTM,KOTA,2025-11-13 13:10:00,2025-11-13 13:10:00,2025-11-13 13:10:00,0.0,0.0,690.0,552.0,556.3
12926,2025-11-13,KOTA,NDLS,2025-11-13 16:14:00,2025-11-13 16:14:00,2025-11-13 16:15:00,1.3,1.3,257.9,206.3,215.3
12926,2025-11-13,NDLS,ASR,2025-11-13 19:19:00,2025-11-13 19:19:00,2025-11-13 19:28:00,9.6,9.6,124.1,99.3,116.2
12627,2025-11-13,SBC,DMM,2025-11-13 06:09:00,2025-11-13 06:09:00,2025-11-13 06:26:00,17.3,17.3,1150.0,920.0,947.7
12627,2025-11-13,DMM,GTL,2025-11-13 09:30:00,2025-11-13 09:30:00,2025-11-13 09:50:00,20.9,20.9,920.0,736.0,762.3
12627,2025-11-13,GTL,SC,2025-11-13 12:54:00,2025-11-13 12:54:00,2025-11-13 14:00:00,66.8,66.8,690.0,552.0,627.2
12627,2025-11-13,SC,NGP,2025-11-13 17:04:00,2025-11-13 17:04:00,2025-11-13 18:20:00,76.4,76.4,250.8,200.6,280.9
12627,2025-11-13,NGP,NDLS,2025-11-13 21:24:00,2025-11-13 21:24:00,2025-11-13 22:48:00,84.0,84.0,58.2,46.6,126.4
12301,2025-11-14,NDLS,CNB,2025-11-14 05:40:00,2025-11-14 05:40:00,2025-11-14 05:40:00,0.0,0.0,1150.0,920.0,937.4
12301,2025-11-14,CNB,PRYJ,2025-11-14 08:44:00,2025-11-14 08:44:00,2025-11-14 09:01:00,17.6,17.6,920.0,736.0,765.2
12301,2025-11-14,PRYJ,DDU,2025-11-14 12:05:00,2025-11-14 12:05:00,2025-11-14 12:16:00,11.7,11.7,690.0,552.0,567.8
12301,2025-11-14,DDU,GKP,2025-11-14 15:20:00,2025-11-14 15:20:00,2025-11-14 15:33:00,13.7,13.7,529.1,423.3,459.8
12301,2025-11-14,GKP,HWH,2025-11-14 18:37:00,2025-11-14 18:37:00,2025-11-14 19:38:00,61.6,61.6,113.8,91.0,144.8
12302,2025-11-14,HWH,GKP,2025-11-14 05:56:00,2025-11-14 05:56:00,2025-11-14 05:56:00,0.0,0.0,1150.0,920.0,936.3
12302,2025-11-14,GKP,DDU,2025-11-14 09:00:00,2025-11-14 09:00:00,2025-11-14 09:03:00,4.0,4.0,920.0,736.0,739.7
12302,2025-11-14,DDU,PRYJ,2025-11-14 12:07:00,2025-11-14 12:07:00,2025-11-14 13:09:00,62.5,62.5,690.0,552.0,619.0
12302,2025-11-14,PRYJ,CNB,2025-11-14 16:13:00,2025-11-14 16:13:00,2025-11-14 17:25:00,72.7,72.7,357.8,286.2,363.1
12302,2025-11-14,CNB,NDLS,2025-11-14 20:29:00,2025-11-14 20:29:00,2025-11-14 21:37:00,69.0,69.0,105.9,84.7,160.0
12951,2025-11-14,BCT,ST,2025-11-14 06:48:00,2025-11-14 06:48:00,2025-11-14 07:45:00,57.3,57.3,1150.0,920.0,976.9
12951,2025-11-14,ST,BRC,2025-11-14 10:49:00,2025-11-14 10:49:00,2025-11-14 11:50:00,61.2,61.2,920.0,736.0,795.9
12951,2025-11-14,BRC,RTM,2025-11-14 14:54:00,2025-11-14 14:54:00,2025-11-14 15:54:00,60.5,60.5,690.0,552.0,612.4
12951,2025-11-14,RTM,KOTA,2025-11-14 18:58:00,2025-11-14 18:58:00,2025-11-14 20:36:00,98.9,98.9,281.2,225.0,323.8
12951,2025-11-14,KOTA,NDLS,2025-11-14 23:40:00,2025-11-14 23:40:00,2025-11-15 01:26:00,106.3,106.3,66.8,53.4,151.6
12952,2025-11-14,NDLS,KOTA,2025-11-14 05:54:00,2025-11-14 05:54:00,2025-11-14 06:10:00,16.3,16.3,1150.0,920.0,943.7
12952,2025-11-14,KOTA,RTM,2025-11-14 09:14:00,2025-11-14 09:14:00,2025-11-14 09:34:00,20.9,20.9,920.0,736.0,765.6
12952,2025-11-14,RTM,BRC,2025-11-14 12:38:00,2025-11-14 12:38:00,2025-11-14 13:04:00,26.7,26.7,690.0,552.0,589.9
12952,2025-11-14,BRC,ST,2025-11-14 16:08:00,2025-11-14 16:08:00,2025-11-14 16:35:00,27.9,27.9,539.4,431.5,472.7
12952,2025-11-14,ST,BCT,2025-11-14 19:39:00,2025-11-14 19:39:00,2025-11-14 20:45:00,66.5,66.5,108.9,87.1,144.9
12004,2025-11-14,NDLS,GZB,2025-11-14 05:44:00,2025-11-14 05:44:00,2025-11-14 05:55:00,11.7,11.7,1150.0,920.0,949.2
12004,2025-11-14,GZB,ALJN,2025-11-14 08:59:00,2025-11-14 08:59:00,2025-11-14 09:49:00,50.5,50.5,920.0,736.0,781.0
12004,2025-11-14,ALJN,TDL,2025-11-14 12:53:00,2025-11-14 12:53:00,2025-11-14 13:56:00,63.1,63.1,690.0,552.0,597.6
12004,2025-11-14,TDL,CNB,2025-11-14 17:00:00,2025-11-14 17:00:00,2025-11-14 18:09:00,69.4,69.4,475.7,380.6,448.7
12004,2025-11-14,CNB,LKO,2025-11-14 21:13:00,2025-11-14 21:13:00,2025-11-14 22:31:00,78.1,78.1,60.4,48.3,121.7
12626,2025-11-14,NDLS,AGC,2025-11-14 06:48:00,2025-11-14 06:48:00,2025-11-14 06:58:00,10.0,10.0,1150.0,920.0,937.2
12626,2025-11-14,AGC,VGLJ,2025-11-14 10:02:00,2025-11-14 10:02:00,2025-11-14 11:11:00,69.9,69.9,920.0,736.0,791.1
12626,2025-11-14,VGLJ,BPL,2025-11-14 14:15:00,2025-11-14 14:15:00,2025-11-14 15:27:00,72.9,72.9,690.0,552.0,620.8
12626,2025-11-14,BPL,NGP,2025-11-14 18:31:00,2025-11-14 18:31:00,2025-11-14 19:43:00,72.8,72.8,541.5,433.2,503.8
12626,2025-11-14,NGP,MAS,2025-11-14 22:47:00,2025-11-14 22:47:00,2025-11-15 00:03:00,77.0,77.0,108.2,86.6,147.5
12424,2025-11-14,NDLS,CNB,2025-11-14 06:48:00,2025-11-14 06:48:00,2025-11-14 06:48:00,1.0,1.0,1150.0,920.0,934.5
12424,2025-11-14,CNB,PRYJ,2025-11-14 09:52:00,2025-11-14 09:52:00,2025-11-14 10:00:00,8.1,8.1,920.0,736.0,747.2
12424,2025-11-14,PRYJ,DDU,2025-11-14 13:04:00,2025-11-14 13:04:00,2025-11-14 13:59:00,55.3,55.3,690.0,552.0,610.3
12424,2025-11-14,DDU,PPTA,2025-11-14 17:03:00,2025-11-14 17:03:00,2025-11-14 17:59:00,56.3,56.3,486.8,389.4,442.0
12424,2025-11-14,PPTA,GHY,2025-11-14 21:03:00,2025-11-14 21:03:00,2025-11-14 22:03:00,60.7,60.7,148.4,118.7,192.2
12260,2025-11-14,NDLS,CNB,2025-11-14 06:20:00,2025-11-14 06:20:00,2025-11-14 06:35:00,15.1,15.1,1150.0,920.0,950.6
12260,2025-11-14,CNB,PRYJ,2025-11-14 10:25:00,2025-11-14 10:25:00,2025-11-14 10:41:00,16.7,16.7,862.5,690.0,720.5
12260,2025-11-14,PRYJ,DDU,2025-11-14 14:31:00,2025-11-14 14:31:00,2025-11-14 14:51:00,20.0,20.0,269.2,215.4,243.7
12260,2025-11-14,DDU,HWH,2025-11-14 18:41:00,2025-11-14 18:41:00,2025-11-14 19:40:00,59.6,59.6,121.2,97.0,162.1
12926,2025-11-14,BCT,BRC,2025-11-14 06:26:00,2025-11-14 06:26:00,2025-11-14 06:43:00,17.1,17.1,1150.0,920.0,952.2
12926,2025-11-14,BRC,RTM,2025-11-14 09:47:00,2025-11-14 09:47:00,2025-11-14 10:04:00,17.7,17.7,920.0,736.0,759.5
12926,2025-11-14,RTM,KOTA,2025-11-14 13:08:00,2025-11-14 13:08:00,2025-11-14 13:26:00,18.9,18.9,690.0,552.0,577.3
12926,2025-11-14,KOTA,NDLS,2025-11-14 16:30:00,2025-11-14 16:30:00,2025-11-14 16:43:00,13.7,13.7,437.6,350.1,370.5
12926,2025-11-14,NDLS,ASR,2025-11-14 19:47:00,2025-11-14 19:47:00,2025-11-14 20:07:00,20.5,20.5,89.2,71.4,103.2
12627,2025-11-14,SBC,DMM,2025-11-14 05:39:00,2025-11-14 05:39:00,2025-11-14 05:39:00,0.0,0.0,1150.0,920.0,943.3
12627,2025-11-14,DMM,GTL,2025-11-14 08:43:00,2025-11-14 08:43:00,2025-11-14 08:46:00,3.7,3.7,920.0,736.0,746.4
12627,2025-11-14,GTL,SC,2025-11-14 11:50:00,2025-11-14 11:50:00,2025-11-14 11:53:00,3.4,3.4,690.0,552.0,576.6
12627,2025-11-14,SC,NGP,2025-11-14 14:57:00,2025-11-14 14:57:00,2025-11-14 15:07:00,10.7,10.7,541.4,433.1,456.0
12627,2025-11-14,NGP,NDLS,2025-11-14 18:11:00,2025-11-14 18:11:00,2025-11-14 18:39:00,28.4,28.4,137.1,109.7,135.8
12301,2025-11-15,NDLS,CNB,2025-11-15 05:40:00,2025-11-15 05:40:00,2025-11-15 05:51:00,11.3,11.3,1150.0,920.0,930.7
12301,2025-11-15,CNB,PRYJ,2025-11-15 08:55:00,2025-11-15 08:55:00,2025-11-15 09:12:00,17.2,17.2,920.0,736.0,771.4
12301,2025-11-15,PRYJ,DDU,2025-11-15 12:16:00,2025-11-15 12:16:00,2025-11-15 12:36:00,20.5,20.5,690.0,552.0,564.7
12301,2025-11-15,DDU,GKP,2025-11-15 15:40:00,2025-11-15 15:40:00,2025-11-15 16:02:00,22.3,22.3,224.9,179.9,204.6
12301,2025-11-15,GKP,HWH,2025-11-15 19:06:00,2025-11-15 19:06:00,2025-11-15 19:37:00,31.9,31.9,67.9,54.3,100.1
12302,2025-11-15,HWH,GKP,2025-11-15 06:05:00,2025-11-15 06:05:00,2025-11-15 06:06:00,1.8,1.8,1150.0,920.0,924.5
12302,2025-11-15,GKP,DDU,2025-11-15 09:10:00,2025-11-15 09:10:00,2025-11-15 09:11:00,1.6,1.6,920.0,736.0,742.4
12302,2025-11-15,DDU,PRYJ,2025-11-15 12:15:00,2025-11-15 12:15:00,2025-11-15 12:22:00,7.6,7.6,690.0,552.0,580.6
12302,2025-11-15,PRYJ,CNB,2025-11-15 15:26:00,2025-11-15 15:26:00,2025-11-15 16:27:00,61.4,61.4,510.2,408.2,478.4
12302,2025-11-15,CNB,NDLS,2025-11-15 19:31:00,2025-11-15 19:31:00,2025-11-15 20:39:00,68.8,68.8,63.8,51.0,115.0
12951,2025-11-15,BCT,ST,2025-11-15 06:34:00,2025-11-15 06:34:00,2025-11-15 06:43:00,9.1,9.1,1150.0,920.0,950.0
12951,2025-11-15,ST,BRC,2025-11-15 09:47:00,2025-11-15 09:47:00,2025-11-15 09:51:00,4.6,4.6,920.0,736.0,755.6
12951,2025-11-15,BRC,RTM,2025-11-15 12:55:00,2025-11-15 12:55:00,2025-11-15 13:00:00,5.6,5.6,690.0,552.0,549.2
12951,2025-11-15,RTM,KOTA,2025-11-15 16:04:00,2025-11-15 16:04:00,2025-11-15 16:06:00,2.6,2.6,316.6,253.3,271.8
12951,2025-11-15,KOTA,NDLS,2025-11-15 19:10:00,2025-11-15 19:10:00,2025-11-15 19:17:00,7.7,7.7,149.1,119.3,141.0
12952,2025-11-15,NDLS,KOTA,2025-11-15 06:15:00,2025-11-15 06:15:00,2025-11-15 06:22:00,7.3,7.3,1150.0,920.0,955.2
12952,2025-11-15,KOTA,RTM,2025-11-15 09:26:00,2025-11-15 09:26:00,2025-11-15 09:53:00,27.8,27.8,920.0,736.0,761.3
12952,2025-11-15,RTM,BRC,2025-11-15 12:57:00,2025-11-15 12:57:00,2025-11-15 13:37:00,40.8,40.8,690.0,552.0,594.2
12952,2025-11-15,BRC,ST,2025-11-15 16:41:00,2025-11-15 16:41:00,2025-11-15 17:15:00,34.6,34.6,247.2,197.8,244.9
12952,2025-11-15,ST,BCT,2025-11-15 20:19:00,2025-11-15 20:19:00,2025-11-15 20:56:00,37.8,37.8,64.5,51.6,84.5
12004,2025-11-15,NDLS,GZB,2025-11-15 06:00:00,2025-11-15 06:00:00,2025-11-15 06:27:00,27.5,27.5,1150.0,920.0,953.4
12004,2025-11-15,GZB,ALJN,2025-11-15 09:31:00,2025-11-15 09:31:00,2025-11-15 10:06:00,35.6,35.6,920.0,736.0,784.8
12004,2025-11-15,ALJN,TDL,2025-11-15 13:10:00,2025-11-15 13:10:00,2025-11-15 13:39:00,29.6,29.6,690.0,552.0,594.5
12004,2025-11-15,TDL,CNB,2025-11-15 16:43:00,2025-11-15 16:43:00,2025-11-15 17:16:00,33.3,33.3,491.7,393.4,429.9
12004,2025-11-15,CNB,LKO,2025-11-15 20:20:00,2025-11-15 20:20:00,2025-11-15 20:54:00,34.9,34.9,151.0,120.8,160.6
12626,2025-11-15,NDLS,AGC,2025-11-15 06:53:00,2025-11-15 06:53:00,2025-11-15 06:53:00,0.0,0.0,1150.0,920.0,943.2
12626,2025-11-15,AGC,VGLJ,2025-11-15 09:57:00,2025-11-15 09:57:00,2025-11-15 10:10:00,13.9,13.9,920.0,736.0,766.1
12626,2025-11-15,VGLJ,BPL,2025-11-15 13:14:00,2025-11-15 13:14:00,2025-11-15 13:21:00,7.9,7.9,690.0,552.0,566.8
12626,2025-11-15,BPL,NGP,2025-11-15 16:25:00,2025-11-15 16:25:00,2025-11-15 16:25:00,0.6,0.6,316.5,253.2,252.2
12626,2025-11-15,NGP,MAS,2025-11-15 19:29:00,2025-11-15 19:29:00,2025-11-15 19:33:00,4.5,4.5,83.3,66.6,85.2
12424,2025-11-15,NDLS,CNB,2025-11-15 06:54:00,2025-11-15 06:54:00,2025-11-15 06:54:00,0.0,0.0,1150.0,920.0,943.2
12424,2025-11-15,CNB,PRYJ,2025-11-15 09:58:00,2025-11-15 09:58:00,2025-11-15 10:02:00,4.2,4.2,920.0,736.0,733.0
12424,2025-11-15,PRYJ,DDU,2025-11-15 13:06:00,2025-11-15 13:06:00,2025-11-15 13:18:00,12.9,12.9,690.0,552.0,584.0
12424,2025-11-15,DDU,PPTA,2025-11-15 16:22:00,2025-11-15 16:22:00,2025-11-15 16:32:00,10.6,10.6,323.6,258.9,280.9
12424,2025-11-15,PPTA,GHY,2025-11-15 19:36:00,2025-11-15 19:36:00,2025-11-15 19:50:00,14.2,14.2,51.1,40.9,63.5
12260,2025-11-15,NDLS,CNB,2025-11-15 05:48:00,2025-11-15 05:48:00,2025-11-15 06:59:00,71.5,71.5,1150.0,920.0,991.8
12260,2025-11-15,CNB,PRYJ,2025-11-15 10:49:00,2025-11-15 10:49:00,2025-11-15 12:05:00,76.1,76.1,862.5,690.0,768.2
12260,2025-11-15,PRYJ,DDU,2025-11-15 15:55:00,2025-11-15 15:55:00,2025-11-15 17:23:00,88.9,88.9,333.1,266.5,352.0
12260,2025-11-15,DDU,HWH,2025-11-15 21:13:00,2025-11-15 21:13:00,2025-11-15 22:53:00,100.5,100.5,92.1,73.7,160.3
12926,2025-11-15,BCT,BRC,2025-11-15 06:41:00,2025-11-15 06:41:00,2025-11-15 06:50:00,9.5,9.5,1150.0,920.0,940.3
12926,2025-11-15,BRC,RTM,2025-11-15 09:54:00,2025-11-15 09:54:00,2025-11-15 09:58:00,4.8,4.8,920.0,736.0,755.2
12926,2025-11-15,RTM,KOTA,2025-11-15 13:02:00,2025-11-15 13:02:00,2025-11-15 13:10:00,8.1,8.1,690.0,552.0,558.7
12926,2025-11-15,KOTA,NDLS,2025-11-15 16:14:00,2025-11-15 16:14:00,2025-11-15 16:26:00,12.9,12.9,428.9,343.1,363.6
12926,2025-11-15,NDLS,ASR,2025-11-15 19:30:00,2025-11-15 19:30:00,2025-11-15 20:24:00,54.3,54.3,96.2,77.0,127.3
12627,2025-11-15,SBC,DMM,2025-11-15 06:52:00,2025-11-15 06:52:00,2025-11-15 06:58:00,6.4,6.4,1150.0,920.0,948.9
12627,2025-11-15,DMM,GTL,2025-11-15 10:02:00,2025-11-15 10:02:00,2025-11-15 10:12:00,10.6,10.6,920.0,736.0,777.3
12627,2025-11-15,GTL,SC,2025-11-15 13:16:00,2025-11-15 13:16:00,2025-11-15 13:34:00,18.5,18.5,690.0,552.0,576.7
12627,2025-11-15,SC,NGP,2025-11-15 16:38:00,2025-11-15 16:38:00,2025-11-15 17:02:00,24.9,24.9,306.1,244.9,281.3
12627,2025-11-15,NGP,NDLS,2025-11-15 20:06:00,2025-11-15 20:06:00,2025-11-15 20:42:00,36.1,36.1,157.6,126.1,153.6
12301,2025-11-16,NDLS,CNB,2025-11-16 06:36:00,2025-11-16 06:36:00,2025-11-16 06:36:00,0.0,0.0,1150.0,920.0,942.2
12301,2025-11-16,CNB,PRYJ,2025-11-16 09:40:00,2025-11-16 09:40:00,2025-11-16 09:42:00,2.4,2.4,920.0,736.0,748.2
12301,2025-11-16,PRYJ,DDU,2025-11-16 12:46:00,2025-11-16 12:46:00,2025-11-16 13:00:00,15.0,15.0,690.0,552.0,583.0
12301,2025-11-16,DDU,GKP,2025-11-16 16:04:00,2025-11-16 16:04:00,2025-11-16 16:22:00,18.3,18.3,363.4,290.7,310.6
12301,2025-11-16,GKP,HWH,2025-11-16 19:26:00,2025-11-16 19:26:00,2025-11-16 19:39:00,13.0,13.0,109.6,87.7,119.2
12302,2025-11-16,HWH,GKP,2025-11-16 06:49:00,2025-11-16 06:49:00,2025-11-16 06:49:00,0.0,0.0,1150.0,920.0,934.0
12302,2025-11-16,GKP,DDU,2025-11-16 09:53:00,2025-11-16 09:53:00,2025-11-16 09:53:00,0.0,0.0,920.0,736.0,746.0
12302,2025-11-16,DDU,PRYJ,2025-11-16 12:57:00,2025-11-16 12:57:00,2025-11-16 13:05:00,8.5,8.5,690.0,552.0,567.9
12302,2025-11-16,PRYJ,CNB,2025-11-16 16:09:00,2025-11-16 16:09:00,2025-11-16 16:22:00,13.2,13.2,222.0,177.6,197.5
12302,2025-11-16,CNB,NDLS,2025-11-16 19:26:00,2025-11-16 19:26:00,2025-11-16 19:39:00,13.8,13.8,164.0,131.2,158.0
12951,2025-11-16,BCT,ST,2025-11-16 06:08:00,2025-11-16 06:08:00,2025-11-16 06:11:00,3.6,3.6,1150.0,920.0,934.5
12951,2025-11-16,ST,BRC,2025-11-16 09:15:00,2025-11-16 09:15:00,2025-11-16 09:18:00,3.2,3.2,920.0,736.0,754.7
12951,2025-11-16,BRC,RTM,2025-11-16 12:22:00,2025-11-16 12:22:00,2025-11-16 12:30:00,8.2,8.2,690.0,552.0,562.9
12951,2025-11-16,RTM,KOTA,2025-11-16 15:34:00,2025-11-16 15:34:00,2025-11-16 15:40:00,6.2,6.2,444.5,355.6,360.4
12951,2025-11-16,KOTA,NDLS,2025-11-16 18:44:00,2025-11-16 18:44:00,2025-11-16 19:38:00,54.0,54.0,77.6,62.1,114.7
12952,2025-11-16,NDLS,KOTA,2025-11-16 05:35:00,2025-11-16 05:35:00,2025-11-16 05:35:00,0.0,0.0,1150.0,920.0,932.1
12952,2025-11-16,KOTA,RTM,2025-11-16 08:39:00,2025-11-16 08:39:00,2025-11-16 08:47:00,8.1,8.1,920.0,736.0,745.6
12952,2025-11-16,RTM,BRC,2025-11-16 11:51:00,2025-11-16 11:51:00,2025-11-16 12:57:00,66.6,66.6,690.0,552.0,616.1
12952,2025-11-16,BRC,ST,2025-11-16 16:01:00,2025-11-16 16:01:00,2025-11-16 17:15:00,74.3,74.3,398.9,319.1,390.0
12952,2025-11-16,ST,BCT,2025-11-16 20:19:00,2025-11-16 20:19:00,2025-11-16 21:30:00,71.0,71.0,74.3,59.4,142.3
12004,2025-11-16,NDLS,GZB,2025-11-16 05:48:00,2025-11-16 05:48:00,2025-11-16 06:24:00,36.2,36.2,1150.0,920.0,963.8
12004,2025-11-16,GZB,ALJN,2025-11-16 09:28:00,2025-11-16 09:28:00,2025-11-16 10:16:00,49.0,49.0,920.0,736.0,787.5
12004,2025-11-16,ALJN,TDL,2025-11-16 13:20:00,2025-11-16 13:20:00,2025-11-16 14:12:00,52.7,52.7,690.0,552.0,603.8
12004,2025-11-16,TDL,CNB,2025-11-16 17:16:00,2025-11-16 17:16:00,2025-11-16 18:47:00,91.7,91.7,497.9,398.3,493.3
12004,2025-11-16,CNB,LKO,2025-11-16 21:51:00,2025-11-16 21:51:00,2025-11-16 23:19:00,88.5,88.5,50.2,40.2,128.8
12626,2025-11-16,NDLS,AGC,2025-11-16 05:58:00,2025-11-16 05:58:00,2025-11-16 06:03:00,5.5,5.5,1150.0,920.0,928.8
12626,2025-11-16,AGC,VGLJ,2025-11-16 09:07:00,2025-11-16 09:07:00,2025-11-16 09:48:00,41.5,41.5,920.0,736.0,783.8
12626,2025-11-16,VGLJ,BPL,2025-11-16 12:52:00,2025-11-16 12:52:00,2025-11-16 14:15:00,83.5,83.5,690.0,552.0,626.7
12626,2025-11-16,BPL,NGP,2025-11-16 17:19:00,2025-11-16 17:19:00,2025-11-16 18:46:00,87.3,87.3,432.2,345.8,435.3
12626,2025-11-16,NGP,MAS,2025-11-16 21:50:00,2025-11-16 21:50:00,2025-11-16 23:25:00,95.1,95.1,136.1,108.9,217.8
12424,2025-11-16,NDLS,CNB,2025-11-16 06:22:00,2025-11-16 06:22:00,2025-11-16 06:44:00,22.3,22.3,1150.0,920.0,959.6
12424,2025-11-16,CNB,PRYJ,2025-11-16 09:48:00,2025-11-16 09:48:00,2025-11-16 10:22:00,34.2,34.2,920.0,736.0,766.3
12424,2025-11-16,PRYJ,DDU,2025-11-16 13:26:00,2025-11-16 13:26:00,2025-11-16 13:57:00,32.0,32.0,690.0,552.0,594.2
12424,2025-11-16,DDU,PPTA,2025-11-16 17:01:00,2025-11-16 17:01:00,2025-11-16 17:38:00,37.4,37.4,256.2,205.0,234.3
12424,2025-11-16,PPTA,GHY,2025-11-16 20:42:00,2025-11-16 20:42:00,2025-11-16 21:18:00,36.4,36.4,120.4,96.3,139.5
12260,2025-11-16,NDLS,CNB,2025-11-16 06:44:00,2025-11-16 06:44:00,2025-11-16 06:57:00,13.7,13.7,1150.0,920.0,938.1
12260,2025-11-16,CNB,PRYJ,2025-11-16 10:47:00,2025-11-16 10:47:00,2025-11-16 11:05:00,18.1,18.1,862.5,690.0,718.2
12260,2025-11-16,PRYJ,DDU,2025-11-16 14:55:00,2025-11-16 14:55:00,2025-11-16 15:58:00,63.8,63.8,347.9,278.3,340.0
12260,2025-11-16,DDU,HWH,2025-11-16 19:48:00,2025-11-16 19:48:00,2025-11-16 20:45:00,57.6,57.6,121.8,97.4,158.9
12926,2025-11-16,BCT,BRC,2025-11-16 06:43:00,2025-11-16 06:43:00,2025-11-16 07:03:00,20.1,20.1,1150.0,920.0,942.8
12926,2025-11-16,BRC,RTM,2025-11-16 10:07:00,2025-11-16 10:07:00,2025-11-16 10:55:00,48.9,48.9,920.0,736.0,789.2
12926,2025-11-16,RTM,KOTA,2025-11-16 13:59:00,2025-11-16 13:59:00,2025-11-16 15:14:00,75.5,75.5,690.0,552.0,627.1
12926,2025-11-16,KOTA,NDLS,2025-11-16 18:18:00,2025-11-16 18:18:00,2025-11-16 19:41:00,83.4,83.4,428.0,342.4,422.2
12926,2025-11-16,NDLS,ASR,2025-11-16 22:45:00,2025-11-16 22:45:00,2025-11-17 00:08:00,83.3,83.3,90.3,72.2,142.1
12627,2025-11-16,SBC,DMM,2025-11-16 06:14:00,2025-11-16 06:14:00,2025-11-16 06:41:00,27.7,27.7,1150.0,920.0,958.4
12627,2025-11-16,DMM,GTL,2025-11-16 09:45:00,2025-11-16 09:45:00,2025-11-16 10:14:00,29.6,29.6,920.0,736.0,780.5
12627,2025-11-16,GTL,SC,2025-11-16 13:18:00,2025-11-16 13:18:00,2025-11-16 13:58:00,40.2,40.2,690.0,552.0,600.5
12627,2025-11-16,SC,NGP,2025-11-16 17:02:00,2025-11-16 17:02:00,2025-11-16 17:43:00,41.6,41.6,355.6,284.5,329.7
12627,2025-11-16,NGP,NDLS,2025-11-16 20:47:00,2025-11-16 20:47:00,2025-11-16 21:29:00,42.2,42.2,101.3,81.0,117.7
12301,2025-11-17,NDLS,CNB,2025-11-17 06:36:00,2025-11-17 06:36:00,2025-11-17 06:40:00,4.3,4.3,1150.0,920.0,930.4
12301,2025-11-17,CNB,PRYJ,2025-11-17 09:44:00,2025-11-17 09:44:00,2025-11-17 10:02:00,18.2,18.2,920.0,736.0,769.4
12301,2025-11-17,PRYJ,DDU,2025-11-17 13:06:00,2025-11-17 13:06:00,2025-11-17 13:34:00,28.2,28.2,690.0,552.0,580.6
12301,2025-11-17,DDU,GKP,2025-11-17 16:38:00,2025-11-17 16:38:00,2025-11-17 17:06:00,28.6,28.6,254.0,203.2,241.0
12301,2025-11-17,GKP,HWH,2025-11-17 20:10:00,2025-11-17 20:10:00,2025-11-17 20:47:00,37.3,37.3,88.3,70.6,121.2
12302,2025-11-17,HWH,GKP,2025-11-17 06:05:00,2025-11-17 06:05:00,2025-11-17 06:23:00,18.2,18.2,1150.0,920.0,935.5
12302,2025-11-17,GKP,DDU,2025-11-17 09:27:00,2025-11-17 09:27:00,2025-11-17 09:52:00,25.3,25.3,920.0,736.0,761.2
12302,2025-11-17,DDU,PRYJ,2025-11-17 12:56:00,2025-11-17 12:56:00,2025-11-17 13:25:00,30.0,30.0,690.0,552.0,603.7
12302,2025-11-17,PRYJ,CNB,2025-11-17 16:29:00,2025-11-17 16:29:00,2025-11-17 17:04:00,35.5,35.5,423.0,338.4,372.8
12302,2025-11-17,CNB,NDLS,2025-11-17 20:08:00,2025-11-17 20:08:00,2025-11-17 20:52:00,44.7,44.7,113.5,90.8,128.3
12951,2025-11-17,BCT,ST,2025-11-17 05:46:00,2025-11-17 05:46:00,2025-11-17 06:10:00,24.9,24.9,1150.0,920.0,959.3
12951,2025-11-17,ST,BRC,2025-11-17 09:14:00,2025-11-17 09:14:00,2025-11-17 09:45:00,31.8,31.8,920.0,736.0,761.4
12951,2025-11-17,BRC,RTM,2025-11-17 12:49:00,2025-11-17 12:49:00,2025-11-17 14:10:00,81.2,81.2,690.0,552.0,633.4
12951,2025-11-17,RTM,KOTA,2025-11-17 17:14:00,2025-11-17 17:14:00,2025-11-17 18:40:00,86.9,86.9,518.2,414.6,504.4
12951,2025-11-17,KOTA,NDLS,2025-11-17 21:44:00,2025-11-17 21:44:00,2025-11-17 23:04:00,80.2,80.2,157.7,126.2,206.3
12952,2025-11-17,NDLS,KOTA,2025-11-17 05:45:00,2025-11-17 05:45:00,2025-11-17 05:56:00,11.5,11.5,1150.0,920.0,927.9
12952,2025-11-17,KOTA,RTM,2025-11-17 09:00:00,2025-11-17 09:00:00,2025-11-17 09:16:00,16.4,16.4,920.0,736.0,763.2
12952,2025-11-17,RTM,BRC,2025-11-17 12:20:00,2025-11-17 12:20:00,2025-11-17 12:32:00,12.2,12.2,690.0,552.0,570.1
12952,2025-11-17,BRC,ST,2025-11-17 15:36:00,2025-11-17 15:36:00,2025-11-17 15:47:00,12.0,12.0,250.1,200.1,220.5
12952,2025-11-17,ST,BCT,2025-11-17 18:51:00,2025-11-17 18:51:00,2025-11-17 19:12:00,21.9,21.9,67.8,54.2,90.6
12004,2025-11-17,NDLS,GZB,2025-11-17 05:59:00,2025-11-17 05:59:00,2025-11-17 06:05:00,6.2,6.2,1150.0,920.0,928.9
12004,2025-11-17,GZB,ALJN,2025-11-17 09:09:00,2025-11-17 09:09:00,2025-11-17 09:20:00,11.8,11.8,920.0,736.0,773.6
12004,2025-11-17,ALJN,TDL,2025-11-17 12:24:00,2025-11-17 12:24:00,2025-11-17 12:33:00,10.0,10.0,690.0,552.0,561.2
12004,2025-11-17,TDL,CNB,2025-11-17 15:37:00,2025-11-17 15:37:00,2025-11-17 15:47:00,10.5,10.5,278.9,223.1,221.4
12004,2025-11-17,CNB,LKO,2025-11-17 18:51:00,2025-11-17 18:51:00,2025-11-17 19:04:00,13.8,13.8,170.2,136.2,175.2
12626,2025-11-17,NDLS,AGC,2025-11-17 05:52:00,2025-11-17 05:52:00,2025-11-17 07:03:00,71.7,71.7,1150.0,920.0,991.0
12626,2025-11-17,AGC,VGLJ,2025-11-17 10:07:00,2025-11-17 10:07:00,2025-11-17 11:14:00,67.5,67.5,920.0,736.0,797.8
12626,2025-11-17,VGLJ,BPL,2025-11-17 14:18:00,2025-11-17 14:18:00,2025-11-17 15:28:00,70.8,70.8,690.0,552.0,628.7
12626,2025-11-17,BPL,NGP,2025-11-17 18:32:00,2025-11-17 18:32:00,2025-11-17 19:42:00,70.7,70.7,378.7,303.0,382.4
12626,2025-11-17,NGP,MAS,2025-11-17 22:46:00,2025-11-17 22:46:00,2025-11-17 23:57:00,71.5,71.5,140.5,112.4,187.1
12424,2025-11-17,NDLS,CNB,2025-11-17 05:55:00,2025-11-17 05:55:00,2025-11-17 06:12:00,17.2,17.2,1150.0,920.0,947.1
12424,2025-11-17,CNB,PRYJ,2025-11-17 09:16:00,2025-11-17 09:16:00,2025-11-17 09:40:00,24.0,24.0,920.0,736.0,745.4
12424,2025-11-17,PRYJ,DDU,2025-11-17 12:44:00,2025-11-17 12:44:00,2025-11-17 13:13:00,30.0,30.0,690.0,552.0,576.2
12424,2025-11-17,DDU,PPTA,2025-11-17 16:17:00,2025-11-17 16:17:00,2025-11-17 17:21:00,64.5,64.5,472.3,377.8,436.5
12424,2025-11-17,PPTA,GHY,2025-11-17 20:25:00,2025-11-17 20:25:00,2025-11-17 21:23:00,58.3,58.3,98.5,78.8,136.2
12260,2025-11-17,NDLS,CNB,2025-11-17 05:47:00,2025-11-17 05:47:00,2025-11-17 05:58:00,11.3,11.3,1150.0,920.0,936.2
12260,2025-11-17,CNB,PRYJ,2025-11-17 09:48:00,2025-11-17 09:48:00,2025-11-17 10:02:00,14.3,14.3,862.5,690.0,707.8
12260,2025-11-17,PRYJ,DDU,2025-11-17 13:52:00,2025-11-17 13:52:00,2025-11-17 14:10:00,18.5,18.5,511.7,409.4,427.8
12260,2025-11-17,DDU,HWH,2025-11-17 18:00:00,2025-11-17 18:00:00,2025-11-17 18:10:00,10.1,10.1,164.0,131.2,156.3
12926,2025-11-17,BCT,BRC,2025-11-17 06:12:00,2025-11-17 06:12:00,2025-11-17 06:20:00,8.8,8.8,1150.0,920.0,929.4
12926,2025-11-17,BRC,RTM,2025-11-17 09:24:00,2025-11-17 09:24:00,2025-11-17 09:39:00,16.0,16.0,920.0,736.0,738.8
12926,2025-11-17,RTM,KOTA,2025-11-17 12:43:00,2025-11-17 12:43:00,2025-11-17 13:04:00,22.0,22.0,690.0,552.0,573.2
12926,2025-11-17,KOTA,NDLS,2025-11-17 16:08:00,2025-11-17 16:08:00,2025-11-17 16:29:00,22.0,22.0,511.1,408.9,435.7
12926,2025-11-17,NDLS,ASR,2025-11-17 19:33:00,2025-11-17 19:33:00,2025-11-17 20:02:00,29.3,29.3,131.0,104.8,158.3
12627,2025-11-17,SBC,DMM,2025-11-17 06:19:00,2025-11-17 06:19:00,2025-11-17 07:03:00,44.7,44.7,1150.0,920.0,965.5
12627,2025-11-17,DMM,GTL,2025-11-17 10:07:00,2025-11-17 10:07:00,2025-11-17 10:57:00,50.1,50.1,920.0,736.0,809.8
12627,2025-11-17,GTL,SC,2025-11-17 14:01:00,2025-11-17 14:01:00,2025-11-17 14:50:00,49.1,49.1,690.0,552.0,604.9
12627,2025-11-17,SC,NGP,2025-11-17 17:54:00,2025-11-17 17:54:00,2025-11-17 18:55:00,61.8,61.8,512.8,410.2,489.9
12627,2025-11-17,NGP,NDLS,2025-11-17 21:59:00,2025-11-17 21:59:00,2025-11-17 23:07:00,68.8,68.8,165.7,132.6,196.6
12301,2025-11-18,NDLS,CNB,2025-11-18 06:14:00,2025-11-18 06:14:00,2025-11-18 07:24:00,70.6,70.6,1150.0,920.0,980.6
12301,2025-11-18,CNB,PRYJ,2025-11-18 10:28:00,2025-11-18 10:28:00,2025-11-18 11:40:00,72.5,72.5,920.0,736.0,794.5
12301,2025-11-18,PRYJ,DDU,2025-11-18 14:44:00,2025-11-18 14:44:00,2025-11-18 15:55:00,71.4,71.4,690.0,552.0,606.8
12301,2025-11-18,DDU,GKP,2025-11-18 18:59:00,2025-11-18 18:59:00,2025-11-18 20:22:00,83.3,83.3,484.2,387.4,463.5
12301,2025-11-18,GKP,HWH,2025-11-18 23:26:00,2025-11-18 23:26:00,2025-11-19 01:18:00,112.7,112.7,135.5,108.4,223.5
12302,2025-11-18,HWH,GKP,2025-11-18 06:30:00,2025-11-18 06:30:00,2025-11-18 06:30:00,0.0,0.0,1150.0,920.0,919.3
12302,2025-11-18,GKP,DDU,2025-11-18 09:34:00,2025-11-18 09:34:00,2025-11-18 09:44:00,11.0,11.0,920.0,736.0,752.4
12302,2025-11-18,DDU,PRYJ,2025-11-18 12:48:00,2025-11-18 12:48:00,2025-11-18 13:13:00,25.1,25.1,690.0,552.0,582.3
12302,2025-11-18,PRYJ,CNB,2025-11-18 16:17:00,2025-11-18 16:17:00,2025-11-18 16:43:00,26.6,26.6,333.0,266.4,288.4
12302,2025-11-18,CNB,NDLS,2025-11-18 19:47:00,2025-11-18 19:47:00,2025-11-18 20:22:00,35.4,35.4,80.9,64.7,103.0
12951,2025-11-18,BCT,ST,2025-11-18 06:33:00,2025-11-18 06:33:00,2025-11-18 07:25:00,52.6,52.6,1150.0,920.0,968.1
12951,2025-11-18,ST,BRC,2025-11-18 10:29:00,2025-11-18 10:29:00,2025-11-18 11:29:00,60.7,60.7,920.0,736.0,789.7
12951,2025-11-18,BRC,RTM,2025-11-18 14:33:00,2025-11-18 14:33:00,2025-11-18 15:35:00,62.1,62.1,690.0,552.0,613.8
12951,2025-11-18,RTM,KOTA,2025-11-18 18:39:00,2025-11-18 18:39:00,2025-11-18 19:43:00,64.5,64.5,244.7,195.8,254.6
12951,2025-11-18,KOTA,NDLS,2025-11-18 22:47:00,2025-11-18 22:47:00,2025-11-18 23:52:00,65.9,65.9,162.8,130.2,189.5
12952,2025-11-18,NDLS,KOTA,2025-11-18 06:03:00,2025-11-18 06:03:00,2025-11-18 06:37:00,34.2,34.2,1150.0,920.0,957.3
12952,2025-11-18,KOTA,RTM,2025-11-18 09:41:00,2025-11-18 09:41:00,2025-11-18 10:14:00,33.6,33.6,920.0,736.0,780.5
12952,2025-11-18,RTM,BRC,2025-11-18 13:18:00,2025-11-18 13:18:00,2025-11-18 13:56:00,38.5,38.5,690.0,552.0,608.8
12952,2025-11-18,BRC,ST,2025-11-18 17:00:00,2025-11-18 17:00:00,2025-11-18 18:02:00,62.5,62.5,412.1,329.7,404.4
12952,2025-11-18,ST,BCT,2025-11-18 21:06:00,2025-11-18 21:06:00,2025-11-18 22:07:00,61.4,61.4,74.2,59.4,111.3
12004,2025-11-18,NDLS,GZB,2025-11-18 05:33:00,2025-11-18 05:33:00,2025-11-18 05:39:00,6.6,6.6,1150.0,920.0,953.6
12004,2025-11-18,GZB,ALJN,2025-11-18 08:43:00,2025-11-18 08:43:00,2025-11-18 08:51:00,8.9,8.9,920.0,736.0,768.7
12004,2025-11-18,ALJN,TDL,2025-11-18 11:55:00,2025-11-18 11:55:00,2025-11-18 12:06:00,11.4,11.4,690.0,552.0,578.5
12004,2025-11-18,TDL,CNB,2025-11-18 15:10:00,2025-11-18 15:10:00,2025-11-18 15:25:00,15.5,15.5,405.0,324.0,349.9
12004,2025-11-18,CNB,LKO,2025-11-18 18:29:00,2025-11-18 18:29:00,2025-11-18 18:45:00,16.3,16.3,179.8,143.8,166.7
12626,2025-11-18,NDLS,AGC,2025-11-18 06:43:00,2025-11-18 06:43:00,2025-11-18 06:52:00,9.2,9.2,1150.0,920.0,930.2
12626,2025-11-18,AGC,VGLJ,2025-11-18 09:56:00,2025-11-18 09:56:00,2025-11-18 10:08:00,12.8,12.8,920.0,736.0,760.3
12626,2025-11-18,VGLJ,BPL,2025-11-18 13:12:00,2025-11-18 13:12:00,2025-11-18 13:33:00,21.8,21.8,690.0,552.0,580.9
12626,2025-11-18,BPL,NGP,2025-11-18 16:37:00,2025-11-18 16:37:00,2025-11-18 17:03:00,26.9,26.9,504.6,403.7,427.5
12626,2025-11-18,NGP,MAS,2025-11-18 20:07:00,2025-11-18 20:07:00,2025-11-18 20:43:00,36.8,36.8,156.2,125.0,167.5
12424,2025-11-18,NDLS,CNB,2025-11-18 06:13:00,2025-11-18 06:13:00,2025-11-18 06:41:00,28.4,28.4,1150.0,920.0,964.9
12424,2025-11-18,CNB,PRYJ,2025-11-18 09:45:00,2025-11-18 09:45:00,2025-11-18 10:12:00,27.5,27.5,920.0,736.0,781.1
12424,2025-11-18,PRYJ,DDU,2025-11-18 13:16:00,2025-11-18 13:16:00,2025-11-18 13:44:00,28.8,28.8,690.0,552.0,568.6
12424,2025-11-18,DDU,PPTA,2025-11-18 16:48:00,2025-11-18 16:48:00,2025-11-18 17:25:00,37.2,37.2,286.3,229.0,277.1
12424,2025-11-18,PPTA,GHY,2025-11-18 20:29:00,2025-11-18 20:29:00,2025-11-18 21:45:00,76.7,76.7,168.2,134.6,197.1
12260,2025-11-18,NDLS,CNB,2025-11-18 05:59:00,2025-11-18 05:59:00,2025-11-18 06:12:00,13.3,13.3,1150.0,920.0,943.9
12260,2025-11-18,CNB,PRYJ,2025-11-18 10:02:00,2025-11-18 10:02:00,2025-11-18 10:36:00,34.3,34.3,862.5,690.0,730.8
12260,2025-11-18,PRYJ,DDU,2025-11-18 14:26:00,2025-11-18 14:26:00,2025-11-18 15:07:00,42.0,42.0,452.1,361.7,399.6
12260,2025-11-18,DDU,HWH,2025-11-18 18:57:00,2025-11-18 18:57:00,2025-11-18 20:26:00,89.0,89.0,103.6,82.9,169.5
12926,2025-11-18,BCT,BRC,2025-11-18 06:34:00,2025-11-18 06:34:00,2025-11-18 06:56:00,22.7,22.7,1150.0,920.0,955.1
12926,2025-11-18,BRC,RTM,2025-11-18 10:00:00,2025-11-18 10:00:00,2025-11-18 10:25:00,25.6,25.6,920.0,736.0,763.2
12926,2025-11-18,RTM,KOTA,2025-11-18 13:29:00,2025-11-18 13:29:00,2025-11-18 14:12:00,43.7,43.7,690.0,552.0,602.4
12926,2025-11-18,KOTA,NDLS,2025-11-18 17:16:00,2025-11-18 17:16:00,2025-11-18 18:02:00,46.9,46.9,325.2,260.2,305.8
12926,2025-11-18,NDLS,ASR,2025-11-18 21:06:00,2025-11-18 21:06:00,2025-11-18 21:42:00,36.0,36.0,140.1,112.1,165.8
12627,2025-11-18,SBC,DMM,2025-11-18 06:36:00,2025-11-18 06:36:00,2025-11-18 06:37:00,1.2,1.2,1150.0,920.0,943.7
12627,2025-11-18,DMM,GTL,2025-11-18 09:41:00,2025-11-18 09:41:00,2025-11-18 09:45:00,4.8,4.8,920.0,736.0,753.8
12627,2025-11-18,GTL,SC,2025-11-18 12:49:00,2025-11-18 12:49:00,2025-11-18 13:35:00,46.9,46.9,690.0,552.0,610.4
12627,2025-11-18,SC,NGP,2025-11-18 16:39:00,2025-11-18 16:39:00,2025-11-18 17:29:00,50.9,50.9,500.5,400.4,451.4
12627,2025-11-18,NGP,NDLS,2025-11-18 20:33:00,2025-11-18 20:33:00,2025-11-18 21:45:00,72.4,72.4,50.6,40.5,114.7
12301,2025-11-19,NDLS,CNB,2025-11-19 06:26:00,2025-11-19 06:26:00,2025-11-19 06:55:00,29.5,29.5,1150.0,920.0,958.6
12301,2025-11-19,CNB,PRYJ,2025-11-19 09:59:00,2025-11-19 09:59:00,2025-11-19 10:29:00,30.9,30.9,920.0,736.0,764.0
12301,2025-11-19,PRYJ,DDU,2025-11-19 13:33:00,2025-11-19 13:33:00,2025-11-19 13:56:00,23.4,23.4,690.0,552.0,582.5
12301,2025-11-19,DDU,GKP,2025-11-19 17:00:00,2025-11-19 17:00:00,2025-11-19 17:29:00,29.3,29.3,338.9,271.1,309.7
12301,2025-11-19,GKP,HWH,2025-11-19 20:33:00,2025-11-19 20:33:00,2025-11-19 21:03:00,30.4,30.4,107.0,85.6,106.1
12302,2025-11-19,HWH,GKP,2025-11-19 05:34:00,2025-11-19 05:34:00,2025-11-19 06:31:00,57.6,57.6,1150.0,920.0,980.5
12302,2025-11-19,GKP,DDU,2025-11-19 09:35:00,2025-11-19 09:35:00,2025-11-19 10:41:00,66.3,66.3,920.0,736.0,797.6
12302,2025-11-19,DDU,PRYJ,2025-11-19 13:45:00,2025-11-19 13:45:00,2025-11-19 14:53:00,68.2,68.2,690.0,552.0,619.2
12302,2025-11-19,PRYJ,CNB,2025-11-19 17:57:00,2025-11-19 17:57:00,2025-11-19 19:02:00,65.2,65.2,459.5,367.6,442.9
12302,2025-11-19,CNB,NDLS,2025-11-19 22:06:00,2025-11-19 22:06:00,2025-11-19 23:12:00,66.6,66.6,112.9,90.3,167.3
12951,2025-11-19,BCT,ST,2025-11-19 05:53:00,2025-11-19 05:53:00,2025-11-19 06:18:00,25.8,25.8,1150.0,920.0,948.9
12951,2025-11-19,ST,BRC,2025-11-19 09:22:00,2025-11-19 09:22:00,2025-11-19 09:58:00,36.9,36.9,920.0,736.0,768.2
12951,2025-11-19,BRC,RTM,2025-11-19 13:02:00,2025-11-19 13:02:00,2025-11-19 13:41:00,39.8,39.8,690.0,552.0,593.9
12951,2025-11-19,RTM,KOTA,2025-11-19 16:45:00,2025-11-19 16:45:00,2025-11-19 17:22:00,37.8,37.8,418.4,334.7,387.9
12951,2025-11-19,KOTA,NDLS,2025-11-19 20:26:00,2025-11-19 20:26:00,2025-11-19 21:53:00,87.3,87.3,104.8,83.8,168.0
12952,2025-11-19,NDLS,KOTA,2025-11-19 06:56:00,2025-11-19 06:56:00,2025-11-19 07:05:00,9.3,9.3,1150.0,920.0,943.7
12952,2025-11-19,KOTA,RTM,2025-11-19 10:09:00,2025-11-19 10:09:00,2025-11-19 10:16:00,7.3,7.3,920.0,736.0,748.7
12952,2025-11-19,RTM,BRC,2025-11-19 13:20:00,2025-11-19 13:20:00,2025-11-19 13:24:00,4.8,4.8,690.0,552.0,563.7
12952,2025-11-19,BRC,ST,2025-11-19 16:28:00,2025-11-19 16:28:00,2025-11-19 16:36:00,9.0,9.0,335.4,268.3,279.8
12952,2025-11-19,ST,BCT,2025-11-19 19:40:00,2025-11-19 19:40:00,2025-11-19 20:02:00,22.2,22.2,158.6,126.9,171.0
12004,2025-11-19,NDLS,GZB,2025-11-19 06:16:00,2025-11-19 06:16:00,2025-11-19 06:46:00,30.9,30.9,1150.0,920.0,942.6
12004,2025-11-19,GZB,ALJN,2025-11-19 09:50:00,2025-11-19 09:50:00,2025-11-19 10:19:00,29.1,29.1,920.0,736.0,770.7
12004,2025-11-19,ALJN,TDL,2025-11-19 13:23:00,2025-11-19 13:23:00,2025-11-19 13:57:00,34.1,34.1,690.0,552.0,597.1
12004,2025-11-19,TDL,CNB,2025-11-19 17:01:00,2025-11-19 17:01:00,2025-11-19 18:28:00,87.2,87.2,408.6,326.9,402.1
12004,2025-11-19,CNB,LKO,2025-11-19 21:32:00,2025-11-19 21:32:00,2025-11-19 23:03:00,91.8,91.8,92.4,73.9,143.6
12626,2025-11-19,NDLS,AGC,2025-11-19 06:47:00,2025-11-19 06:47:00,2025-11-19 06:58:00,12.0,12.0,1150.0,920.0,931.5
12626,2025-11-19,AGC,VGLJ,2025-11-19 10:02:00,2025-11-19 10:02:00,2025-11-19 10:17:00,15.5,15.5,920.0,736.0,758.8
12626,2025-11-19,VGLJ,BPL,2025-11-19 13:21:00,2025-11-19 13:21:00,2025-11-19 13:49:00,28.2,28.2,690.0,552.0,566.8
12626,2025-11-19,BPL,NGP,2025-11-19 16:53:00,2025-11-19 16:53:00,2025-11-19 17:23:00,30.6,30.6,385.6,308.5,349.6
12626,2025-11-19,NGP,MAS,2025-11-19 20:27:00,2025-11-19 20:27:00,2025-11-19 20:55:00,28.4,28.4,52.6,42.1,68.0
12424,2025-11-19,NDLS,CNB,2025-11-19 05:58:00,2025-11-19 05:58:00,2025-11-19 05:58:00,0.0,0.0,1150.0,920.0,937.3
12424,2025-11-19,CNB,PRYJ,2025-11-19 09:02:00,2025-11-19 09:02:00,2025-11-19 09:13:00,11.1,11.1,920.0,736.0,750.6
12424,2025-11-19,PRYJ,DDU,2025-11-19 12:17:00,2025-11-19 12:17:00,2025-11-19 12:27:00,10.4,10.4,690.0,552.0,593.2
12424,2025-11-19,DDU,PPTA,2025-11-19 15:31:00,2025-11-19 15:31:00,2025-11-19 16:15:00,44.4,44.4,540.1,432.1,487.0
12424,2025-11-19,PPTA,GHY,2025-11-19 19:19:00,2025-11-19 19:19:00,2025-11-19 19:56:00,37.3,37.3,106.1,84.9,119.1
12260,2025-11-19,NDLS,CNB,2025-11-19 05:45:00,2025-11-19 05:45:00,2025-11-19 05:56:00,11.7,11.7,1150.0,920.0,940.7
12260,2025-11-19,CNB,PRYJ,2025-11-19 09:46:00,2025-11-19 09:46:00,2025-11-19 10:10:00,24.5,24.5,862.5,690.0,748.4
12260,2025-11-19,PRYJ,DDU,2025-11-19 14:00:00,2025-11-19 14:00:00,2025-11-19 14:25:00,25.6,25.6,437.4,349.9,362.6
12260,2025-11-19,DDU,HWH,2025-11-19 18:15:00,2025-11-19 18:15:00,2025-11-19 18:43:00,28.9,28.9,134.4,107.5,139.5
12926,2025-11-19,BCT,BRC,2025-11-19 05:33:00,2025-11-19 05:33:00,2025-11-19 05:33:00,0.0,0.0,1150.0,920.0,934.2
12926,2025-11-19,BRC,RTM,2025-11-19 08:37:00,2025-11-19 08:37:00,2025-11-19 08:44:00,7.4,7.4,920.0,736.0,753.0
12926,2025-11-19,RTM,KOTA,2025-11-19 11:48:00,2025-11-19 11:48:00,2025-11-19 11:55:00,7.9,7.9,690.0,552.0,576.1
12926,2025-11-19,KOTA,NDLS,2025-11-19 14:59:00,2025-11-19 14:59:00,2025-11-19 15:11:00,13.0,13.0,328.4,262.7,274.1
12926,2025-11-19,NDLS,ASR,2025-11-19 18:15:00,2025-11-19 18:15:00,2025-11-19 18:34:00,20.0,20.0,93.6,74.9,104.2
12627,2025-11-19,SBC,DMM,2025-11-19 06:52:00,2025-11-19 06:52:00,2025-11-19 07:04:00,12.8,12.8,1150.0,920.0,946.3
12627,2025-11-19,DMM,GTL,2025-11-19 10:08:00,2025-11-19 10:08:00,2025-11-19 10:32:00,24.1,24.1,920.0,736.0,771.8
12627,2025-11-19,GTL,SC,2025-11-19 13:36:00,2025-11-19 13:36:00,2025-11-19 14:09:00,33.4,33.4,690.0,552.0,591.3
12627,2025-11-19,SC,NGP,2025-11-19 17:13:00,2025-11-19 17:13:00,2025-11-19 17:58:00,45.2,45.2,494.8,395.8,439.0
12627,2025-11-19,NGP,NDLS,2025-11-19 21:02:00,2025-11-19 21:02:00,2025-11-19 21:48:00,46.4,46.4,118.9,95.1,145.5
12301,2025-11-20,NDLS,CNB,2025-11-20 05:52:00,2025-11-20 05:52:00,2025-11-20 06:20:00,28.9,28.9,1150.0,920.0,940.1
12301,2025-11-20,CNB,PRYJ,2025-11-20 09:24:00,2025-11-20 09:24:00,2025-11-20 10:03:00,39.3,39.3,920.0,736.0,772.6
12301,2025-11-20,PRYJ,DDU,2025-11-20 13:07:00,2025-11-20 13:07:00,2025-11-20 13:45:00,38.6,38.6,690.0,552.0,601.4
12301,2025-11-20,DDU,GKP,2025-11-20 16:49:00,2025-11-20 16:49:00,2025-11-20 17:24:00,36.0,36.0,395.3,316.2,366.4
12301,2025-11-20,GKP,HWH,2025-11-20 20:28:00,2025-11-20 20:28:00,2025-11-20 21:05:00,37.7,37.7,71.8,57.4,84.8
12302,2025-11-20,HWH,GKP,2025-11-20 05:38:00,2025-11-20 05:38:00,2025-11-20 06:19:00,41.1,41.1,1150.0,920.0,959.2
12302,2025-11-20,GKP,DDU,2025-11-20 09:23:00,2025-11-20 09:23:00,2025-11-20 10:16:00,53.6,53.6,920.0,736.0,793.8
12302,2025-11-20,DDU,PRYJ,2025-11-20 13:20:00,2025-11-20 13:20:00,2025-11-20 14:21:00,61.6,61.6,690.0,552.0,615.8
12302,2025-11-20,PRYJ,CNB,2025-11-20 17:25:00,2025-11-20 17:25:00,2025-11-20 18:20:00,55.9,55.9,235.3,188.2,262.1
12302,2025-11-20,CNB,NDLS,2025-11-20 21:24:00,2025-11-20 21:24:00,2025-11-20 22:15:00,51.1,51.1,85.1,68.1,120.5
12951,2025-11-20,BCT,ST,2025-11-20 06:47:00,2025-11-20 06:47:00,2025-11-20 06:54:00,7.6,7.6,1150.0,920.0,939.5
12951,2025-11-20,ST,BRC,2025-11-20 09:58:00,2025-11-20 09:58:00,2025-11-20 10:08:00,10.5,10.5,920.0,736.0,759.9
12951,2025-11-20,BRC,RTM,2025-11-20 13:12:00,2025-11-20 13:12:00,2025-11-20 13:16:00,4.7,4.7,690.0,552.0,567.8
12951,2025-11-20,RTM,KOTA,2025-11-20 16:20:00,2025-11-20 16:20:00,2025-11-20 16:26:00,6.9,6.9,495.3,396.2,393.2
12951,2025-11-20,KOTA,NDLS,2025-11-20 19:30:00,2025-11-20 19:30:00,2025-11-20 19:45:00,15.0,15.0,165.6,132.5,147.7
12952,2025-11-20,NDLS,KOTA,2025-11-20 05:39:00,2025-11-20 05:39:00,2025-11-20 06:06:00,27.7,27.7,1150.0,920.0,934.2
12952,2025-11-20,KOTA,RTM,2025-11-20 09:10:00,2025-11-20 09:10:00,2025-11-20 09:39:00,29.1,29.1,920.0,736.0,783.7
12952,2025-11-20,RTM,BRC,2025-11-20 12:43:00,2025-11-20 12:43:00,2025-11-20 13:47:00,64.4,64.4,690.0,552.0,609.6
12952,2025-11-20,BRC,ST,2025-11-20 16:51:00,2025-11-20 16:51:00,2025-11-20 17:50:00,59.8,59.8,403.5,322.8,367.0
12952,2025-11-20,ST,BCT,2025-11-20 20:54:00,2025-11-20 20:54:00,2025-11-20 22:54:00,120.4,120.4,173.9,139.1,249.7
12004,2025-11-20,NDLS,GZB,2025-11-20 06:40:00,2025-11-20 06:40:00,2025-11-20 06:49:00,9.1,9.1,1150.0,920.0,924.4
12004,2025-11-20,GZB,ALJN,2025-11-20 09:53:00,2025-11-20 09:53:00,2025-11-20 10:09:00,16.9,16.9,920.0,736.0,750.4
12004,2025-11-20,ALJN,TDL,2025-11-20 13:13:00,2025-11-20 13:13:00,2025-11-20 13:31:00,18.3,18.3,690.0,552.0,570.0
12004,2025-11-20,TDL,CNB,2025-11-20 16:35:00,2025-11-20 16:35:00,2025-11-20 17:05:00,30.2,30.2,370.8,296.6,310.9
12004,2025-11-20,CNB,LKO,2025-11-20 20:09:00,2025-11-20 20:09:00,2025-11-20 20:40:00,31.1,31.1,172.1,137.7,169.8
12626,2025-11-20,NDLS,AGC,2025-11-20 05:43:00,2025-11-20 05:43:00,2025-11-20 05:56:00,13.0,13.0,1150.0,920.0,932.9
12626,2025-11-20,AGC,VGLJ,2025-11-20 09:00:00,2025-11-20 09:00:00,2025-11-20 09:22:00,22.9,22.9,920.0,736.0,763.2
12626,2025-11-20,VGLJ,BPL,2025-11-20 12:26:00,2025-11-20 12:26:00,2025-11-20 13:37:00,71.1,71.1,690.0,552.0,615.9
12626,2025-11-20,BPL,NGP,2025-11-20 16:41:00,2025-11-20 16:41:00,2025-11-20 17:44:00,63.7,63.7,231.1,184.9,247.9
12626,2025-11-20,NGP,MAS,2025-11-20 20:48:00,2025-11-20 20:48:00,2025-11-20 22:50:00,122.4,122.4,109.0,87.2,182.8
12424,2025-11-20,NDLS,CNB,2025-11-20 05:40:00,2025-11-20 05:40:00,2025-11-20 05:46:00,6.4,6.4,1150.0,920.0,932.5
12424,2025-11-20,CNB,PRYJ,2025-11-20 08:50:00,2025-11-20 08:50:00,2025-11-20 08:58:00,8.5,8.5,920.0,736.0,768.7
12424,2025-11-20,PRYJ,DDU,2025-11-20 12:02:00,2025-11-20 12:02:00,2025-11-20 12:02:00,0.0,0.0,690.0,552.0,576.2
12424,2025-11-20,DDU,PPTA,2025-11-20 15:06:00,2025-11-20 15:06:00,2025-11-20 15:18:00,13.0,13.0,432.5,346.0,374.0
12424,2025-11-20,PPTA,GHY,2025-11-20 18:22:00,2025-11-20 18:22:00,2025-11-20 19:09:00,47.7,47.7,138.6,110.9,159.5
12260,2025-11-20,NDLS,CNB,2025-11-20 06:02:00,2025-11-20 06:02:00,2025-11-20 07:28:00,86.1,86.1,1150.0,920.0,995.4
12260,2025-11-20,CNB,PRYJ,2025-11-20 11:18:00,2025-11-20 11:18:00,2025-11-20 12:57:00,99.5,99.5,862.5,690.0,793.7
12260,2025-11-20,PRYJ,DDU,2025-11-20 16:47:00,2025-11-20 16:47:00,2025-11-20 18:33:00,106.9,106.9,366.5,293.2,386.1
12260,2025-11-20,DDU,HWH,2025-11-20 22:23:00,2025-11-20 22:23:00,2025-11-21 00:12:00,109.4,109.4,53.4,42.7,140.0
12926,2025-11-20,BCT,BRC,2025-11-20 06:49:00,2025-11-20 06:49:00,2025-11-20 06:49:00,0.0,0.0,1150.0,920.0,930.6
12926,2025-11-20,BRC,RTM,2025-11-20 09:53:00,2025-11-20 09:53:00,2025-11-20 09:57:00,4.3,4.3,920.0,736.0,757.1
12926,2025-11-20,RTM,KOTA,2025-11-20 13:01:00,2025-11-20 13:01:00,2025-11-20 13:11:00,10.0,10.0,690.0,552.0,574.5
12926,2025-11-20,KOTA,NDLS,2025-11-20 16:15:00,2025-11-20 16:15:00,2025-11-20 17:29:00,74.2,74.2,381.9,305.5,366.6
12926,2025-11-20,NDLS,ASR,2025-11-20 20:33:00,2025-11-20 20:33:00,2025-11-20 21:57:00,84.2,84.2,79.4,63.5,150.3
12627,2025-11-20,SBC,DMM,2025-11-20 06:20:00,2025-11-20 06:20:00,2025-11-20 06:21:00,1.7,1.7,1150.0,920.0,945.9
12627,2025-11-20,DMM,GTL,2025-11-20 09:25:00,2025-11-20 09:25:00,2025-11-20 09:29:00,4.5,4.5,920.0,736.0,749.5
12627,2025-11-20,GTL,SC,2025-11-20 12:33:00,2025-11-20 12:33:00,2025-11-20 13:13:00,40.4,40.4,690.0,552.0,606.9
12627,2025-11-20,SC,NGP,2025-11-20 16:17:00,2025-11-20 16:17:00,2025-11-20 16:58:00,41.3,41.3,293.1,234.5,281.8
12627,2025-11-20,NGP,NDLS,2025-11-20 20:02:00,2025-11-20 20:02:00,2025-11-20 20:42:00,40.3,40.3,91.4,73.1,125.2
12301,2025-11-21,NDLS,CNB,2025-11-21 06:48:00,2025-11-21 06:48:00,2025-11-21 06:49:00,1.7,1.7,1150.0,920.0,932.3
12301,2025-11-21,CNB,PRYJ,2025-11-21 09:53:00,2025-11-21 09:53:00,2025-11-21 09:57:00,4.0,4.0,920.0,736.0,747.0
12301,2025-11-21,PRYJ,DDU,2025-11-21 13:01:00,2025-11-21 13:01:00,2025-11-21 13:31:00,30.3,30.3,690.0,552.0,590.9
12301,2025-11-21,DDU,GKP,2025-11-21 16:35:00,2025-11-21 16:35:00,2025-11-21 17:11:00,36.2,36.2,297.4,237.9,271.3
12301,2025-11-21,GKP,HWH,2025-11-21 20:15:00,2025-11-21 20:15:00,2025-11-21 20:53:00,38.3,38.3,73.9,59.1,96.9
12302,2025-11-21,HWH,GKP,2025-11-21 06:41:00,2025-11-21 06:41:00,2025-11-21 07:22:00,41.4,41.4,1150.0,920.0,967.4
12302,2025-11-21,GKP,DDU,2025-11-21 10:26:00,2025-11-21 10:26:00,2025-11-21 11:13:00,47.2,47.2,920.0,736.0,777.8
12302,2025-11-21,DDU,PRYJ,2025-11-21 14:17:00,2025-11-21 14:17:00,2025-11-21 15:09:00,52.8,52.8,690.0,552.0,607.0
12302,2025-11-21,PRYJ,CNB,2025-11-21 18:13:00,2025-11-21 18:13:00,2025-11-21 19:13:00,60.8,60.8,407.7,326.2,390.0
12302,2025-11-21,CNB,NDLS,2025-11-21 22:17:00,2025-11-21 22:17:00,2025-11-21 23:15:00,59.0,59.0,96.2,77.0,131.2
12951,2025-11-21,BCT,ST,2025-11-21 06:36:00,2025-11-21 06:36:00,2025-11-21 06:36:00,0.0,0.0,1150.0,920.0,938.9
12951,2025-11-21,ST,BRC,2025-11-21 09:40:00,2025-11-21 09:40:00,2025-11-21 09:46:00,6.9,6.9,920.0,736.0,760.0
12951,2025-11-21,BRC,RTM,2025-11-21 12:50:00,2025-11-21 12:50:00,2025-11-21 13:05:00,15.9,15.9,690.0,552.0,581.3
12951,2025-11-21,RTM,KOTA,2025-11-21 16:09:00,2025-11-21 16:09:00,2025-11-21 16:28:00,19.7,19.7,223.8,179.0,206.7
12951,2025-11-21,KOTA,NDLS,2025-11-21 19:32:00,2025-11-21 19:32:00,2025-11-21 19:50:00,18.1,18.1,101.5,81.2,101.9
12952,2025-11-21,NDLS,KOTA,2025-11-21 05:58:00,2025-11-21 05:58:00,2025-11-21 06:03:00,6.0,6.0,1150.0,920.0,923.8
12952,2025-11-21,KOTA,RTM,2025-11-21 09:07:00,2025-11-21 09:07:00,2025-11-21 09:29:00,23.0,23.0,920.0,736.0,761.3
12952,2025-11-21,RTM,BRC,2025-11-21 12:33:00,2025-11-21 12:33:00,2025-11-21 13:09:00,36.3,36.3,690.0,552.0,579.8
12952,2025-11-21,BRC,ST,2025-11-21 16:13:00,2025-11-21 16:13:00,2025-11-21 16:53:00,40.1,40.1,244.5,195.6,231.6
12952,2025-11-21,ST,BCT,2025-11-21 19:57:00,2025-11-21 19:57:00,2025-11-21 20:43:00,46.5,46.5,139.4,111.5,161.1
12004,2025-11-21,NDLS,GZB,2025-11-21 05:41:00,2025-11-21 05:41:00,2025-11-21 05:47:00,6.2,6.2,1150.0,920.0,936.2
12004,2025-11-21,GZB,ALJN,2025-11-21 08:51:00,2025-11-21 08:51:00,2025-11-21 09:03:00,12.6,12.6,920.0,736.0,751.7
12004,2025-11-21,ALJN,TDL,2025-11-21 12:07:00,2025-11-21 12:07:00,2025-11-21 12:52:00,46.0,46.0,690.0,552.0,604.7
12004,2025-11-21,TDL,CNB,2025-11-21 15:56:00,2025-11-21 15:56:00,2025-11-21 16:46:00,50.4,50.4,243.8,195.0,253.9
12004,2025-11-21,CNB,LKO,2025-11-21 19:50:00,2025-11-21 19:50:00,2025-11-21 20:48:00,58.5,58.5,88.6,70.9,128.8
12626,2025-11-21,NDLS,AGC,2025-11-21 05:53:00,2025-11-21 05:53:00,2025-11-21 06:08:00,15.7,15.7,1150.0,920.0,959.8
12626,2025-11-21,AGC,VGLJ,2025-11-21 09:12:00,2025-11-21 09:12:00,2025-11-21 09:36:00,24.8,24.8,920.0,736.0,765.5
12626,2025-11-21,VGLJ,BPL,2025-11-21 12:40:00,2025-11-21 12:40:00,2025-11-21 12:55:00,15.8,15.8,690.0,552.0,582.3
12626,2025-11-21,BPL,NGP,2025-11-21 15:59:00,2025-11-21 15:59:00,2025-11-21 16:57:00,58.8,58.8,380.3,304.2,364.0
12626,2025-11-21,NGP,MAS,2025-11-21 20:01:00,2025-11-21 20:01:00,2025-11-21 21:10:00,69.4,69.4,137.1,109.7,181.5
12424,2025-11-21,NDLS,CNB,2025-11-21 06:19:00,2025-11-21 06:19:00,2025-11-21 06:56:00,37.9,37.9,1150.0,920.0,979.8
12424,2025-11-21,CNB,PRYJ,2025-11-21 10:00:00,2025-11-21 10:00:00,2025-11-21 10:39:00,39.8,39.8,920.0,736.0,776.4
12424,2025-11-21,PRYJ,DDU,2025-11-21 13:43:00,2025-11-21 13:43:00,2025-11-21 14:27:00,44.1,44.1,690.0,552.0,613.4
12424,2025-11-21,DDU,PPTA,2025-11-21 17:31:00,2025-11-21 17:31:00,2025-11-21 18:16:00,45.7,45.7,232.0,185.6,234.8
12424,2025-11-21,PPTA,GHY,2025-11-21 21:20:00,2025-11-21 21:20:00,2025-11-21 22:09:00,49.3,49.3,125.4,100.3,162.8
12260,2025-11-21,NDLS,CNB,2025-11-21 06:53:00,2025-11-21 06:53:00,2025-11-21 07:28:00,35.5,35.5,1150.0,920.0,954.9
12260,2025-11-21,CNB,PRYJ,2025-11-21 11:18:00,2025-11-21 11:18:00,2025-11-21 12:06:00,48.2,48.2,862.5,690.0,745.8
12260,2025-11-21,PRYJ,DDU,2025-11-21 15:56:00,2025-11-21 15:56:00,2025-11-21 17:52:00,116.1,116.1,415.2,332.2,437.2
12260,2025-11-21,DDU,HWH,2025-11-21 21:42:00,2025-11-21 21:42:00,2025-11-21 23:48:00,126.8,126.8,73.9,59.1,183.7
12926,2025-11-21,BCT,BRC,2025-11-21 05:55:00,2025-11-21 05:55:00,2025-11-21 05:58:00,3.7,3.7,1150.0,920.0,937.6
12926,2025-11-21,BRC,RTM,2025-11-21 09:02:00,2025-11-21 09:02:00,2025-11-21 09:08:00,6.9,6.9,920.0,736.0,750.4
12926,2025-11-21,RTM,KOTA,2025-11-21 12:12:00,2025-11-21 12:12:00,2025-11-21 12:21:00,9.8,9.8,690.0,552.0,563.6
12926,2025-11-21,KOTA,NDLS,2025-11-21 15:25:00,2025-11-21 15:25:00,2025-11-21 16:32:00,67.6,67.6,310.2,248.2,317.9
12926,2025-11-21,NDLS,ASR,2025-11-21 19:36:00,2025-11-21 19:36:00,2025-11-21 20:38:00,63.0,63.0,175.3,140.2,206.3
12627,2025-11-21,SBC,DMM,2025-11-21 06:41:00,2025-11-21 06:41:00,2025-11-21 07:11:00,30.6,30.6,1150.0,920.0,941.1
12627,2025-11-21,DMM,GTL,2025-11-21 10:15:00,2025-11-21 10:15:00,2025-11-21 10:48:00,33.2,33.2,920.0,736.0,770.4
12627,2025-11-21,GTL,SC,2025-11-21 13:52:00,2025-11-21 13:52:00,2025-11-21 14:43:00,51.9,51.9,690.0,552.0,603.6
12627,2025-11-21,SC,NGP,2025-11-21 17:47:00,2025-11-21 17:47:00,2025-11-21 18:48:00,61.6,61.6,282.5,226.0,288.7
12627,2025-11-21,NGP,NDLS,2025-11-21 21:52:00,2025-11-21 21:52:00,2025-11-21 23:25:00,93.3,93.3,114.7,91.8,176.1
12301,2025-11-22,NDLS,CNB,2025-11-22 06:41:00,2025-11-22 06:41:00,2025-11-22 06:48:00,7.8,7.8,1150.0,920.0,943.4
12301,2025-11-22,CNB,PRYJ,2025-11-22 09:52:00,2025-11-22 09:52:00,2025-11-22 10:02:00,10.6,10.6,920.0,736.0,756.1
12301,2025-11-22,PRYJ,DDU,2025-11-22 13:06:00,2025-11-22 13:06:00,2025-11-22 13:22:00,16.4,16.4,690.0,552.0,572.2
12301,2025-11-22,DDU,GKP,2025-11-22 16:26:00,2025-11-22 16:26:00,2025-11-22 16:35:00,9.7,9.7,291.5,233.2,255.3
12301,2025-11-22,GKP,HWH,2025-11-22 19:39:00,2025-11-22 19:39:00,2025-11-22 19:51:00,12.6,12.6,58.4,46.7,64.9
12302,2025-11-22,HWH,GKP,2025-11-22 06:21:00,2025-11-22 06:21:00,2025-11-22 06:21:00,0.0,0.0,1150.0,920.0,939.0
12302,2025-11-22,GKP,DDU,2025-11-22 09:25:00,2025-11-22 09:25:00,2025-11-22 09:54:00,29.8,29.8,920.0,736.0,761.6
12302,2025-11-22,DDU,PRYJ,2025-11-22 12:58:00,2025-11-22 12:58:00,2025-11-22 13:24:00,26.7,26.7,690.0,552.0,598.3
12302,2025-11-22,PRYJ,CNB,2025-11-22 16:28:00,2025-11-22 16:28:00,2025-11-22 16:58:00,30.6,30.6,293.8,235.0,279.8
12302,2025-11-22,CNB,NDLS,2025-11-22 20:02:00,2025-11-22 20:02:00,2025-11-22 20:18:00,16.9,16.9,178.0,142.4,183.9
12951,2025-11-22,BCT,ST,2025-11-22 05:59:00,2025-11-22 05:59:00,2025-11-22 06:36:00,37.4,37.4,1150.0,920.0,963.4
12951,2025-11-22,ST,BRC,2025-11-22 09:40:00,2025-11-22 09:40:00,2025-11-22 10:24:00,44.7,44.7,920.0,736.0,783.4
12951,2025-11-22,BRC,RTM,2025-11-22 13:28:00,2025-11-22 13:28:00,2025-11-22 14:10:00,42.9,42.9,690.0,552.0,600.7
12951,2025-11-22,RTM,KOTA,2025-11-22 17:14:00,2025-11-22 17:14:00,2025-11-22 17:57:00,43.3,43.3,281.8,225.4,270.0
12951,2025-11-22,KOTA,NDLS,2025-11-22 21:01:00,2025-11-22 21:01:00,2025-11-22 21:48:00,47.5,47.5,86.6,69.3,115.1
12952,2025-11-22,NDLS,KOTA,2025-11-22 06:57:00,2025-11-22 06:57:00,2025-11-22 07:11:00,14.1,14.1,1150.0,920.0,955.1
12952,2025-11-22,KOTA,RTM,2025-11-22 10:15:00,2025-11-22 10:15:00,2025-11-22 10:37:00,22.0,22.0,920.0,736.0,769.9
12952,2025-11-22,RTM,BRC,2025-11-22 13:41:00,2025-11-22 13:41:00,2025-11-22 14:00:00,19.9,19.9,690.0,552.0,568.6
12952,2025-11-22,BRC,ST,2025-11-22 17:04:00,2025-11-22 17:04:00,2025-11-22 18:24:00,80.6,80.6,405.7,324.6,398.1
12952,2025-11-22,ST,BCT,2025-11-22 21:28:00,2025-11-22 21:28:00,2025-11-22 22:41:00,74.0,74.0,74.3,59.4,132.3
12004,2025-11-22,NDLS,GZB,2025-11-22 06:58:00,2025-11-22 06:58:00,2025-11-22 07:02:00,4.4,4.4,1150.0,920.0,934.7
12004,2025-11-22,GZB,ALJN,2025-11-22 10:06:00,2025-11-22 10:06:00,2025-11-22 10:22:00,16.6,16.6,920.0,736.0,753.4
12004,2025-11-22,ALJN,TDL,2025-11-22 13:26:00,2025-11-22 13:26:00,2025-11-22 13:48:00,22.5,22.5,690.0,552.0,570.4
12004,2025-11-22,TDL,CNB,2025-11-22 16:52:00,2025-11-22 16:52:00,2025-11-22 17:11:00,19.2,19.2,356.9,285.5,290.5
12004,2025-11-22,CNB,LKO,2025-11-22 20:15:00,2025-11-22 20:15:00,2025-11-22 20:39:00,24.2,24.2,91.0,72.8,99.0
12626,2025-11-22,NDLS,AGC,2025-11-22 06:18:00,2025-11-22 06:18:00,2025-11-22 06:40:00,22.5,22.5,1150.0,920.0,926.3
12626,2025-11-22,AGC,VGLJ,2025-11-22 09:44:00,2025-11-22 09:44:00,2025-11-22 10:06:00,22.1,22.1,920.0,736.0,763.0
12626,2025-11-22,VGLJ,BPL,2025-11-22 13:10:00,2025-11-22 13:10:00,2025-11-22 13:34:00,24.6,24.6,690.0,552.0,593.8
12626,2025-11-22,BPL,NGP,2025-11-22 16:38:00,2025-11-22 16:38:00,2025-11-22 17:08:00,30.2,30.2,494.7,395.8,434.1
12626,2025-11-22,NGP,MAS,2025-11-22 20:12:00,2025-11-22 20:12:00,2025-11-22 21:25:00,73.1,73.1,63.9,51.1,117.7
12424,2025-11-22,NDLS,CNB,2025-11-22 06:48:00,2025-11-22 06:48:00,2025-11-22 06:50:00,2.7,2.7,1150.0,920.0,920.2
12424,2025-11-22,CNB,PRYJ,2025-11-22 09:54:00,2025-11-22 09:54:00,2025-11-22 10:06:00,12.7,12.7,920.0,736.0,765.6
12424,2025-11-22,PRYJ,DDU,2025-11-22 13:10:00,2025-11-22 13:10:00,2025-11-22 13:58:00,48.2,48.2,690.0,552.0,584.7
12424,2025-11-22,DDU,PPTA,2025-11-22 17:02:00,2025-11-22 17:02:00,2025-11-22 17:52:00,50.2,50.2,324.0,259.2,317.5
12424,2025-11-22,PPTA,GHY,2025-11-22 20:56:00,2025-11-22 20:56:00,2025-11-22 22:20:00,84.2,84.2,109.7,87.8,185.8
12260,2025-11-22,NDLS,CNB,2025-11-22 05:36:00,2025-11-22 05:36:00,2025-11-22 05:42:00,6.7,6.7,1150.0,920.0,932.4
12260,2025-11-22,CNB,PRYJ,2025-11-22 09:32:00,2025-11-22 09:32:00,2025-11-22 09:48:00,16.7,16.7,862.5,690.0,717.1
12260,2025-11-22,PRYJ,DDU,2025-11-22 13:38:00,2025-11-22 13:38:00,2025-11-22 13:54:00,16.9,16.9,488.4,390.7,436.8
12260,2025-11-22,DDU,HWH,2025-11-22 17:44:00,2025-11-22 17:44:00,2025-11-22 18:08:00,24.8,24.8,53.1,42.5,66.9
12926,2025-11-22,BCT,BRC,2025-11-22 05:44:00,2025-11-22 05:44:00,2025-11-22 05:47:00,3.5,3.5,1150.0,920.0,925.5
12926,2025-11-22,BRC,RTM,2025-11-22 08:51:00,2025-11-22 08:51:00,2025-11-22 09:03:00,12.7,12.7,920.0,736.0,735.7
12926,2025-11-22,RTM,KOTA,2025-11-22 12:07:00,2025-11-22 12:07:00,2025-11-22 12:41:00,34.5,34.5,690.0,552.0,587.4
12926,2025-11-22,KOTA,NDLS,2025-11-22 15:45:00,2025-11-22 15:45:00,2025-11-22 16:24:00,39.7,39.7,452.6,362.1,409.2
12926,2025-11-22,NDLS,ASR,2025-11-22 19:28:00,2025-11-22 19:28:00,2025-11-22 20:12:00,44.1,44.1,172.1,137.7,173.8
12627,2025-11-22,SBC,DMM,2025-11-22 06:46:00,2025-11-22 06:46:00,2025-11-22 07:39:00,53.3,53.3,1150.0,920.0,974.1
12627,2025-11-22,DMM,GTL,2025-11-22 10:43:00,2025-11-22 10:43:00,2025-11-22 11:48:00,65.1,65.1,920.0,736.0,803.9
12627,2025-11-22,GTL,SC,2025-11-22 14:52:00,2025-11-22 14:52:00,2025-11-22 16:02:00,70.4,70.4,690.0,552.0,615.8
12627,2025-11-22,SC,NGP,2025-11-22 19:06:00,2025-11-22 19:06:00,2025-11-22 20:19:00,73.8,73.8,362.4,289.9,374.0
12627,2025-11-22,NGP,NDLS,2025-11-22 23:23:00,2025-11-22 23:23:00,2025-11-23 00:38:00,75.9,75.9,77.2,61.8,139.2
12301,2025-11-23,NDLS,CNB,2025-11-23 06:02:00,2025-11-23 06:02:00,2025-11-23 06:02:00,0.7,0.7,1150.0,920.0,926.9
12301,2025-11-23,CNB,PRYJ,2025-11-23 09:06:00,2025-11-23 09:06:00,2025-11-23 09:12:00,6.6,6.6,920.0,736.0,764.7
12301,2025-11-23,PRYJ,DDU,2025-11-23 12:16:00,2025-11-23 12:16:00,2025-11-23 12:33:00,17.1,17.1,690.0,552.0,588.8
12301,2025-11-23,DDU,GKP,2025-11-23 15:37:00,2025-11-23 15:37:00,2025-11-23 16:00:00,23.4,23.4,243.0,194.4,231.2
12301,2025-11-23,GKP,HWH,2025-11-23 19:04:00,2025-11-23 19:04:00,2025-11-23 19:35:00,31.7,31.7,51.6,41.3,79.5
12302,2025-11-23,HWH,GKP,2025-11-23 06:33:00,2025-11-23 06:33:00,2025-11-23 07:08:00,35.1,35.1,1150.0,920.0,951.7
12302,2025-11-23,GKP,DDU,2025-11-23 10:12:00,2025-11-23 10:12:00,2025-11-23 10:45:00,33.5,33.5,920.0,736.0,774.7
12302,2025-11-23,DDU,PRYJ,2025-11-23 13:49:00,2025-11-23 13:49:00,2025-11-23 14:21:00,32.9,32.9,690.0,552.0,585.7
12302,2025-11-23,PRYJ,CNB,2025-11-23 17:25:00,2025-11-23 17:25:00,2025-11-23 18:06:00,41.3,41.3,364.6,291.7,339.4
12302,2025-11-23,CNB,NDLS,2025-11-23 21:10:00,2025-11-23 21:10:00,2025-11-23 21:55:00,45.6,45.6,164.1,131.3,183.0
12951,2025-11-23,BCT,ST,2025-11-23 06:06:00,2025-11-23 06:06:00,2025-11-23 06:24:00,18.5,18.5,1150.0,920.0,935.2
12951,2025-11-23,ST,BRC,2025-11-23 09:28:00,2025-11-23 09:28:00,2025-11-23 09:45:00,17.7,17.7,920.0,736.0,753.9
12951,2025-11-23,BRC,RTM,2025-11-23 12:49:00,2025-11-23 12:49:00,2025-11-23 12:58:00,10.0,10.0,690.0,552.0,563.8
12951,2025-11-23,RTM,KOTA,2025-11-23 16:02:00,2025-11-23 16:02:00,2025-11-23 16:14:00,12.5,12.5,531.9,425.5,436.4
12951,2025-11-23,KOTA,NDLS,2025-11-23 19:18:00,2025-11-23 19:18:00,2025-11-23 19:24:00,6.2,6.2,66.8,53.4,62.8
12952,2025-11-23,NDLS,KOTA,2025-11-23 06:58:00,2025-11-23 06:58:00,2025-11-23 07:10:00,12.5,12.5,1150.0,920.0,942.9
12952,2025-11-23,KOTA,RTM,2025-11-23 10:14:00,2025-11-23 10:14:00,2025-11-23 10:34:00,20.2,20.2,920.0,736.0,768.3
12952,2025-11-23,RTM,BRC,2025-11-23 13:38:00,2025-11-23 13:38:00,2025-11-23 14:03:00,25.8,25.8,690.0,552.0,588.6
12952,2025-11-23,BRC,ST,2025-11-23 17:07:00,2025-11-23 17:07:00,2025-11-23 17:39:00,32.1,32.1,477.3,381.8,424.9
12952,2025-11-23,ST,BCT,2025-11-23 20:43:00,2025-11-23 20:43:00,2025-11-23 21:21:00,38.2,38.2,170.2,136.2,179.1
12004,2025-11-23,NDLS,GZB,2025-11-23 06:54:00,2025-11-23 06:54:00,2025-11-23 06:54:00,0.0,0.0,1150.0,920.0,940.0
12004,2025-11-23,GZB,ALJN,2025-11-23 09:58:00,2025-11-23 09:58:00,2025-11-23 10:04:00,6.3,6.3,920.0,736.0,754.2
12004,2025-11-23,ALJN,TDL,2025-11-23 13:08:00,2025-11-23 13:08:00,2025-11-23 13:18:00,10.8,10.8,690.0,552.0,594.6
12004,2025-11-23,TDL,CNB,2025-11-23 16:22:00,2025-11-23 16:22:00,2025-11-23 17:26:00,64.8,64.8,230.4,184.3,244.6
12004,2025-11-23,CNB,LKO,2025-11-23 20:30:00,2025-11-23 20:30:00,2025-11-23 21:39:00,69.5,69.5,53.8,43.0,106.7
12626,2025-11-23,NDLS,AGC,2025-11-23 06:41:00,2025-11-23 06:41:00,2025-11-23 06:43:00,2.7,2.7,1150.0,920.0,938.8
12626,2025-11-23,AGC,VGLJ,2025-11-23 09:47:00,2025-11-23 09:47:00,2025-11-23 09:58:00,11.1,11.1,920.0,736.0,764.4
12626,2025-11-23,VGLJ,BPL,2025-11-23 13:02:00,2025-11-23 13:02:00,2025-11-23 13:17:00,15.4,15.4,690.0,552.0,576.6
12626,2025-11-23,BPL,NGP,2025-11-23 16:21:00,2025-11-23 16:21:00,2025-11-23 17:24:00,63.5,63.5,345.6,276.5,343.3
12626,2025-11-23,NGP,MAS,2025-11-23 20:28:00,2025-11-23 20:28:00,2025-11-23 21:43:00,75.5,75.5,179.5,143.6,211.0
12424,2025-11-23,NDLS,CNB,2025-11-23 05:59:00,2025-11-23 05:59:00,2025-11-23 05:59:00,0.0,0.0,1150.0,920.0,927.6
12424,2025-11-23,CNB,PRYJ,2025-11-23 09:03:00,2025-11-23 09:03:00,2025-11-23 09:12:00,9.3,9.3,920.0,736.0,753.3
12424,2025-11-23,PRYJ,DDU,2025-11-23 12:16:00,2025-11-23 12:16:00,2025-11-23 12:28:00,12.7,12.7,690.0,552.0,561.9
12424,2025-11-23,DDU,PPTA,2025-11-23 15:32:00,2025-11-23 15:32:00,2025-11-23 15:47:00,15.5,15.5,342.6,274.1,299.2
12424,2025-11-23,PPTA,GHY,2025-11-23 18:51:00,2025-11-23 18:51:00,2025-11-23 20:05:00,74.4,74.4,176.0,140.8,217.5
12260,2025-11-23,NDLS,CNB,2025-11-23 06:51:00,2025-11-23 06:51:00,2025-11-23 06:51:00,0.0,0.0,1150.0,920.0,939.2
12260,2025-11-23,CNB,PRYJ,2025-11-23 10:41:00,2025-11-23 10:41:00,2025-11-23 10:48:00,7.2,7.2,862.5,690.0,692.5
12260,2025-11-23,PRYJ,DDU,2025-11-23 14:38:00,2025-11-23 14:38:00,2025-11-23 14:47:00,9.5,9.5,306.5,245.2,260.0
12260,2025-11-23,DDU,HWH,2025-11-23 18:37:00,2025-11-23 18:37:00,2025-11-23 18:46:00,9.7,9.7,102.7,82.2,94.9
12926,2025-11-23,BCT,BRC,2025-11-23 05:36:00,2025-11-23 05:36:00,2025-11-23 05:36:00,0.0,0.0,1150.0,920.0,942.6
12926,2025-11-23,BRC,RTM,2025-11-23 08:40:00,2025-11-23 08:40:00,2025-11-23 08:40:00,0.1,0.1,920.0,736.0,734.9
12926,2025-11-23,RTM,KOTA,2025-11-23 11:44:00,2025-11-23 11:44:00,2025-11-23 12:24:00,40.4,40.4,690.0,552.0,594.9
12926,2025-11-23,KOTA,NDLS,2025-11-23 15:28:00,2025-11-23 15:28:00,2025-11-23 16:13:00,45.5,45.5,339.3,271.4,327.2
12926,2025-11-23,NDLS,ASR,2025-11-23 19:17:00,2025-11-23 19:17:00,2025-11-23 20:03:00,46.3,46.3,63.4,50.7,88.6
12627,2025-11-23,SBC,DMM,2025-11-23 06:56:00,2025-11-23 06:56:00,2025-11-23 07:13:00,17.2,17.2,1150.0,920.0,946.2
12627,2025-11-23,DMM,GTL,2025-11-23 10:17:00,2025-11-23 10:17:00,2025-11-23 10:38:00,21.1,21.1,920.0,736.0,751.5
12627,2025-11-23,GTL,SC,2025-11-23 13:42:00,2025-11-23 13:42:00,2025-11-23 14:13:00,31.5,31.5,690.0,552.0,585.4
12627,2025-11-23,SC,NGP,2025-11-23 17:17:00,2025-11-23 17:17:00,2025-11-23 17:52:00,35.4,35.4,544.2,435.4,466.2
12627,2025-11-23,NGP,NDLS,2025-11-23 20:56:00,2025-11-23 20:56:00,2025-11-23 21:38:00,42.6,42.6,129.5,103.6,144.8
12301,2025-11-24,NDLS,CNB,2025-11-24 05:46:00,2025-11-24 05:46:00,2025-11-24 05:54:00,8.1,8.1,1150.0,920.0,924.8
12301,2025-11-24,CNB,PRYJ,2025-11-24 08:58:00,2025-11-24 08:58:00,2025-11-24 09:18:00,20.1,20.1,920.0,736.0,777.5
12301,2025-11-24,PRYJ,DDU,2025-11-24 12:22:00,2025-11-24 12:22:00,2025-11-24 12:48:00,26.2,26.2,690.0,552.0,578.1
12301,2025-11-24,DDU,GKP,2025-11-24 15:52:00,2025-11-24 15:52:00,2025-11-24 16:41:00,49.9,49.9,354.3,283.4,329.7
12301,2025-11-24,GKP,HWH,2025-11-24 19:45:00,2025-11-24 19:45:00,2025-11-24 20:38:00,53.6,53.6,143.8,115.0,163.8
12302,2025-11-24,HWH,GKP,2025-11-24 06:58:00,2025-11-24 06:58:00,2025-11-24 07:03:00,5.6,5.6,1150.0,920.0,935.4
12302,2025-11-24,GKP,DDU,2025-11-24 10:07:00,2025-11-24 10:07:00,2025-11-24 10:16:00,9.9,9.9,920.0,736.0,759.1
12302,2025-11-24,DDU,PRYJ,2025-11-24 13:20:00,2025-11-24 13:20:00,2025-11-24 13:27:00,7.0,7.0,690.0,552.0,569.1
12302,2025-11-24,PRYJ,CNB,2025-11-24 16:31:00,2025-11-24 16:31:00,2025-11-24 16:31:00,0.0,0.0,234.0,187.2,187.9
12302,2025-11-24,CNB,NDLS,2025-11-24 19:35:00,2025-11-24 19:35:00,2025-11-24 20:29:00,54.1,54.1,177.7,142.2,192.6
12951,2025-11-24,BCT,ST,2025-11-24 06:20:00,2025-11-24 06:20:00,2025-11-24 06:49:00,29.1,29.1,1150.0,920.0,959.3
12951,2025-11-24,ST,BRC,2025-11-24 09:53:00,2025-11-24 09:53:00,2025-11-24 10:50:00,57.5,57.5,920.0,736.0,791.5
12951,2025-11-24,BRC,RTM,2025-11-24 13:54:00,2025-11-24 13:54:00,2025-11-24 14:57:00,63.9,63.9,690.0,552.0,619.6
12951,2025-11-24,RTM,KOTA,2025-11-24 18:01:00,2025-11-24 18:01:00,2025-11-24 19:15:00,74.5,74.5,453.9,363.1,434.4
12951,2025-11-24,KOTA,NDLS,2025-11-24 22:19:00,2025-11-24 22:19:00,2025-11-24 23:35:00,76.6,76.6,119.7,95.8,176.3
12952,2025-11-24,NDLS,KOTA,2025-11-24 06:50:00,2025-11-24 06:50:00,2025-11-24 06:51:00,1.7,1.7,1150.0,920.0,920.5
12952,2025-11-24,KOTA,RTM,2025-11-24 09:55:00,2025-11-24 09:55:00,2025-11-24 09:55:00,0.0,0.0,920.0,736.0,750.2
12952,2025-11-24,RTM,BRC,2025-11-24 12:59:00,2025-11-24 12:59:00,2025-11-24 12:59:00,0.2,0.2,690.0,552.0,568.8
12952,2025-11-24,BRC,ST,2025-11-24 16:03:00,2025-11-24 16:03:00,2025-11-24 16:03:00,0.4,0.4,280.9,224.7,224.9
12952,2025-11-24,ST,BCT,2025-11-24 19:07:00,2025-11-24 19:07:00,2025-11-24 19:15:00,8.9,8.9,119.2,95.4,122.8
12004,2025-11-24,NDLS,GZB,2025-11-24 06:49:00,2025-11-24 06:49:00,2025-11-24 07:01:00,12.8,12.8,1150.0,920.0,942.0
12004,2025-11-24,GZB,ALJN,2025-11-24 10:05:00,2025-11-24 10:05:00,2025-11-24 10:08:00,3.8,3.8,920.0,736.0,755.6
12004,2025-11-24,ALJN,TDL,2025-11-24 13:12:00,2025-11-24 13:12:00,2025-11-24 13:22:00,10.8,10.8,690.0,552.0,576.4
12004,2025-11-24,TDL,CNB,2025-11-24 16:26:00,2025-11-24 16:26:00,2025-11-24 16:43:00,17.3,17.3,544.8,435.8,465.5
12004,2025-11-24,CNB,LKO,2025-11-24 19:47:00,2025-11-24 19:47:00,2025-11-24 20:01:00,14.4,14.4,67.8,54.2,79.5
12626,2025-11-24,NDLS,AGC,2025-11-24 06:14:00,2025-11-24 06:14:00,2025-11-24 06:41:00,27.1,27.1,1150.0,920.0,959.6
12626,2025-11-24,AGC,VGLJ,2025-11-24 09:45:00,2025-11-24 09:45:00,2025-11-24 10:22:00,37.0,37.0,920.0,736.0,770.6
12626,2025-11-24,VGLJ,BPL,2025-11-24 13:26:00,2025-11-24 13:26:00,2025-11-24 14:03:00,37.5,37.5,690.0,552.0,593.1
12626,2025-11-24,BPL,NGP,2025-11-24 17:07:00,2025-11-24 17:07:00,2025-11-24 17:55:00,48.1,48.1,334.0,267.2,317.3
12626,2025-11-24,NGP,MAS,2025-11-24 20:59:00,2025-11-24 20:59:00,2025-11-24 21:47:00,48.4,48.4,135.5,108.4,150.4
12424,2025-11-24,NDLS,CNB,2025-11-24 06:27:00,2025-11-24 06:27:00,2025-11-24 06:44:00,18.0,18.0,1150.0,920.0,956.2
12424,2025-11-24,CNB,PRYJ,2025-11-24 09:48:00,2025-11-24 09:48:00,2025-11-24 10:00:00,12.2,12.2,920.0,736.0,772.7
12424,2025-11-24,PRYJ,DDU,2025-11-24 13:04:00,2025-11-24 13:04:00,2025-11-24 13:16:00,12.6,12.6,690.0,552.0,570.5
12424,2025-11-24,DDU,PPTA,2025-11-24 16:20:00,2025-11-24 16:20:00,2025-11-24 17:14:00,54.5,54.5,396.1,316.9,357.4
12424,2025-11-24,PPTA,GHY,2025-11-24 20:18:00,2025-11-24 20:18:00,2025-11-24 21:17:00,60.0,60.0,169.0,135.2,208.6
12260,2025-11-24,NDLS,CNB,2025-11-24 06:57:00,2025-11-24 06:57:00,2025-11-24 07:50:00,53.9,53.9,1150.0,920.0,994.7
12260,2025-11-24,CNB,PRYJ,2025-11-24 11:40:00,2025-11-24 11:40:00,2025-11-24 12:35:00,55.8,55.8,862.5,690.0,754.9
12260,2025-11-24,PRYJ,DDU,2025-11-24 16:25:00,2025-11-24 16:25:00,2025-11-24 17:19:00,54.0,54.0,485.9,388.7,442.1
12260,2025-11-24,DDU,HWH,2025-11-24 21:09:00,2025-11-24 21:09:00,2025-11-24 22:02:00,53.6,53.6,121.6,97.3,147.6
12926,2025-11-24,BCT,BRC,2025-11-24 06:39:00,2025-11-24 06:39:00,2025-11-24 07:01:00,22.5,22.5,1150.0,920.0,947.7
12926,2025-11-24,BRC,RTM,2025-11-24 10:05:00,2025-11-24 10:05:00,2025-11-24 11:10:00,65.6,65.6,920.0,736.0,806.5
12926,2025-11-24,RTM,KOTA,2025-11-24 14:14:00,2025-11-24 14:14:00,2025-11-24 15:20:00,66.1,66.1,690.0,552.0,597.4
12926,2025-11-24,KOTA,NDLS,2025-11-24 18:24:00,2025-11-24 18:24:00,2025-11-24 19:43:00,79.1,79.1,241.5,193.2,247.7
12926,2025-11-24,NDLS,ASR,2025-11-24 22:47:00,2025-11-24 22:47:00,2025-11-25 00:10:00,83.0,83.0,84.5,67.6,147.7
12627,2025-11-24,SBC,DMM,2025-11-24 06:49:00,2025-11-24 06:49:00,2025-11-24 07:18:00,29.8,29.8,1150.0,920.0,974.7
12627,2025-11-24,DMM,GTL,2025-11-24 10:22:00,2025-11-24 10:22:00,2025-11-24 10:50:00,28.6,28.6,920.0,736.0,770.7
12627,2025-11-24,GTL,SC,2025-11-24 13:54:00,2025-11-24 13:54:00,2025-11-24 14:34:00,40.8,40.8,690.0,552.0,582.1
12627,2025-11-24,SC,NGP,2025-11-24 17:38:00,2025-11-24 17:38:00,2025-11-24 18:17:00,39.5,39.5,496.2,397.0,437.9
12627,2025-11-24,NGP,NDLS,2025-11-24 21:21:00,2025-11-24 21:21:00,2025-11-24 21:53:00,32.9,32.9,175.5,140.4,184.0
12301,2025-11-25,NDLS,CNB,2025-11-25 05:52:00,2025-11-25 05:52:00,2025-11-25 06:37:00,45.3,45.3,1150.0,920.0,939.0
12301,2025-11-25,CNB,PRYJ,2025-11-25 09:41:00,2025-11-25 09:41:00,2025-11-25 10:19:00,38.1,38.1,920.0,736.0,757.5
12301,2025-11-25,PRYJ,DDU,2025-11-25 13:23:00,2025-11-25 13:23:00,2025-11-25 14:21:00,58.5,58.5,690.0,552.0,611.0
12301,2025-11-25,DDU,GKP,2025-11-25 17:25:00,2025-11-25 17:25:00,2025-11-25 18:27:00,62.6,62.6,349.8,279.8,334.7
12301,2025-11-25,GKP,HWH,2025-11-25 21:31:00,2025-11-25 21:31:00,2025-11-25 22:44:00,73.3,73.3,154.5,123.6,171.6
12302,2025-11-25,HWH,GKP,2025-11-25 06:09:00,2025-11-25 06:09:00,2025-11-25 06:33:00,24.4,24.4,1150.0,920.0,945.7
12302,2025-11-25,GKP,DDU,2025-11-25 09:37:00,2025-11-25 09:37:00,2025-11-25 10:01:00,24.6,24.6,920.0,736.0,758.1
12302,2025-11-25,DDU,PRYJ,2025-11-25 13:05:00,2025-11-25 13:05:00,2025-11-25 13:37:00,32.3,32.3,690.0,552.0,599.4
12302,2025-11-25,PRYJ,CNB,2025-11-25 16:41:00,2025-11-25 16:41:00,2025-11-25 17:24:00,43.1,43.1,416.0,332.8,378.9
12302,2025-11-25,CNB,NDLS,2025-11-25 20:28:00,2025-11-25 20:28:00,2025-11-25 21:21:00,53.9,53.9,75.5,60.4,116.6
12951,2025-11-25,BCT,ST,2025-11-25 06:45:00,2025-11-25 06:45:00,2025-11-25 07:00:00,15.2,15.2,1150.0,920.0,932.0
12951,2025-11-25,ST,BRC,2025-11-25 10:04:00,2025-11-25 10:04:00,2025-11-25 10:18:00,14.1,14.1,920.0,736.0,771.7
12951,2025-11-25,BRC,RTM,2025-11-25 13:22:00,2025-11-25 13:22:00,2025-11-25 13:37:00,15.9,15.9,690.0,552.0,568.0
12951,2025-11-25,RTM,KOTA,2025-11-25 16:41:00,2025-11-25 16:41:00,2025-11-25 16:59:00,18.2,18.2,475.5,380.4,408.7
12951,2025-11-25,KOTA,NDLS,2025-11-25 20:03:00,2025-11-25 20:03:00,2025-11-25 20:22:00,19.2,19.2,54.4,43.5,74.2
12952,2025-11-25,NDLS,KOTA,2025-11-25 06:50:00,2025-11-25 06:50:00,2025-11-25 06:52:00,2.9,2.9,1150.0,920.0,936.7
12952,2025-11-25,KOTA,RTM,2025-11-25 09:56:00,2025-11-25 09:56:00,2025-11-25 10:51:00,55.4,55.4,920.0,736.0,803.8
12952,2025-11-25,RTM,BRC,2025-11-25 13:55:00,2025-11-25 13:55:00,2025-11-25 14:54:00,59.8,59.8,690.0,552.0,601.1
12952,2025-11-25,BRC,ST,2025-11-25 17:58:00,2025-11-25 17:58:00,2025-11-25 19:25:00,87.4,87.4,359.6,287.7,371.6
12952,2025-11-25,ST,BCT,2025-11-25 22:29:00,2025-11-25 22:29:00,2025-11-26 00:21:00,112.0,112.0,155.2,124.2,200.3
12004,2025-11-25,NDLS,GZB,2025-11-25 06:36:00,2025-11-25 06:36:00,2025-11-25 07:27:00,51.1,51.1,1150.0,920.0,983.8
12004,2025-11-25,GZB,ALJN,2025-11-25 10:31:00,2025-11-25 10:31:00,2025-11-25 11:26:00,55.7,55.7,920.0,736.0,810.6
12004,2025-11-25,ALJN,TDL,2025-11-25 14:30:00,2025-11-25 14:30:00,2025-11-25 15:30:00,60.1,60.1,690.0,552.0,616.5
12004,2025-11-25,TDL,CNB,2025-11-25 18:34:00,2025-11-25 18:34:00,2025-11-25 19:31:00,57.7,57.7,528.8,423.0,476.7
12004,2025-11-25,CNB,LKO,2025-11-25 22:35:00,2025-11-25 22:35:00,2025-11-26 00:22:00,107.6,107.6,115.3,92.2,200.0
12626,2025-11-25,NDLS,AGC,2025-11-25 06:03:00,2025-11-25 06:03:00,2025-11-25 06:25:00,22.4,22.4,1150.0,920.0,958.5
12626,2025-11-25,AGC,VGLJ,2025-11-25 09:29:00,2025-11-25 09:29:00,2025-11-25 09:49:00,21.0,21.0,920.0,736.0,756.6
12626,2025-11-25,VGLJ,BPL,2025-11-25 12:53:00,2025-11-25 12:53:00,2025-11-25 13:07:00,14.6,14.6,690.0,552.0,558.6
12626,2025-11-25,BPL,NGP,2025-11-25 16:11:00,2025-11-25 16:11:00,2025-11-25 16:25:00,14.6,14.6,269.5,215.6,249.7
12626,2025-11-25,NGP,MAS,2025-11-25 19:29:00,2025-11-25 19:29:00,2025-11-25 19:49:00,20.8,20.8,165.6,132.5,169.6
12424,2025-11-25,NDLS,CNB,2025-11-25 06:48:00,2025-11-25 06:48:00,2025-11-25 07:05:00,17.1,17.1,1150.0,920.0,937.6
12424,2025-11-25,CNB,PRYJ,2025-11-25 10:09:00,2025-11-25 10:09:00,2025-11-25 10:24:00,15.6,15.6,920.0,736.0,750.9
12424,2025-11-25,PRYJ,DDU,2025-11-25 13:28:00,2025-11-25 13:28:00,2025-11-25 13:38:00,10.8,10.8,690.0,552.0,567.0
12424,2025-11-25,DDU,PPTA,2025-11-25 16:42:00,2025-11-25 16:42:00,2025-11-25 16:48:00,6.2,6.2,404.4,323.5,343.8
12424,2025-11-25,PPTA,GHY,2025-11-25 19:52:00,2025-11-25 19:52:00,2025-11-25 20:10:00,18.2,18.2,83.7,67.0,90.7
12260,2025-11-25,NDLS,CNB,2025-11-25 06:30:00,2025-11-25 06:30:00,2025-11-25 06:39:00,9.7,9.7,1150.0,920.0,945.1
12260,2025-11-25,CNB,PRYJ,2025-11-25 10:29:00,2025-11-25 10:29:00,2025-11-25 11:22:00,53.1,53.1,862.5,690.0,746.0
12260,2025-11-25,PRYJ,DDU,2025-11-25 15:12:00,2025-11-25 15:12:00,2025-11-25 16:34:00,82.9,82.9,384.9,307.9,396.8
12260,2025-11-25,DDU,HWH,2025-11-25 20:24:00,2025-11-25 20:24:00,2025-11-25 21:51:00,87.9,87.9,83.5,66.8,168.3
12926,2025-11-25,BCT,BRC,2025-11-25 06:58:00,2025-11-25 06:58:00,2025-11-25 07:08:00,10.6,10.6,1150.0,920.0,939.1
12926,2025-11-25,BRC,RTM,2025-11-25 10:12:00,2025-11-25 10:12:00,2025-11-25 10:21:00,9.1,9.1,920.0,736.0,757.1
12926,2025-11-25,RTM,KOTA,2025-11-25 13:25:00,2025-11-25 13:25:00,2025-11-25 13:36:00,11.4,11.4,690.0,552.0,572.0
12926,2025-11-25,KOTA,NDLS,2025-11-25 16:40:00,2025-11-25 16:40:00,2025-11-25 16:41:00,1.7,1.7,435.9,348.7,363.9
12926,2025-11-25,NDLS,ASR,2025-11-25 19:45:00,2025-11-25 19:45:00,2025-11-25 19:51:00,6.8,6.8,55.4,44.3,65.6
12627,2025-11-25,SBC,DMM,2025-11-25 06:48:00,2025-11-25 06:48:00,2025-11-25 07:24:00,36.7,36.7,1150.0,920.0,943.2
12627,2025-11-25,DMM,GTL,2025-11-25 10:28:00,2025-11-25 10:28:00,2025-11-25 11:12:00,44.4,44.4,920.0,736.0,796.0
12627,2025-11-25,GTL,SC,2025-11-25 14:16:00,2025-11-25 14:16:00,2025-11-25 15:04:00,48.0,48.0,690.0,552.0,587.3
12627,2025-11-25,SC,NGP,2025-11-25 18:08:00,2025-11-25 18:08:00,2025-11-25 18:59:00,51.6,51.6,247.7,198.2,255.8
12627,2025-11-25,NGP,NDLS,2025-11-25 22:03:00,2025-11-25 22:03:00,2025-11-25 23:18:00,75.3,75.3,137.2,109.8,166.2
12301,2025-11-26,NDLS,CNB,2025-11-26 05:39:00,2025-11-26 05:39:00,2025-11-26 05:39:00,0.0,0.0,1150.0,920.0,938.0
12301,2025-11-26,CNB,PRYJ,2025-11-26 08:43:00,2025-11-26 08:43:00,2025-11-26 09:47:00,64.3,64.3,920.0,736.0,789.3
12301,2025-11-26,PRYJ,DDU,2025-11-26 12:51:00,2025-11-26 12:51:00,2025-11-26 14:31:00,100.2,100.2,690.0,552.0,644.1
12301,2025-11-26,DDU,GKP,2025-11-26 17:35:00,2025-11-26 17:35:00,2025-11-26 19:13:00,98.7,98.7,375.1,300.1,385.8
12301,2025-11-26,GKP,HWH,2025-11-26 22:17:00,2025-11-26 22:17:00,2025-11-27 00:01:00,104.4,104.4,155.0,124.0,209.6
12302,2025-11-26,HWH,GKP,2025-11-26 06:11:00,2025-11-26 06:11:00,2025-11-26 06:33:00,22.6,22.6,1150.0,920.0,934.2
12302,2025-11-26,GKP,DDU,2025-11-26 09:37:00,2025-11-26 09:37:00,2025-11-26 10:50:00,74.0,74.0,920.0,736.0,808.6
12302,2025-11-26,DDU,PRYJ,2025-11-26 13:54:00,2025-11-26 13:54:00,2025-11-26 15:13:00,79.5,79.5,690.0,552.0,621.5
12302,2025-11-26,PRYJ,CNB,2025-11-26 18:17:00,2025-11-26 18:17:00,2025-11-26 19:50:00,93.9,93.9,243.1,194.5,271.6
12302,2025-11-26,CNB,NDLS,2025-11-26 22:54:00,2025-11-26 22:54:00,2025-11-27 00:35:00,101.3,101.3,146.8,117.4,211.5
12951,2025-11-26,BCT,ST,2025-11-26 06:23:00,2025-11-26 06:23:00,2025-11-26 06:24:00,1.0,1.0,1150.0,920.0,933.5
12951,2025-11-26,ST,BRC,2025-11-26 09:28:00,2025-11-26 09:28:00,2025-11-26 09:29:00,1.4,1.4,920.0,736.0,741.1
12951,2025-11-26,BRC,RTM,2025-11-26 12:33:00,2025-11-26 12:33:00,2025-11-26 12:35:00,3.0,3.0,690.0,552.0,577.5
12951,2025-11-26,RTM,KOTA,2025-11-26 15:39:00,2025-11-26 15:39:00,2025-11-26 15:40:00,1.3,1.3,520.7,416.6,423.3
12951,2025-11-26,KOTA,NDLS,2025-11-26 18:44:00,2025-11-26 18:44:00,2025-11-26 18:45:00,1.4,1.4,177.6,142.1,172.5
12952,2025-11-26,NDLS,KOTA,2025-11-26 06:38:00,2025-11-26 06:38:00,2025-11-26 06:58:00,20.6,20.6,1150.0,920.0,948.7
12952,2025-11-26,KOTA,RTM,2025-11-26 10:02:00,2025-11-26 10:02:00,2025-11-26 10:38:00,36.7,36.7,920.0,736.0,778.4
12952,2025-11-26,RTM,BRC,2025-11-26 13:42:00,2025-11-26 13:42:00,2025-11-26 14:17:00,35.7,35.7,690.0,552.0,583.0
12952,2025-11-26,BRC,ST,2025-11-26 17:21:00,2025-11-26 17:21:00,2025-11-26 17:49:00,28.3,28.3,368.3,294.6,323.8
12952,2025-11-26,ST,BCT,2025-11-26 20:53:00,2025-11-26 20:53:00,2025-11-26 21:33:00,40.6,40.6,75.5,60.4,104.0
12004,2025-11-26,NDLS,GZB,2025-11-26 05:57:00,2025-11-26 05:57:00,2025-11-26 06:14:00,17.7,17.7,1150.0,920.0,943.7
12004,2025-11-26,GZB,ALJN,2025-11-26 09:18:00,2025-11-26 09:18:00,2025-11-26 09:57:00,39.7,39.7,920.0,736.0,782.6
12004,2025-11-26,ALJN,TDL,2025-11-26 13:01:00,2025-11-26 13:01:00,2025-11-26 13:42:00,41.9,41.9,690.0,552.0,596.7
12004,2025-11-26,TDL,CNB,2025-11-26 16:46:00,2025-11-26 16:46:00,2025-11-26 17:33:00,47.5,47.5,388.6,310.9,345.0
12004,2025-11-26,CNB,LKO,2025-11-26 20:37:00,2025-11-26 20:37:00,2025-11-26 21:23:00,46.7,46.7,86.9,69.5,115.4
12626,2025-11-26,NDLS,AGC,2025-11-26 05:48:00,2025-11-26 05:48:00,2025-11-26 06:31:00,43.1,43.1,1150.0,920.0,971.0
12626,2025-11-26,AGC,VGLJ,2025-11-26 09:35:00,2025-11-26 09:35:00,2025-11-26 10:21:00,46.8,46.8,920.0,736.0,777.2
12626,2025-11-26,VGLJ,BPL,2025-11-26 13:25:00,2025-11-26 13:25:00,2025-11-26 15:08:00,103.5,103.5,690.0,552.0,651.2
12626,2025-11-26,BPL,NGP,2025-11-26 18:12:00,2025-11-26 18:12:00,2025-11-26 19:59:00,107.7,107.7,503.1,402.5,499.9
12626,2025-11-26,NGP,MAS,2025-11-26 23:03:00,2025-11-26 23:03:00,2025-11-27 00:51:00,108.6,108.6,62.7,50.2,143.0
12424,2025-11-26,NDLS,CNB,2025-11-26 06:56:00,2025-11-26 06:56:00,2025-11-26 07:53:00,57.6,57.6,1150.0,920.0,974.6
12424,2025-11-26,CNB,PRYJ,2025-11-26 10:57:00,2025-11-26 10:57:00,2025-11-26 12:01:00,64.4,64.4,920.0,736.0,790.0
12424,2025-11-26,PRYJ,DDU,2025-11-26 15:05:00,2025-11-26 15:05:00,2025-11-26 16:12:00,67.7,67.7,690.0,552.0,611.8
12424,2025-11-26,DDU,PPTA,2025-11-26 19:16:00,2025-11-26 19:16:00,2025-11-26 20:18:00,62.3,62.3,364.8,291.8,371.2
12424,2025-11-26,PPTA,GHY,2025-11-26 23:22:00,2025-11-26 23:22:00,2025-11-27 00:24:00,62.7,62.7,74.6,59.7,126.1
12260,2025-11-26,NDLS,CNB,2025-11-26 06:16:00,2025-11-26 06:16:00,2025-11-26 06:23:00,7.7,7.7,1150.0,920.0,935.7
12260,2025-11-26,CNB,PRYJ,2025-11-26 10:13:00,2025-11-26 10:13:00,2025-11-26 10:21:00,8.1,8.1,862.5,690.0,713.3
12260,2025-11-26,PRYJ,DDU,2025-11-26 14:11:00,2025-11-26 14:11:00,2025-11-26 14:24:00,13.7,13.7,440.8,352.6,386.0
12260,2025-11-26,DDU,HWH,2025-11-26 18:14:00,2025-11-26 18:14:00,2025-11-26 18:34:00,20.3,20.3,88.7,71.0,85.0
12926,2025-11-26,BCT,BRC,2025-11-26 06:24:00,2025-11-26 06:24:00,2025-11-26 06:35:00,11.8,11.8,1150.0,920.0,934.9
12926,2025-11-26,BRC,RTM,2025-11-26 09:39:00,2025-11-26 09:39:00,2025-11-26 10:05:00,26.2,26.2,920.0,736.0,764.6
12926,2025-11-26,RTM,KOTA,2025-11-26 13:09:00,2025-11-26 13:09:00,2025-11-26 13:38:00,29.7,29.7,690.0,552.0,596.2
12926,2025-11-26,KOTA,NDLS,2025-11-26 16:42:00,2025-11-26 16:42:00,2025-11-26 17:17:00,35.6,35.6,449.7,359.8,403.1
12926,2025-11-26,NDLS,ASR,2025-11-26 20:21:00,2025-11-26 20:21:00,2025-11-26 21:07:00,46.1,46.1,158.3,126.6,187.1
12627,2025-11-26,SBC,DMM,2025-11-26 05:49:00,2025-11-26 05:49:00,2025-11-26 06:09:00,20.5,20.5,1150.0,920.0,960.3
12627,2025-11-26,DMM,GTL,2025-11-26 09:13:00,2025-11-26 09:13:00,2025-11-26 09:33:00,21.0,21.0,920.0,736.0,749.4
12627,2025-11-26,GTL,SC,2025-11-26 12:37:00,2025-11-26 12:37:00,2025-11-26 13:06:00,29.0,29.0,690.0,552.0,583.8
12627,2025-11-26,SC,NGP,2025-11-26 16:10:00,2025-11-26 16:10:00,2025-11-26 17:00:00,50.6,50.6,547.8,438.2,498.1
12627,2025-11-26,NGP,NDLS,2025-11-26 20:04:00,2025-11-26 20:04:00,2025-11-26 21:03:00,59.2,59.2,52.8,42.2,98.3
12301,2025-11-27,NDLS,CNB,2025-11-27 05:34:00,2025-11-27 05:34:00,2025-11-27 05:50:00,16.0,16.0,1150.0,920.0,948.3
12301,2025-11-27,CNB,PRYJ,2025-11-27 08:54:00,2025-11-27 08:54:00,2025-11-27 09:09:00,15.8,15.8,920.0,736.0,760.7
12301,2025-11-27,PRYJ,DDU,2025-11-27 12:13:00,2025-11-27 12:13:00,2025-11-27 12:34:00,21.2,21.2,690.0,552.0,590.9
12301,2025-11-27,DDU,GKP,2025-11-27 15:38:00,2025-11-27 15:38:00,2025-11-27 15:58:00,20.4,20.4,308.6,246.9,273.1
12301,2025-11-27,GKP,HWH,2025-11-27 19:02:00,2025-11-27 19:02:00,2025-11-27 19:24:00,22.3,22.3,85.4,68.3,104.0
12302,2025-11-27,HWH,GKP,2025-11-27 05:31:00,2025-11-27 05:31:00,2025-11-27 05:57:00,26.0,26.0,1150.0,920.0,949.7
12302,2025-11-27,GKP,DDU,2025-11-27 09:01:00,2025-11-27 09:01:00,2025-11-27 09:34:00,33.1,33.1,920.0,736.0,784.5
12302,2025-11-27,DDU,PRYJ,2025-11-27 12:38:00,2025-11-27 12:38:00,2025-11-27 13:40:00,62.6,62.6,690.0,552.0,607.5
12302,2025-11-27,PRYJ,CNB,2025-11-27 16:44:00,2025-11-27 16:44:00,2025-11-27 17:49:00,65.9,65.9,498.2,398.6,460.4
12302,2025-11-27,CNB,NDLS,2025-11-27 20:53:00,2025-11-27 20:53:00,2025-11-27 22:46:00,113.6,113.6,131.2,105.0,228.7
12951,2025-11-27,BCT,ST,2025-11-27 06:44:00,2025-11-27 06:44:00,2025-11-27 07:01:00,17.6,17.6,1150.0,920.0,939.2
12951,2025-11-27,ST,BRC,2025-11-27 10:05:00,2025-11-27 10:05:00,2025-11-27 10:19:00,14.4,14.4,920.0,736.0,764.0
12951,2025-11-27,BRC,RTM,2025-11-27 13:23:00,2025-11-27 13:23:00,2025-11-27 13:38:00,15.1,15.1,690.0,552.0,586.4
12951,2025-11-27,RTM,KOTA,2025-11-27 16:42:00,2025-11-27 16:42:00,2025-11-27 17:08:00,26.2,26.2,361.1,288.9,319.0
12951,2025-11-27,KOTA,NDLS,2025-11-27 20:12:00,2025-11-27 20:12:00,2025-11-27 20:43:00,31.4,31.4,131.0,104.8,144.2
12952,2025-11-27,NDLS,KOTA,2025-11-27 06:36:00,2025-11-27 06:36:00,2025-11-27 06:36:00,0.0,0.0,1150.0,920.0,924.2
12952,2025-11-27,KOTA,RTM,2025-11-27 09:40:00,2025-11-27 09:40:00,2025-11-27 09:50:00,10.0,10.0,920.0,736.0,758.3
12952,2025-11-27,RTM,BRC,2025-11-27 12:54:00,2025-11-27 12:54:00,2025-11-27 13:04:00,10.3,10.3,690.0,552.0,574.9
12952,2025-11-27,BRC,ST,2025-11-27 16:08:00,2025-11-27 16:08:00,2025-11-27 16:29:00,21.3,21.3,337.4,269.9,291.5
12952,2025-11-27,ST,BCT,2025-11-27 19:33:00,2025-11-27 19:33:00,2025-11-27 21:04:00,91.3,91.3,171.6,137.3,230.4
12004,2025-11-27,NDLS,GZB,2025-11-27 06:58:00,2025-11-27 06:58:00,2025-11-27 07:19:00,21.8,21.8,1150.0,920.0,949.8
12004,2025-11-27,GZB,ALJN,2025-11-27 10:23:00,2025-11-27 10:23:00,2025-11-27 10:48:00,25.4,25.4,920.0,736.0,769.4
12004,2025-11-27,ALJN,TDL,2025-11-27 13:52:00,2025-11-27 13:52:00,2025-11-27 14:09:00,17.1,17.1,690.0,552.0,570.8
12004,2025-11-27,TDL,CNB,2025-11-27 17:13:00,2025-11-27 17:13:00,2025-11-27 17:39:00,26.6,26.6,364.6,291.7,313.8
12004,2025-11-27,CNB,LKO,2025-11-27 20:43:00,2025-11-27 20:43:00,2025-11-27 21:13:00,30.0,30.0,115.1,92.1,111.8
12626,2025-11-27,NDLS,AGC,2025-11-27 06:19:00,2025-11-27 06:19:00,2025-11-27 06:36:00,17.1,17.1,1150.0,920.0,939.6
12626,2025-11-27,AGC,VGLJ,2025-11-27 09:40:00,2025-11-27 09:40:00,2025-11-27 10:03:00,23.8,23.8,920.0,736.0,776.4
12626,2025-11-27,VGLJ,BPL,2025-11-27 13:07:00,2025-11-27 13:07:00,2025-11-27 14:28:00,82.0,82.0,690.0,552.0,635.4
12626,2025-11-27,BPL,NGP,2025-11-27 17:32:00,2025-11-27 17:32:00,2025-11-27 18:52:00,80.9,80.9,242.9,194.3,272.3
12626,2025-11-27,NGP,MAS,2025-11-27 21:56:00,2025-11-27 21:56:00,2025-11-27 23:23:00,87.3,87.3,174.0,139.2,213.3
12424,2025-11-27,NDLS,CNB,2025-11-27 06:35:00,2025-11-27 06:35:00,2025-11-27 07:23:00,48.9,48.9,1150.0,920.0,975.5
12424,2025-11-27,CNB,PRYJ,2025-11-27 10:27:00,2025-11-27 10:27:00,2025-11-27 11:11:00,44.6,44.6,920.0,736.0,782.6
12424,2025-11-27,PRYJ,DDU,2025-11-27 14:15:00,2025-11-27 14:15:00,2025-11-27 15:10:00,55.9,55.9,690.0,552.0,600.7
12424,2025-11-27,DDU,PPTA,2025-11-27 18:14:00,2025-11-27 18:14:00,2025-11-27 19:07:00,53.8,53.8,239.2,191.4,259.5
12424,2025-11-27,PPTA,GHY,2025-11-27 22:11:00,2025-11-27 22:11:00,2025-11-27 23:05:00,54.2,54.2,159.8,127.8,190.8
12260,2025-11-27,NDLS,CNB,2025-11-27 06:40:00,2025-11-27 06:40:00,2025-11-27 06:47:00,7.0,7.0,1150.0,920.0,937.0
12260,2025-11-27,CNB,PRYJ,2025-11-27 10:37:00,2025-11-27 10:37:00,2025-11-27 10:47:00,10.1,10.1,862.5,690.0,705.9
12260,2025-11-27,PRYJ,DDU,2025-11-27 14:37:00,2025-11-27 14:37:00,2025-11-27 14:51:00,14.8,14.8,222.1,177.7,213.3
12260,2025-11-27,DDU,HWH,2025-11-27 18:41:00,2025-11-27 18:41:00,2025-11-27 19:53:00,72.7,72.7,142.3,113.8,212.1
12926,2025-11-27,BCT,BRC,2025-11-27 05:53:00,2025-11-27 05:53:00,2025-11-27 05:55:00,2.3,2.3,1150.0,920.0,937.5
12926,2025-11-27,BRC,RTM,2025-11-27 08:59:00,2025-11-27 08:59:00,2025-11-27 08:59:00,0.0,0.0,920.0,736.0,756.5
12926,2025-11-27,RTM,KOTA,2025-11-27 12:03:00,2025-11-27 12:03:00,2025-11-27 12:12:00,9.2,9.2,690.0,552.0,578.8
12926,2025-11-27,KOTA,NDLS,2025-11-27 15:16:00,2025-11-27 15:16:00,2025-11-27 15:35:00,19.3,19.3,300.4,240.3,264.9
12926,2025-11-27,NDLS,ASR,2025-11-27 18:39:00,2025-11-27 18:39:00,2025-11-27 18:53:00,14.2,14.2,154.6,123.7,144.7
12627,2025-11-27,SBC,DMM,2025-11-27 05:50:00,2025-11-27 05:50:00,2025-11-27 05:50:00,0.0,0.0,1150.0,920.0,931.9
12627,2025-11-27,DMM,GTL,2025-11-27 08:54:00,2025-11-27 08:54:00,2025-11-27 08:59:00,5.2,5.2,920.0,736.0,756.4
12627,2025-11-27,GTL,SC,2025-11-27 12:03:00,2025-11-27 12:03:00,2025-11-27 12:13:00,10.8,10.8,690.0,552.0,563.8
12627,2025-11-27,SC,NGP,2025-11-27 15:17:00,2025-11-27 15:17:00,2025-11-27 15:23:00,7.0,7.0,482.2,385.8,395.0
12627,2025-11-27,NGP,NDLS,2025-11-27 18:27:00,2025-11-27 18:27:00,2025-11-27 18:51:00,24.6,24.6,87.6,70.1,92.4
12301,2025-11-28,NDLS,CNB,2025-11-28 06:33:00,2025-11-28 06:33:00,2025-11-28 06:40:00,7.6,7.6,1150.0,920.0,936.1
12301,2025-11-28,CNB,PRYJ,2025-11-28 09:44:00,2025-11-28 09:44:00,2025-11-28 09:58:00,14.5,14.5,920.0,736.0,762.6
12301,2025-11-28,PRYJ,DDU,2025-11-28 13:02:00,2025-11-28 13:02:00,2025-11-28 13:21:00,19.0,19.0,690.0,552.0,579.7
12301,2025-11-28,DDU,GKP,2025-11-28 16:25:00,2025-11-28 16:25:00,2025-11-28 16:52:00,27.1,27.1,289.3,231.4,273.5
12301,2025-11-28,GKP,HWH,2025-11-28 19:56:00,2025-11-28 19:56:00,2025-11-28 20:21:00,25.7,25.7,123.3,98.6,141.8
12302,2025-11-28,HWH,GKP,2025-11-28 06:19:00,2025-11-28 06:19:00,2025-11-28 06:19:00,0.0,0.0,1150.0,920.0,920.3
12302,2025-11-28,GKP,DDU,2025-11-28 09:23:00,2025-11-28 09:23:00,2025-11-28 09:25:00,2.4,2.4,920.0,736.0,763.8
12302,2025-11-28,DDU,PRYJ,2025-11-28 12:29:00,2025-11-28 12:29:00,2025-11-28 12:34:00,5.3,5.3,690.0,552.0,564.6
12302,2025-11-28,PRYJ,CNB,2025-11-28 15:38:00,2025-11-28 15:38:00,2025-11-28 15:45:00,7.1,7.1,443.7,355.0,367.2
12302,2025-11-28,CNB,NDLS,2025-11-28 18:49:00,2025-11-28 18:49:00,2025-11-28 18:58:00,9.6,9.6,158.5,126.8,162.6
12951,2025-11-28,BCT,ST,2025-11-28 05:52:00,2025-11-28 05:52:00,2025-11-28 05:54:00,2.2,2.2,1150.0,920.0,932.1
12951,2025-11-28,ST,BRC,2025-11-28 08:58:00,2025-11-28 08:58:00,2025-11-28 09:08:00,10.7,10.7,920.0,736.0,752.3
12951,2025-11-28,BRC,RTM,2025-11-28 12:12:00,2025-11-28 12:12:00,2025-11-28 12:23:00,11.1,11.1,690.0,552.0,557.9
12951,2025-11-28,RTM,KOTA,2025-11-28 15:27:00,2025-11-28 15:27:00,2025-11-28 15:38:00,11.2,11.2,344.2,275.4,291.7
12951,2025-11-28,KOTA,NDLS,2025-11-28 18:42:00,2025-11-28 18:42:00,2025-11-28 19:41:00,59.1,59.1,140.3,112.2,177.8
12952,2025-11-28,NDLS,KOTA,2025-11-28 06:31:00,2025-11-28 06:31:00,2025-11-28 06:46:00,15.6,15.6,1150.0,920.0,943.0
12952,2025-11-28,KOTA,RTM,2025-11-28 09:50:00,2025-11-28 09:50:00,2025-11-28 10:14:00,24.1,24.1,920.0,736.0,751.5
12952,2025-11-28,RTM,BRC,2025-11-28 13:18:00,2025-11-28 13:18:00,2025-11-28 13:50:00,32.6,32.6,690.0,552.0,591.2
12952,2025-11-28,BRC,ST,2025-11-28 16:54:00,2025-11-28 16:54:00,2025-11-28 18:00:00,66.4,66.4,296.6,237.3,318.7
12952,2025-11-28,ST,BCT,2025-11-28 21:04:00,2025-11-28 21:04:00,2025-11-28 22:19:00,75.6,75.6,160.8,128.6,211.4
12004,2025-11-28,NDLS,GZB,2025-11-28 06:06:00,2025-11-28 06:06:00,2025-11-28 06:39:00,34.0,34.0,1150.0,920.0,946.6
12004,2025-11-28,GZB,ALJN,2025-11-28 09:43:00,2025-11-28 09:43:00,2025-11-28 10:29:00,46.0,46.0,920.0,736.0,774.2
12004,2025-11-28,ALJN,TDL,2025-11-28 13:33:00,2025-11-28 13:33:00,2025-11-28 14:33:00,60.7,60.7,690.0,552.0,608.6
12004,2025-11-28,TDL,CNB,2025-11-28 17:37:00,2025-11-28 17:37:00,2025-11-28 18:42:00,65.4,65.4,470.5,376.4,419.8
12004,2025-11-28,CNB,LKO,2025-11-28 21:46:00,2025-11-28 21:46:00,2025-11-28 22:50:00,64.4,64.4,147.6,118.1,169.1
12626,2025-11-28,NDLS,AGC,2025-11-28 06:30:00,2025-11-28 06:30:00,2025-11-28 07:10:00,40.1,40.1,1150.0,920.0,958.2
12626,2025-11-28,AGC,VGLJ,2025-11-28 10:14:00,2025-11-28 10:14:00,2025-11-28 11:05:00,51.8,51.8,920.0,736.0,786.9
12626,2025-11-28,VGLJ,BPL,2025-11-28 14:09:00,2025-11-28 14:09:00,2025-11-28 15:13:00,64.2,64.2,690.0,552.0,618.6
12626,2025-11-28,BPL,NGP,2025-11-28 18:17:00,2025-11-28 18:17:00,2025-11-28 19:20:00,63.9,63.9,316.6,253.3,314.1
12626,2025-11-28,NGP,MAS,2025-11-28 22:24:00,2025-11-28 22:24:00,2025-11-28 23:37:00,73.5,73.5,132.2,105.8,192.9
12424,2025-11-28,NDLS,CNB,2025-11-28 05:50:00,2025-11-28 05:50:00,2025-11-28 05:57:00,8.0,8.0,1150.0,920.0,934.7
12424,2025-11-28,CNB,PRYJ,2025-11-28 09:01:00,2025-11-28 09:01:00,2025-11-28 09:06:00,5.2,5.2,920.0,736.0,759.4
12424,2025-11-28,PRYJ,DDU,2025-11-28 12:10:00,2025-11-28 12:10:00,2025-11-28 12:10:00,0.0,0.0,690.0,552.0,558.2
12424,2025-11-28,DDU,PPTA,2025-11-28 15:14:00,2025-11-28 15:14:00,2025-11-28 15:16:00,2.8,2.8,536.6,429.3,457.0
12424,2025-11-28,PPTA,GHY,2025-11-28 18:20:00,2025-11-28 18:20:00,2025-11-28 18:23:00,3.4,3.4,70.4,56.3,56.7
12260,2025-11-28,NDLS,CNB,2025-11-28 06:14:00,2025-11-28 06:14:00,2025-11-28 06:21:00,7.1,7.1,1150.0,920.0,922.8
12260,2025-11-28,CNB,PRYJ,2025-11-28 10:11:00,2025-11-28 10:11:00,2025-11-28 11:01:00,50.9,50.9,862.5,690.0,742.6
12260,2025-11-28,PRYJ,DDU,2025-11-28 14:51:00,2025-11-28 14:51:00,2025-11-28 15:52:00,61.9,61.9,343.0,274.4,339.7
12260,2025-11-28,DDU,HWH,2025-11-28 19:42:00,2025-11-28 19:42:00,2025-11-28 21:17:00,95.4,95.4,75.0,60.0,158.2
12926,2025-11-28,BCT,BRC,2025-11-28 05:53:00,2025-11-28 05:53:00,2025-11-28 06:04:00,11.9,11.9,1150.0,920.0,937.8
12926,2025-11-28,BRC,RTM,2025-11-28 09:08:00,2025-11-28 09:08:00,2025-11-28 09:25:00,17.4,17.4,920.0,736.0,762.8
12926,2025-11-28,RTM,KOTA,2025-11-28 12:29:00,2025-11-28 12:29:00,2025-11-28 12:54:00,25.6,25.6,690.0,552.0,584.7
12926,2025-11-28,KOTA,NDLS,2025-11-28 15:58:00,2025-11-28 15:58:00,2025-11-28 17:02:00,64.6,64.6,528.2,422.6,477.3
12926,2025-11-28,NDLS,ASR,2025-11-28 20:06:00,2025-11-28 20:06:00,2025-11-28 21:13:00,67.5,67.5,150.6,120.5,179.2
12627,2025-11-28,SBC,DMM,2025-11-28 06:51:00,2025-11-28 06:51:00,2025-11-28 06:51:00,0.0,0.0,1150.0,920.0,922.7
12627,2025-11-28,DMM,GTL,2025-11-28 09:55:00,2025-11-28 09:55:00,2025-11-28 10:58:00,63.3,63.3,920.0,736.0,796.2
12627,2025-11-28,GTL,SC,2025-11-28 14:02:00,2025-11-28 14:02:00,2025-11-28 16:02:00,120.8,120.8,690.0,552.0,653.5
12627,2025-11-28,SC,NGP,2025-11-28 19:06:00,2025-11-28 19:06:00,2025-11-28 21:47:00,161.4,161.4,508.6,406.9,541.3
12627,2025-11-28,NGP,NDLS,2025-11-29 00:51:00,2025-11-29 00:51:00,2025-11-29 03:24:00,153.5,153.5,109.7,87.8,227.4
12301,2025-11-29,NDLS,CNB,2025-11-29 06:31:00,2025-11-29 06:31:00,2025-11-29 06:36:00,5.0,5.0,1150.0,920.0,913.1
12301,2025-11-29,CNB,PRYJ,2025-11-29 09:40:00,2025-11-29 09:40:00,2025-11-29 09:56:00,16.1,16.1,920.0,736.0,757.9
12301,2025-11-29,PRYJ,DDU,2025-11-29 13:00:00,2025-11-29 13:00:00,2025-11-29 13:29:00,29.9,29.9,690.0,552.0,575.5
12301,2025-11-29,DDU,GKP,2025-11-29 16:33:00,2025-11-29 16:33:00,2025-11-29 17:00:00,27.1,27.1,243.6,194.9,219.5
12301,2025-11-29,GKP,HWH,2025-11-29 20:04:00,2025-11-29 20:04:00,2025-11-29 20:32:00,29.0,29.0,75.5,60.4,96.1
12302,2025-11-29,HWH,GKP,2025-11-29 06:41:00,2025-11-29 06:41:00,2025-11-29 06:49:00,8.7,8.7,1150.0,920.0,936.6
12302,2025-11-29,GKP,DDU,2025-11-29 09:53:00,2025-11-29 09:53:00,2025-11-29 10:07:00,14.7,14.7,920.0,736.0,758.4
12302,2025-11-29,DDU,PRYJ,2025-11-29 13:11:00,2025-11-29 13:11:00,2025-11-29 13:28:00,17.1,17.1,690.0,552.0,573.3
12302,2025-11-29,PRYJ,CNB,2025-11-29 16:32:00,2025-11-29 16:32:00,2025-11-29 17:16:00,44.1,44.1,504.3,403.4,442.9
12302,2025-11-29,CNB,NDLS,2025-11-29 20:20:00,2025-11-29 20:20:00,2025-11-29 21:05:00,45.6,45.6,53.3,42.6,87.1
12951,2025-11-29,BCT,ST,2025-11-29 06:48:00,2025-11-29 06:48:00,2025-11-29 06:48:00,0.0,0.0,1150.0,920.0,923.6
12951,2025-11-29,ST,BRC,2025-11-29 09:52:00,2025-11-29 09:52:00,2025-11-29 09:57:00,5.9,5.9,920.0,736.0,740.4
12951,2025-11-29,BRC,RTM,2025-11-29 13:01:00,2025-11-29 13:01:00,2025-11-29 13:20:00,19.3,19.3,690.0,552.0,574.6
12951,2025-11-29,RTM,KOTA,2025-11-29 16:24:00,2025-11-29 16:24:00,2025-11-29 16:42:00,18.0,18.0,330.4,264.3,289.1
12951,2025-11-29,KOTA,NDLS,2025-11-29 19:46:00,2025-11-29 19:46:00,2025-11-29 20:03:00,17.8,17.8,113.0,90.4,119.4
12952,2025-11-29,NDLS,KOTA,2025-11-29 05:53:00,2025-11-29 05:53:00,2025-11-29 05:57:00,4.3,4.3,1150.0,920.0,945.6
12952,2025-11-29,KOTA,RTM,2025-11-29 09:01:00,2025-11-29 09:01:00,2025-11-29 09:18:00,17.1,17.1,920.0,736.0,749.7
12952,2025-11-29,RTM,BRC,2025-11-29 12:22:00,2025-11-29 12:22:00,2025-11-29 12:43:00,21.2,21.2,690.0,552.0,590.0
12952,2025-11-29,BRC,ST,2025-11-29 15:47:00,2025-11-29 15:47:00,2025-11-29 16:09:00,22.9,22.9,374.1,299.3,333.8
12952,2025-11-29,ST,BCT,2025-11-29 19:13:00,2025-11-29 19:13:00,2025-11-29 19:41:00,28.7,28.7,163.1,130.5,169.7
12004,2025-11-29,NDLS,GZB,2025-11-29 05:58:00,2025-11-29 05:58:00,2025-11-29 06:47:00,49.3,49.3,1150.0,920.0,983.7
12004,2025-11-29,GZB,ALJN,2025-11-29 09:51:00,2025-11-29 09:51:00,2025-11-29 10:44:00,53.7,53.7,920.0,736.0,790.0
12004,2025-11-29,ALJN,TDL,2025-11-29 13:48:00,2025-11-29 13:48:00,2025-11-29 14:55:00,67.8,67.8,690.0,552.0,627.1
12004,2025-11-29,TDL,CNB,2025-11-29 17:59:00,2025-11-29 17:59:00,2025-11-29 19:48:00,109.4,109.4,221.5,177.2,264.5
12004,2025-11-29,CNB,LKO,2025-11-29 22:52:00,2025-11-29 22:52:00,2025-11-30 00:38:00,107.0,107.0,55.8,44.6,127.6
12626,2025-11-29,NDLS,AGC,2025-11-29 06:58:00,2025-11-29 06:58:00,2025-11-29 07:08:00,10.4,10.4,1150.0,920.0,939.7
12626,2025-11-29,AGC,VGLJ,2025-11-29 10:12:00,2025-11-29 10:12:00,2025-11-29 10:34:00,22.4,22.4,920.0,736.0,765.4
12626,2025-11-29,VGLJ,BPL,2025-11-29 13:38:00,2025-11-29 13:38:00,2025-11-29 13:59:00,21.3,21.3,690.0,552.0,586.8
12626,2025-11-29,BPL,NGP,2025-11-29 17:03:00,2025-11-29 17:03:00,2025-11-29 17:26:00,23.9,23.9,289.4,231.5,271.0
12626,2025-11-29,NGP,MAS,2025-11-29 20:30:00,2025-11-29 20:30:00,2025-11-29 20:59:00,30.0,30.0,99.6,79.7,121.6
12424,2025-11-29,NDLS,CNB,2025-11-29 05:33:00,2025-11-29 05:33:00,2025-11-29 05:58:00,25.9,25.9,1150.0,920.0,964.0
12424,2025-11-29,CNB,PRYJ,2025-11-29 09:02:00,2025-11-29 09:02:00,2025-11-29 09:33:00,31.3,31.3,920.0,736.0,766.0
12424,2025-11-29,PRYJ,DDU,2025-11-29 12:37:00,2025-11-29 12:37:00,2025-11-29 13:26:00,49.0,49.0,690.0,552.0,610.4
12424,2025-11-29,DDU,PPTA,2025-11-29 16:30:00,2025-11-29 16:30:00,2025-11-29 17:20:00,50.6,50.6,471.4,377.1,425.5
12424,2025-11-29,PPTA,GHY,2025-11-29 20:24:00,2025-11-29 20:24:00,2025-11-29 21:17:00,53.8,53.8,65.8,52.6,103.0
12260,2025-11-29,NDLS,CNB,2025-11-29 05:38:00,2025-11-29 05:38:00,2025-11-29 05:41:00,3.4,3.4,1150.0,920.0,937.0
12260,2025-11-29,CNB,PRYJ,2025-11-29 09:31:00,2025-11-29 09:31:00,2025-11-29 10:25:00,54.1,54.1,862.5,690.0,735.0
12260,2025-11-29,PRYJ,DDU,2025-11-29 14:15:00,2025-11-29 14:15:00,2025-11-29 15:08:00,53.2,53.2,403.7,323.0,373.7
12260,2025-11-29,DDU,HWH,2025-11-29 18:58:00,2025-11-29 18:58:00,2025-11-29 20:01:00,63.4,63.4,158.8,127.0,196.1
12926,2025-11-29,BCT,BRC,2025-11-29 06:23:00,2025-11-29 06:23:00,2025-11-29 06:23:00,0.0,0.0,1150.0,920.0,948.5
12926,2025-11-29,BRC,RTM,2025-11-29 09:27:00,2025-11-29 09:27:00,2025-11-29 09:27:00,0.0,0.0,920.0,736.0,749.4
12926,2025-11-29,RTM,KOTA,2025-11-29 12:31:00,2025-11-29 12:31:00,2025-11-29 12:32:00,1.6,1.6,690.0,552.0,560.5
12926,2025-11-29,KOTA,NDLS,2025-11-29 15:36:00,2025-11-29 15:36:00,2025-11-29 15:39:00,3.6,3.6,476.9,381.5,374.7
12926,2025-11-29,NDLS,ASR,2025-11-29 18:43:00,2025-11-29 18:43:00,2025-11-29 18:43:00,0.0,0.0,70.6,56.5,68.3
12627,2025-11-29,SBC,DMM,2025-11-29 06:49:00,2025-11-29 06:49:00,2025-11-29 07:09:00,20.8,20.8,1150.0,920.0,949.5
12627,2025-11-29,DMM,GTL,2025-11-29 10:13:00,2025-11-29 10:13:00,2025-11-29 10:40:00,27.9,27.9,920.0,736.0,776.2
12627,2025-11-29,GTL,SC,2025-11-29 13:44:00,2025-11-29 13:44:00,2025-11-29 14:35:00,51.6,51.6,690.0,552.0,610.4
12627,2025-11-29,SC,NGP,2025-11-29 17:39:00,2025-11-29 17:39:00,2025-11-29 18:44:00,65.2,65.2,519.8,415.8,481.4
12627,2025-11-29,NGP,NDLS,2025-11-29 21:48:00,2025-11-29 21:48:00,2025-11-29 22:56:00,68.6,68.6,57.4,45.9,103.0
12301,2025-11-30,NDLS,CNB,2025-11-30 05:40:00,2025-11-30 05:40:00,2025-11-30 06:07:00,27.6,27.6,1150.0,920.0,956.6
12301,2025-11-30,CNB,PRYJ,2025-11-30 09:11:00,2025-11-30 09:11:00,2025-11-30 09:36:00,25.8,25.8,920.0,736.0,769.7
12301,2025-11-30,PRYJ,DDU,2025-11-30 12:40:00,2025-11-30 12:40:00,2025-11-30 13:14:00,34.7,34.7,690.0,552.0,589.6
12301,2025-11-30,DDU,GKP,2025-11-30 16:18:00,2025-11-30 16:18:00,2025-11-30 17:00:00,42.9,42.9,406.7,325.4,356.2
12301,2025-11-30,GKP,HWH,2025-11-30 20:04:00,2025-11-30 20:04:00,2025-11-30 20:46:00,42.3,42.3,58.7,47.0,88.6
12302,2025-11-30,HWH,GKP,2025-11-30 06:04:00,2025-11-30 06:04:00,2025-11-30 06:23:00,19.4,19.4,1150.0,920.0,949.5
12302,2025-11-30,GKP,DDU,2025-11-30 09:27:00,2025-11-30 09:27:00,2025-11-30 10:46:00,79.7,79.7,920.0,736.0,809.5
12302,2025-11-30,DDU,PRYJ,2025-11-30 13:50:00,2025-11-30 13:50:00,2025-11-30 15:17:00,87.1,87.1,690.0,552.0,621.8
12302,2025-11-30,PRYJ,CNB,2025-11-30 18:21:00,2025-11-30 18:21:00,2025-11-30 19:41:00,80.7,80.7,272.0,217.6,293.4
12302,2025-11-30,CNB,NDLS,2025-11-30 22:45:00,2025-11-30 22:45:00,2025-12-01 00:11:00,86.3,86.3,90.6,72.5,159.9
12951,2025-11-30,BCT,ST,2025-11-30 06:53:00,2025-11-30 06:53:00,2025-11-30 07:51:00,58.3,58.3,1150.0,920.0,984.1
12951,2025-11-30,ST,BRC,2025-11-30 10:55:00,2025-11-30 10:55:00,2025-11-30 12:01:00,66.5,66.5,920.0,736.0,812.1
12951,2025-11-30,BRC,RTM,2025-11-30 15:05:00,2025-11-30 15:05:00,2025-11-30 16:14:00,69.6,69.6,690.0,552.0,621.0
12951,2025-11-30,RTM,KOTA,2025-11-30 19:18:00,2025-11-30 19:18:00,2025-11-30 20:31:00,73.6,73.6,539.4,431.5,493.5
12951,2025-11-30,KOTA,NDLS,2025-11-30 23:35:00,2025-11-30 23:35:00,2025-12-01 00:54:00,80.0,80.0,133.9,107.1,181.3
12952,2025-11-30,NDLS,KOTA,2025-11-30 06:02:00,2025-11-30 06:02:00,2025-11-30 07:25:00,83.3,83.3,1150.0,920.0,979.5
12952,2025-11-30,KOTA,RTM,2025-11-30 10:29:00,2025-11-30 10:29:00,2025-11-30 12:41:00,132.7,132.7,920.0,736.0,856.1
12952,2025-11-30,RTM,BRC,2025-11-30 15:45:00,2025-11-30 15:45:00,2025-11-30 19:01:00,196.3,196.3,690.0,552.0,737.5
12952,2025-11-30,BRC,ST,2025-11-30 22:05:00,2025-11-30 22:05:00,2025-12-01 01:40:00,215.3,215.3,462.4,369.9,554.7
12952,2025-11-30,ST,BCT,2025-12-01 04:44:00,2025-12-01 04:44:00,2025-12-01 08:10:00,206.9,206.9,120.5,96.4,270.0
12004,2025-11-30,NDLS,GZB,2025-11-30 06:00:00,2025-11-30 06:00:00,2025-11-30 06:00:00,0.0,0.0,1150.0,920.0,925.0
12004,2025-11-30,GZB,ALJN,2025-11-30 09:04:00,2025-11-30 09:04:00,2025-11-30 09:05:00,1.2,1.2,920.0,736.0,765.9
12004,2025-11-30,ALJN,TDL,2025-11-30 12:09:00,2025-11-30 12:09:00,2025-11-30 12:09:00,0.0,0.0,690.0,552.0,570.7
12004,2025-11-30,TDL,CNB,2025-11-30 15:13:00,2025-11-30 15:13:00,2025-11-30 15:13:00,0.0,0.0,411.5,329.2,352.7
12004,2025-11-30,CNB,LKO,2025-11-30 18:17:00,2025-11-30 18:17:00,2025-11-30 18:28:00,11.4,11.4,170.6,136.5,158.3
12626,2025-11-30,NDLS,AGC,2025-11-30 05:45:00,2025-11-30 05:45:00,2025-11-30 05:46:00,1.7,1.7,1150.0,920.0,942.7
12626,2025-11-30,AGC,VGLJ,2025-11-30 08:50:00,2025-11-30 08:50:00,2025-11-30 08:50:00,0.0,0.0,920.0,736.0,750.7
12626,2025-11-30,VGLJ,BPL,2025-11-30 11:54:00,2025-11-30 11:54:00,2025-11-30 12:25:00,31.1,31.1,690.0,552.0,586.3
12626,2025-11-30,BPL,NGP,2025-11-30 15:29:00,2025-11-30 15:29:00,2025-11-30 16:01:00,32.2,32.2,488.3,390.6,430.9
12626,2025-11-30,NGP,MAS,2025-11-30 19:05:00,2025-11-30 19:05:00,2025-11-30 19:54:00,49.2,49.2,168.1,134.5,187.4
12424,2025-11-30,NDLS,CNB,2025-11-30 06:00:00,2025-11-30 06:00:00,2025-11-30 06:13:00,14.0,14.0,1150.0,920.0,953.0
12424,2025-11-30,CNB,PRYJ,2025-11-30 09:17:00,2025-11-30 09:17:00,2025-11-30 09:27:00,11.0,11.0,920.0,736.0,745.6
12424,2025-11-30,PRYJ,DDU,2025-11-30 12:31:00,2025-11-30 12:31:00,2025-11-30 12:46:00,15.0,15.0,690.0,552.0,566.4
12424,2025-11-30,DDU,PPTA,2025-11-30 15:50:00,2025-11-30 15:50:00,2025-11-30 16:14:00,24.7,24.7,300.0,240.0,277.7
12424,2025-11-30,PPTA,GHY,2025-11-30 19:18:00,2025-11-30 19:18:00,2025-11-30 19:45:00,27.5,27.5,150.5,120.4,151.4
12260,2025-11-30,NDLS,CNB,2025-11-30 06:54:00,2025-11-30 06:54:00,2025-11-30 07:12:00,18.7,18.7,1150.0,920.0,941.6
12260,2025-11-30,CNB,PRYJ,2025-11-30 11:02:00,2025-11-30 11:02:00,2025-11-30 11:26:00,24.1,24.1,862.5,690.0,719.8
12260,2025-11-30,PRYJ,DDU,2025-11-30 15:16:00,2025-11-30 15:16:00,2025-11-30 15:49:00,33.5,33.5,399.2,319.4,363.0
12260,2025-11-30,DDU,HWH,2025-11-30 19:39:00,2025-11-30 19:39:00,2025-11-30 20:59:00,80.4,80.4,117.9,94.3,167.7
12926,2025-11-30,BCT,BRC,2025-11-30 06:16:00,2025-11-30 06:16:00,2025-11-30 06:44:00,28.5,28.5,1150.0,920.0,961.0
12926,2025-11-30,BRC,RTM,2025-11-30 09:48:00,2025-11-30 09:48:00,2025-11-30 10:24:00,36.4,36.4,920.0,736.0,768.5
12926,2025-11-30,RTM,KOTA,2025-11-30 13:28:00,2025-11-30 13:28:00,2025-11-30 14:17:00,50.0,50.0,690.0,552.0,594.2
12926,2025-11-30,KOTA,NDLS,2025-11-30 17:21:00,2025-11-30 17:21:00,2025-11-30 18:23:00,62.9,62.9,238.7,191.0,256.8
12926,2025-11-30,NDLS,ASR,2025-11-30 21:27:00,2025-11-30 21:27:00,2025-11-30 22:31:00,64.1,64.1,61.5,49.2,109.9
12627,2025-11-30,SBC,DMM,2025-11-30 05:36:00,2025-11-30 05:36:00,2025-11-30 06:16:00,40.6,40.6,1150.0,920.0,987.4
12627,2025-11-30,DMM,GTL,2025-11-30 09:20:00,2025-11-30 09:20:00,2025-11-30 10:23:00,63.8,63.8,920.0,736.0,807.9
12627,2025-11-30,GTL,SC,2025-11-30 13:27:00,2025-11-30 13:27:00,2025-11-30 14:28:00,61.0,61.0,690.0,552.0,616.1
12627,2025-11-30,SC,NGP,2025-11-30 17:32:00,2025-11-30 17:32:00,2025-11-30 18:37:00,65.7,65.7,371.5,297.2,366.0
12627,2025-11-30,NGP,NDLS,2025-11-30 21:41:00,2025-11-30 21:41:00,2025-11-30 22:46:00,65.3,65.3,109.0,87.2,150.8
12301,2025-12-01,NDLS,CNB,2025-12-01 06:28:00,2025-12-01 06:28:00,2025-12-01 06:44:00,16.7,16.7,1150.0,920.0,952.5
12301,2025-12-01,CNB,PRYJ,2025-12-01 09:48:00,2025-12-01 09:48:00,2025-12-01 10:11:00,23.6,23.6,920.0,736.0,770.7
12301,2025-12-01,PRYJ,DDU,2025-12-01 13:15:00,2025-12-01 13:15:00,2025-12-01 14:25:00,70.1,70.1,690.0,552.0,630.9
12301,2025-12-01,DDU,GKP,2025-12-01 17:29:00,2025-12-01 17:29:00,2025-12-01 18:49:00,80.4,80.4,445.5,356.4,426.1
12301,2025-12-01,GKP,HWH,2025-12-01 21:53:00,2025-12-01 21:53:00,2025-12-01 23:25:00,92.1,92.1,87.8,70.2,162.2
12302,2025-12-01,HWH,GKP,2025-12-01 06:32:00,2025-12-01 06:32:00,2025-12-01 07:02:00,30.4,30.4,1150.0,920.0,967.1
12302,2025-12-01,GKP,DDU,2025-12-01 10:06:00,2025-12-01 10:06:00,2025-12-01 10:38:00,32.8,32.8,920.0,736.0,767.4
12302,2025-12-01,DDU,PRYJ,2025-12-01 13:42:00,2025-12-01 13:42:00,2025-12-01 14:43:00,61.8,61.8,690.0,552.0,619.1
12302,2025-12-01,PRYJ,CNB,2025-12-01 17:47:00,2025-12-01 17:47:00,2025-12-01 18:50:00,63.3,63.3,244.7,195.8,261.8
12302,2025-12-01,CNB,NDLS,2025-12-01 21:54:00,2025-12-01 21:54:00,2025-12-01 23:24:00,91.0,91.0,158.9,127.1,208.9
12951,2025-12-01,BCT,ST,2025-12-01 06:35:00,2025-12-01 06:35:00,2025-12-01 06:37:00,2.6,2.6,1150.0,920.0,923.8
12951,2025-12-01,ST,BRC,2025-12-01 09:41:00,2025-12-01 09:41:00,2025-12-01 10:15:00,34.7,34.7,920.0,736.0,772.8
12951,2025-12-01,BRC,RTM,2025-12-01 13:19:00,2025-12-01 13:19:00,2025-12-01 14:07:00,48.9,48.9,690.0,552.0,592.5
12951,2025-12-01,RTM,KOTA,2025-12-01 17:11:00,2025-12-01 17:11:00,2025-12-01 17:54:00,43.5,43.5,233.0,186.4,234.4
12951,2025-12-01,KOTA,NDLS,2025-12-01 20:58:00,2025-12-01 20:58:00,2025-12-01 22:12:00,74.7,74.7,116.3,93.0,159.0
12952,2025-12-01,NDLS,KOTA,2025-12-01 05:56:00,2025-12-01 05:56:00,2025-12-01 06:00:00,4.3,4.3,1150.0,920.0,945.1
12952,2025-12-01,KOTA,RTM,2025-12-01 09:04:00,2025-12-01 09:04:00,2025-12-01 09:05:00,1.7,1.7,920.0,736.0,749.9
12952,2025-12-01,RTM,BRC,2025-12-01 12:09:00,2025-12-01 12:09:00,2025-12-01 13:04:00,55.6,55.6,690.0,552.0,606.3
12952,2025-12-01,BRC,ST,2025-12-01 16:08:00,2025-12-01 16:08:00,2025-12-01 17:16:00,68.5,68.5,426.3,341.0,411.2
12952,2025-12-01,ST,BCT,2025-12-01 20:20:00,2025-12-01 20:20:00,2025-12-01 22:21:00,121.8,121.8,170.2,136.2,258.3
12004,2025-12-01,NDLS,GZB,2025-12-01 06:19:00,2025-12-01 06:19:00,2025-12-01 06:31:00,12.9,12.9,1150.0,920.0,955.4
12004,2025-12-01,GZB,ALJN,2025-12-01 09:35:00,2025-12-01 09:35:00,2025-12-01 10:19:00,44.0,44.0,920.0,736.0,797.3
12004,2025-12-01,ALJN,TDL,2025-12-01 13:23:00,2025-12-01 13:23:00,2025-12-01 14:05:00,42.4,42.4,690.0,552.0,618.2
12004,2025-12-01,TDL,CNB,2025-12-01 17:09:00,2025-12-01 17:09:00,2025-12-01 18:07:00,58.2,58.2,228.7,183.0,245.1
12004,2025-12-01,CNB,LKO,2025-12-01 21:11:00,2025-12-01 21:11:00,2025-12-01 22:42:00,91.5,91.5,117.2,93.8,178.0
12626,2025-12-01,NDLS,AGC,2025-12-01 06:55:00,2025-12-01 06:55:00,2025-12-01 08:09:00,74.2,74.2,1150.0,920.0,988.9
12626,2025-12-01,AGC,VGLJ,2025-12-01 11:13:00,2025-12-01 11:13:00,2025-12-01 12:38:00,85.3,85.3,920.0,736.0,833.1
12626,2025-12-01,VGLJ,BPL,2025-12-01 15:42:00,2025-12-01 15:42:00,2025-12-01 17:14:00,92.0,92.0,690.0,552.0,656.5
12626,2025-12-01,BPL,NGP,2025-12-01 20:18:00,2025-12-01 20:18:00,2025-12-01 21:50:00,92.5,92.5,318.6,254.9,344.5
12626,2025-12-01,NGP,MAS,2025-12-02 00:54:00,2025-12-02 00:54:00,2025-12-02 02:44:00,110.4,110.4,63.7,51.0,158.9
12424,2025-12-01,NDLS,CNB,2025-12-01 06:03:00,2025-12-01 06:03:00,2025-12-01 06:37:00,34.6,34.6,1150.0,920.0,958.1
12424,2025-12-01,CNB,PRYJ,2025-12-01 09:41:00,2025-12-01 09:41:00,2025-12-01 10:14:00,33.0,33.0,920.0,736.0,767.8
12424,2025-12-01,PRYJ,DDU,2025-12-01 13:18:00,2025-12-01 13:18:00,2025-12-01 14:32:00,74.2,74.2,690.0,552.0,622.8
12424,2025-12-01,DDU,PPTA,2025-12-01 17:36:00,2025-12-01 17:36:00,2025-12-01 18:53:00,77.7,77.7,431.7,345.4,437.4
12424,2025-12-01,PPTA,GHY,2025-12-01 21:57:00,2025-12-01 21:57:00,2025-12-01 23:22:00,85.6,85.6,175.2,140.2,220.7
12260,2025-12-01,NDLS,CNB,2025-12-01 06:17:00,2025-12-01 06:17:00,2025-12-01 06:44:00,27.0,27.0,1150.0,920.0,940.7
12260,2025-12-01,CNB,PRYJ,2025-12-01 10:34:00,2025-12-01 10:34:00,2025-12-01 11:01:00,27.2,27.2,862.5,690.0,715.8
12260,2025-12-01,PRYJ,DDU,2025-12-01 14:51:00,2025-12-01 14:51:00,2025-12-01 15:32:00,41.3,41.3,533.6,426.9,483.9
12260,2025-12-01,DDU,HWH,2025-12-01 19:22:00,2025-12-01 19:22:00,2025-12-01 20:07:00,45.8,45.8,112.8,90.2,165.3
12926,2025-12-01,BCT,BRC,2025-12-01 05:43:00,2025-12-01 05:43:00,2025-12-01 06:23:00,40.8,40.8,1150.0,920.0,987.9
12926,2025-12-01,BRC,RTM,2025-12-01 09:27:00,2025-12-01 09:27:00,2025-12-01 10:20:00,53.5,53.5,920.0,736.0,787.3
12926,2025-12-01,RTM,KOTA,2025-12-01 13:24:00,2025-12-01 13:24:00,2025-12-01 14:23:00,59.8,59.8,690.0,552.0,632.4
12926,2025-12-01,KOTA,NDLS,2025-12-01 17:27:00,2025-12-01 17:27:00,2025-12-01 18:27:00,60.5,60.5,532.5,426.0,480.1
12926,2025-12-01,NDLS,ASR,2025-12-01 21:31:00,2025-12-01 21:31:00,2025-12-01 22:41:00,70.5,70.5,52.7,42.2,113.5
12627,2025-12-01,SBC,DMM,2025-12-01 05:30:00,2025-12-01 05:30:00,2025-12-01 05:45:00,15.8,15.8,1150.0,920.0,953.0
12627,2025-12-01,DMM,GTL,2025-12-01 08:49:00,2025-12-01 08:49:00,2025-12-01 09:07:00,18.7,18.7,920.0,736.0,768.2
12627,2025-12-01,GTL,SC,2025-12-01 12:11:00,2025-12-01 12:11:00,2025-12-01 12:30:00,19.7,19.7,690.0,552.0,590.3
12627,2025-12-01,SC,NGP,2025-12-01 15:34:00,2025-12-01 15:34:00,2025-12-01 16:03:00,30.0,30.0,549.7,439.8,491.9
12627,2025-12-01,NGP,NDLS,2025-12-01 19:07:00,2025-12-01 19:07:00,2025-12-01 19:42:00,35.9,35.9,94.4,75.5,118.4
12301,2025-12-02,NDLS,CNB,2025-12-02 06:49:00,2025-12-02 06:49:00,2025-12-02 06:49:00,1.0,1.0,1150.0,920.0,929.9
12301,2025-12-02,CNB,PRYJ,2025-12-02 09:53:00,2025-12-02 09:53:00,2025-12-02 09:56:00,3.9,3.9,920.0,736.0,775.2
12301,2025-12-02,PRYJ,DDU,2025-12-02 13:00:00,2025-12-02 13:00:00,2025-12-02 13:06:00,6.8,6.8,690.0,552.0,578.6
12301,2025-12-02,DDU,GKP,2025-12-02 16:10:00,2025-12-02 16:10:00,2025-12-02 17:28:00,78.9,78.9,445.5,356.4,427.1
12301,2025-12-02,GKP,HWH,2025-12-02 20:32:00,2025-12-02 20:32:00,2025-12-02 23:03:00,151.2,151.2,69.3,55.4,205.1
12302,2025-12-02,HWH,GKP,2025-12-02 06:13:00,2025-12-02 06:13:00,2025-12-02 06:29:00,16.2,16.2,1150.0,920.0,963.5
12302,2025-12-02,GKP,DDU,2025-12-02 09:33:00,2025-12-02 09:33:00,2025-12-02 09:50:00,17.5,17.5,920.0,736.0,757.8
12302,2025-12-02,DDU,PRYJ,2025-12-02 12:54:00,2025-12-02 12:54:00,2025-12-02 13:11:00,17.8,17.8,690.0,552.0,573.2
12302,2025-12-02,PRYJ,CNB,2025-12-02 16:15:00,2025-12-02 16:15:00,2025-12-02 17:20:00,65.4,65.4,462.7,370.2,448.7
12302,2025-12-02,CNB,NDLS,2025-12-02 20:24:00,2025-12-02 20:24:00,2025-12-02 21:35:00,71.8,71.8,161.7,129.4,214.6
12951,2025-12-02,BCT,ST,2025-12-02 06:16:00,2025-12-02 06:16:00,2025-12-02 06:34:00,18.6,18.6,1150.0,920.0,946.3
12951,2025-12-02,ST,BRC,2025-12-02 09:38:00,2025-12-02 09:38:00,2025-12-02 11:01:00,83.1,83.1,920.0,736.0,814.6
12951,2025-12-02,BRC,RTM,2025-12-02 14:05:00,2025-12-02 14:05:00,2025-12-02 16:13:00,128.5,128.5,690.0,552.0,684.4
12951,2025-12-02,RTM,KOTA,2025-12-02 19:17:00,2025-12-02 19:17:00,2025-12-02 21:37:00,140.3,140.3,429.2,343.4,471.7
12951,2025-12-02,KOTA,NDLS,2025-12-03 00:41:00,2025-12-03 00:41:00,2025-12-03 03:54:00,193.8,193.8,58.1,46.5,217.1
12952,2025-12-02,NDLS,KOTA,2025-12-02 06:20:00,2025-12-02 06:20:00,2025-12-02 06:58:00,38.6,38.6,1150.0,920.0,971.4
12952,2025-12-02,KOTA,RTM,2025-12-02 10:02:00,2025-12-02 10:02:00,2025-12-02 10:51:00,49.3,49.3,920.0,736.0,790.2
12952,2025-12-02,RTM,BRC,2025-12-02 13:55:00,2025-12-02 13:55:00,2025-12-02 15:21:00,86.1,86.1,690.0,552.0,620.9
12952,2025-12-02,BRC,ST,2025-12-02 18:25:00,2025-12-02 18:25:00,2025-12-02 20:05:00,100.3,100.3,414.2,331.4,422.4
12952,2025-12-02,ST,BCT,2025-12-02 23:09:00,2025-12-02 23:09:00,2025-12-03 01:11:00,122.1,122.1,125.9,100.7,220.4
12004,2025-12-02,NDLS,GZB,2025-12-02 06:51:00,2025-12-02 06:51:00,2025-12-02 07:08:00,17.5,17.5,1150.0,920.0,956.3
12004,2025-12-02,GZB,ALJN,2025-12-02 10:12:00,2025-12-02 10:12:00,2025-12-02 10:39:00,27.6,27.6,920.0,736.0,766.0
12004,2025-12-02,ALJN,TDL,2025-12-02 13:43:00,2025-12-02 13:43:00,2025-12-02 14:23:00,40.9,40.9,690.0,552.0,607.2
12004,2025-12-02,TDL,CNB,2025-12-02 17:27:00,2025-12-02 17:27:00,2025-12-02 18:14:00,47.6,47.6,413.0,330.4,373.7
12004,2025-12-02,CNB,LKO,2025-12-02 21:18:00,2025-12-02 21:18:00,2025-12-02 22:10:00,52.1,52.1,118.6,94.9,143.9
12626,2025-12-02,NDLS,AGC,2025-12-02 05:32:00,2025-12-02 05:32:00,2025-12-02 05:53:00,21.1,21.1,1150.0,920.0,937.1
12626,2025-12-02,AGC,VGLJ,2025-12-02 08:57:00,2025-12-02 08:57:00,2025-12-02 09:31:00,34.6,34.6,920.0,736.0,775.4
12626,2025-12-02,VGLJ,BPL,2025-12-02 12:35:00,2025-12-02 12:35:00,2025-12-02 14:19:00,104.8,104.8,690.0,552.0,665.8
12626,2025-12-02,BPL,NGP,2025-12-02 17:23:00,2025-12-02 17:23:00,2025-12-02 19:17:00,114.5,114.5,500.6,400.5,517.3
12626,2025-12-02,NGP,MAS,2025-12-02 22:21:00,2025-12-02 22:21:00,2025-12-03 00:14:00,113.3,113.3,154.8,123.8,246.7
12424,2025-12-02,NDLS,CNB,2025-12-02 06:32:00,2025-12-02 06:32:00,2025-12-02 06:38:00,6.6,6.6,1150.0,920.0,943.2
12424,2025-12-02,CNB,PRYJ,2025-12-02 09:42:00,2025-12-02 09:42:00,2025-12-02 09:52:00,10.4,10.4,920.0,736.0,741.5
12424,2025-12-02,PRYJ,DDU,2025-12-02 12:56:00,2025-12-02 12:56:00,2025-12-02 13:00:00,4.9,4.9,690.0,552.0,566.3
12424,2025-12-02,DDU,PPTA,2025-12-02 16:04:00,2025-12-02 16:04:00,2025-12-02 16:19:00,15.2,15.2,318.0,254.4,278.5
12424,2025-12-02,PPTA,GHY,2025-12-02 19:23:00,2025-12-02 19:23:00,2025-12-02 19:45:00,22.0,22.0,52.1,41.7,77.5
12260,2025-12-02,NDLS,CNB,2025-12-02 05:50:00,2025-12-02 05:50:00,2025-12-02 06:04:00,14.4,14.4,1150.0,920.0,936.5
12260,2025-12-02,CNB,PRYJ,2025-12-02 09:54:00,2025-12-02 09:54:00,2025-12-02 10:20:00,26.9,26.9,862.5,690.0,752.3
12260,2025-12-02,PRYJ,DDU,2025-12-02 14:10:00,2025-12-02 14:10:00,2025-12-02 14:38:00,28.3,28.3,404.9,323.9,356.0
12260,2025-12-02,DDU,HWH,2025-12-02 18:28:00,2025-12-02 18:28:00,2025-12-02 19:05:00,37.9,37.9,51.0,40.8,86.8
12926,2025-12-02,BCT,BRC,2025-12-02 06:54:00,2025-12-02 06:54:00,2025-12-02 07:38:00,44.7,44.7,1150.0,920.0,974.7
12926,2025-12-02,BRC,RTM,2025-12-02 10:42:00,2025-12-02 10:42:00,2025-12-02 11:29:00,47.7,47.7,920.0,736.0,781.3
12926,2025-12-02,RTM,KOTA,2025-12-02 14:33:00,2025-12-02 14:33:00,2025-12-02 15:27:00,54.9,54.9,690.0,552.0,609.9
12926,2025-12-02,KOTA,NDLS,2025-12-02 18:31:00,2025-12-02 18:31:00,2025-12-02 19:14:00,43.7,43.7,233.4,186.7,238.3
12926,2025-12-02,NDLS,ASR,2025-12-02 22:18:00,2025-12-02 22:18:00,2025-12-02 23:02:00,44.3,44.3,156.9,125.5,183.4
12627,2025-12-02,SBC,DMM,2025-12-02 06:53:00,2025-12-02 06:53:00,2025-12-02 07:54:00,61.7,61.7,1150.0,920.0,980.9
12627,2025-12-02,DMM,GTL,2025-12-02 10:58:00,2025-12-02 10:58:00,2025-12-02 12:23:00,85.2,85.2,920.0,736.0,815.7
12627,2025-12-02,GTL,SC,2025-12-02 15:27:00,2025-12-02 15:27:00,2025-12-02 16:53:00,86.6,86.6,690.0,552.0,630.8
12627,2025-12-02,SC,NGP,2025-12-02 19:57:00,2025-12-02 19:57:00,2025-12-02 21:29:00,92.4,92.4,460.7,368.6,451.3
12627,2025-12-02,NGP,NDLS,2025-12-03 00:33:00,2025-12-03 00:33:00,2025-12-03 02:10:00,97.5,97.5,65.6,52.5,135.6
12301,2025-12-03,NDLS,CNB,2025-12-03 06:57:00,2025-12-03 06:57:00,2025-12-03 07:44:00,47.2,47.2,1150.0,920.0,982.3
12301,2025-12-03,CNB,PRYJ,2025-12-03 10:48:00,2025-12-03 10:48:00,2025-12-03 11:42:00,54.8,54.8,920.0,736.0,805.2
12301,2025-12-03,PRYJ,DDU,2025-12-03 14:46:00,2025-12-03 14:46:00,2025-12-03 15:53:00,67.2,67.2,690.0,552.0,626.1
12301,2025-12-03,DDU,GKP,2025-12-03 18:57:00,2025-12-03 18:57:00,2025-12-03 20:09:00,72.5,72.5,298.2,238.6,330.5
12301,2025-12-03,GKP,HWH,2025-12-03 23:13:00,2025-12-03 23:13:00,2025-12-04 00:24:00,71.4,71.4,140.6,112.5,185.4
12302,2025-12-03,HWH,GKP,2025-12-03 06:41:00,2025-12-03 06:41:00,2025-12-03 07:07:00,26.4,26.4,1150.0,920.0,952.0
12302,2025-12-03,GKP,DDU,2025-12-03 10:11:00,2025-12-03 10:11:00,2025-12-03 10:47:00,36.3,36.3,920.0,736.0,771.2
12302,2025-12-03,DDU,PRYJ,2025-12-03 13:51:00,2025-12-03 13:51:00,2025-12-03 15:20:00,89.9,89.9,690.0,552.0,625.4
12302,2025-12-03,PRYJ,CNB,2025-12-03 18:24:00,2025-12-03 18:24:00,2025-12-03 20:59:00,155.5,155.5,396.9,317.5,470.3
12302,2025-12-03,CNB,NDLS,2025-12-04 00:03:00,2025-12-04 00:03:00,2025-12-04 02:50:00,167.6,167.6,165.6,132.5,282.5
12951,2025-12-03,BCT,ST,2025-12-03 06:53:00,2025-12-03 06:53:00,2025-12-03 07:07:00,14.8,14.8,1150.0,920.0,949.8
12951,2025-12-03,ST,BRC,2025-12-03 10:11:00,2025-12-03 10:11:00,2025-12-03 10:30:00,19.1,19.1,920.0,736.0,758.3
12951,2025-12-03,BRC,RTM,2025-12-03 13:34:00,2025-12-03 13:34:00,2025-12-03 14:01:00,27.2,27.2,690.0,552.0,581.3
12951,2025-12-03,RTM,KOTA,2025-12-03 17:05:00,2025-12-03 17:05:00,2025-12-03 17:36:00,31.1,31.1,318.2,254.6,291.6
12951,2025-12-03,KOTA,NDLS,2025-12-03 20:40:00,2025-12-03 20:40:00,2025-12-03 21:20:00,41.0,41.0,161.0,128.8,185.8
12952,2025-12-03,NDLS,KOTA,2025-12-03 06:00:00,2025-12-03 06:00:00,2025-12-03 06:14:00,14.4,14.4,1150.0,920.0,950.0
12952,2025-12-03,KOTA,RTM,2025-12-03 09:18:00,2025-12-03 09:18:00,2025-12-03 09:40:00,22.5,22.5,920.0,736.0,785.6
12952,2025-12-03,RTM,BRC,2025-12-03 12:44:00,2025-12-03 12:44:00,2025-12-03 13:10:00,26.2,26.2,690.0,552.0,590.9
12952,2025-12-03,BRC,ST,2025-12-03 16:14:00,2025-12-03 16:14:00,2025-12-03 16:39:00,25.9,25.9,521.7,417.4,447.6
12952,2025-12-03,ST,BCT,2025-12-03 19:43:00,2025-12-03 19:43:00,2025-12-03 20:51:00,68.5,68.5,76.5,61.2,134.3
12004,2025-12-03,NDLS,GZB,2025-12-03 05:36:00,2025-12-03 05:36:00,2025-12-03 06:08:00,32.0,32.0,1150.0,920.0,944.9
12004,2025-12-03,GZB,ALJN,2025-12-03 09:12:00,2025-12-03 09:12:00,2025-12-03 09:51:00,40.0,40.0,920.0,736.0,800.7
12004,2025-12-03,ALJN,TDL,2025-12-03 12:55:00,2025-12-03 12:55:00,2025-12-03 13:45:00,50.2,50.2,690.0,552.0,612.1
12004,2025-12-03,TDL,CNB,2025-12-03 16:49:00,2025-12-03 16:49:00,2025-12-03 18:11:00,82.4,82.4,423.1,338.5,404.1
12004,2025-12-03,CNB,LKO,2025-12-03 21:15:00,2025-12-03 21:15:00,2025-12-03 22:43:00,88.3,88.3,146.1,116.9,204.5
12626,2025-12-03,NDLS,AGC,2025-12-03 06:21:00,2025-12-03 06:21:00,2025-12-03 07:13:00,52.4,52.4,1150.0,920.0,983.0
12626,2025-12-03,AGC,VGLJ,2025-12-03 10:17:00,2025-12-03 10:17:00,2025-12-03 11:16:00,59.7,59.7,920.0,736.0,805.3
12626,2025-12-03,VGLJ,BPL,2025-12-03 14:20:00,2025-12-03 14:20:00,2025-12-03 15:56:00,96.4,96.4,690.0,552.0,639.1
12626,2025-12-03,BPL,NGP,2025-12-03 19:00:00,2025-12-03 19:00:00,2025-12-03 20:45:00,105.1,105.1,494.4,395.5,497.9
12626,2025-12-03,NGP,MAS,2025-12-03 23:49:00,2025-12-03 23:49:00,2025-12-04 01:43:00,114.0,114.0,147.9,118.3,233.2
12424,2025-12-03,NDLS,CNB,2025-12-03 06:26:00,2025-12-03 06:26:00,2025-12-03 07:01:00,35.0,35.0,1150.0,920.0,960.4
12424,2025-12-03,CNB,PRYJ,2025-12-03 10:05:00,2025-12-03 10:05:00,2025-12-03 10:44:00,40.0,40.0,920.0,736.0,776.1
12424,2025-12-03,PRYJ,DDU,2025-12-03 13:48:00,2025-12-03 13:48:00,2025-12-03 15:26:00,98.3,98.3,690.0,552.0,634.7
12424,2025-12-03,DDU,PPTA,2025-12-03 18:30:00,2025-12-03 18:30:00,2025-12-03 20:12:00,102.1,102.1,409.4,327.5,423.4
12424,2025-12-03,PPTA,GHY,2025-12-03 23:16:00,2025-12-03 23:16:00,2025-12-04 02:07:00,171.3,171.3,150.1,120.1,271.3
12260,2025-12-03,NDLS,CNB,2025-12-03 06:32:00,2025-12-03 06:32:00,2025-12-03 06:55:00,23.1,23.1,1150.0,920.0,967.3
12260,2025-12-03,CNB,PRYJ,2025-12-03 10:45:00,2025-12-03 10:45:00,2025-12-03 11:24:00,39.8,39.8,862.5,690.0,749.4
12260,2025-12-03,PRYJ,DDU,2025-12-03 15:14:00,2025-12-03 15:14:00,2025-12-03 16:34:00,80.2,80.2,461.9,369.5,438.6
12260,2025-12-03,DDU,HWH,2025-12-03 20:24:00,2025-12-03 20:24:00,2025-12-03 21:58:00,94.4,94.4,179.6,143.7,244.6
12926,2025-12-03,BCT,BRC,2025-12-03 06:32:00,2025-12-03 06:32:00,2025-12-03 06:56:00,24.3,24.3,1150.0,920.0,941.3
12926,2025-12-03,BRC,RTM,2025-12-03 10:00:00,2025-12-03 10:00:00,2025-12-03 10:30:00,30.8,30.8,920.0,736.0,781.0
12926,2025-12-03,RTM,KOTA,2025-12-03 13:34:00,2025-12-03 13:34:00,2025-12-03 14:23:00,49.3,49.3,690.0,552.0,589.2
12926,2025-12-03,KOTA,NDLS,2025-12-03 17:27:00,2025-12-03 17:27:00,2025-12-03 18:19:00,52.3,52.3,221.3,177.0,251.6
12926,2025-12-03,NDLS,ASR,2025-12-03 21:23:00,2025-12-03 21:23:00,2025-12-03 22:21:00,59.0,59.0,158.2,126.6,187.9
12627,2025-12-03,SBC,DMM,2025-12-03 05:49:00,2025-12-03 05:49:00,2025-12-03 06:00:00,11.8,11.8,1150.0,920.0,936.7
12627,2025-12-03,DMM,GTL,2025-12-03 09:04:00,2025-12-03 09:04:00,2025-12-03 09:59:00,55.4,55.4,920.0,736.0,781.2
12627,2025-12-03,GTL,SC,2025-12-03 13:03:00,2025-12-03 13:03:00,2025-12-03 14:06:00,63.8,63.8,690.0,552.0,628.8
12627,2025-12-03,SC,NGP,2025-12-03 17:10:00,2025-12-03 17:10:00,2025-12-03 18:20:00,70.5,70.5,345.9,276.7,341.1
12627,2025-12-03,NGP,NDLS,2025-12-03 21:24:00,2025-12-03 21:24:00,2025-12-03 23:26:00,123.0,123.0,146.3,117.0,231.6
12301,2025-12-04,NDLS,CNB,2025-12-04 06:04:00,2025-12-04 06:04:00,2025-12-04 06:59:00,55.9,55.9,1150.0,920.0,996.6
12301,2025-12-04,CNB,PRYJ,2025-12-04 10:03:00,2025-12-04 10:03:00,2025-12-04 11:48:00,105.2,105.2,920.0,736.0,841.9
12301,2025-12-04,PRYJ,DDU,2025-12-04 14:52:00,2025-12-04 14:52:00,2025-12-04 16:38:00,106.3,106.3,690.0,552.0,655.7
12301,2025-12-04,DDU,GKP,2025-12-04 19:42:00,2025-12-04 19:42:00,2025-12-04 21:39:00,117.3,117.3,460.5,368.4,480.7
12301,2025-12-04,GKP,HWH,2025-12-05 00:43:00,2025-12-05 00:43:00,2025-12-05 02:47:00,124.1,124.1,102.6,82.1,187.7
12302,2025-12-04,HWH,GKP,2025-12-04 06:24:00,2025-12-04 06:24:00,2025-12-04 06:43:00,19.1,19.1,1150.0,920.0,937.9
12302,2025-12-04,GKP,DDU,2025-12-04 09:47:00,2025-12-04 09:47:00,2025-12-04 11:19:00,92.8,92.8,920.0,736.0,833.9
12302,2025-12-04,DDU,PRYJ,2025-12-04 14:23:00,2025-12-04 14:23:00,2025-12-04 16:07:00,104.1,104.1,690.0,552.0,661.9
12302,2025-12-04,PRYJ,CNB,2025-12-04 19:11:00,2025-12-04 19:11:00,2025-12-04 21:04:00,113.1,113.1,347.6,278.1,369.9
12302,2025-12-04,CNB,NDLS,2025-12-05 00:08:00,2025-12-05 00:08:00,2025-12-05 02:07:00,120.0,120.0,114.0,91.2,209.6
12951,2025-12-04,BCT,ST,2025-12-04 06:16:00,2025-12-04 06:16:00,2025-12-04 06:58:00,42.4,42.4,1150.0,920.0,969.9
12951,2025-12-04,ST,BRC,2025-12-04 10:02:00,2025-12-04 10:02:00,2025-12-04 10:58:00,56.5,56.5,920.0,736.0,793.1
12951,2025-12-04,BRC,RTM,2025-12-04 14:02:00,2025-12-04 14:02:00,2025-12-04 14:56:00,55.0,55.0,690.0,552.0,617.2
12951,2025-12-04,RTM,KOTA,2025-12-04 18:00:00,2025-12-04 18:00:00,2025-12-04 18:57:00,57.8,57.8,367.4,293.9,362.5
12951,2025-12-04,KOTA,NDLS,2025-12-04 22:01:00,2025-12-04 22:01:00,2025-12-04 23:06:00,65.2,65.2,129.2,103.4,176.7
12952,2025-12-04,NDLS,KOTA,2025-12-04 06:19:00,2025-12-04 06:19:00,2025-12-04 07:03:00,44.8,44.8,1150.0,920.0,968.4
12952,2025-12-04,KOTA,RTM,2025-12-04 10:07:00,2025-12-04 10:07:00,2025-12-04 11:06:00,59.5,59.5,920.0,736.0,803.2
12952,2025-12-04,RTM,BRC,2025-12-04 14:10:00,2025-12-04 14:10:00,2025-12-04 15:15:00,65.8,65.8,690.0,552.0,640.7
12952,2025-12-04,BRC,ST,2025-12-04 18:19:00,2025-12-04 18:19:00,2025-12-04 19:29:00,70.1,70.1,352.5,282.0,359.2
12952,2025-12-04,ST,BCT,2025-12-04 22:33:00,2025-12-04 22:33:00,2025-12-04 23:54:00,81.7,81.7,121.5,97.2,176.6
12004,2025-12-04,NDLS,GZB,2025-12-04 05:45:00,2025-12-04 05:45:00,2025-12-04 06:49:00,64.6,64.6,1150.0,920.0,985.2
12004,2025-12-04,GZB,ALJN,2025-12-04 09:53:00,2025-12-04 09:53:00,2025-12-04 10:59:00,66.9,66.9,920.0,736.0,814.2
12004,2025-12-04,ALJN,TDL,2025-12-04 14:03:00,2025-12-04 14:03:00,2025-12-04 15:27:00,84.1,84.1,690.0,552.0,625.3
12004,2025-12-04,TDL,CNB,2025-12-04 18:31:00,2025-12-04 18:31:00,2025-12-04 20:34:00,123.0,123.0,477.7,382.2,506.2
12004,2025-12-04,CNB,LKO,2025-12-04 23:38:00,2025-12-04 23:38:00,2025-12-05 01:51:00,133.4,133.4,86.4,69.1,189.3
12626,2025-12-04,NDLS,AGC,2025-12-04 06:52:00,2025-12-04 06:52:00,2025-12-04 07:03:00,11.6,11.6,1150.0,920.0,942.8
12626,2025-12-04,AGC,VGLJ,2025-12-04 10:07:00,2025-12-04 10:07:00,2025-12-04 10:21:00,14.1,14.1,920.0,736.0,749.7
12626,2025-12-04,VGLJ,BPL,2025-12-04 13:25:00,2025-12-04 13:25:00,2025-12-04 13:38:00,13.7,13.7,690.0,552.0,582.8
12626,2025-12-04,BPL,NGP,2025-12-04 16:42:00,2025-12-04 16:42:00,2025-12-04 17:45:00,63.3,63.3,378.4,302.7,373.4
12626,2025-12-04,NGP,MAS,2025-12-04 20:49:00,2025-12-04 20:49:00,2025-12-04 21:55:00,67.0,67.0,150.3,120.2,204.2
12424,2025-12-04,NDLS,CNB,2025-12-04 06:47:00,2025-12-04 06:47:00,2025-12-04 07:18:00,32.0,32.0,1150.0,920.0,971.0
12424,2025-12-04,CNB,PRYJ,2025-12-04 10:22:00,2025-12-04 10:22:00,2025-12-04 12:08:00,106.6,106.6,920.0,736.0,830.5
12424,2025-12-04,PRYJ,DDU,2025-12-04 15:12:00,2025-12-04 15:12:00,2025-12-04 17:09:00,117.5,117.5,690.0,552.0,665.5
12424,2025-12-04,DDU,PPTA,2025-12-04 20:13:00,2025-12-04 20:13:00,2025-12-04 22:47:00,154.2,154.2,381.6,305.3,433.2
12424,2025-12-04,PPTA,GHY,2025-12-05 01:51:00,2025-12-05 01:51:00,2025-12-05 04:17:00,146.3,146.3,79.9,63.9,205.9
12260,2025-12-04,NDLS,CNB,2025-12-04 05:46:00,2025-12-04 05:46:00,2025-12-04 06:53:00,67.3,67.3,1150.0,920.0,996.6
12260,2025-12-04,CNB,PRYJ,2025-12-04 10:43:00,2025-12-04 10:43:00,2025-12-04 11:58:00,76.0,76.0,862.5,690.0,766.7
12260,2025-12-04,PRYJ,DDU,2025-12-04 15:48:00,2025-12-04 15:48:00,2025-12-04 17:10:00,82.2,82.2,231.0,184.8,261.5
12260,2025-12-04,DDU,HWH,2025-12-04 21:00:00,2025-12-04 21:00:00,2025-12-04 22:28:00,88.9,88.9,107.1,85.7,185.0
12926,2025-12-04,BCT,BRC,2025-12-04 05:50:00,2025-12-04 05:50:00,2025-12-04 05:50:00,0.0,0.0,1150.0,920.0,942.9
12926,2025-12-04,BRC,RTM,2025-12-04 08:54:00,2025-12-04 08:54:00,2025-12-04 09:30:00,36.6,36.6,920.0,736.0,771.3
12926,2025-12-04,RTM,KOTA,2025-12-04 12:34:00,2025-12-04 12:34:00,2025-12-04 13:48:00,74.6,74.6,690.0,552.0,626.9
12926,2025-12-04,KOTA,NDLS,2025-12-04 16:52:00,2025-12-04 16:52:00,2025-12-04 18:09:00,77.2,77.2,295.9,236.7,317.6
12926,2025-12-04,NDLS,ASR,2025-12-04 21:13:00,2025-12-04 21:13:00,2025-12-04 22:44:00,91.1,91.1,104.8,83.8,167.9
12627,2025-12-04,SBC,DMM,2025-12-04 06:00:00,2025-12-04 06:00:00,2025-12-04 06:12:00,12.6,12.6,1150.0,920.0,946.8
12627,2025-12-04,DMM,GTL,2025-12-04 09:16:00,2025-12-04 09:16:00,2025-12-04 09:36:00,20.7,20.7,920.0,736.0,761.8
12627,2025-12-04,GTL,SC,2025-12-04 12:40:00,2025-12-04 12:40:00,2025-12-04 13:04:00,24.5,24.5,690.0,552.0,577.1
12627,2025-12-04,SC,NGP,2025-12-04 16:08:00,2025-12-04 16:08:00,2025-12-04 16:39:00,31.6,31.6,527.4,421.9,450.0
12627,2025-12-04,NGP,NDLS,2025-12-04 19:43:00,2025-12-04 19:43:00,2025-12-04 21:05:00,82.7,82.7,112.3,89.8,173.3
12301,2025-12-05,NDLS,CNB,2025-12-05 06:32:00,2025-12-05 06:32:00,2025-12-05 07:23:00,51.7,51.7,1150.0,920.0,968.4
12301,2025-12-05,CNB,PRYJ,2025-12-05 10:27:00,2025-12-05 10:27:00,2025-12-05 11:36:00,69.9,69.9,920.0,736.0,815.7
12301,2025-12-05,PRYJ,DDU,2025-12-05 14:40:00,2025-12-05 14:40:00,2025-12-05 16:00:00,80.8,80.8,690.0,552.0,634.3
12301,2025-12-05,DDU,GKP,2025-12-05 19:04:00,2025-12-05 19:04:00,2025-12-05 21:18:00,134.1,134.1,416.7,333.4,458.7
12301,2025-12-05,GKP,HWH,2025-12-06 00:22:00,2025-12-06 00:22:00,2025-12-06 02:42:00,140.6,140.6,167.5,134.0,270.5
12302,2025-12-05,HWH,GKP,2025-12-05 06:51:00,2025-12-05 06:51:00,2025-12-05 07:05:00,14.6,14.6,1150.0,920.0,954.5
12302,2025-12-05,GKP,DDU,2025-12-05 10:09:00,2025-12-05 10:09:00,2025-12-05 10:30:00,21.9,21.9,920.0,736.0,771.8
12302,2025-12-05,DDU,PRYJ,2025-12-05 13:34:00,2025-12-05 13:34:00,2025-12-05 14:02:00,28.1,28.1,690.0,552.0,602.0
12302,2025-12-05,PRYJ,CNB,2025-12-05 17:06:00,2025-12-05 17:06:00,2025-12-05 17:39:00,33.1,33.1,355.8,284.6,325.6
12302,2025-12-05,CNB,NDLS,2025-12-05 20:43:00,2025-12-05 20:43:00,2025-12-05 21:16:00,33.6,33.6,82.7,66.2,111.8
12951,2025-12-05,BCT,ST,2025-12-05 06:25:00,2025-12-05 06:25:00,2025-12-05 06:42:00,17.9,17.9,1150.0,920.0,951.6
12951,2025-12-05,ST,BRC,2025-12-05 09:46:00,2025-12-05 09:46:00,2025-12-05 10:14:00,28.6,28.6,920.0,736.0,780.5
12951,2025-12-05,BRC,RTM,2025-12-05 13:18:00,2025-12-05 13:18:00,2025-12-05 13:47:00,29.5,29.5,690.0,552.0,596.5
12951,2025-12-05,RTM,KOTA,2025-12-05 16:51:00,2025-12-05 16:51:00,2025-12-05 17:26:00,35.9,35.9,229.1,183.3,235.4
12951,2025-12-05,KOTA,NDLS,2025-12-05 20:30:00,2025-12-05 20:30:00,2025-12-05 21:05:00,35.4,35.4,145.2,116.2,153.5
12952,2025-12-05,NDLS,KOTA,2025-12-05 06:27:00,2025-12-05 06:27:00,2025-12-05 07:06:00,39.3,39.3,1150.0,920.0,965.7
12952,2025-12-05,KOTA,RTM,2025-12-05 10:10:00,2025-12-05 10:10:00,2025-12-05 11:43:00,93.2,93.2,920.0,736.0,835.7
12952,2025-12-05,RTM,BRC,2025-12-05 14:47:00,2025-12-05 14:47:00,2025-12-05 17:11:00,144.4,144.4,690.0,552.0,667.5
12952,2025-12-05,BRC,ST,2025-12-05 20:15:00,2025-12-05 20:15:00,2025-12-05 22:45:00,150.6,150.6,349.2,279.4,410.1
12952,2025-12-05,ST,BCT,2025-12-06 01:49:00,2025-12-06 01:49:00,2025-12-06 04:33:00,164.7,164.7,55.9,44.7,191.9
12004,2025-12-05,NDLS,GZB,2025-12-05 06:08:00,2025-12-05 06:08:00,2025-12-05 06:40:00,32.4,32.4,1150.0,920.0,963.4
12004,2025-12-05,GZB,ALJN,2025-12-05 09:44:00,2025-12-05 09:44:00,2025-12-05 10:05:00,21.3,21.3,920.0,736.0,757.2
12004,2025-12-05,ALJN,TDL,2025-12-05 13:09:00,2025-12-05 13:09:00,2025-12-05 13:42:00,33.1,33.1,690.0,552.0,596.2
12004,2025-12-05,TDL,CNB,2025-12-05 16:46:00,2025-12-05 16:46:00,2025-12-05 17:21:00,35.5,35.5,372.4,297.9,351.2
12004,2025-12-05,CNB,LKO,2025-12-05 20:25:00,2025-12-05 20:25:00,2025-12-05 21:14:00,49.8,49.8,72.6,58.1,113.4
12626,2025-12-05,NDLS,AGC,2025-12-05 05:39:00,2025-12-05 05:39:00,2025-12-05 05:51:00,12.8,12.8,1150.0,920.0,949.2
12626,2025-12-05,AGC,VGLJ,2025-12-05 08:55:00,2025-12-05 08:55:00,2025-12-05 09:07:00,12.9,12.9,920.0,736.0,759.9
12626,2025-12-05,VGLJ,BPL,2025-12-05 12:11:00,2025-12-05 12:11:00,2025-12-05 13:30:00,79.4,79.4,690.0,552.0,618.1
12626,2025-12-05,BPL,NGP,2025-12-05 16:34:00,2025-12-05 16:34:00,2025-12-05 17:42:00,68.0,68.0,521.7,417.4,490.8
12626,2025-12-05,NGP,MAS,2025-12-05 20:46:00,2025-12-05 20:46:00,2025-12-05 22:00:00,74.6,74.6,134.5,107.6,174.8
12424,2025-12-05,NDLS,CNB,2025-12-05 05:31:00,2025-12-05 05:31:00,2025-12-05 06:37:00,66.3,66.3,1150.0,920.0,998.0
12424,2025-12-05,CNB,PRYJ,2025-12-05 09:41:00,2025-12-05 09:41:00,2025-12-05 10:50:00,69.3,69.3,920.0,736.0,806.0
12424,2025-12-05,PRYJ,DDU,2025-12-05 13:54:00,2025-12-05 13:54:00,2025-12-05 15:19:00,85.0,85.0,690.0,552.0,630.8
12424,2025-12-05,DDU,PPTA,2025-12-05 18:23:00,2025-12-05 18:23:00,2025-12-05 19:57:00,94.1,94.1,415.1,332.1,426.8
12424,2025-12-05,PPTA,GHY,2025-12-05 23:01:00,2025-12-05 23:01:00,2025-12-06 01:22:00,141.0,141.0,87.4,69.9,200.3
12260,2025-12-05,NDLS,CNB,2025-12-05 06:27:00,2025-12-05 06:27:00,2025-12-05 07:34:00,67.9,67.9,1150.0,920.0,997.4
12260,2025-12-05,CNB,PRYJ,2025-12-05 11:24:00,2025-12-05 11:24:00,2025-12-05 12:40:00,76.7,76.7,862.5,690.0,759.6
12260,2025-12-05,PRYJ,DDU,2025-12-05 16:30:00,2025-12-05 16:30:00,2025-12-05 17:56:00,86.9,86.9,510.4,408.3,494.2
12260,2025-12-05,DDU,HWH,2025-12-05 21:46:00,2025-12-05 21:46:00,2025-12-05 23:53:00,128.0,128.0,95.7,76.6,192.6
12926,2025-12-05,BCT,BRC,2025-12-05 05:46:00,2025-12-05 05:46:00,2025-12-05 05:59:00,13.4,13.4,1150.0,920.0,946.1
12926,2025-12-05,BRC,RTM,2025-12-05 09:03:00,2025-12-05 09:03:00,2025-12-05 09:23:00,20.6,20.6,920.0,736.0,757.9
12926,2025-12-05,RTM,KOTA,2025-12-05 12:27:00,2025-12-05 12:27:00,2025-12-05 12:46:00,19.8,19.8,690.0,552.0,588.1
12926,2025-12-05,KOTA,NDLS,2025-12-05 15:50:00,2025-12-05 15:50:00,2025-12-05 16:13:00,23.0,23.0,362.8,290.2,336.0
12926,2025-12-05,NDLS,ASR,2025-12-05 19:17:00,2025-12-05 19:17:00,2025-12-05 20:43:00,86.3,86.3,103.4,82.7,172.4
12627,2025-12-05,SBC,DMM,2025-12-05 06:03:00,2025-12-05 06:03:00,2025-12-05 06:04:00,1.1,1.1,1150.0,920.0,942.3
12627,2025-12-05,DMM,GTL,2025-12-05 09:08:00,2025-12-05 09:08:00,2025-12-05 09:13:00,5.4,5.4,920.0,736.0,750.4
12627,2025-12-05,GTL,SC,2025-12-05 12:17:00,2025-12-05 12:17:00,2025-12-05 12:35:00,18.5,18.5,690.0,552.0,587.1
12627,2025-12-05,SC,NGP,2025-12-05 15:39:00,2025-12-05 15:39:00,2025-12-05 16:00:00,21.8,21.8,276.3,221.0,267.8
12627,2025-12-05,NGP,NDLS,2025-12-05 19:04:00,2025-12-05 19:04:00,2025-12-05 19:27:00,23.0,23.0,157.7,126.2,158.1
12301,2025-12-06,NDLS,CNB,2025-12-06 05:31:00,2025-12-06 05:31:00,2025-12-06 06:57:00,86.2,86.2,1150.0,920.0,997.9
12301,2025-12-06,CNB,PRYJ,2025-12-06 10:01:00,2025-12-06 10:01:00,2025-12-06 11:29:00,89.0,89.0,920.0,736.0,816.9
12301,2025-12-06,PRYJ,DDU,2025-12-06 14:33:00,2025-12-06 14:33:00,2025-12-06 16:11:00,98.5,98.5,690.0,552.0,643.3
12301,2025-12-06,DDU,GKP,2025-12-06 19:15:00,2025-12-06 19:15:00,2025-12-06 21:12:00,117.8,117.8,458.9,367.1,474.3
12301,2025-12-06,GKP,HWH,2025-12-07 00:16:00,2025-12-07 00:16:00,2025-12-07 02:11:00,115.6,115.6,176.3,141.0,245.5
12302,2025-12-06,HWH,GKP,2025-12-06 06:49:00,2025-12-06 06:49:00,2025-12-06 07:38:00,49.7,49.7,1150.0,920.0,965.3
12302,2025-12-06,GKP,DDU,2025-12-06 10:42:00,2025-12-06 10:42:00,2025-12-06 11:35:00,53.5,53.5,920.0,736.0,794.9
12302,2025-12-06,DDU,PRYJ,2025-12-06 14:39:00,2025-12-06 14:39:00,2025-12-06 16:21:00,102.8,102.8,690.0,552.0,661.2
12302,2025-12-06,PRYJ,CNB,2025-12-06 19:25:00,2025-12-06 19:25:00,2025-12-06 21:45:00,140.7,140.7,278.3,222.6,335.0
12302,2025-12-06,CNB,NDLS,2025-12-07 00:49:00,2025-12-07 00:49:00,2025-12-07 03:41:00,172.4,172.4,111.3,89.0,246.1
12951,2025-12-06,BCT,ST,2025-12-06 06:47:00,2025-12-06 06:47:00,2025-12-06 07:13:00,26.4,26.4,1150.0,920.0,940.7
12951,2025-12-06,ST,BRC,2025-12-06 10:17:00,2025-12-06 10:17:00,2025-12-06 10:52:00,35.7,35.7,920.0,736.0,786.8
12951,2025-12-06,BRC,RTM,2025-12-06 13:56:00,2025-12-06 13:56:00,2025-12-06 14:32:00,36.8,36.8,690.0,552.0,596.8
12951,2025-12-06,RTM,KOTA,2025-12-06 17:36:00,2025-12-06 17:36:00,2025-12-06 18:26:00,50.0,50.0,451.2,361.0,393.7
12951,2025-12-06,KOTA,NDLS,2025-12-06 21:30:00,2025-12-06 21:30:00,2025-12-06 22:47:00,77.5,77.5,88.0,70.4,141.6
12952,2025-12-06,NDLS,KOTA,2025-12-06 06:06:00,2025-12-06 06:06:00,2025-12-06 06:53:00,47.3,47.3,1150.0,920.0,986.0
12952,2025-12-06,KOTA,RTM,2025-12-06 09:57:00,2025-12-06 09:57:00,2025-12-06 10:40:00,43.7,43.7,920.0,736.0,780.9
12952,2025-12-06,RTM,BRC,2025-12-06 13:44:00,2025-12-06 13:44:00,2025-12-06 14:27:00,43.6,43.6,690.0,552.0,603.8
12952,2025-12-06,BRC,ST,2025-12-06 17:31:00,2025-12-06 17:31:00,2025-12-06 18:25:00,54.2,54.2,393.7,315.0,382.6
12952,2025-12-06,ST,BCT,2025-12-06 21:29:00,2025-12-06 21:29:00,2025-12-06 22:23:00,54.5,54.5,172.4,137.9,194.1
12004,2025-12-06,NDLS,GZB,2025-12-06 06:16:00,2025-12-06 06:16:00,2025-12-06 06:55:00,39.4,39.4,1150.0,920.0,971.7
12004,2025-12-06,GZB,ALJN,2025-12-06 09:59:00,2025-12-06 09:59:00,2025-12-06 10:44:00,45.7,45.7,920.0,736.0,783.1
12004,2025-12-06,ALJN,TDL,2025-12-06 13:48:00,2025-12-06 13:48:00,2025-12-06 14:51:00,63.1,63.1,690.0,552.0,599.9
12004,2025-12-06,TDL,CNB,2025-12-06 17:55:00,2025-12-06 17:55:00,2025-12-06 19:33:00,98.3,98.3,226.1,180.9,275.6
12004,2025-12-06,CNB,LKO,2025-12-06 22:37:00,2025-12-06 22:37:00,2025-12-07 01:22:00,165.6,165.6,155.1,124.1,272.5
12626,2025-12-06,NDLS,AGC,2025-12-06 06:03:00,2025-12-06 06:03:00,2025-12-06 06:56:00,53.5,53.5,1150.0,920.0,987.5
12626,2025-12-06,AGC,VGLJ,2025-12-06 10:00:00,2025-12-06 10:00:00,2025-12-06 11:00:00,60.5,60.5,920.0,736.0,807.7
12626,2025-12-06,VGLJ,BPL,2025-12-06 14:04:00,2025-12-06 14:04:00,2025-12-06 15:13:00,69.6,69.6,690.0,552.0,627.2
12626,2025-12-06,BPL,NGP,2025-12-06 18:17:00,2025-12-06 18:17:00,2025-12-06 19:34:00,77.9,77.9,538.3,430.6,517.6
12626,2025-12-06,NGP,MAS,2025-12-06 22:38:00,2025-12-06 22:38:00,2025-12-06 23:52:00,74.8,74.8,124.8,99.8,169.8
12424,2025-12-06,NDLS,CNB,2025-12-06 05:53:00,2025-12-06 05:53:00,2025-12-06 06:39:00,46.9,46.9,1150.0,920.0,991.4
12424,2025-12-06,CNB,PRYJ,2025-12-06 09:43:00,2025-12-06 09:43:00,2025-12-06 10:31:00,48.5,48.5,920.0,736.0,793.0
12424,2025-12-06,PRYJ,DDU,2025-12-06 13:35:00,2025-12-06 13:35:00,2025-12-06 14:29:00,54.8,54.8,690.0,552.0,610.5
12424,2025-12-06,DDU,PPTA,2025-12-06 17:33:00,2025-12-06 17:33:00,2025-12-06 18:32:00,59.2,59.2,482.9,386.3,453.1
12424,2025-12-06,PPTA,GHY,2025-12-06 21:36:00,2025-12-06 21:36:00,2025-12-06 22:38:00,62.3,62.3,56.2,45.0,112.6
12260,2025-12-06,NDLS,CNB,2025-12-06 06:18:00,2025-12-06 06:18:00,2025-12-06 06:24:00,6.1,6.1,1150.0,920.0,928.6
12260,2025-12-06,CNB,PRYJ,2025-12-06 10:14:00,2025-12-06 10:14:00,2025-12-06 11:17:00,63.5,63.5,862.5,690.0,750.5
12260,2025-12-06,PRYJ,DDU,2025-12-06 15:07:00,2025-12-06 15:07:00,2025-12-06 16:48:00,101.0,101.0,369.7,295.8,404.8
12260,2025-12-06,DDU,HWH,2025-12-06 20:38:00,2025-12-06 20:38:00,2025-12-06 22:35:00,117.7,117.7,52.4,41.9,159.6
12926,2025-12-06,BCT,BRC,2025-12-06 06:32:00,2025-12-06 06:32:00,2025-12-06 07:03:00,31.2,31.2,1150.0,920.0,968.2
12926,2025-12-06,BRC,RTM,2025-12-06 10:07:00,2025-12-06 10:07:00,2025-12-06 10:48:00,41.5,41.5,920.0,736.0,785.1
12926,2025-12-06,RTM,KOTA,2025-12-06 13:52:00,2025-12-06 13:52:00,2025-12-06 15:25:00,93.5,93.5,690.0,552.0,656.3
12926,2025-12-06,KOTA,NDLS,2025-12-06 18:29:00,2025-12-06 18:29:00,2025-12-06 20:04:00,95.1,95.1,491.7,393.4,491.6
12926,2025-12-06,NDLS,ASR,2025-12-06 23:08:00,2025-12-06 23:08:00,2025-12-07 00:46:00,98.8,98.8,165.6,132.5,223.1
12627,2025-12-06,SBC,DMM,2025-12-06 06:56:00,2025-12-06 06:56:00,2025-12-06 07:27:00,31.6,31.6,1150.0,920.0,967.2
12627,2025-12-06,DMM,GTL,2025-12-06 10:31:00,2025-12-06 10:31:00,2025-12-06 11:11:00,41.0,41.0,920.0,736.0,792.3
12627,2025-12-06,GTL,SC,2025-12-06 14:15:00,2025-12-06 14:15:00,2025-12-06 14:56:00,41.1,41.1,690.0,552.0,613.7
12627,2025-12-06,SC,NGP,2025-12-06 18:00:00,2025-12-06 18:00:00,2025-12-06 18:53:00,53.8,53.8,373.5,298.8,365.3
12627,2025-12-06,NGP,NDLS,2025-12-06 21:57:00,2025-12-06 21:57:00,2025-12-06 22:53:00,56.0,56.0,164.6,131.7,194.1
12301,2025-12-07,NDLS,CNB,2025-12-07 05:42:00,2025-12-07 05:42:00,2025-12-07 06:23:00,41.7,41.7,1150.0,920.0,968.8
12301,2025-12-07,CNB,PRYJ,2025-12-07 09:27:00,2025-12-07 09:27:00,2025-12-07 10:17:00,50.4,50.4,920.0,736.0,784.0
12301,2025-12-07,PRYJ,DDU,2025-12-07 13:21:00,2025-12-07 13:21:00,2025-12-07 15:04:00,103.7,103.7,690.0,552.0,640.3
12301,2025-12-07,DDU,GKP,2025-12-07 18:08:00,2025-12-07 18:08:00,2025-12-07 20:52:00,164.1,164.1,549.3,439.4,594.9
12301,2025-12-07,GKP,HWH,2025-12-07 23:56:00,2025-12-07 23:56:00,2025-12-08 03:22:00,206.5,206.5,167.2,133.8,326.4
12302,2025-12-07,HWH,GKP,2025-12-07 06:31:00,2025-12-07 06:31:00,2025-12-07 07:05:00,34.2,34.2,1150.0,920.0,949.1
12302,2025-12-07,GKP,DDU,2025-12-07 10:09:00,2025-12-07 10:09:00,2025-12-07 11:20:00,71.9,71.9,920.0,736.0,813.6
12302,2025-12-07,DDU,PRYJ,2025-12-07 14:24:00,2025-12-07 14:24:00,2025-12-07 15:39:00,75.1,75.1,690.0,552.0,625.0
12302,2025-12-07,PRYJ,CNB,2025-12-07 18:43:00,2025-12-07 18:43:00,2025-12-07 20:22:00,99.3,99.3,225.3,180.2,268.3
12302,2025-12-07,CNB,NDLS,2025-12-07 23:26:00,2025-12-07 23:26:00,2025-12-08 01:09:00,103.7,103.7,131.0,104.8,193.6
12951,2025-12-07,BCT,ST,2025-12-07 05:37:00,2025-12-07 05:37:00,2025-12-07 06:13:00,36.4,36.4,1150.0,920.0,958.2
12951,2025-12-07,ST,BRC,2025-12-07 09:17:00,2025-12-07 09:17:00,2025-12-07 10:01:00,44.2,44.2,920.0,736.0,795.7
12951,2025-12-07,BRC,RTM,2025-12-07 13:05:00,2025-12-07 13:05:00,2025-12-07 14:31:00,86.8,86.8,690.0,552.0,655.5
12951,2025-12-07,RTM,KOTA,2025-12-07 17:35:00,2025-12-07 17:35:00,2025-12-07 19:08:00,93.0,93.0,374.2,299.4,403.1
12951,2025-12-07,KOTA,NDLS,2025-12-07 22:12:00,2025-12-07 22:12:00,2025-12-07 23:59:00,107.4,107.4,115.6,92.5,195.1
12952,2025-12-07,NDLS,KOTA,2025-12-07 06:50:00,2025-12-07 06:50:00,2025-12-07 06:50:00,0.6,0.6,1150.0,920.0,923.5
12952,2025-12-07,KOTA,RTM,2025-12-07 09:54:00,2025-12-07 09:54:00,2025-12-07 10:00:00,6.1,6.1,920.0,736.0,748.8
12952,2025-12-07,RTM,BRC,2025-12-07 13:04:00,2025-12-07 13:04:00,2025-12-07 13:25:00,21.3,21.3,690.0,552.0,599.4
12952,2025-12-07,BRC,ST,2025-12-07 16:29:00,2025-12-07 16:29:00,2025-12-07 16:53:00,24.7,24.7,362.7,290.2,320.8
12952,2025-12-07,ST,BCT,2025-12-07 19:57:00,2025-12-07 19:57:00,2025-12-07 20:34:00,37.5,37.5,51.7,41.4,84.5
12004,2025-12-07,NDLS,GZB,2025-12-07 06:40:00,2025-12-07 06:40:00,2025-12-07 07:11:00,31.8,31.8,1150.0,920.0,976.5
12004,2025-12-07,GZB,ALJN,2025-12-07 10:15:00,2025-12-07 10:15:00,2025-12-07 10:49:00,34.3,34.3,920.0,736.0,777.5
12004,2025-12-07,ALJN,TDL,2025-12-07 13:53:00,2025-12-07 13:53:00,2025-12-07 14:28:00,35.9,35.9,690.0,552.0,581.9
12004,2025-12-07,TDL,CNB,2025-12-07 17:32:00,2025-12-07 17:32:00,2025-12-07 18:28:00,56.3,56.3,509.5,407.6,464.7
12004,2025-12-07,CNB,LKO,2025-12-07 21:32:00,2025-12-07 21:32:00,2025-12-07 22:33:00,61.3,61.3,71.4,57.1,123.5
12626,2025-12-07,NDLS,AGC,2025-12-07 06:21:00,2025-12-07 06:21:00,2025-12-07 06:38:00,17.7,17.7,1150.0,920.0,954.3
12626,2025-12-07,AGC,VGLJ,2025-12-07 09:42:00,2025-12-07 09:42:00,2025-12-07 10:11:00,29.9,29.9,920.0,736.0,781.4
12626,2025-12-07,VGLJ,BPL,2025-12-07 13:15:00,2025-12-07 13:15:00,2025-12-07 13:55:00,40.7,40.7,690.0,552.0,586.1
12626,2025-12-07,BPL,NGP,2025-12-07 16:59:00,2025-12-07 16:59:00,2025-12-07 18:21:00,82.8,82.8,479.4,383.5,464.1
12626,2025-12-07,NGP,MAS,2025-12-07 21:25:00,2025-12-07 21:25:00,2025-12-07 23:37:00,132.5,132.5,92.4,73.9,196.2
12424,2025-12-07,NDLS,CNB,2025-12-07 06:44:00,2025-12-07 06:44:00,2025-12-07 07:07:00,23.2,23.2,1150.0,920.0,959.3
12424,2025-12-07,CNB,PRYJ,2025-12-07 10:11:00,2025-12-07 10:11:00,2025-12-07 11:08:00,57.4,57.4,920.0,736.0,804.3
12424,2025-12-07,PRYJ,DDU,2025-12-07 14:12:00,2025-12-07 14:12:00,2025-12-07 15:57:00,106.0,106.0,690.0,552.0,659.5
12424,2025-12-07,DDU,PPTA,2025-12-07 19:01:00,2025-12-07 19:01:00,2025-12-07 20:50:00,109.7,109.7,274.9,219.9,315.5
12424,2025-12-07,PPTA,GHY,2025-12-07 23:54:00,2025-12-07 23:54:00,2025-12-08 01:48:00,114.4,114.4,52.7,42.2,140.0
12260,2025-12-07,NDLS,CNB,2025-12-07 05:40:00,2025-12-07 05:40:00,2025-12-07 06:41:00,61.1,61.1,1150.0,920.0,980.1
12260,2025-12-07,CNB,PRYJ,2025-12-07 10:31:00,2025-12-07 10:31:00,2025-12-07 11:35:00,64.8,64.8,862.5,690.0,748.3
12260,2025-12-07,PRYJ,DDU,2025-12-07 15:25:00,2025-12-07 15:25:00,2025-12-07 16:33:00,68.3,68.3,354.8,283.8,353.2
12260,2025-12-07,DDU,HWH,2025-12-07 20:23:00,2025-12-07 20:23:00,2025-12-07 22:22:00,119.8,119.8,152.4,121.9,246.5
12926,2025-12-07,BCT,BRC,2025-12-07 06:26:00,2025-12-07 06:26:00,2025-12-07 06:43:00,17.8,17.8,1150.0,920.0,952.2
12926,2025-12-07,BRC,RTM,2025-12-07 09:47:00,2025-12-07 09:47:00,2025-12-07 10:09:00,22.0,22.0,920.0,736.0,774.4
12926,2025-12-07,RTM,KOTA,2025-12-07 13:13:00,2025-12-07 13:13:00,2025-12-07 13:39:00,26.1,26.1,690.0,552.0,591.4
12926,2025-12-07,KOTA,NDLS,2025-12-07 16:43:00,2025-12-07 16:43:00,2025-12-07 17:14:00,31.5,31.5,402.2,321.8,362.5
12926,2025-12-07,NDLS,ASR,2025-12-07 20:18:00,2025-12-07 20:18:00,2025-12-07 21:03:00,45.4,45.4,98.3,78.6,122.6
12627,2025-12-07,SBC,DMM,2025-12-07 05:43:00,2025-12-07 05:43:00,2025-12-07 07:14:00,91.2,91.2,1150.0,920.0,1025.5
12627,2025-12-07,DMM,GTL,2025-12-07 10:18:00,2025-12-07 10:18:00,2025-12-07 12:06:00,108.5,108.5,920.0,736.0,835.3
12627,2025-12-07,GTL,SC,2025-12-07 15:10:00,2025-12-07 15:10:00,2025-12-07 16:53:00,103.9,103.9,690.0,552.0,655.7
12627,2025-12-07,SC,NGP,2025-12-07 19:57:00,2025-12-07 19:57:00,2025-12-07 21:44:00,107.4,107.4,374.5,299.6,401.5
12627,2025-12-07,NGP,NDLS,2025-12-08 00:48:00,2025-12-08 00:48:00,2025-12-08 02:36:00,108.7,108.7,81.1,64.9,154.9
12301,2025-12-08,NDLS,CNB,2025-12-08 06:31:00,2025-12-08 06:31:00,2025-12-08 06:37:00,6.4,6.4,1150.0,920.0,951.0
12301,2025-12-08,CNB,PRYJ,2025-12-08 09:41:00,2025-12-08 09:41:00,2025-12-08 09:56:00,15.6,15.6,920.0,736.0,758.0
12301,2025-12-08,PRYJ,DDU,2025-12-08 13:00:00,2025-12-08 13:00:00,2025-12-08 13:26:00,27.0,27.0,690.0,552.0,570.5
12301,2025-12-08,DDU,GKP,2025-12-08 16:30:00,2025-12-08 16:30:00,2025-12-08 17:03:00,33.6,33.6,487.3,389.8,448.3
12301,2025-12-08,GKP,HWH,2025-12-08 20:07:00,2025-12-08 20:07:00,2025-12-08 20:50:00,43.2,43.2,151.2,121.0,174.7
12302,2025-12-08,HWH,GKP,2025-12-08 06:26:00,2025-12-08 06:26:00,2025-12-08 06:53:00,27.2,27.2,1150.0,920.0,940.2
12302,2025-12-08,GKP,DDU,2025-12-08 09:57:00,2025-12-08 09:57:00,2025-12-08 10:51:00,54.5,54.5,920.0,736.0,800.9
12302,2025-12-08,DDU,PRYJ,2025-12-08 13:55:00,2025-12-08 13:55:00,2025-12-08 14:54:00,60.0,60.0,690.0,552.0,624.0
12302,2025-12-08,PRYJ,CNB,2025-12-08 17:58:00,2025-12-08 17:58:00,2025-12-08 19:09:00,71.8,71.8,433.8,347.0,427.2
12302,2025-12-08,CNB,NDLS,2025-12-08 22:13:00,2025-12-08 22:13:00,2025-12-08 23:33:00,80.1,80.1,178.6,142.9,234.8
12951,2025-12-08,BCT,ST,2025-12-08 05:49:00,2025-12-08 05:49:00,2025-12-08 05:55:00,6.6,6.6,1150.0,920.0,948.3
12951,2025-12-08,ST,BRC,2025-12-08 08:59:00,2025-12-08 08:59:00,2025-12-08 09:10:00,11.1,11.1,920.0,736.0,763.2
12951,2025-12-08,BRC,RTM,2025-12-08 12:14:00,2025-12-08 12:14:00,2025-12-08 13:12:00,58.3,58.3,690.0,552.0,600.4
12951,2025-12-08,RTM,KOTA,2025-12-08 16:16:00,2025-12-08 16:16:00,2025-12-08 17:22:00,66.7,66.7,336.5,269.2,350.6
12951,2025-12-08,KOTA,NDLS,2025-12-08 20:26:00,2025-12-08 20:26:00,2025-12-08 21:36:00,70.4,70.4,57.2,45.8,125.7
12952,2025-12-08,NDLS,KOTA,2025-12-08 06:55:00,2025-12-08 06:55:00,2025-12-08 08:03:00,68.5,68.5,1150.0,920.0,994.7
12952,2025-12-08,KOTA,RTM,2025-12-08 11:07:00,2025-12-08 11:07:00,2025-12-08 13:04:00,117.3,117.3,920.0,736.0,853.5
12952,2025-12-08,RTM,BRC,2025-12-08 16:08:00,2025-12-08 16:08:00,2025-12-08 18:08:00,120.6,120.6,690.0,552.0,652.8
12952,2025-12-08,BRC,ST,2025-12-08 21:12:00,2025-12-08 21:12:00,2025-12-08 23:55:00,163.3,163.3,343.7,275.0,431.8
12952,2025-12-08,ST,BCT,2025-12-09 02:59:00,2025-12-09 02:59:00,2025-12-09 06:45:00,226.3,226.3,108.9,87.1,294.8
12004,2025-12-08,NDLS,GZB,2025-12-08 05:42:00,2025-12-08 05:42:00,2025-12-08 06:41:00,59.0,59.0,1150.0,920.0,962.5
12004,2025-12-08,GZB,ALJN,2025-12-08 09:45:00,2025-12-08 09:45:00,2025-12-08 11:56:00,131.2,131.2,920.0,736.0,859.0
12004,2025-12-08,ALJN,TDL,2025-12-08 15:00:00,2025-12-08 15:00:00,2025-12-08 17:21:00,141.7,141.7,690.0,552.0,673.4
12004,2025-12-08,TDL,CNB,2025-12-08 20:25:00,2025-12-08 20:25:00,2025-12-08 23:27:00,182.7,182.7,262.3,209.8,388.6
12004,2025-12-08,CNB,LKO,2025-12-09 02:31:00,2025-12-09 02:31:00,2025-12-09 06:16:00,225.8,225.8,123.9,99.1,297.2
12626,2025-12-08,NDLS,AGC,2025-12-08 06:09:00,2025-12-08 06:09:00,2025-12-08 06:24:00,15.4,15.4,1150.0,920.0,950.4
12626,2025-12-08,AGC,VGLJ,2025-12-08 09:28:00,2025-12-08 09:28:00,2025-12-08 09:57:00,29.8,29.8,920.0,736.0,797.4
12626,2025-12-08,VGLJ,BPL,2025-12-08 13:01:00,2025-12-08 13:01:00,2025-12-08 13:39:00,38.1,38.1,690.0,552.0,601.3
12626,2025-12-08,BPL,NGP,2025-12-08 16:43:00,2025-12-08 16:43:00,2025-12-08 17:33:00,50.7,50.7,281.0,224.8,280.8
12626,2025-12-08,NGP,MAS,2025-12-08 20:37:00,2025-12-08 20:37:00,2025-12-08 21:47:00,70.4,70.4,69.2,55.4,134.4
12424,2025-12-08,NDLS,CNB,2025-12-08 05:40:00,2025-12-08 05:40:00,2025-12-08 07:04:00,84.8,84.8,1150.0,920.0,1014.4
12424,2025-12-08,CNB,PRYJ,2025-12-08 10:08:00,2025-12-08 10:08:00,2025-12-08 11:46:00,99.0,99.0,920.0,736.0,837.2
12424,2025-12-08,PRYJ,DDU,2025-12-08 14:50:00,2025-12-08 14:50:00,2025-12-08 16:34:00,104.3,104.3,690.0,552.0,645.0
12424,2025-12-08,DDU,PPTA,2025-12-08 19:38:00,2025-12-08 19:38:00,2025-12-08 21:37:00,119.4,119.4,517.3,413.8,515.6
12424,2025-12-08,PPTA,GHY,2025-12-09 00:41:00,2025-12-09 00:41:00,2025-12-09 02:45:00,124.5,124.5,94.6,75.7,194.9
12260,2025-12-08,NDLS,CNB,2025-12-08 06:51:00,2025-12-08 06:51:00,2025-12-08 06:57:00,6.6,6.6,1150.0,920.0,937.9
12260,2025-12-08,CNB,PRYJ,2025-12-08 10:47:00,2025-12-08 10:47:00,2025-12-08 10:48:00,1.1,1.1,862.5,690.0,701.4
12260,2025-12-08,PRYJ,DDU,2025-12-08 14:38:00,2025-12-08 14:38:00,2025-12-08 14:43:00,5.6,5.6,272.9,218.3,246.4
12260,2025-12-08,DDU,HWH,2025-12-08 18:33:00,2025-12-08 18:33:00,2025-12-08 18:59:00,26.5,26.5,175.2,140.2,178.8
12926,2025-12-08,BCT,BRC,2025-12-08 06:09:00,2025-12-08 06:09:00,2025-12-08 06:09:00,0.0,0.0,1150.0,920.0,958.8
12926,2025-12-08,BRC,RTM,2025-12-08 09:13:00,2025-12-08 09:13:00,2025-12-08 09:20:00,7.7,7.7,920.0,736.0,755.9
12926,2025-12-08,RTM,KOTA,2025-12-08 12:24:00,2025-12-08 12:24:00,2025-12-08 13:13:00,49.6,49.6,690.0,552.0,611.5
12926,2025-12-08,KOTA,NDLS,2025-12-08 16:17:00,2025-12-08 16:17:00,2025-12-08 17:17:00,61.0,61.0,510.8,408.6,479.7
12926,2025-12-08,NDLS,ASR,2025-12-08 20:21:00,2025-12-08 20:21:00,2025-12-08 21:23:00,62.3,62.3,69.5,55.6,112.9
12627,2025-12-08,SBC,DMM,2025-12-08 06:32:00,2025-12-08 06:32:00,2025-12-08 06:52:00,20.0,20.0,1150.0,920.0,947.2
12627,2025-12-08,DMM,GTL,2025-12-08 09:56:00,2025-12-08 09:56:00,2025-12-08 10:18:00,22.5,22.5,920.0,736.0,775.6
12627,2025-12-08,GTL,SC,2025-12-08 13:22:00,2025-12-08 13:22:00,2025-12-08 13:54:00,32.4,32.4,690.0,552.0,590.0
12627,2025-12-08,SC,NGP,2025-12-08 16:58:00,2025-12-08 16:58:00,2025-12-08 17:34:00,36.0,36.0,282.3,225.8,269.4
12627,2025-12-08,NGP,NDLS,2025-12-08 20:38:00,2025-12-08 20:38:00,2025-12-08 21:14:00,36.9,36.9,145.9,116.7,145.6
12301,2025-12-09,NDLS,CNB,2025-12-09 05:59:00,2025-12-09 05:59:00,2025-12-09 07:25:00,86.5,86.5,1150.0,920.0,1009.2
12301,2025-12-09,CNB,PRYJ,2025-12-09 10:29:00,2025-12-09 10:29:00,2025-12-09 11:52:00,83.7,83.7,920.0,736.0,834.0
12301,2025-12-09,PRYJ,DDU,2025-12-09 14:56:00,2025-12-09 14:56:00,2025-12-09 16:31:00,95.4,95.4,690.0,552.0,640.4
12301,2025-12-09,DDU,GKP,2025-12-09 19:35:00,2025-12-09 19:35:00,2025-12-09 21:10:00,95.8,95.8,420.7,336.6,452.8
12301,2025-12-09,GKP,HWH,2025-12-10 00:14:00,2025-12-10 00:14:00,2025-12-10 01:54:00,100.9,100.9,145.2,116.2,214.5
12302,2025-12-09,HWH,GKP,2025-12-09 05:57:00,2025-12-09 05:57:00,2025-12-09 06:52:00,56.0,56.0,1150.0,920.0,989.1
12302,2025-12-09,GKP,DDU,2025-12-09 09:56:00,2025-12-09 09:56:00,2025-12-09 10:56:00,60.4,60.4,920.0,736.0,823.4
12302,2025-12-09,DDU,PRYJ,2025-12-09 14:00:00,2025-12-09 14:00:00,2025-12-09 15:08:00,68.9,68.9,690.0,552.0,624.5
12302,2025-12-09,PRYJ,CNB,2025-12-09 18:12:00,2025-12-09 18:12:00,2025-12-09 19:17:00,65.4,65.4,494.4,395.5,457.8
12302,2025-12-09,CNB,NDLS,2025-12-09 22:21:00,2025-12-09 22:21:00,2025-12-09 23:25:00,64.5,64.5,139.9,111.9,176.8
12951,2025-12-09,BCT,ST,2025-12-09 06:26:00,2025-12-09 06:26:00,2025-12-09 07:01:00,36.0,36.0,1150.0,920.0,976.0
12951,2025-12-09,ST,BRC,2025-12-09 10:05:00,2025-12-09 10:05:00,2025-12-09 11:30:00,85.9,85.9,920.0,736.0,803.2
12951,2025-12-09,BRC,RTM,2025-12-09 14:34:00,2025-12-09 14:34:00,2025-12-09 16:05:00,91.8,91.8,690.0,552.0,643.2
12951,2025-12-09,RTM,KOTA,2025-12-09 19:09:00,2025-12-09 19:09:00,2025-12-09 20:47:00,98.4,98.4,501.1,400.9,490.7
12951,2025-12-09,KOTA,NDLS,2025-12-09 23:51:00,2025-12-09 23:51:00,2025-12-10 01:32:00,101.6,101.6,138.9,111.1,214.6
12952,2025-12-09,NDLS,KOTA,2025-12-09 05:40:00,2025-12-09 05:40:00,2025-12-09 06:24:00,44.4,44.4,1150.0,920.0,964.3
12952,2025-12-09,KOTA,RTM,2025-12-09 09:28:00,2025-12-09 09:28:00,2025-12-09 10:29:00,61.5,61.5,920.0,736.0,804.7
12952,2025-12-09,RTM,BRC,2025-12-09 13:33:00,2025-12-09 13:33:00,2025-12-09 14:26:00,53.9,53.9,690.0,552.0,601.7
12952,2025-12-09,BRC,ST,2025-12-09 17:30:00,2025-12-09 17:30:00,2025-12-09 18:25:00,55.8,55.8,305.6,244.5,312.7
12952,2025-12-09,ST,BCT,2025-12-09 21:29:00,2025-12-09 21:29:00,2025-12-09 22:30:00,61.4,61.4,141.3,113.0,178.7
12004,2025-12-09,NDLS,GZB,2025-12-09 06:11:00,2025-12-09 06:11:00,2025-12-09 07:23:00,72.2,72.2,1150.0,920.0,1005.5
12004,2025-12-09,GZB,ALJN,2025-12-09 10:27:00,2025-12-09 10:27:00,2025-12-09 11:46:00,79.9,79.9,920.0,736.0,805.4
12004,2025-12-09,ALJN,TDL,2025-12-09 14:50:00,2025-12-09 14:50:00,2025-12-09 16:17:00,87.8,87.8,690.0,552.0,641.8
12004,2025-12-09,TDL,CNB,2025-12-09 19:21:00,2025-12-09 19:21:00,2025-12-09 20:54:00,93.4,93.4,544.0,435.2,530.0
12004,2025-12-09,CNB,LKO,2025-12-09 23:58:00,2025-12-09 23:58:00,2025-12-10 01:41:00,103.8,103.8,162.1,129.7,236.6
12626,2025-12-09,NDLS,AGC,2025-12-09 05:54:00,2025-12-09 05:54:00,2025-12-09 06:07:00,13.8,13.8,1150.0,920.0,949.2
12626,2025-12-09,AGC,VGLJ,2025-12-09 09:11:00,2025-12-09 09:11:00,2025-12-09 10:14:00,63.2,63.2,920.0,736.0,794.0
12626,2025-12-09,VGLJ,BPL,2025-12-09 13:18:00,2025-12-09 13:18:00,2025-12-09 14:54:00,96.8,96.8,690.0,552.0,638.6
12626,2025-12-09,BPL,NGP,2025-12-09 17:58:00,2025-12-09 17:58:00,2025-12-09 19:38:00,100.8,100.8,413.6,330.9,421.6
12626,2025-12-09,NGP,MAS,2025-12-09 22:42:00,2025-12-09 22:42:00,2025-12-10 00:20:00,98.2,98.2,152.4,121.9,231.4
12424,2025-12-09,NDLS,CNB,2025-12-09 06:40:00,2025-12-09 06:40:00,2025-12-09 07:03:00,23.4,23.4,1150.0,920.0,969.9
12424,2025-12-09,CNB,PRYJ,2025-12-09 10:07:00,2025-12-09 10:07:00,2025-12-09 10:40:00,33.6,33.6,920.0,736.0,777.6
12424,2025-12-09,PRYJ,DDU,2025-12-09 13:44:00,2025-12-09 13:44:00,2025-12-09 15:04:00,80.2,80.2,690.0,552.0,637.1
12424,2025-12-09,DDU,PPTA,2025-12-09 18:08:00,2025-12-09 18:08:00,2025-12-09 19:34:00,86.4,86.4,434.8,347.8,439.1
12424,2025-12-09,PPTA,GHY,2025-12-09 22:38:00,2025-12-09 22:38:00,2025-12-10 00:21:00,103.2,103.2,145.7,116.6,227.1
12260,2025-12-09,NDLS,CNB,2025-12-09 06:16:00,2025-12-09 06:16:00,2025-12-09 07:31:00,75.1,75.1,1150.0,920.0,1002.1
12260,2025-12-09,CNB,PRYJ,2025-12-09 11:21:00,2025-12-09 11:21:00,2025-12-09 12:45:00,84.1,84.1,862.5,690.0,779.2
12260,2025-12-09,PRYJ,DDU,2025-12-09 16:35:00,2025-12-09 16:35:00,2025-12-09 18:00:00,85.4,85.4,243.4,194.7,273.5
12260,2025-12-09,DDU,HWH,2025-12-09 21:50:00,2025-12-09 21:50:00,2025-12-09 23:19:00,89.1,89.1,79.1,63.3,139.8
12926,2025-12-09,BCT,BRC,2025-12-09 06:33:00,2025-12-09 06:33:00,2025-12-09 06:59:00,26.7,26.7,1150.0,920.0,955.5
12926,2025-12-09,BRC,RTM,2025-12-09 10:03:00,2025-12-09 10:03:00,2025-12-09 10:36:00,33.8,33.8,920.0,736.0,779.6
12926,2025-12-09,RTM,KOTA,2025-12-09 13:40:00,2025-12-09 13:40:00,2025-12-09 15:20:00,101.0,101.0,690.0,552.0,655.1
12926,2025-12-09,KOTA,NDLS,2025-12-09 18:24:00,2025-12-09 18:24:00,2025-12-09 20:23:00,119.1,119.1,511.1,408.9,532.0
12926,2025-12-09,NDLS,ASR,2025-12-09 23:27:00,2025-12-09 23:27:00,2025-12-10 01:31:00,124.6,124.6,131.9,105.5,217.5
12627,2025-12-09,SBC,DMM,2025-12-09 06:57:00,2025-12-09 06:57:00,2025-12-09 06:59:00,2.6,2.6,1150.0,920.0,923.5
12627,2025-12-09,DMM,GTL,2025-12-09 10:03:00,2025-12-09 10:03:00,2025-12-09 10:58:00,55.2,55.2,920.0,736.0,794.4
12627,2025-12-09,GTL,SC,2025-12-09 14:02:00,2025-12-09 14:02:00,2025-12-09 15:01:00,59.3,59.3,690.0,552.0,617.7
12627,2025-12-09,SC,NGP,2025-12-09 18:05:00,2025-12-09 18:05:00,2025-12-09 19:41:00,96.0,96.0,249.7,199.8,293.0
12627,2025-12-09,NGP,NDLS,2025-12-09 22:45:00,2025-12-09 22:45:00,2025-12-10 00:30:00,105.5,105.5,93.2,74.6,185.4
12301,2025-12-10,NDLS,CNB,2025-12-10 05:38:00,2025-12-10 05:38:00,2025-12-10 06:33:00,55.4,55.4,1150.0,920.0,965.4
12301,2025-12-10,CNB,PRYJ,2025-12-10 09:37:00,2025-12-10 09:37:00,2025-12-10 10:45:00,68.1,68.1,920.0,736.0,797.6
12301,2025-12-10,PRYJ,DDU,2025-12-10 13:49:00,2025-12-10 13:49:00,2025-12-10 15:03:00,74.1,74.1,690.0,552.0,619.0
12301,2025-12-10,DDU,GKP,2025-12-10 18:07:00,2025-12-10 18:07:00,2025-12-10 19:25:00,78.5,78.5,524.2,419.4,502.9
12301,2025-12-10,GKP,HWH,2025-12-10 22:29:00,2025-12-10 22:29:00,2025-12-10 23:43:00,74.9,74.9,151.4,121.1,198.7
12302,2025-12-10,HWH,GKP,2025-12-10 06:27:00,2025-12-10 06:27:00,2025-12-10 09:21:00,174.9,174.9,1150.0,920.0,1098.1
12302,2025-12-10,GKP,DDU,2025-12-10 12:25:00,2025-12-10 12:25:00,2025-12-10 15:27:00,182.5,182.5,920.0,736.0,893.7
12302,2025-12-10,DDU,PRYJ,2025-12-10 18:31:00,2025-12-10 18:31:00,2025-12-10 21:38:00,187.3,187.3,690.0,552.0,718.8
12302,2025-12-10,PRYJ,CNB,2025-12-11 00:42:00,2025-12-11 00:42:00,2025-12-11 03:52:00,190.7,190.7,464.0,371.2,540.7
12302,2025-12-10,CNB,NDLS,2025-12-11 06:56:00,2025-12-11 06:56:00,2025-12-11 11:13:00,257.6,257.6,169.8,135.8,364.9
12951,2025-12-10,BCT,ST,2025-12-10 05:33:00,2025-12-10 05:33:00,2025-12-10 07:06:00,93.3,93.3,1150.0,920.0,1013.2
12951,2025-12-10,ST,BRC,2025-12-10 10:10:00,2025-12-10 10:10:00,2025-12-10 12:38:00,148.7,148.7,920.0,736.0,873.4
12951,2025-12-10,BRC,RTM,2025-12-10 15:42:00,2025-12-10 15:42:00,2025-12-10 19:15:00,213.4,213.4,690.0,552.0,744.4
12951,2025-12-10,RTM,KOTA,2025-12-10 22:19:00,2025-12-10 22:19:00,2025-12-11 01:57:00,218.9,218.9,305.5,244.4,443.8
12951,2025-12-10,KOTA,NDLS,2025-12-11 05:01:00,2025-12-11 05:01:00,2025-12-11 08:40:00,219.5,219.5,160.6,128.5,321.3
12952,2025-12-10,NDLS,KOTA,2025-12-10 05:45:00,2025-12-10 05:45:00,2025-12-10 05:50:00,5.0,5.0,1150.0,920.0,957.4
12952,2025-12-10,KOTA,RTM,2025-12-10 08:54:00,2025-12-10 08:54:00,2025-12-10 09:12:00,18.3,18.3,920.0,736.0,779.5
12952,2025-12-10,RTM,BRC,2025-12-10 12:16:00,2025-12-10 12:16:00,2025-12-10 12:48:00,32.8,32.8,690.0,552.0,593.2
12952,2025-12-10,BRC,ST,2025-12-10 15:52:00,2025-12-10 15:52:00,2025-12-10 16:30:00,38.3,38.3,505.6,404.5,453.8
12952,2025-12-10,ST,BCT,2025-12-10 19:34:00,2025-12-10 19:34:00,2025-12-10 20:13:00,39.4,39.4,134.8,107.8,146.2
12004,2025-12-10,NDLS,GZB,2025-12-10 06:17:00,2025-12-10 06:17:00,2025-12-10 06:59:00,42.8,42.8,1150.0,920.0,967.4
12004,2025-12-10,GZB,ALJN,2025-12-10 10:03:00,2025-12-10 10:03:00,2025-12-10 11:03:00,60.2,60.2,920.0,736.0,799.9
12004,2025-12-10,ALJN,TDL,2025-12-10 14:07:00,2025-12-10 14:07:00,2025-12-10 15:23:00,76.8,76.8,690.0,552.0,620.7
12004,2025-12-10,TDL,CNB,2025-12-10 18:27:00,2025-12-10 18:27:00,2025-12-10 19:55:00,88.1,88.1,267.2,213.8,301.7
12004,2025-12-10,CNB,LKO,2025-12-10 22:59:00,2025-12-10 22:59:00,2025-12-11 00:50:00,111.6,111.6,51.6,41.3,141.6
12626,2025-12-10,NDLS,AGC,2025-12-10 06:54:00,2025-12-10 06:54:00,2025-12-10 08:05:00,71.0,71.0,1150.0,920.0,978.0
12626,2025-12-10,AGC,VGLJ,2025-12-10 11:09:00,2025-12-10 11:09:00,2025-12-10 12:31:00,82.0,82.0,920.0,736.0,816.0
12626,2025-12-10,VGLJ,BPL,2025-12-10 15:35:00,2025-12-10 15:35:00,2025-12-10 17:12:00,98.0,98.0,690.0,552.0,647.1
12626,2025-12-10,BPL,NGP,2025-12-10 20:16:00,2025-12-10 20:16:00,2025-12-10 22:32:00,136.4,136.4,228.4,182.7,318.9
12626,2025-12-10,NGP,MAS,2025-12-11 01:36:00,2025-12-11 01:36:00,2025-12-11 03:56:00,140.3,140.3,67.8,54.2,170.6
12424,2025-12-10,NDLS,CNB,2025-12-10 05:30:00,2025-12-10 05:30:00,2025-12-10 05:37:00,7.7,7.7,1150.0,920.0,934.3
12424,2025-12-10,CNB,PRYJ,2025-12-10 08:41:00,2025-12-10 08:41:00,2025-12-10 09:01:00,20.3,20.3,920.0,736.0,769.5
12424,2025-12-10,PRYJ,DDU,2025-12-10 12:05:00,2025-12-10 12:05:00,2025-12-10 13:00:00,56.0,56.0,690.0,552.0,608.2
12424,2025-12-10,DDU,PPTA,2025-12-10 16:04:00,2025-12-10 16:04:00,2025-12-10 17:17:00,73.9,73.9,374.3,299.4,361.1
12424,2025-12-10,PPTA,GHY,2025-12-10 20:21:00,2025-12-10 20:21:00,2025-12-10 21:41:00,80.4,80.4,62.9,50.3,135.9
12260,2025-12-10,NDLS,CNB,2025-12-10 06:53:00,2025-12-10 06:53:00,2025-12-10 07:25:00,32.5,32.5,1150.0,920.0,967.7
12260,2025-12-10,CNB,PRYJ,2025-12-10 11:15:00,2025-12-10 11:15:00,2025-12-10 12:32:00,77.5,77.5,862.5,690.0,767.1
12260,2025-12-10,PRYJ,DDU,2025-12-10 16:22:00,2025-12-10 16:22:00,2025-12-10 17:40:00,78.6,78.6,438.2,350.6,437.8
12260,2025-12-10,DDU,HWH,2025-12-10 21:30:00,2025-12-10 21:30:00,2025-12-10 22:44:00,74.9,74.9,70.9,56.7,137.7
12926,2025-12-10,BCT,BRC,2025-12-10 05:32:00,2025-12-10 05:32:00,2025-12-10 05:44:00,12.0,12.0,1150.0,920.0,943.7
12926,2025-12-10,BRC,RTM,2025-12-10 08:48:00,2025-12-10 08:48:00,2025-12-10 08:53:00,5.0,5.0,920.0,736.0,759.9
12926,2025-12-10,RTM,KOTA,2025-12-10 11:57:00,2025-12-10 11:57:00,2025-12-10 12:03:00,6.5,6.5,690.0,552.0,572.4
12926,2025-12-10,KOTA,NDLS,2025-12-10 15:07:00,2025-12-10 15:07:00,2025-12-10 15:24:00,17.1,17.1,270.4,216.3,253.4
12926,2025-12-10,NDLS,ASR,2025-12-10 18:28:00,2025-12-10 18:28:00,2025-12-10 18:55:00,27.6,27.6,88.5,70.8,99.6
12627,2025-12-10,SBC,DMM,2025-12-10 06:25:00,2025-12-10 06:25:00,2025-12-10 07:02:00,37.5,37.5,1150.0,920.0,977.0
12627,2025-12-10,DMM,GTL,2025-12-10 10:06:00,2025-12-10 10:06:00,2025-12-10 10:50:00,44.2,44.2,920.0,736.0,787.4
12627,2025-12-10,GTL,SC,2025-12-10 13:54:00,2025-12-10 13:54:00,2025-12-10 14:59:00,65.9,65.9,690.0,552.0,608.2
12627,2025-12-10,SC,NGP,2025-12-10 18:03:00,2025-12-10 18:03:00,2025-12-10 20:19:00,136.4,136.4,432.0,345.6,461.9
12627,2025-12-10,NGP,NDLS,2025-12-10 23:23:00,2025-12-10 23:23:00,2025-12-11 01:41:00,138.9,138.9,52.8,42.2,172.8
12301,2025-12-11,NDLS,CNB,2025-12-11 05:51:00,2025-12-11 05:51:00,2025-12-11 06:31:00,40.0,40.0,1150.0,920.0,966.2
12301,2025-12-11,CNB,PRYJ,2025-12-11 09:35:00,2025-12-11 09:35:00,2025-12-11 10:21:00,46.9,46.9,920.0,736.0,792.5
12301,2025-12-11,PRYJ,DDU,2025-12-11 13:25:00,2025-12-11 13:25:00,2025-12-11 14:21:00,56.2,56.2,690.0,552.0,616.7
12301,2025-12-11,DDU,GKP,2025-12-11 17:25:00,2025-12-11 17:25:00,2025-12-11 19:14:00,109.9,109.9,476.7,381.4,499.5
12301,2025-12-11,GKP,HWH,2025-12-11 22:18:00,2025-12-11 22:18:00,2025-12-12 00:03:00,105.9,105.9,178.1,142.5,253.5
12302,2025-12-11,HWH,GKP,2025-12-11 05:59:00,2025-12-11 05:59:00,2025-12-11 06:28:00,29.7,29.7,1150.0,920.0,965.6
12302,2025-12-11,GKP,DDU,2025-12-11 09:32:00,2025-12-11 09:32:00,2025-12-11 10:07:00,35.6,35.6,920.0,736.0,782.0
12302,2025-12-11,DDU,PRYJ,2025-12-11 13:11:00,2025-12-11 13:11:00,2025-12-11 13:52:00,41.7,41.7,690.0,552.0,595.8
12302,2025-12-11,PRYJ,CNB,2025-12-11 16:56:00,2025-12-11 16:56:00,2025-12-11 17:36:00,40.4,40.4,466.2,373.0,420.9
12302,2025-12-11,CNB,NDLS,2025-12-11 20:40:00,2025-12-11 20:40:00,2025-12-11 21:58:00,78.9,78.9,163.3,130.6,205.5
12951,2025-12-11,BCT,ST,2025-12-11 06:56:00,2025-12-11 06:56:00,2025-12-11 07:21:00,25.2,25.2,1150.0,920.0,951.0
12951,2025-12-11,ST,BRC,2025-12-11 10:25:00,2025-12-11 10:25:00,2025-12-11 10:59:00,34.9,34.9,920.0,736.0,768.3
12951,2025-12-11,BRC,RTM,2025-12-11 14:03:00,2025-12-11 14:03:00,2025-12-11 14:48:00,45.6,45.6,690.0,552.0,588.5
12951,2025-12-11,RTM,KOTA,2025-12-11 17:52:00,2025-12-11 17:52:00,2025-12-11 19:24:00,92.4,92.4,393.4,314.7,410.8
12951,2025-12-11,KOTA,NDLS,2025-12-11 22:28:00,2025-12-11 22:28:00,2025-12-12 00:14:00,106.3,106.3,179.3,143.4,246.1
12952,2025-12-11,NDLS,KOTA,2025-12-11 05:43:00,2025-12-11 05:43:00,2025-12-11 06:25:00,42.8,42.8,1150.0,920.0,961.0
12952,2025-12-11,KOTA,RTM,2025-12-11 09:29:00,2025-12-11 09:29:00,2025-12-11 10:16:00,47.5,47.5,920.0,736.0,793.1
12952,2025-12-11,RTM,BRC,2025-12-11 13:20:00,2025-12-11 13:20:00,2025-12-11 14:21:00,61.1,61.1,690.0,552.0,629.6
12952,2025-12-11,BRC,ST,2025-12-11 17:25:00,2025-12-11 17:25:00,2025-12-11 18:29:00,64.3,64.3,234.5,187.6,249.9
12952,2025-12-11,ST,BCT,2025-12-11 21:33:00,2025-12-11 21:33:00,2025-12-11 22:43:00,70.0,70.0,122.8,98.2,172.9
12004,2025-12-11,NDLS,GZB,2025-12-11 06:27:00,2025-12-11 06:27:00,2025-12-11 06:53:00,26.7,26.7,1150.0,920.0,958.5
12004,2025-12-11,GZB,ALJN,2025-12-11 09:57:00,2025-12-11 09:57:00,2025-12-11 10:32:00,35.4,35.4,920.0,736.0,791.8
12004,2025-12-11,ALJN,TDL,2025-12-11 13:36:00,2025-12-11 13:36:00,2025-12-11 14:20:00,44.7,44.7,690.0,552.0,601.6
12004,2025-12-11,TDL,CNB,2025-12-11 17:24:00,2025-12-11 17:24:00,2025-12-11 18:04:00,40.4,40.4,384.3,307.4,365.8
12004,2025-12-11,CNB,LKO,2025-12-11 21:08:00,2025-12-11 21:08:00,2025-12-11 21:57:00,49.0,49.0,143.7,115.0,177.9
12626,2025-12-11,NDLS,AGC,2025-12-11 06:23:00,2025-12-11 06:23:00,2025-12-11 07:41:00,78.1,78.1,1150.0,920.0,1007.1
12626,2025-12-11,AGC,VGLJ,2025-12-11 10:45:00,2025-12-11 10:45:00,2025-12-11 12:09:00,84.5,84.5,920.0,736.0,819.5
12626,2025-12-11,VGLJ,BPL,2025-12-11 15:13:00,2025-12-11 15:13:00,2025-12-11 16:39:00,86.1,86.1,690.0,552.0,631.6
12626,2025-12-11,BPL,NGP,2025-12-11 19:43:00,2025-12-11 19:43:00,2025-12-11 21:20:00,97.7,97.7,503.6,402.9,506.1
12626,2025-12-11,NGP,MAS,2025-12-12 00:24:00,2025-12-12 00:24:00,2025-12-12 02:14:00,110.3,110.3,116.3,93.0,218.2
12424,2025-12-11,NDLS,CNB,2025-12-11 06:42:00,2025-12-11 06:42:00,2025-12-11 07:01:00,19.6,19.6,1150.0,920.0,950.6
12424,2025-12-11,CNB,PRYJ,2025-12-11 10:05:00,2025-12-11 10:05:00,2025-12-11 10:41:00,36.5,36.5,920.0,736.0,780.0
12424,2025-12-11,PRYJ,DDU,2025-12-11 13:45:00,2025-12-11 13:45:00,2025-12-11 14:35:00,50.1,50.1,690.0,552.0,608.1
12424,2025-12-11,DDU,PPTA,2025-12-11 17:39:00,2025-12-11 17:39:00,2025-12-11 19:25:00,106.2,106.2,516.0,412.8,515.8
12424,2025-12-11,PPTA,GHY,2025-12-11 22:29:00,2025-12-11 22:29:00,2025-12-12 00:14:00,105.7,105.7,140.8,112.6,195.0
12260,2025-12-11,NDLS,CNB,2025-12-11 05:57:00,2025-12-11 05:57:00,2025-12-11 06:36:00,39.2,39.2,1150.0,920.0,959.8
12260,2025-12-11,CNB,PRYJ,2025-12-11 10:26:00,2025-12-11 10:26:00,2025-12-11 11:14:00,48.1,48.1,862.5,690.0,758.8
12260,2025-12-11,PRYJ,DDU,2025-12-11 15:04:00,2025-12-11 15:04:00,2025-12-11 16:05:00,61.0,61.0,414.4,331.5,396.3
12260,2025-12-11,DDU,HWH,2025-12-11 19:55:00,2025-12-11 19:55:00,2025-12-11 20:54:00,59.5,59.5,116.0,92.8,142.9
12926,2025-12-11,BCT,BRC,2025-12-11 06:24:00,2025-12-11 06:24:00,2025-12-11 06:34:00,10.4,10.4,1150.0,920.0,946.9
12926,2025-12-11,BRC,RTM,2025-12-11 09:38:00,2025-12-11 09:38:00,2025-12-11 09:54:00,16.8,16.8,920.0,736.0,781.8
12926,2025-12-11,RTM,KOTA,2025-12-11 12:58:00,2025-12-11 12:58:00,2025-12-11 13:44:00,47.0,47.0,690.0,552.0,612.2
12926,2025-12-11,KOTA,NDLS,2025-12-11 16:48:00,2025-12-11 16:48:00,2025-12-11 17:37:00,49.6,49.6,332.9,266.3,320.3
12926,2025-12-11,NDLS,ASR,2025-12-11 20:41:00,2025-12-11 20:41:00,2025-12-11 21:27:00,46.0,46.0,119.5,95.6,138.4
12627,2025-12-11,SBC,DMM,2025-12-11 06:53:00,2025-12-11 06:53:00,2025-12-11 08:01:00,68.9,68.9,1150.0,920.0,991.2
12627,2025-12-11,DMM,GTL,2025-12-11 11:05:00,2025-12-11 11:05:00,2025-12-11 12:20:00,75.1,75.1,920.0,736.0,813.1
12627,2025-12-11,GTL,SC,2025-12-11 15:24:00,2025-12-11 15:24:00,2025-12-11 16:41:00,77.8,77.8,690.0,552.0,619.1
12627,2025-12-11,SC,NGP,2025-12-11 19:45:00,2025-12-11 19:45:00,2025-12-11 21:09:00,84.4,84.4,366.3,293.0,379.9
12627,2025-12-11,NGP,NDLS,2025-12-12 00:13:00,2025-12-12 00:13:00,2025-12-12 01:41:00,88.5,88.5,78.7,63.0,138.3
12301,2025-12-12,NDLS,CNB,2025-12-12 05:53:00,2025-12-12 05:53:00,2025-12-12 06:09:00,16.6,16.6,1150.0,920.0,935.1
12301,2025-12-12,CNB,PRYJ,2025-12-12 09:13:00,2025-12-12 09:13:00,2025-12-12 09:42:00,29.8,29.8,920.0,736.0,774.3
12301,2025-12-12,PRYJ,DDU,2025-12-12 12:46:00,2025-12-12 12:46:00,2025-12-12 13:20:00,34.7,34.7,690.0,552.0,592.8
12301,2025-12-12,DDU,GKP,2025-12-12 16:24:00,2025-12-12 16:24:00,2025-12-12 17:02:00,38.3,38.3,421.6,337.3,387.6
12301,2025-12-12,GKP,HWH,2025-12-12 20:06:00,2025-12-12 20:06:00,2025-12-12 20:45:00,39.6,39.6,102.1,81.7,121.6
12302,2025-12-12,HWH,GKP,2025-12-12 05:58:00,2025-12-12 05:58:00,2025-12-12 06:51:00,53.2,53.2,1150.0,920.0,992.5
12302,2025-12-12,GKP,DDU,2025-12-12 09:55:00,2025-12-12 09:55:00,2025-12-12 10:49:00,55.0,55.0,920.0,736.0,783.3
12302,2025-12-12,DDU,PRYJ,2025-12-12 13:53:00,2025-12-12 13:53:00,2025-12-12 14:44:00,51.7,51.7,690.0,552.0,616.7
12302,2025-12-12,PRYJ,CNB,2025-12-12 17:48:00,2025-12-12 17:48:00,2025-12-12 19:35:00,108.0,108.0,488.9,391.1,487.1
12302,2025-12-12,CNB,NDLS,2025-12-12 22:39:00,2025-12-12 22:39:00,2025-12-13 00:27:00,108.4,108.4,104.5,83.6,192.7
12951,2025-12-12,BCT,ST,2025-12-12 06:02:00,2025-12-12 06:02:00,2025-12-12 06:17:00,15.1,15.1,1150.0,920.0,968.3
12951,2025-12-12,ST,BRC,2025-12-12 09:21:00,2025-12-12 09:21:00,2025-12-12 09:52:00,31.7,31.7,920.0,736.0,788.4
12951,2025-12-12,BRC,RTM,2025-12-12 12:56:00,2025-12-12 12:56:00,2025-12-12 13:38:00,42.5,42.5,690.0,552.0,602.4
12951,2025-12-12,RTM,KOTA,2025-12-12 16:42:00,2025-12-12 16:42:00,2025-12-12 17:36:00,54.2,54.2,339.3,271.4,334.3
12951,2025-12-12,KOTA,NDLS,2025-12-12 20:40:00,2025-12-12 20:40:00,2025-12-12 22:19:00,99.6,99.6,170.3,136.2,240.1
12952,2025-12-12,NDLS,KOTA,2025-12-12 06:16:00,2025-12-12 06:16:00,2025-12-12 06:32:00,16.3,16.3,1150.0,920.0,942.7
12952,2025-12-12,KOTA,RTM,2025-12-12 09:36:00,2025-12-12 09:36:00,2025-12-12 10:23:00,47.2,47.2,920.0,736.0,802.7
12952,2025-12-12,RTM,BRC,2025-12-12 13:27:00,2025-12-12 13:27:00,2025-12-12 14:23:00,56.3,56.3,690.0,552.0,608.5
12952,2025-12-12,BRC,ST,2025-12-12 17:27:00,2025-12-12 17:27:00,2025-12-12 18:29:00,62.1,62.1,469.2,375.4,440.1
12952,2025-12-12,ST,BCT,2025-12-12 21:33:00,2025-12-12 21:33:00,2025-12-12 23:41:00,128.7,128.7,171.1,136.9,254.1
12004,2025-12-12,NDLS,GZB,2025-12-12 05:40:00,2025-12-12 05:40:00,2025-12-12 05:49:00,9.8,9.8,1150.0,920.0,945.6
12004,2025-12-12,GZB,ALJN,2025-12-12 08:53:00,2025-12-12 08:53:00,2025-12-12 09:59:00,66.2,66.2,920.0,736.0,798.0
12004,2025-12-12,ALJN,TDL,2025-12-12 13:03:00,2025-12-12 13:03:00,2025-12-12 15:04:00,121.9,121.9,690.0,552.0,658.1
12004,2025-12-12,TDL,CNB,2025-12-12 18:08:00,2025-12-12 18:08:00,2025-12-12 20:20:00,132.8,132.8,334.9,267.9,387.6
12004,2025-12-12,CNB,LKO,2025-12-12 23:24:00,2025-12-12 23:24:00,2025-12-13 01:44:00,140.5,140.5,117.0,93.6,226.3
12626,2025-12-12,NDLS,AGC,2025-12-12 06:37:00,2025-12-12 06:37:00,2025-12-12 07:11:00,34.0,34.0,1150.0,920.0,963.5
12626,2025-12-12,AGC,VGLJ,2025-12-12 10:15:00,2025-12-12 10:15:00,2025-12-12 10:56:00,41.1,41.1,920.0,736.0,787.5
12626,2025-12-12,VGLJ,BPL,2025-12-12 14:00:00,2025-12-12 14:00:00,2025-12-12 15:21:00,81.1,81.1,690.0,552.0,641.2
12626,2025-12-12,BPL,NGP,2025-12-12 18:25:00,2025-12-12 18:25:00,2025-12-12 19:57:00,92.2,92.2,549.4,439.5,530.2
12626,2025-12-12,NGP,MAS,2025-12-12 23:01:00,2025-12-12 23:01:00,2025-12-13 00:39:00,98.3,98.3,127.8,102.2,191.1
12424,2025-12-12,NDLS,CNB,2025-12-12 05:55:00,2025-12-12 05:55:00,2025-12-12 06:19:00,24.8,24.8,1150.0,920.0,959.9
12424,2025-12-12,CNB,PRYJ,2025-12-12 09:23:00,2025-12-12 09:23:00,2025-12-12 10:27:00,64.5,64.5,920.0,736.0,793.8
12424,2025-12-12,PRYJ,DDU,2025-12-12 13:31:00,2025-12-12 13:31:00,2025-12-12 14:49:00,78.1,78.1,690.0,552.0,638.2
12424,2025-12-12,DDU,PPTA,2025-12-12 17:53:00,2025-12-12 17:53:00,2025-12-12 19:17:00,84.6,84.6,253.1,202.5,294.7
12424,2025-12-12,PPTA,GHY,2025-12-12 22:21:00,2025-12-12 22:21:00,2025-12-13 00:16:00,115.4,115.4,75.1,60.1,166.9
12260,2025-12-12,NDLS,CNB,2025-12-12 06:13:00,2025-12-12 06:13:00,2025-12-12 07:25:00,72.0,72.0,1150.0,920.0,995.7
12260,2025-12-12,CNB,PRYJ,2025-12-12 11:15:00,2025-12-12 11:15:00,2025-12-12 12:30:00,75.7,75.7,862.5,690.0,763.2
12260,2025-12-12,PRYJ,DDU,2025-12-12 16:20:00,2025-12-12 16:20:00,2025-12-12 17:53:00,93.8,93.8,300.1,240.1,339.9
12260,2025-12-12,DDU,HWH,2025-12-12 21:43:00,2025-12-12 21:43:00,2025-12-12 23:41:00,118.1,118.1,163.0,130.4,239.7
12926,2025-12-12,BCT,BRC,2025-12-12 06:26:00,2025-12-12 06:26:00,2025-12-12 07:33:00,68.0,68.0,1150.0,920.0,995.2
12926,2025-12-12,BRC,RTM,2025-12-12 10:37:00,2025-12-12 10:37:00,2025-12-12 11:58:00,81.5,81.5,920.0,736.0,822.8
12926,2025-12-12,RTM,KOTA,2025-12-12 15:02:00,2025-12-12 15:02:00,2025-12-12 16:40:00,98.4,98.4,690.0,552.0,634.8
12926,2025-12-12,KOTA,NDLS,2025-12-12 19:44:00,2025-12-12 19:44:00,2025-12-12 21:25:00,101.9,101.9,534.7,427.8,537.7
12926,2025-12-12,NDLS,ASR,2025-12-13 00:29:00,2025-12-13 00:29:00,2025-12-13 01:58:00,89.7,89.7,62.5,50.0,144.8
12627,2025-12-12,SBC,DMM,2025-12-12 05:35:00,2025-12-12 05:35:00,2025-12-12 06:41:00,66.3,66.3,1150.0,920.0,986.3
12627,2025-12-12,DMM,GTL,2025-12-12 09:45:00,2025-12-12 09:45:00,2025-12-12 11:01:00,76.3,76.3,920.0,736.0,800.8
12627,2025-12-12,GTL,SC,2025-12-12 14:05:00,2025-12-12 14:05:00,2025-12-12 15:34:00,89.4,89.4,690.0,552.0,626.4
12627,2025-12-12,SC,NGP,2025-12-12 18:38:00,2025-12-12 18:38:00,2025-12-12 20:09:00,91.0,91.0,349.3,279.4,365.5
12627,2025-12-12,NGP,NDLS,2025-12-12 23:13:00,2025-12-12 23:13:00,2025-12-13 00:49:00,96.6,96.6,65.8,52.6,140.4
12301,2025-12-13,NDLS,CNB,2025-12-13 06:44:00,2025-12-13 06:44:00,2025-12-13 06:44:00,0.0,0.0,1150.0,920.0,936.0
12301,2025-12-13,CNB,PRYJ,2025-12-13 09:48:00,2025-12-13 09:48:00,2025-12-13 10:17:00,29.3,29.3,920.0,736.0,770.1
12301,2025-12-13,PRYJ,DDU,2025-12-13 13:21:00,2025-12-13 13:21:00,2025-12-13 13:56:00,35.6,35.6,690.0,552.0,612.4
12301,2025-12-13,DDU,GKP,2025-12-13 17:00:00,2025-12-13 17:00:00,2025-12-13 17:41:00,41.9,41.9,364.2,291.4,323.3
12301,2025-12-13,GKP,HWH,2025-12-13 20:45:00,2025-12-13 20:45:00,2025-12-13 21:25:00,40.7,40.7,142.5,114.0,148.1
12302,2025-12-13,HWH,GKP,2025-12-13 06:50:00,2025-12-13 06:50:00,2025-12-13 07:08:00,18.7,18.7,1150.0,920.0,959.3
12302,2025-12-13,GKP,DDU,2025-12-13 10:12:00,2025-12-13 10:12:00,2025-12-13 10:56:00,44.6,44.6,920.0,736.0,789.1
12302,2025-12-13,DDU,PRYJ,2025-12-13 14:00:00,2025-12-13 14:00:00,2025-12-13 15:29:00,89.2,89.2,690.0,552.0,644.1
12302,2025-12-13,PRYJ,CNB,2025-12-13 18:33:00,2025-12-13 18:33:00,2025-12-13 20:06:00,93.7,93.7,324.0,259.2,353.3
12302,2025-12-13,CNB,NDLS,2025-12-13 23:10:00,2025-12-13 23:10:00,2025-12-14 00:51:00,101.5,101.5,101.3,81.0,181.7
12951,2025-12-13,BCT,ST,2025-12-13 05:32:00,2025-12-13 05:32:00,2025-12-13 06:11:00,39.2,39.2,1150.0,920.0,967.6
12951,2025-12-13,ST,BRC,2025-12-13 09:15:00,2025-12-13 09:15:00,2025-12-13 09:55:00,41.0,41.0,920.0,736.0,782.6
12951,2025-12-13,BRC,RTM,2025-12-13 12:59:00,2025-12-13 12:59:00,2025-12-13 13:46:00,47.6,47.6,690.0,552.0,601.7
12951,2025-12-13,RTM,KOTA,2025-12-13 16:50:00,2025-12-13 16:50:00,2025-12-13 18:23:00,93.5,93.5,243.9,195.1,293.1
12951,2025-12-13,KOTA,NDLS,2025-12-13 21:27:00,2025-12-13 21:27:00,2025-12-13 23:14:00,107.3,107.3,57.9,46.3,147.8
12952,2025-12-13,NDLS,KOTA,2025-12-13 06:00:00,2025-12-13 06:00:00,2025-12-13 07:46:00,106.3,106.3,1150.0,920.0,1020.7
12952,2025-12-13,KOTA,RTM,2025-12-13 10:50:00,2025-12-13 10:50:00,2025-12-13 12:43:00,113.0,113.0,920.0,736.0,836.9
12952,2025-12-13,RTM,BRC,2025-12-13 15:47:00,2025-12-13 15:47:00,2025-12-13 17:48:00,121.6,121.6,690.0,552.0,655.8
12952,2025-12-13,BRC,ST,2025-12-13 20:52:00,2025-12-13 20:52:00,2025-12-13 23:06:00,134.8,134.8,527.0,421.6,540.9
12952,2025-12-13,ST,BCT,2025-12-14 02:10:00,2025-12-14 02:10:00,2025-12-14 04:12:00,122.5,122.5,172.0,137.6,257.0
12004,2025-12-13,NDLS,GZB,2025-12-13 06:53:00,2025-12-13 06:53:00,2025-12-13 07:09:00,16.7,16.7,1150.0,920.0,953.0
12004,2025-12-13,GZB,ALJN,2025-12-13 10:13:00,2025-12-13 10:13:00,2025-12-13 10:36:00,23.3,23.3,920.0,736.0,754.6
12004,2025-12-13,ALJN,TDL,2025-12-13 13:40:00,2025-12-13 13:40:00,2025-12-13 14:18:00,38.5,38.5,690.0,552.0,604.0
12004,2025-12-13,TDL,CNB,2025-12-13 17:22:00,2025-12-13 17:22:00,2025-12-13 18:37:00,75.3,75.3,234.6,187.7,255.9
12004,2025-12-13,CNB,LKO,2025-12-13 21:41:00,2025-12-13 21:41:00,2025-12-14 00:03:00,142.8,142.8,153.5,122.8,259.4
12626,2025-12-13,NDLS,AGC,2025-12-13 06:02:00,2025-12-13 06:02:00,2025-12-13 06:42:00,40.6,40.6,1150.0,920.0,975.7
12626,2025-12-13,AGC,VGLJ,2025-12-13 09:46:00,2025-12-13 09:46:00,2025-12-13 10:31:00,45.6,45.6,920.0,736.0,779.0
12626,2025-12-13,VGLJ,BPL,2025-12-13 13:35:00,2025-12-13 13:35:00,2025-12-13 14:25:00,50.6,50.6,690.0,552.0,606.1
12626,2025-12-13,BPL,NGP,2025-12-13 17:29:00,2025-12-13 17:29:00,2025-12-13 18:21:00,52.3,52.3,240.8,192.6,254.8
12626,2025-12-13,NGP,MAS,2025-12-13 21:25:00,2025-12-13 21:25:00,2025-12-13 22:26:00,61.6,61.6,177.7,142.2,214.4
12424,2025-12-13,NDLS,CNB,2025-12-13 06:32:00,2025-12-13 06:32:00,2025-12-13 06:33:00,1.2,1.2,1150.0,920.0,949.1
12424,2025-12-13,CNB,PRYJ,2025-12-13 09:37:00,2025-12-13 09:37:00,2025-12-13 09:59:00,22.2,22.2,920.0,736.0,756.6
12424,2025-12-13,PRYJ,DDU,2025-12-13 13:03:00,2025-12-13 13:03:00,2025-12-13 13:30:00,27.7,27.7,690.0,552.0,585.7
12424,2025-12-13,DDU,PPTA,2025-12-13 16:34:00,2025-12-13 16:34:00,2025-12-13 17:56:00,82.0,82.0,507.2,405.8,497.3
12424,2025-12-13,PPTA,GHY,2025-12-13 21:00:00,2025-12-13 21:00:00,2025-12-13 23:19:00,140.0,140.0,61.1,48.9,191.8
12260,2025-12-13,NDLS,CNB,2025-12-13 06:01:00,2025-12-13 06:01:00,2025-12-13 07:03:00,62.6,62.6,1150.0,920.0,997.0
12260,2025-12-13,CNB,PRYJ,2025-12-13 10:53:00,2025-12-13 10:53:00,2025-12-13 12:04:00,71.4,71.4,862.5,690.0,757.7
12260,2025-12-13,PRYJ,DDU,2025-12-13 15:54:00,2025-12-13 15:54:00,2025-12-13 17:16:00,82.6,82.6,468.9,375.1,446.6
12260,2025-12-13,DDU,HWH,2025-12-13 21:06:00,2025-12-13 21:06:00,2025-12-13 22:51:00,105.1,105.1,143.1,114.5,225.2
12926,2025-12-13,BCT,BRC,2025-12-13 06:44:00,2025-12-13 06:44:00,2025-12-13 08:08:00,85.0,85.0,1150.0,920.0,979.9
12926,2025-12-13,BRC,RTM,2025-12-13 11:12:00,2025-12-13 11:12:00,2025-12-13 12:26:00,74.3,74.3,920.0,736.0,807.1
12926,2025-12-13,RTM,KOTA,2025-12-13 15:30:00,2025-12-13 15:30:00,2025-12-13 18:00:00,150.0,150.0,690.0,552.0,706.0
12926,2025-12-13,KOTA,NDLS,2025-12-13 21:04:00,2025-12-13 21:04:00,2025-12-13 23:40:00,156.8,156.8,509.5,407.6,524.9
12926,2025-12-13,NDLS,ASR,2025-12-14 02:44:00,2025-12-14 02:44:00,2025-12-14 05:28:00,164.5,164.5,139.6,111.7,259.9
12627,2025-12-13,SBC,DMM,2025-12-13 05:58:00,2025-12-13 05:58:00,2025-12-13 06:25:00,27.5,27.5,1150.0,920.0,971.6
12627,2025-12-13,DMM,GTL,2025-12-13 09:29:00,2025-12-13 09:29:00,2025-12-13 10:01:00,32.0,32.0,920.0,736.0,781.1
12627,2025-12-13,GTL,SC,2025-12-13 13:05:00,2025-12-13 13:05:00,2025-12-13 13:50:00,45.6,45.6,690.0,552.0,600.6
12627,2025-12-13,SC,NGP,2025-12-13 16:54:00,2025-12-13 16:54:00,2025-12-13 18:51:00,118.0,118.0,515.5,412.4,521.9
12627,2025-12-13,NGP,NDLS,2025-12-13 21:55:00,2025-12-13 21:55:00,2025-12-13 23:59:00,124.3,124.3,148.7,119.0,233.9
12301,2025-12-14,NDLS,CNB,2025-12-14 05:57:00,2025-12-14 05:57:00,2025-12-14 05:57:00,0.0,0.0,1150.0,920.0,928.0
12301,2025-12-14,CNB,PRYJ,2025-12-14 09:01:00,2025-12-14 09:01:00,2025-12-14 09:15:00,14.2,14.2,920.0,736.0,755.9
12301,2025-12-14,PRYJ,DDU,2025-12-14 12:19:00,2025-12-14 12:19:00,2025-12-14 12:33:00,14.8,14.8,690.0,552.0,577.7
12301,2025-12-14,DDU,GKP,2025-12-14 15:37:00,2025-12-14 15:37:00,2025-12-14 15:51:00,14.4,14.4,264.8,211.8,231.5
12301,2025-12-14,GKP,HWH,2025-12-14 18:55:00,2025-12-14 18:55:00,2025-12-14 19:07:00,12.2,12.2,176.4,141.1,167.3
12302,2025-12-14,HWH,GKP,2025-12-14 06:30:00,2025-12-14 06:30:00,2025-12-14 06:43:00,13.1,13.1,1150.0,920.0,946.0
12302,2025-12-14,GKP,DDU,2025-12-14 09:47:00,2025-12-14 09:47:00,2025-12-14 10:55:00,68.3,68.3,920.0,736.0,802.6
12302,2025-12-14,DDU,PRYJ,2025-12-14 13:59:00,2025-12-14 13:59:00,2025-12-14 15:04:00,65.8,65.8,690.0,552.0,617.2
12302,2025-12-14,PRYJ,CNB,2025-12-14 18:08:00,2025-12-14 18:08:00,2025-12-14 19:25:00,77.2,77.2,286.6,229.3,308.5
12302,2025-12-14,CNB,NDLS,2025-12-14 22:29:00,2025-12-14 22:29:00,2025-12-14 23:46:00,77.7,77.7,161.6,129.3,208.8
12951,2025-12-14,BCT,ST,2025-12-14 06:38:00,2025-12-14 06:38:00,2025-12-14 06:38:00,0.0,0.0,1150.0,920.0,955.5
12951,2025-12-14,ST,BRC,2025-12-14 09:42:00,2025-12-14 09:42:00,2025-12-14 09:45:00,3.2,3.2,920.0,736.0,752.5
12951,2025-12-14,BRC,RTM,2025-12-14 12:49:00,2025-12-14 12:49:00,2025-12-14 13:10:00,21.4,21.4,690.0,552.0,574.9
12951,2025-12-14,RTM,KOTA,2025-12-14 16:14:00,2025-12-14 16:14:00,2025-12-14 16:31:00,17.5,17.5,523.6,418.9,441.6
12951,2025-12-14,KOTA,NDLS,2025-12-14 19:35:00,2025-12-14 19:35:00,2025-12-14 19:52:00,17.1,17.1,127.3,101.8,131.1
12952,2025-12-14,NDLS,KOTA,2025-12-14 06:14:00,2025-12-14 06:14:00,2025-12-14 06:46:00,32.4,32.4,1150.0,920.0,950.4
12952,2025-12-14,KOTA,RTM,2025-12-14 09:50:00,2025-12-14 09:50:00,2025-12-14 11:20:00,90.1,90.1,920.0,736.0,833.6
12952,2025-12-14,RTM,BRC,2025-12-14 14:24:00,2025-12-14 14:24:00,2025-12-14 16:29:00,125.4,125.4,690.0,552.0,670.3
12952,2025-12-14,BRC,ST,2025-12-14 19:33:00,2025-12-14 19:33:00,2025-12-14 21:49:00,136.9,136.9,453.3,362.6,498.8
12952,2025-12-14,ST,BCT,2025-12-15 00:53:00,2025-12-15 00:53:00,2025-12-15 03:27:00,154.3,154.3,125.0,100.0,224.6
12004,2025-12-14,NDLS,GZB,2025-12-14 05:34:00,2025-12-14 05:34:00,2025-12-14 06:16:00,42.1,42.1,1150.0,920.0,955.5
12004,2025-12-14,GZB,ALJN,2025-12-14 09:20:00,2025-12-14 09:20:00,2025-12-14 10:05:00,45.1,45.1,920.0,736.0,809.0
12004,2025-12-14,ALJN,TDL,2025-12-14 13:09:00,2025-12-14 13:09:00,2025-12-14 14:11:00,62.9,62.9,690.0,552.0,619.4
12004,2025-12-14,TDL,CNB,2025-12-14 17:15:00,2025-12-14 17:15:00,2025-12-14 18:19:00,64.5,64.5,329.2,263.4,333.1
12004,2025-12-14,CNB,LKO,2025-12-14 21:23:00,2025-12-14 21:23:00,2025-12-14 22:34:00,71.2,71.2,173.9,139.1,211.5
12626,2025-12-14,NDLS,AGC,2025-12-14 05:36:00,2025-12-14 05:36:00,2025-12-14 06:07:00,32.0,32.0,1150.0,920.0,944.2
12626,2025-12-14,AGC,VGLJ,2025-12-14 09:11:00,2025-12-14 09:11:00,2025-12-14 10:04:00,53.6,53.6,920.0,736.0,798.0
12626,2025-12-14,VGLJ,BPL,2025-12-14 13:08:00,2025-12-14 13:08:00,2025-12-14 14:11:00,63.2,63.2,690.0,552.0,617.9
12626,2025-12-14,BPL,NGP,2025-12-14 17:15:00,2025-12-14 17:15:00,2025-12-14 18:36:00,81.5,81.5,277.4,221.9,304.2
12626,2025-12-14,NGP,MAS,2025-12-14 21:40:00,2025-12-14 21:40:00,2025-12-14 23:07:00,87.7,87.7,170.2,136.2,203.7
12424,2025-12-14,NDLS,CNB,2025-12-14 05:50:00,2025-12-14 05:50:00,2025-12-14 06:23:00,33.9,33.9,1150.0,920.0,970.0
12424,2025-12-14,CNB,PRYJ,2025-12-14 09:27:00,2025-12-14 09:27:00,2025-12-14 10:02:00,35.4,35.4,920.0,736.0,777.8
12424,2025-12-14,PRYJ,DDU,2025-12-14 13:06:00,2025-12-14 13:06:00,2025-12-14 13:54:00,48.3,48.3,690.0,552.0,608.0
12424,2025-12-14,DDU,PPTA,2025-12-14 16:58:00,2025-12-14 16:58:00,2025-12-14 17:51:00,53.5,53.5,369.9,295.9,372.6
12424,2025-12-14,PPTA,GHY,2025-12-14 20:55:00,2025-12-14 20:55:00,2025-12-14 21:49:00,54.1,54.1,59.4,47.5,96.8
12260,2025-12-14,NDLS,CNB,2025-12-14 05:46:00,2025-12-14 05:46:00,2025-12-14 05:57:00,11.9,11.9,1150.0,920.0,955.4
12260,2025-12-14,CNB,PRYJ,2025-12-14 09:47:00,2025-12-14 09:47:00,2025-12-14 10:20:00,33.8,33.8,862.5,690.0,735.2
12260,2025-12-14,PRYJ,DDU,2025-12-14 14:10:00,2025-12-14 14:10:00,2025-12-14 14:50:00,41.0,41.0,233.3,186.6,232.8
12260,2025-12-14,DDU,HWH,2025-12-14 18:40:00,2025-12-14 18:40:00,2025-12-14 20:19:00,99.2,99.2,98.3,78.6,192.3
12926,2025-12-14,BCT,BRC,2025-12-14 06:05:00,2025-12-14 06:05:00,2025-12-14 06:05:00,0.0,0.0,1150.0,920.0,930.9
12926,2025-12-14,BRC,RTM,2025-12-14 09:09:00,2025-12-14 09:09:00,2025-12-14 09:19:00,10.4,10.4,920.0,736.0,763.2
12926,2025-12-14,RTM,KOTA,2025-12-14 12:23:00,2025-12-14 12:23:00,2025-12-14 12:35:00,12.4,12.4,690.0,552.0,564.9
12926,2025-12-14,KOTA,NDLS,2025-12-14 15:39:00,2025-12-14 15:39:00,2025-12-14 16:06:00,27.5,27.5,469.0,375.2,405.9
12926,2025-12-14,NDLS,ASR,2025-12-14 19:10:00,2025-12-14 19:10:00,2025-12-14 19:50:00,40.8,40.8,162.1,129.7,180.1
12627,2025-12-14,SBC,DMM,2025-12-14 05:36:00,2025-12-14 05:36:00,2025-12-14 05:45:00,9.9,9.9,1150.0,920.0,940.2
12627,2025-12-14,DMM,GTL,2025-12-14 08:49:00,2025-12-14 08:49:00,2025-12-14 09:08:00,19.4,19.4,920.0,736.0,764.2
12627,2025-12-14,GTL,SC,2025-12-14 12:12:00,2025-12-14 12:12:00,2025-12-14 12:34:00,22.8,22.8,690.0,552.0,596.2
12627,2025-12-14,SC,NGP,2025-12-14 15:38:00,2025-12-14 15:38:00,2025-12-14 16:48:00,70.9,70.9,529.5,423.6,503.0
12627,2025-12-14,NGP,NDLS,2025-12-14 19:52:00,2025-12-14 19:52:00,2025-12-14 21:16:00,84.0,84.0,155.0,124.0,209.2
12301,2025-12-15,NDLS,CNB,2025-12-15 06:09:00,2025-12-15 06:09:00,2025-12-15 06:16:00,7.2,7.2,1150.0,920.0,942.9
12301,2025-12-15,CNB,PRYJ,2025-12-15 09:20:00,2025-12-15 09:20:00,2025-12-15 09:41:00,21.1,21.1,920.0,736.0,768.4
12301,2025-12-15,PRYJ,DDU,2025-12-15 12:45:00,2025-12-15 12:45:00,2025-12-15 13:13:00,28.9,28.9,690.0,552.0,582.3
12301,2025-12-15,DDU,GKP,2025-12-15 16:17:00,2025-12-15 16:17:00,2025-12-15 16:59:00,42.5,42.5,328.3,262.6,316.6
12301,2025-12-15,GKP,HWH,2025-12-15 20:03:00,2025-12-15 20:03:00,2025-12-15 20:46:00,43.3,43.3,152.3,121.8,169.7
12302,2025-12-15,HWH,GKP,2025-12-15 05:50:00,2025-12-15 05:50:00,2025-12-15 06:22:00,32.8,32.8,1150.0,920.0,972.8
12302,2025-12-15,GKP,DDU,2025-12-15 09:26:00,2025-12-15 09:26:00,2025-12-15 10:03:00,37.5,37.5,920.0,736.0,790.0
12302,2025-12-15,DDU,PRYJ,2025-12-15 13:07:00,2025-12-15 13:07:00,2025-12-15 13:54:00,47.8,47.8,690.0,552.0,616.4
12302,2025-12-15,PRYJ,CNB,2025-12-15 16:58:00,2025-12-15 16:58:00,2025-12-15 17:55:00,57.1,57.1,327.6,262.1,322.3
12302,2025-12-15,CNB,NDLS,2025-12-15 20:59:00,2025-12-15 20:59:00,2025-12-15 21:59:00,60.6,60.6,60.6,48.5,112.2
12951,2025-12-15,BCT,ST,2025-12-15 06:34:00,2025-12-15 06:34:00,2025-12-15 06:48:00,14.0,14.0,1150.0,920.0,946.4
12951,2025-12-15,ST,BRC,2025-12-15 09:52:00,2025-12-15 09:52:00,2025-12-15 10:05:00,13.5,13.5,920.0,736.0,761.8
12951,2025-12-15,BRC,RTM,2025-12-15 13:09:00,2025-12-15 13:09:00,2025-12-15 14:32:00,83.5,83.5,690.0,552.0,644.5
12951,2025-12-15,RTM,KOTA,2025-12-15 17:36:00,2025-12-15 17:36:00,2025-12-15 19:38:00,122.7,122.7,385.3,308.2,415.7
12951,2025-12-15,KOTA,NDLS,2025-12-15 22:42:00,2025-12-15 22:42:00,2025-12-16 01:45:00,183.4,183.4,148.7,119.0,299.6
12952,2025-12-15,NDLS,KOTA,2025-12-15 06:42:00,2025-12-15 06:42:00,2025-12-15 07:41:00,59.1,59.1,1150.0,920.0,984.2
12952,2025-12-15,KOTA,RTM,2025-12-15 10:45:00,2025-12-15 10:45:00,2025-12-15 11:46:00,61.3,61.3,920.0,736.0,801.1
12952,2025-12-15,RTM,BRC,2025-12-15 14:50:00,2025-12-15 14:50:00,2025-12-15 15:52:00,62.4,62.4,690.0,552.0,616.0
12952,2025-12-15,BRC,ST,2025-12-15 18:56:00,2025-12-15 18:56:00,2025-12-15 19:57:00,61.0,61.0,313.4,250.7,314.9
12952,2025-12-15,ST,BCT,2025-12-15 23:01:00,2025-12-15 23:01:00,2025-12-16 00:16:00,75.1,75.1,161.4,129.1,200.2
12004,2025-12-15,NDLS,GZB,2025-12-15 05:57:00,2025-12-15 05:57:00,2025-12-15 07:21:00,84.4,84.4,1150.0,920.0,999.6
12004,2025-12-15,GZB,ALJN,2025-12-15 10:25:00,2025-12-15 10:25:00,2025-12-15 11:54:00,89.6,89.6,920.0,736.0,815.5
12004,2025-12-15,ALJN,TDL,2025-12-15 14:58:00,2025-12-15 14:58:00,2025-12-15 16:44:00,106.1,106.1,690.0,552.0,642.7
12004,2025-12-15,TDL,CNB,2025-12-15 19:48:00,2025-12-15 19:48:00,2025-12-15 21:42:00,114.0,114.0,321.8,257.4,372.5
12004,2025-12-15,CNB,LKO,2025-12-16 00:46:00,2025-12-16 00:46:00,2025-12-16 02:38:00,112.5,112.5,96.9,77.5,190.2
12626,2025-12-15,NDLS,AGC,2025-12-15 05:34:00,2025-12-15 05:34:00,2025-12-15 07:04:00,90.5,90.5,1150.0,920.0,999.6
12626,2025-12-15,AGC,VGLJ,2025-12-15 10:08:00,2025-12-15 10:08:00,2025-12-15 11:51:00,103.9,103.9,920.0,736.0,837.0
12626,2025-12-15,VGLJ,BPL,2025-12-15 14:55:00,2025-12-15 14:55:00,2025-12-15 16:48:00,113.2,113.2,690.0,552.0,656.8
12626,2025-12-15,BPL,NGP,2025-12-15 19:52:00,2025-12-15 19:52:00,2025-12-15 21:52:00,120.5,120.5,360.7,288.6,406.9
12626,2025-12-15,NGP,MAS,2025-12-16 00:56:00,2025-12-16 00:56:00,2025-12-16 03:07:00,131.2,131.2,79.1,63.3,199.3
12424,2025-12-15,NDLS,CNB,2025-12-15 06:41:00,2025-12-15 06:41:00,2025-12-15 06:43:00,2.6,2.6,1150.0,920.0,924.5
12424,2025-12-15,CNB,PRYJ,2025-12-15 09:47:00,2025-12-15 09:47:00,2025-12-15 10:00:00,13.6,13.6,920.0,736.0,762.6
12424,2025-12-15,PRYJ,DDU,2025-12-15 13:04:00,2025-12-15 13:04:00,2025-12-15 13:19:00,15.0,15.0,690.0,552.0,561.1
12424,2025-12-15,DDU,PPTA,2025-12-15 16:23:00,2025-12-15 16:23:00,2025-12-15 17:06:00,43.9,43.9,421.1,336.9,378.6
12424,2025-12-15,PPTA,GHY,2025-12-15 20:10:00,2025-12-15 20:10:00,2025-12-15 21:51:00,101.4,101.4,84.8,67.8,149.7
12260,2025-12-15,NDLS,CNB,2025-12-15 06:15:00,2025-12-15 06:15:00,2025-12-15 06:21:00,6.9,6.9,1150.0,920.0,943.9
12260,2025-12-15,CNB,PRYJ,2025-12-15 10:11:00,2025-12-15 10:11:00,2025-12-15 10:18:00,7.2,7.2,862.5,690.0,711.5
12260,2025-12-15,PRYJ,DDU,2025-12-15 14:08:00,2025-12-15 14:08:00,2025-12-15 14:15:00,7.1,7.1,366.0,292.8,307.1
12260,2025-12-15,DDU,HWH,2025-12-15 18:05:00,2025-12-15 18:05:00,2025-12-15 18:16:00,11.4,11.4,177.4,141.9,161.2
12926,2025-12-15,BCT,BRC,2025-12-15 06:04:00,2025-12-15 06:04:00,2025-12-15 06:43:00,39.9,39.9,1150.0,920.0,969.8
12926,2025-12-15,BRC,RTM,2025-12-15 09:47:00,2025-12-15 09:47:00,2025-12-15 11:14:00,87.4,87.4,920.0,736.0,838.8
12926,2025-12-15,RTM,KOTA,2025-12-15 14:18:00,2025-12-15 14:18:00,2025-12-15 15:59:00,101.3,101.3,690.0,552.0,646.7
12926,2025-12-15,KOTA,NDLS,2025-12-15 19:03:00,2025-12-15 19:03:00,2025-12-15 20:46:00,103.7,103.7,468.0,374.4,473.4
12926,2025-12-15,NDLS,ASR,2025-12-15 23:50:00,2025-12-15 23:50:00,2025-12-16 01:49:00,119.5,119.5,58.9,47.1,163.5
12627,2025-12-15,SBC,DMM,2025-12-15 06:24:00,2025-12-15 06:24:00,2025-12-15 06:27:00,3.1,3.1,1150.0,920.0,916.7
12627,2025-12-15,DMM,GTL,2025-12-15 09:31:00,2025-12-15 09:31:00,2025-12-15 09:31:00,0.0,0.0,920.0,736.0,748.6
12627,2025-12-15,GTL,SC,2025-12-15 12:35:00,2025-12-15 12:35:00,2025-12-15 12:38:00,3.2,3.2,690.0,552.0,559.8
12627,2025-12-15,SC,NGP,2025-12-15 15:42:00,2025-12-15 15:42:00,2025-12-15 15:42:00,0.9,0.9,436.9,349.5,384.7
12627,2025-12-15,NGP,NDLS,2025-12-15 18:46:00,2025-12-15 18:46:00,2025-12-15 18:46:00,0.0,0.0,176.0,140.8,149.6
12301,2025-12-16,NDLS,CNB,2025-12-16 06:43:00,2025-12-16 06:43:00,2025-12-16 07:04:00,21.4,21.4,1150.0,920.0,950.6
12301,2025-12-16,CNB,PRYJ,2025-12-16 10:08:00,2025-12-16 10:08:00,2025-12-16 10:33:00,25.6,25.6,920.0,736.0,754.2
12301,2025-12-16,PRYJ,DDU,2025-12-16 13:37:00,2025-12-16 13:37:00,2025-12-16 15:11:00,94.9,94.9,690.0,552.0,647.5
12301,2025-12-16,DDU,GKP,2025-12-16 18:15:00,2025-12-16 18:15:00,2025-12-16 20:56:00,161.2,161.2,414.7,331.8,489.9
12301,2025-12-16,GKP,HWH,2025-12-17 00:00:00,2025-12-17 00:00:00,2025-12-17 02:43:00,163.9,163.9,123.0,98.4,245.7
12302,2025-12-16,HWH,GKP,2025-12-16 06:06:00,2025-12-16 06:06:00,2025-12-16 06:55:00,49.2,49.2,1150.0,920.0,970.4
12302,2025-12-16,GKP,DDU,2025-12-16 09:59:00,2025-12-16 09:59:00,2025-12-16 11:03:00,64.2,64.2,920.0,736.0,805.9
12302,2025-12-16,DDU,PRYJ,2025-12-16 14:07:00,2025-12-16 14:07:00,2025-12-16 15:10:00,63.8,63.8,690.0,552.0,626.2
12302,2025-12-16,PRYJ,CNB,2025-12-16 18:14:00,2025-12-16 18:14:00,2025-12-16 19:27:00,73.9,73.9,455.0,364.0,444.4
12302,2025-12-16,CNB,NDLS,2025-12-16 22:31:00,2025-12-16 22:31:00,2025-12-17 00:02:00,91.2,91.2,137.5,110.0,195.0
12951,2025-12-16,BCT,ST,2025-12-16 05:50:00,2025-12-16 05:50:00,2025-12-16 06:07:00,17.3,17.3,1150.0,920.0,945.8
12951,2025-12-16,ST,BRC,2025-12-16 09:11:00,2025-12-16 09:11:00,2025-12-16 09:34:00,24.0,24.0,920.0,736.0,784.7
12951,2025-12-16,BRC,RTM,2025-12-16 12:38:00,2025-12-16 12:38:00,2025-12-16 13:43:00,65.4,65.4,690.0,552.0,617.9
12951,2025-12-16,RTM,KOTA,2025-12-16 16:47:00,2025-12-16 16:47:00,2025-12-16 17:56:00,69.2,69.2,383.3,306.6,387.5
12951,2025-12-16,KOTA,NDLS,2025-12-16 21:00:00,2025-12-16 21:00:00,2025-12-16 22:17:00,77.1,77.1,101.1,80.9,154.4
12952,2025-12-16,NDLS,KOTA,2025-12-16 06:51:00,2025-12-16 06:51:00,2025-12-16 07:28:00,37.2,37.2,1150.0,920.0,985.5
12952,2025-12-16,KOTA,RTM,2025-12-16 10:32:00,2025-12-16 10:32:00,2025-12-16 11:08:00,36.7,36.7,920.0,736.0,765.8
12952,2025-12-16,RTM,BRC,2025-12-16 14:12:00,2025-12-16 14:12:00,2025-12-16 15:04:00,52.7,52.7,690.0,552.0,609.5
12952,2025-12-16,BRC,ST,2025-12-16 18:08:00,2025-12-16 18:08:00,2025-12-16 19:12:00,64.4,64.4,527.2,421.8,487.3
12952,2025-12-16,ST,BCT,2025-12-16 22:16:00,2025-12-16 22:16:00,2025-12-16 23:26:00,70.4,70.4,100.9,80.7,148.5
12004,2025-12-16,NDLS,GZB,2025-12-16 06:01:00,2025-12-16 06:01:00,2025-12-16 06:43:00,42.3,42.3,1150.0,920.0,958.6
12004,2025-12-16,GZB,ALJN,2025-12-16 09:47:00,2025-12-16 09:47:00,2025-12-16 10:41:00,54.3,54.3,920.0,736.0,805.1
12004,2025-12-16,ALJN,TDL,2025-12-16 13:45:00,2025-12-16 13:45:00,2025-12-16 14:49:00,64.7,64.7,690.0,552.0,607.0
12004,2025-12-16,TDL,CNB,2025-12-16 17:53:00,2025-12-16 17:53:00,2025-12-16 19:00:00,67.0,67.0,380.7,304.6,370.5
12004,2025-12-16,CNB,LKO,2025-12-16 22:04:00,2025-12-16 22:04:00,2025-12-16 23:30:00,86.7,86.7,78.1,62.5,136.0
12626,2025-12-16,NDLS,AGC,2025-12-16 06:23:00,2025-12-16 06:23:00,2025-12-16 07:12:00,49.4,49.4,1150.0,920.0,965.6
12626,2025-12-16,AGC,VGLJ,2025-12-16 10:16:00,2025-12-16 10:16:00,2025-12-16 11:08:00,52.9,52.9,920.0,736.0,791.6
12626,2025-12-16,VGLJ,BPL,2025-12-16 14:12:00,2025-12-16 14:12:00,2025-12-16 15:27:00,75.6,75.6,690.0,552.0,618.0
12626,2025-12-16,BPL,NGP,2025-12-16 18:31:00,2025-12-16 18:31:00,2025-12-16 19:58:00,87.6,87.6,388.0,310.4,390.1
12626,2025-12-16,NGP,MAS,2025-12-16 23:02:00,2025-12-16 23:02:00,2025-12-17 00:30:00,88.3,88.3,173.2,138.6,239.9
12424,2025-12-16,NDLS,CNB,2025-12-16 06:26:00,2025-12-16 06:26:00,2025-12-16 07:43:00,77.2,77.2,1150.0,920.0,1010.1
12424,2025-12-16,CNB,PRYJ,2025-12-16 10:47:00,2025-12-16 10:47:00,2025-12-16 12:08:00,82.0,82.0,920.0,736.0,835.7
12424,2025-12-16,PRYJ,DDU,2025-12-16 15:12:00,2025-12-16 15:12:00,2025-12-16 16:30:00,78.6,78.6,690.0,552.0,633.9
12424,2025-12-16,DDU,PPTA,2025-12-16 19:34:00,2025-12-16 19:34:00,2025-12-16 20:56:00,82.1,82.1,251.9,201.5,290.3
12424,2025-12-16,PPTA,GHY,2025-12-17 00:00:00,2025-12-17 00:00:00,2025-12-17 01:25:00,85.8,85.8,110.8,88.6,176.8
12260,2025-12-16,NDLS,CNB,2025-12-16 06:48:00,2025-12-16 06:48:00,2025-12-16 06:49:00,1.6,1.6,1150.0,920.0,941.9
12260,2025-12-16,CNB,PRYJ,2025-12-16 10:39:00,2025-12-16 10:39:00,2025-12-16 10:47:00,8.0,8.0,862.5,690.0,715.4
12260,2025-12-16,PRYJ,DDU,2025-12-16 14:37:00,2025-12-16 14:37:00,2025-12-16 15:03:00,26.8,26.8,330.5,264.4,310.1
12260,2025-12-16,DDU,HWH,2025-12-16 18:53:00,2025-12-16 18:53:00,2025-12-16 19:34:00,41.7,41.7,162.8,130.2,185.3
12926,2025-12-16,BCT,BRC,2025-12-16 05:58:00,2025-12-16 05:58:00,2025-12-16 07:16:00,78.9,78.9,1150.0,920.0,995.2
12926,2025-12-16,BRC,RTM,2025-12-16 10:20:00,2025-12-16 10:20:00,2025-12-16 11:34:00,74.7,74.7,920.0,736.0,815.9
12926,2025-12-16,RTM,KOTA,2025-12-16 14:38:00,2025-12-16 14:38:00,2025-12-16 16:00:00,82.8,82.8,690.0,552.0,630.1
12926,2025-12-16,KOTA,NDLS,2025-12-16 19:04:00,2025-12-16 19:04:00,2025-12-16 20:28:00,84.7,84.7,413.6,330.9,416.9
12926,2025-12-16,NDLS,ASR,2025-12-16 23:32:00,2025-12-16 23:32:00,2025-12-17 01:27:00,115.5,115.5,96.8,77.4,189.5
12627,2025-12-16,SBC,DMM,2025-12-16 05:40:00,2025-12-16 05:40:00,2025-12-16 05:57:00,17.4,17.4,1150.0,920.0,938.3
12627,2025-12-16,DMM,GTL,2025-12-16 09:01:00,2025-12-16 09:01:00,2025-12-16 09:27:00,26.9,26.9,920.0,736.0,761.7
12627,2025-12-16,GTL,SC,2025-12-16 12:31:00,2025-12-16 12:31:00,2025-12-16 14:07:00,96.6,96.6,690.0,552.0,639.1
12627,2025-12-16,SC,NGP,2025-12-16 17:11:00,2025-12-16 17:11:00,2025-12-16 18:44:00,93.7,93.7,478.1,382.5,485.8
12627,2025-12-16,NGP,NDLS,2025-12-16 21:48:00,2025-12-16 21:48:00,2025-12-16 23:36:00,108.8,108.8,171.4,137.1,233.0
12301,2025-12-17,NDLS,CNB,2025-12-17 05:30:00,2025-12-17 05:30:00,2025-12-17 07:13:00,103.6,103.6,1150.0,920.0,1007.4
12301,2025-12-17,CNB,PRYJ,2025-12-17 10:17:00,2025-12-17 10:17:00,2025-12-17 12:15:00,118.1,118.1,920.0,736.0,847.5
12301,2025-12-17,PRYJ,DDU,2025-12-17 15:19:00,2025-12-17 15:19:00,2025-12-17 17:26:00,127.0,127.0,690.0,552.0,661.3
12301,2025-12-17,DDU,GKP,2025-12-17 20:30:00,2025-12-17 20:30:00,2025-12-17 22:57:00,147.7,147.7,374.4,299.5,444.0
12301,2025-12-17,GKP,HWH,2025-12-18 02:01:00,2025-12-18 02:01:00,2025-12-18 04:35:00,154.7,154.7,86.6,69.3,221.9
12302,2025-12-17,HWH,GKP,2025-12-17 06:06:00,2025-12-17 06:06:00,2025-12-17 06:06:00,0.6,0.6,1150.0,920.0,925.9
12302,2025-12-17,GKP,DDU,2025-12-17 09:10:00,2025-12-17 09:10:00,2025-12-17 09:13:00,3.6,3.6,920.0,736.0,754.3
12302,2025-12-17,DDU,PRYJ,2025-12-17 12:17:00,2025-12-17 12:17:00,2025-12-17 13:29:00,72.6,72.6,690.0,552.0,620.8
12302,2025-12-17,PRYJ,CNB,2025-12-17 16:33:00,2025-12-17 16:33:00,2025-12-17 17:34:00,61.4,61.4,345.7,276.6,354.9
12302,2025-12-17,CNB,NDLS,2025-12-17 20:38:00,2025-12-17 20:38:00,2025-12-17 21:33:00,55.2,55.2,86.2,69.0,111.2
12951,2025-12-17,BCT,ST,2025-12-17 06:49:00,2025-12-17 06:49:00,2025-12-17 07:08:00,19.2,19.2,1150.0,920.0,944.9
12951,2025-12-17,ST,BRC,2025-12-17 10:12:00,2025-12-17 10:12:00,2025-12-17 10:36:00,24.5,24.5,920.0,736.0,777.3
12951,2025-12-17,BRC,RTM,2025-12-17 13:40:00,2025-12-17 13:40:00,2025-12-17 14:13:00,33.0,33.0,690.0,552.0,589.5
12951,2025-12-17,RTM,KOTA,2025-12-17 17:17:00,2025-12-17 17:17:00,2025-12-17 17:56:00,39.5,39.5,427.4,341.9,394.8
12951,2025-12-17,KOTA,NDLS,2025-12-17 21:00:00,2025-12-17 21:00:00,2025-12-17 21:47:00,47.2,47.2,169.9,135.9,192.7
12952,2025-12-17,NDLS,KOTA,2025-12-17 05:45:00,2025-12-17 05:45:00,2025-12-17 07:00:00,75.5,75.5,1150.0,920.0,992.5
12952,2025-12-17,KOTA,RTM,2025-12-17 10:04:00,2025-12-17 10:04:00,2025-12-17 11:26:00,82.0,82.0,920.0,736.0,800.2
12952,2025-12-17,RTM,BRC,2025-12-17 14:30:00,2025-12-17 14:30:00,2025-12-17 16:09:00,99.1,99.1,690.0,552.0,657.5
12952,2025-12-17,BRC,ST,2025-12-17 19:13:00,2025-12-17 19:13:00,2025-12-17 21:40:00,147.5,147.5,478.9,383.1,541.3
12952,2025-12-17,ST,BCT,2025-12-18 00:44:00,2025-12-18 00:44:00,2025-12-18 03:17:00,153.8,153.8,145.8,116.6,257.2
12004,2025-12-17,NDLS,GZB,2025-12-17 06:20:00,2025-12-17 06:20:00,2025-12-17 06:41:00,21.6,21.6,1150.0,920.0,964.7
12004,2025-12-17,GZB,ALJN,2025-12-17 09:45:00,2025-12-17 09:45:00,2025-12-17 10:28:00,43.8,43.8,920.0,736.0,790.6
12004,2025-12-17,ALJN,TDL,2025-12-17 13:32:00,2025-12-17 13:32:00,2025-12-17 14:29:00,57.3,57.3,690.0,552.0,631.3
12004,2025-12-17,TDL,CNB,2025-12-17 17:33:00,2025-12-17 17:33:00,2025-12-17 18:53:00,80.4,80.4,226.3,181.0,257.3
12004,2025-12-17,CNB,LKO,2025-12-17 21:57:00,2025-12-17 21:57:00,2025-12-17 23:28:00,91.1,91.1,156.0,124.8,222.1
12626,2025-12-17,NDLS,AGC,2025-12-17 06:59:00,2025-12-17 06:59:00,2025-12-17 07:05:00,6.3,6.3,1150.0,920.0,942.0
12626,2025-12-17,AGC,VGLJ,2025-12-17 10:09:00,2025-12-17 10:09:00,2025-12-17 10:23:00,14.8,14.8,920.0,736.0,783.9
12626,2025-12-17,VGLJ,BPL,2025-12-17 13:27:00,2025-12-17 13:27:00,2025-12-17 13:47:00,20.3,20.3,690.0,552.0,591.4
12626,2025-12-17,BPL,NGP,2025-12-17 16:51:00,2025-12-17 16:51:00,2025-12-17 17:17:00,26.8,26.8,269.5,215.6,255.0
12626,2025-12-17,NGP,MAS,2025-12-17 20:21:00,2025-12-17 20:21:00,2025-12-17 21:08:00,47.1,47.1,143.1,114.5,172.1
12424,2025-12-17,NDLS,CNB,2025-12-17 05:52:00,2025-12-17 05:52:00,2025-12-17 06:16:00,24.4,24.4,1150.0,920.0,952.8
12424,2025-12-17,CNB,PRYJ,2025-12-17 09:20:00,2025-12-17 09:20:00,2025-12-17 09:49:00,29.1,29.1,920.0,736.0,785.0
12424,2025-12-17,PRYJ,DDU,2025-12-17 12:53:00,2025-12-17 12:53:00,2025-12-17 13:26:00,33.2,33.2,690.0,552.0,602.5
12424,2025-12-17,DDU,PPTA,2025-12-17 16:30:00,2025-12-17 16:30:00,2025-12-17 17:10:00,40.8,40.8,245.9,196.7,254.8
12424,2025-12-17,PPTA,GHY,2025-12-17 20:14:00,2025-12-17 20:14:00,2025-12-17 21:52:00,98.9,98.9,140.7,112.6,201.4
12260,2025-12-17,NDLS,CNB,2025-12-17 06:08:00,2025-12-17 06:08:00,2025-12-17 06:22:00,14.4,14.4,1150.0,920.0,952.3
12260,2025-12-17,CNB,PRYJ,2025-12-17 10:12:00,2025-12-17 10:12:00,2025-12-17 10:34:00,22.1,22.1,862.5,690.0,705.5
12260,2025-12-17,PRYJ,DDU,2025-12-17 14:24:00,2025-12-17 14:24:00,2025-12-17 14:55:00,31.0,31.0,234.2,187.4,224.1
12260,2025-12-17,DDU,HWH,2025-12-17 18:45:00,2025-12-17 18:45:00,2025-12-17 19:18:00,33.7,33.7,59.4,47.5,84.9
12926,2025-12-17,BCT,BRC,2025-12-17 06:54:00,2025-12-17 06:54:00,2025-12-17 07:08:00,14.0,14.0,1150.0,920.0,934.3
12926,2025-12-17,BRC,RTM,2025-12-17 10:12:00,2025-12-17 10:12:00,2025-12-17 10:34:00,22.5,22.5,920.0,736.0,773.2
12926,2025-12-17,RTM,KOTA,2025-12-17 13:38:00,2025-12-17 13:38:00,2025-12-17 14:12:00,34.0,34.0,690.0,552.0,590.8
12926,2025-12-17,KOTA,NDLS,2025-12-17 17:16:00,2025-12-17 17:16:00,2025-12-17 18:45:00,90.0,90.0,291.7,233.4,306.7
12926,2025-12-17,NDLS,ASR,2025-12-17 21:49:00,2025-12-17 21:49:00,2025-12-17 23:26:00,97.8,97.8,141.9,113.5,214.1
12627,2025-12-17,SBC,DMM,2025-12-17 06:04:00,2025-12-17 06:04:00,2025-12-17 07:15:00,71.1,71.1,1150.0,920.0,988.9
12627,2025-12-17,DMM,GTL,2025-12-17 10:19:00,2025-12-17 10:19:00,2025-12-17 11:45:00,86.2,86.2,920.0,736.0,839.3
12627,2025-12-17,GTL,SC,2025-12-17 14:49:00,2025-12-17 14:49:00,2025-12-17 16:18:00,89.9,89.9,690.0,552.0,646.8
12627,2025-12-17,SC,NGP,2025-12-17 19:22:00,2025-12-17 19:22:00,2025-12-17 21:06:00,104.5,104.5,312.0,249.6,338.5
12627,2025-12-17,NGP,NDLS,2025-12-18 00:10:00,2025-12-18 00:10:00,2025-12-18 02:32:00,143.0,143.0,95.7,76.6,188.9
12301,2025-12-18,NDLS,CNB,2025-12-18 05:51:00,2025-12-18 05:51:00,2025-12-18 05:54:00,3.4,3.4,1150.0,920.0,944.9
12301,2025-12-18,CNB,PRYJ,2025-12-18 08:58:00,2025-12-18 08:58:00,2025-12-18 09:03:00,5.8,5.8,920.0,736.0,760.6
12301,2025-12-18,PRYJ,DDU,2025-12-18 12:07:00,2025-12-18 12:07:00,2025-12-18 12:18:00,11.6,11.6,690.0,552.0,587.3
12301,2025-12-18,DDU,GKP,2025-12-18 15:22:00,2025-12-18 15:22:00,2025-12-18 15:39:00,17.1,17.1,284.2,227.4,237.2
12301,2025-12-18,GKP,HWH,2025-12-18 18:43:00,2025-12-18 18:43:00,2025-12-18 19:06:00,23.3,23.3,151.7,121.4,152.2
12302,2025-12-18,HWH,GKP,2025-12-18 06:07:00,2025-12-18 06:07:00,2025-12-18 06:54:00,47.1,47.1,1150.0,920.0,974.5
12302,2025-12-18,GKP,DDU,2025-12-18 09:58:00,2025-12-18 09:58:00,2025-12-18 10:52:00,54.3,54.3,920.0,736.0,777.9
12302,2025-12-18,DDU,PRYJ,2025-12-18 13:56:00,2025-12-18 13:56:00,2025-12-18 15:14:00,78.8,78.8,690.0,552.0,631.6
12302,2025-12-18,PRYJ,CNB,2025-12-18 18:18:00,2025-12-18 18:18:00,2025-12-18 19:48:00,90.1,90.1,484.8,387.8,460.8
12302,2025-12-18,CNB,NDLS,2025-12-18 22:52:00,2025-12-18 22:52:00,2025-12-19 00:31:00,99.5,99.5,116.9,93.5,190.8
12951,2025-12-18,BCT,ST,2025-12-18 05:49:00,2025-12-18 05:49:00,2025-12-18 06:22:00,33.5,33.5,1150.0,920.0,962.7
12951,2025-12-18,ST,BRC,2025-12-18 09:26:00,2025-12-18 09:26:00,2025-12-18 10:49:00,83.5,83.5,920.0,736.0,815.7
12951,2025-12-18,BRC,RTM,2025-12-18 13:53:00,2025-12-18 13:53:00,2025-12-18 15:24:00,91.2,91.2,690.0,552.0,635.4
12951,2025-12-18,RTM,KOTA,2025-12-18 18:28:00,2025-12-18 18:28:00,2025-12-18 20:11:00,103.2,103.2,349.9,279.9,373.5
12951,2025-12-18,KOTA,NDLS,2025-12-18 23:15:00,2025-12-18 23:15:00,2025-12-19 01:05:00,110.8,110.8,138.5,110.8,207.0
12952,2025-12-18,NDLS,KOTA,2025-12-18 05:33:00,2025-12-18 05:33:00,2025-12-18 07:23:00,110.2,110.2,1150.0,920.0,1025.5
12952,2025-12-18,KOTA,RTM,2025-12-18 10:27:00,2025-12-18 10:27:00,2025-12-18 12:14:00,107.7,107.7,920.0,736.0,838.4
12952,2025-12-18,RTM,BRC,2025-12-18 15:18:00,2025-12-18 15:18:00,2025-12-18 17:35:00,137.5,137.5,690.0,552.0,691.6
12952,2025-12-18,BRC,ST,2025-12-18 20:39:00,2025-12-18 20:39:00,2025-12-18 23:03:00,144.4,144.4,459.4,367.5,496.0
12952,2025-12-18,ST,BCT,2025-12-19 02:07:00,2025-12-19 02:07:00,2025-12-19 05:09:00,182.6,182.6,70.0,56.0,204.1
12004,2025-12-18,NDLS,GZB,2025-12-18 06:54:00,2025-12-18 06:54:00,2025-12-18 06:58:00,4.1,4.1,1150.0,920.0,927.6
12004,2025-12-18,GZB,ALJN,2025-12-18 10:02:00,2025-12-18 10:02:00,2025-12-18 10:09:00,7.4,7.4,920.0,736.0,764.6
12004,2025-12-18,ALJN,TDL,2025-12-18 13:13:00,2025-12-18 13:13:00,2025-12-18 14:05:00,52.9,52.9,690.0,552.0,617.2
12004,2025-12-18,TDL,CNB,2025-12-18 17:09:00,2025-12-18 17:09:00,2025-12-18 18:08:00,59.1,59.1,412.9,330.3,396.5
12004,2025-12-18,CNB,LKO,2025-12-18 21:12:00,2025-12-18 21:12:00,2025-12-18 22:17:00,65.1,65.1,72.4,57.9,125.7
12626,2025-12-18,NDLS,AGC,2025-12-18 06:24:00,2025-12-18 06:24:00,2025-12-18 07:01:00,37.3,37.3,1150.0,920.0,965.5
12626,2025-12-18,AGC,VGLJ,2025-12-18 10:05:00,2025-12-18 10:05:00,2025-12-18 10:46:00,41.3,41.3,920.0,736.0,795.5
12626,2025-12-18,VGLJ,BPL,2025-12-18 13:50:00,2025-12-18 13:50:00,2025-12-18 14:30:00,40.9,40.9,690.0,552.0,605.8
12626,2025-12-18,BPL,NGP,2025-12-18 17:34:00,2025-12-18 17:34:00,2025-12-18 18:23:00,49.1,49.1,262.8,210.2,252.6
12626,2025-12-18,NGP,MAS,2025-12-18 21:27:00,2025-12-18 21:27:00,2025-12-18 23:12:00,105.4,105.4,146.2,117.0,217.4
12424,2025-12-18,NDLS,CNB,2025-12-18 06:05:00,2025-12-18 06:05:00,2025-12-18 06:44:00,39.0,39.0,1150.0,920.0,975.5
12424,2025-12-18,CNB,PRYJ,2025-12-18 09:48:00,2025-12-18 09:48:00,2025-12-18 11:21:00,93.2,93.2,920.0,736.0,815.7
12424,2025-12-18,PRYJ,DDU,2025-12-18 14:25:00,2025-12-18 14:25:00,2025-12-18 16:24:00,119.4,119.4,690.0,552.0,653.7
12424,2025-12-18,DDU,PPTA,2025-12-18 19:28:00,2025-12-18 19:28:00,2025-12-18 22:08:00,160.0,160.0,310.5,248.4,400.7
12424,2025-12-18,PPTA,GHY,2025-12-19 01:12:00,2025-12-19 01:12:00,2025-12-19 04:54:00,222.9,222.9,164.0,131.2,328.9
12260,2025-12-18,NDLS,CNB,2025-12-18 06:14:00,2025-12-18 06:14:00,2025-12-18 06:35:00,21.1,21.1,1150.0,920.0,945.0
12260,2025-12-18,CNB,PRYJ,2025-12-18 10:25:00,2025-12-18 10:25:00,2025-12-18 10:52:00,27.8,27.8,862.5,690.0,719.4
12260,2025-12-18,PRYJ,DDU,2025-12-18 14:42:00,2025-12-18 14:42:00,2025-12-18 15:21:00,39.9,39.9,288.7,231.0,275.3
12260,2025-12-18,DDU,HWH,2025-12-18 19:11:00,2025-12-18 19:11:00,2025-12-18 19:58:00,47.6,47.6,88.4,70.7,121.1
12926,2025-12-18,BCT,BRC,2025-12-18 06:56:00,2025-12-18 06:56:00,2025-12-18 07:49:00,53.8,53.8,1150.0,920.0,965.5
12926,2025-12-18,BRC,RTM,2025-12-18 10:53:00,2025-12-18 10:53:00,2025-12-18 11:47:00,54.9,54.9,920.0,736.0,780.2
12926,2025-12-18,RTM,KOTA,2025-12-18 14:51:00,2025-12-18 14:51:00,2025-12-18 16:00:00,69.5,69.5,690.0,552.0,628.1
12926,2025-12-18,KOTA,NDLS,2025-12-18 19:04:00,2025-12-18 19:04:00,2025-12-18 21:15:00,131.8,131.8,253.4,202.7,331.9
12926,2025-12-18,NDLS,ASR,2025-12-19 00:19:00,2025-12-19 00:19:00,2025-12-19 02:46:00,147.4,147.4,121.8,97.4,240.8
12627,2025-12-18,SBC,DMM,2025-12-18 06:38:00,2025-12-18 06:38:00,2025-12-18 06:39:00,1.6,1.6,1150.0,920.0,930.7
12627,2025-12-18,DMM,GTL,2025-12-18 09:43:00,2025-12-18 09:43:00,2025-12-18 09:53:00,11.0,11.0,920.0,736.0,759.9
12627,2025-12-18,GTL,SC,2025-12-18 12:57:00,2025-12-18 12:57:00,2025-12-18 13:38:00,41.7,41.7,690.0,552.0,609.7
12627,2025-12-18,SC,NGP,2025-12-18 16:42:00,2025-12-18 16:42:00,2025-12-18 17:55:00,73.2,73.2,385.4,308.3,392.1
12627,2025-12-18,NGP,NDLS,2025-12-18 20:59:00,2025-12-18 20:59:00,2025-12-18 22:23:00,84.5,84.5,74.8,59.8,157.4
12301,2025-12-19,NDLS,CNB,2025-12-19 06:44:00,2025-12-19 06:44:00,2025-12-19 06:58:00,14.9,14.9,1150.0,920.0,955.3
12301,2025-12-19,CNB,PRYJ,2025-12-19 10:02:00,2025-12-19 10:02:00,2025-12-19 11:07:00,65.3,65.3,920.0,736.0,796.2
12301,2025-12-19,PRYJ,DDU,2025-12-19 14:11:00,2025-12-19 14:11:00,2025-12-19 15:11:00,60.2,60.2,690.0,552.0,618.0
12301,2025-12-19,DDU,GKP,2025-12-19 18:15:00,2025-12-19 18:15:00,2025-12-19 19:25:00,70.1,70.1,370.3,296.2,354.9
12301,2025-12-19,GKP,HWH,2025-12-19 22:29:00,2025-12-19 22:29:00,2025-12-20 00:11:00,102.5,102.5,88.3,70.6,170.8
12302,2025-12-19,HWH,GKP,2025-12-19 05:49:00,2025-12-19 05:49:00,2025-12-19 06:16:00,27.6,27.6,1150.0,920.0,962.4
12302,2025-12-19,GKP,DDU,2025-12-19 09:20:00,2025-12-19 09:20:00,2025-12-19 09:52:00,32.3,32.3,920.0,736.0,779.1
12302,2025-12-19,DDU,PRYJ,2025-12-19 12:56:00,2025-12-19 12:56:00,2025-12-19 14:19:00,83.6,83.6,690.0,552.0,628.0
12302,2025-12-19,PRYJ,CNB,2025-12-19 17:23:00,2025-12-19 17:23:00,2025-12-19 19:38:00,135.2,135.2,465.4,372.3,493.0
12302,2025-12-19,CNB,NDLS,2025-12-19 22:42:00,2025-12-19 22:42:00,2025-12-20 01:05:00,143.1,143.1,160.2,128.2,268.1
12951,2025-12-19,BCT,ST,2025-12-19 05:56:00,2025-12-19 05:56:00,2025-12-19 06:15:00,19.1,19.1,1150.0,920.0,957.1
12951,2025-12-19,ST,BRC,2025-12-19 09:19:00,2025-12-19 09:19:00,2025-12-19 09:51:00,32.6,32.6,920.0,736.0,762.9
12951,2025-12-19,BRC,RTM,2025-12-19 12:55:00,2025-12-19 12:55:00,2025-12-19 14:19:00,84.5,84.5,690.0,552.0,639.1
12951,2025-12-19,RTM,KOTA,2025-12-19 17:23:00,2025-12-19 17:23:00,2025-12-19 19:29:00,126.7,126.7,272.9,218.3,343.3
12951,2025-12-19,KOTA,NDLS,2025-12-19 22:33:00,2025-12-19 22:33:00,2025-12-20 00:45:00,132.8,132.8,169.6,135.7,264.8
12952,2025-12-19,NDLS,KOTA,2025-12-19 06:19:00,2025-12-19 06:19:00,2025-12-19 07:01:00,42.1,42.1,1150.0,920.0,970.4
12952,2025-12-19,KOTA,RTM,2025-12-19 10:05:00,2025-12-19 10:05:00,2025-12-19 10:54:00,49.6,49.6,920.0,736.0,803.3
12952,2025-12-19,RTM,BRC,2025-12-19 13:58:00,2025-12-19 13:58:00,2025-12-19 14:52:00,54.1,54.1,690.0,552.0,621.8
12952,2025-12-19,BRC,ST,2025-12-19 17:56:00,2025-12-19 17:56:00,2025-12-19 19:20:00,84.5,84.5,254.4,203.5,296.8
12952,2025-12-19,ST,BCT,2025-12-19 22:24:00,2025-12-19 22:24:00,2025-12-20 00:00:00,96.1,96.1,136.1,108.9,213.8
12004,2025-12-19,NDLS,GZB,2025-12-19 05:53:00,2025-12-19 05:53:00,2025-12-19 06:21:00,28.1,28.1,1150.0,920.0,944.0
12004,2025-12-19,GZB,ALJN,2025-12-19 09:25:00,2025-12-19 09:25:00,2025-12-19 10:00:00,35.6,35.6,920.0,736.0,776.1
12004,2025-12-19,ALJN,TDL,2025-12-19 13:04:00,2025-12-19 13:04:00,2025-12-19 13:33:00,30.0,30.0,690.0,552.0,584.5
12004,2025-12-19,TDL,CNB,2025-12-19 16:37:00,2025-12-19 16:37:00,2025-12-19 17:52:00,75.4,75.4,310.1,248.1,328.5
12004,2025-12-19,CNB,LKO,2025-12-19 20:56:00,2025-12-19 20:56:00,2025-12-19 22:14:00,78.5,78.5,171.8,137.4,211.6
12626,2025-12-19,NDLS,AGC,2025-12-19 06:40:00,2025-12-19 06:40:00,2025-12-19 07:09:00,30.0,30.0,1150.0,920.0,974.1
12626,2025-12-19,AGC,VGLJ,2025-12-19 10:13:00,2025-12-19 10:13:00,2025-12-19 10:44:00,31.7,31.7,920.0,736.0,765.9
12626,2025-12-19,VGLJ,BPL,2025-12-19 13:48:00,2025-12-19 13:48:00,2025-12-19 14:22:00,35.0,35.0,690.0,552.0,603.9
12626,2025-12-19,BPL,NGP,2025-12-19 17:26:00,2025-12-19 17:26:00,2025-12-19 18:04:00,38.1,38.1,439.8,351.8,391.3
12626,2025-12-19,NGP,MAS,2025-12-19 21:08:00,2025-12-19 21:08:00,2025-12-19 22:11:00,63.2,63.2,98.4,78.7,159.3
12424,2025-12-19,NDLS,CNB,2025-12-19 05:32:00,2025-12-19 05:32:00,2025-12-19 06:56:00,84.8,84.8,1150.0,920.0,1001.8
12424,2025-12-19,CNB,PRYJ,2025-12-19 10:00:00,2025-12-19 10:00:00,2025-12-19 12:20:00,140.9,140.9,920.0,736.0,857.4
12424,2025-12-19,PRYJ,DDU,2025-12-19 15:24:00,2025-12-19 15:24:00,2025-12-19 18:27:00,184.0,184.0,690.0,552.0,730.8
12424,2025-12-19,DDU,PPTA,2025-12-19 21:31:00,2025-12-19 21:31:00,2025-12-20 01:44:00,253.2,253.2,459.6,367.7,594.7
12424,2025-12-19,PPTA,GHY,2025-12-20 04:48:00,2025-12-20 04:48:00,2025-12-20 09:08:00,260.7,260.7,142.1,113.7,353.4
12260,2025-12-19,NDLS,CNB,2025-12-19 06:21:00,2025-12-19 06:21:00,2025-12-19 06:30:00,9.4,9.4,1150.0,920.0,923.6
12260,2025-12-19,CNB,PRYJ,2025-12-19 10:20:00,2025-12-19 10:20:00,2025-12-19 10:41:00,21.1,21.1,862.5,690.0,722.0
12260,2025-12-19,PRYJ,DDU,2025-12-19 14:31:00,2025-12-19 14:31:00,2025-12-19 15:35:00,64.4,64.4,277.8,222.2,289.7
12260,2025-12-19,DDU,HWH,2025-12-19 19:25:00,2025-12-19 19:25:00,2025-12-19 20:58:00,93.4,93.4,77.7,62.2,154.9
12926,2025-12-19,BCT,BRC,2025-12-19 06:58:00,2025-12-19 06:58:00,2025-12-19 07:00:00,2.6,2.6,1150.0,920.0,956.5
12926,2025-12-19,BRC,RTM,2025-12-19 10:04:00,2025-12-19 10:04:00,2025-12-19 10:06:00,2.1,2.1,920.0,736.0,750.4
12926,2025-12-19,RTM,KOTA,2025-12-19 13:10:00,2025-12-19 13:10:00,2025-12-19 13:18:00,8.5,8.5,690.0,552.0,574.4
12926,2025-12-19,KOTA,NDLS,2025-12-19 16:22:00,2025-12-19 16:22:00,2025-12-19 16:33:00,11.4,11.4,280.5,224.4,250.1
12926,2025-12-19,NDLS,ASR,2025-12-19 19:37:00,2025-12-19 19:37:00,2025-12-19 20:14:00,37.4,37.4,135.2,108.2,163.6
12627,2025-12-19,SBC,DMM,2025-12-19 06:43:00,2025-12-19 06:43:00,2025-12-19 06:53:00,11.0,11.0,1150.0,920.0,936.8
12627,2025-12-19,DMM,GTL,2025-12-19 09:57:00,2025-12-19 09:57:00,2025-12-19 10:10:00,13.5,13.5,920.0,736.0,763.0
12627,2025-12-19,GTL,SC,2025-12-19 13:14:00,2025-12-19 13:14:00,2025-12-19 13:57:00,43.6,43.6,690.0,552.0,604.6
12627,2025-12-19,SC,NGP,2025-12-19 17:01:00,2025-12-19 17:01:00,2025-12-19 17:44:00,43.1,43.1,408.4,326.7,386.0
12627,2025-12-19,NGP,NDLS,2025-12-19 20:48:00,2025-12-19 20:48:00,2025-12-19 22:10:00,82.2,82.2,118.0,94.4,177.1
12301,2025-12-20,NDLS,CNB,2025-12-20 05:44:00,2025-12-20 05:44:00,2025-12-20 05:48:00,4.5,4.5,1150.0,920.0,943.4
12301,2025-12-20,CNB,PRYJ,2025-12-20 08:52:00,2025-12-20 08:52:00,2025-12-20 10:02:00,70.0,70.0,920.0,736.0,800.3
12301,2025-12-20,PRYJ,DDU,2025-12-20 13:06:00,2025-12-20 13:06:00,2025-12-20 14:19:00,73.9,73.9,690.0,552.0,631.1
12301,2025-12-20,DDU,GKP,2025-12-20 17:23:00,2025-12-20 17:23:00,2025-12-20 18:41:00,78.7,78.7,292.2,233.8,306.8
12301,2025-12-20,GKP,HWH,2025-12-20 21:45:00,2025-12-20 21:45:00,2025-12-20 23:06:00,81.2,81.2,175.9,140.7,220.5
12302,2025-12-20,HWH,GKP,2025-12-20 05:35:00,2025-12-20 05:35:00,2025-12-20 05:59:00,24.9,24.9,1150.0,920.0,959.9
12302,2025-12-20,GKP,DDU,2025-12-20 09:03:00,2025-12-20 09:03:00,2025-12-20 09:44:00,41.1,41.1,920.0,736.0,790.1
12302,2025-12-20,DDU,PRYJ,2025-12-20 12:48:00,2025-12-20 12:48:00,2025-12-20 14:31:00,103.4,103.4,690.0,552.0,654.6
12302,2025-12-20,PRYJ,CNB,2025-12-20 17:35:00,2025-12-20 17:35:00,2025-12-20 19:17:00,102.7,102.7,438.1,350.5,445.8
12302,2025-12-20,CNB,NDLS,2025-12-20 22:21:00,2025-12-20 22:21:00,2025-12-21 00:10:00,109.8,109.8,88.6,70.9,175.3
12951,2025-12-20,BCT,ST,2025-12-20 06:57:00,2025-12-20 06:57:00,2025-12-20 07:10:00,13.4,13.4,1150.0,920.0,951.3
12951,2025-12-20,ST,BRC,2025-12-20 10:14:00,2025-12-20 10:14:00,2025-12-20 10:32:00,18.4,18.4,920.0,736.0,775.1
12951,2025-12-20,BRC,RTM,2025-12-20 13:36:00,2025-12-20 13:36:00,2025-12-20 13:59:00,23.1,23.1,690.0,552.0,595.8
12951,2025-12-20,RTM,KOTA,2025-12-20 17:03:00,2025-12-20 17:03:00,2025-12-20 18:29:00,86.2,86.2,476.9,381.5,459.6
12951,2025-12-20,KOTA,NDLS,2025-12-20 21:33:00,2025-12-20 21:33:00,2025-12-20 22:47:00,74.6,74.6,87.2,69.8,142.9
12952,2025-12-20,NDLS,KOTA,2025-12-20 05:45:00,2025-12-20 05:45:00,2025-12-20 05:53:00,8.0,8.0,1150.0,920.0,954.4
12952,2025-12-20,KOTA,RTM,2025-12-20 08:57:00,2025-12-20 08:57:00,2025-12-20 10:05:00,68.7,68.7,920.0,736.0,818.4
12952,2025-12-20,RTM,BRC,2025-12-20 13:09:00,2025-12-20 13:09:00,2025-12-20 14:27:00,78.1,78.1,690.0,552.0,629.7
12952,2025-12-20,BRC,ST,2025-12-20 17:31:00,2025-12-20 17:31:00,2025-12-20 19:04:00,93.6,93.6,329.4,263.5,357.2
12952,2025-12-20,ST,BCT,2025-12-20 22:08:00,2025-12-20 22:08:00,2025-12-20 23:37:00,89.3,89.3,101.5,81.2,169.4
12004,2025-12-20,NDLS,GZB,2025-12-20 05:39:00,2025-12-20 05:39:00,2025-12-20 06:34:00,55.6,55.6,1150.0,920.0,975.9
12004,2025-12-20,GZB,ALJN,2025-12-20 09:38:00,2025-12-20 09:38:00,2025-12-20 11:14:00,96.2,96.2,920.0,736.0,840.6
12004,2025-12-20,ALJN,TDL,2025-12-20 14:18:00,2025-12-20 14:18:00,2025-12-20 16:04:00,106.0,106.0,690.0,552.0,635.8
12004,2025-12-20,TDL,CNB,2025-12-20 19:08:00,2025-12-20 19:08:00,2025-12-20 20:59:00,111.5,111.5,542.8,434.2,527.0
12004,2025-12-20,CNB,LKO,2025-12-21 00:03:00,2025-12-21 00:03:00,2025-12-21 01:59:00,116.3,116.3,142.0,113.6,230.5
12626,2025-12-20,NDLS,AGC,2025-12-20 05:46:00,2025-12-20 05:46:00,2025-12-20 06:03:00,17.5,17.5,1150.0,920.0,955.8
12626,2025-12-20,AGC,VGLJ,2025-12-20 09:07:00,2025-12-20 09:07:00,2025-12-20 09:43:00,36.4,36.4,920.0,736.0,794.2
12626,2025-12-20,VGLJ,BPL,2025-12-20 12:47:00,2025-12-20 12:47:00,2025-12-20 14:07:00,80.5,80.5,690.0,552.0,630.7
12626,2025-12-20,BPL,NGP,2025-12-20 17:11:00,2025-12-20 17:11:00,2025-12-20 18:34:00,83.9,83.9,518.2,414.6,501.2
12626,2025-12-20,NGP,MAS,2025-12-20 21:38:00,2025-12-20 21:38:00,2025-12-20 23:00:00,82.0,82.0,103.8,83.0,186.1
12424,2025-12-20,NDLS,CNB,2025-12-20 05:39:00,2025-12-20 05:39:00,2025-12-20 06:08:00,29.6,29.6,1150.0,920.0,952.2
12424,2025-12-20,CNB,PRYJ,2025-12-20 09:12:00,2025-12-20 09:12:00,2025-12-20 09:48:00,36.5,36.5,920.0,736.0,771.3
12424,2025-12-20,PRYJ,DDU,2025-12-20 12:52:00,2025-12-20 12:52:00,2025-12-20 13:59:00,67.8,67.8,690.0,552.0,628.7
12424,2025-12-20,DDU,PPTA,2025-12-20 17:03:00,2025-12-20 17:03:00,2025-12-20 18:53:00,111.0,111.0,392.7,314.2,423.0
12424,2025-12-20,PPTA,GHY,2025-12-20 21:57:00,2025-12-20 21:57:00,2025-12-20 23:44:00,107.2,107.2,97.2,77.8,167.4
12260,2025-12-20,NDLS,CNB,2025-12-20 06:11:00,2025-12-20 06:11:00,2025-12-20 06:54:00,43.2,43.2,1150.0,920.0,962.8
12260,2025-12-20,CNB,PRYJ,2025-12-20 10:44:00,2025-12-20 10:44:00,2025-12-20 11:30:00,46.9,46.9,862.5,690.0,737.5
12260,2025-12-20,PRYJ,DDU,2025-12-20 15:20:00,2025-12-20 15:20:00,2025-12-20 16:04:00,44.0,44.0,229.6,183.7,247.3
12260,2025-12-20,DDU,HWH,2025-12-20 19:54:00,2025-12-20 19:54:00,2025-12-20 21:29:00,95.4,95.4,68.1,54.5,163.1
12926,2025-12-20,BCT,BRC,2025-12-20 06:53:00,2025-12-20 06:53:00,2025-12-20 07:11:00,18.9,18.9,1150.0,920.0,944.4
12926,2025-12-20,BRC,RTM,2025-12-20 10:15:00,2025-12-20 10:15:00,2025-12-20 10:32:00,17.3,17.3,920.0,736.0,766.6
12926,2025-12-20,RTM,KOTA,2025-12-20 13:36:00,2025-12-20 13:36:00,2025-12-20 13:54:00,18.2,18.2,690.0,552.0,574.6
12926,2025-12-20,KOTA,NDLS,2025-12-20 16:58:00,2025-12-20 16:58:00,2025-12-20 17:23:00,25.2,25.2,445.1,356.1,388.2
12926,2025-12-20,NDLS,ASR,2025-12-20 20:27:00,2025-12-20 20:27:00,2025-12-20 20:57:00,30.4,30.4,131.5,105.2,138.6
12627,2025-12-20,SBC,DMM,2025-12-20 05:46:00,2025-12-20 05:46:00,2025-12-20 06:51:00,65.9,65.9,1150.0,920.0,989.3
12627,2025-12-20,DMM,GTL,2025-12-20 09:55:00,2025-12-20 09:55:00,2025-12-20 12:01:00,126.6,126.6,920.0,736.0,846.6
12627,2025-12-20,GTL,SC,2025-12-20 15:05:00,2025-12-20 15:05:00,2025-12-20 17:24:00,139.2,139.2,690.0,552.0,687.3
12627,2025-12-20,SC,NGP,2025-12-20 20:28:00,2025-12-20 20:28:00,2025-12-20 22:55:00,147.9,147.9,333.0,266.4,417.6
12627,2025-12-20,NGP,NDLS,2025-12-21 01:59:00,2025-12-21 01:59:00,2025-12-21 04:30:00,151.0,151.0,57.1,45.7,204.7
12301,2025-12-21,NDLS,CNB,2025-12-21 06:09:00,2025-12-21 06:09:00,2025-12-21 06:41:00,32.2,32.2,1150.0,920.0,951.2
12301,2025-12-21,CNB,PRYJ,2025-12-21 09:45:00,2025-12-21 09:45:00,2025-12-21 11:13:00,88.3,88.3,920.0,736.0,830.9
12301,2025-12-21,PRYJ,DDU,2025-12-21 14:17:00,2025-12-21 14:17:00,2025-12-21 15:57:00,100.6,100.6,690.0,552.0,633.6
12301,2025-12-21,DDU,GKP,2025-12-21 19:01:00,2025-12-21 19:01:00,2025-12-21 20:43:00,102.7,102.7,447.0,357.6,455.4
12301,2025-12-21,GKP,HWH,2025-12-21 23:47:00,2025-12-21 23:47:00,2025-12-22 01:39:00,112.4,112.4,147.1,117.7,232.4
12302,2025-12-21,HWH,GKP,2025-12-21 06:53:00,2025-12-21 06:53:00,2025-12-21 07:12:00,19.2,19.2,1150.0,920.0,958.4
12302,2025-12-21,GKP,DDU,2025-12-21 10:16:00,2025-12-21 10:16:00,2025-12-21 10:43:00,27.5,27.5,920.0,736.0,782.6
12302,2025-12-21,DDU,PRYJ,2025-12-21 13:47:00,2025-12-21 13:47:00,2025-12-21 14:27:00,40.9,40.9,690.0,552.0,602.1
12302,2025-12-21,PRYJ,CNB,2025-12-21 17:31:00,2025-12-21 17:31:00,2025-12-21 18:22:00,51.2,51.2,361.4,289.1,342.1
12302,2025-12-21,CNB,NDLS,2025-12-21 21:26:00,2025-12-21 21:26:00,2025-12-21 22:17:00,51.0,51.0,109.1,87.3,157.0
12951,2025-12-21,BCT,ST,2025-12-21 06:27:00,2025-12-21 06:27:00,2025-12-21 08:51:00,144.4,144.4,1150.0,920.0,1049.3
12951,2025-12-21,ST,BRC,2025-12-21 11:55:00,2025-12-21 11:55:00,2025-12-21 14:23:00,148.8,148.8,920.0,736.0,863.7
12951,2025-12-21,BRC,RTM,2025-12-21 17:27:00,2025-12-21 17:27:00,2025-12-21 20:04:00,157.9,157.9,690.0,552.0,692.6
12951,2025-12-21,RTM,KOTA,2025-12-21 23:08:00,2025-12-21 23:08:00,2025-12-22 01:58:00,170.4,170.4,363.3,290.6,453.7
12951,2025-12-21,KOTA,NDLS,2025-12-22 05:02:00,2025-12-22 05:02:00,2025-12-22 07:57:00,175.3,175.3,95.2,76.2,225.6
12952,2025-12-21,NDLS,KOTA,2025-12-21 06:03:00,2025-12-21 06:03:00,2025-12-21 06:44:00,41.1,41.1,1150.0,920.0,966.9
12952,2025-12-21,KOTA,RTM,2025-12-21 09:48:00,2025-12-21 09:48:00,2025-12-21 10:39:00,51.8,51.8,920.0,736.0,799.5
12952,2025-12-21,RTM,BRC,2025-12-21 13:43:00,2025-12-21 13:43:00,2025-12-21 14:38:00,55.2,55.2,690.0,552.0,613.4
12952,2025-12-21,BRC,ST,2025-12-21 17:42:00,2025-12-21 17:42:00,2025-12-21 18:46:00,64.8,64.8,483.1,386.5,457.2
12952,2025-12-21,ST,BCT,2025-12-21 21:50:00,2025-12-21 21:50:00,2025-12-21 23:09:00,79.7,79.7,104.5,83.6,156.9
12004,2025-12-21,NDLS,GZB,2025-12-21 06:17:00,2025-12-21 06:17:00,2025-12-21 06:35:00,18.3,18.3,1150.0,920.0,951.9
12004,2025-12-21,GZB,ALJN,2025-12-21 09:39:00,2025-12-21 09:39:00,2025-12-21 10:04:00,25.4,25.4,920.0,736.0,768.2
12004,2025-12-21,ALJN,TDL,2025-12-21 13:08:00,2025-12-21 13:08:00,2025-12-21 13:47:00,39.7,39.7,690.0,552.0,586.7
12004,2025-12-21,TDL,CNB,2025-12-21 16:51:00,2025-12-21 16:51:00,2025-12-21 18:09:00,78.3,78.3,455.7,364.6,434.1
12004,2025-12-21,CNB,LKO,2025-12-21 21:13:00,2025-12-21 21:13:00,2025-12-21 22:36:00,83.6,83.6,165.8,132.6,204.4
12626,2025-12-21,NDLS,AGC,2025-12-21 05:55:00,2025-12-21 05:55:00,2025-12-21 06:02:00,7.1,7.1,1150.0,920.0,946.0
12626,2025-12-21,AGC,VGLJ,2025-12-21 09:06:00,2025-12-21 09:06:00,2025-12-21 09:11:00,5.7,5.7,920.0,736.0,753.9
12626,2025-12-21,VGLJ,BPL,2025-12-21 12:15:00,2025-12-21 12:15:00,2025-12-21 12:32:00,17.4,17.4,690.0,552.0,581.6
12626,2025-12-21,BPL,NGP,2025-12-21 15:36:00,2025-12-21 15:36:00,2025-12-21 16:19:00,43.6,43.6,273.2,218.6,271.0
12626,2025-12-21,NGP,MAS,2025-12-21 19:23:00,2025-12-21 19:23:00,2025-12-21 20:04:00,42.0,42.0,92.4,73.9,103.3
12424,2025-12-21,NDLS,CNB,2025-12-21 06:25:00,2025-12-21 06:25:00,2025-12-21 07:42:00,77.2,77.2,1150.0,920.0,999.5
12424,2025-12-21,CNB,PRYJ,2025-12-21 10:46:00,2025-12-21 10:46:00,2025-12-21 12:09:00,83.5,83.5,920.0,736.0,824.8
12424,2025-12-21,PRYJ,DDU,2025-12-21 15:13:00,2025-12-21 15:13:00,2025-12-21 16:40:00,87.7,87.7,690.0,552.0,654.9
12424,2025-12-21,DDU,PPTA,2025-12-21 19:44:00,2025-12-21 19:44:00,2025-12-21 21:28:00,104.4,104.4,417.0,333.6,442.3
12424,2025-12-21,PPTA,GHY,2025-12-22 00:32:00,2025-12-22 00:32:00,2025-12-22 02:21:00,109.2,109.2,54.4,43.5,143.1
12260,2025-12-21,NDLS,CNB,2025-12-21 05:35:00,2025-12-21 05:35:00,2025-12-21 06:32:00,57.0,57.0,1150.0,920.0,990.2
12260,2025-12-21,CNB,PRYJ,2025-12-21 10:22:00,2025-12-21 10:22:00,2025-12-21 11:33:00,71.6,71.6,862.5,690.0,768.3
12260,2025-12-21,PRYJ,DDU,2025-12-21 15:23:00,2025-12-21 15:23:00,2025-12-21 16:41:00,78.8,78.8,516.4,413.1,496.9
12260,2025-12-21,DDU,HWH,2025-12-21 20:31:00,2025-12-21 20:31:00,2025-12-21 22:53:00,142.8,142.8,52.0,41.6,173.8
12926,2025-12-21,BCT,BRC,2025-12-21 06:45:00,2025-12-21 06:45:00,2025-12-21 06:57:00,12.2,12.2,1150.0,920.0,935.7
12926,2025-12-21,BRC,RTM,2025-12-21 10:01:00,2025-12-21 10:01:00,2025-12-21 10:57:00,56.4,56.4,920.0,736.0,797.7
12926,2025-12-21,RTM,KOTA,2025-12-21 14:01:00,2025-12-21 14:01:00,2025-12-21 15:44:00,103.7,103.7,690.0,552.0,659.3
12926,2025-12-21,KOTA,NDLS,2025-12-21 18:48:00,2025-12-21 18:48:00,2025-12-21 20:42:00,114.7,114.7,335.2,268.2,363.4
12926,2025-12-21,NDLS,ASR,2025-12-21 23:46:00,2025-12-21 23:46:00,2025-12-22 01:56:00,130.1,130.1,131.9,105.5,220.7
12627,2025-12-21,SBC,DMM,2025-12-21 06:05:00,2025-12-21 06:05:00,2025-12-21 06:31:00,26.2,26.2,1150.0,920.0,942.9
12627,2025-12-21,DMM,GTL,2025-12-21 09:35:00,2025-12-21 09:35:00,2025-12-21 10:00:00,25.9,25.9,920.0,736.0,766.5
12627,2025-12-21,GTL,SC,2025-12-21 13:04:00,2025-12-21 13:04:00,2025-12-21 14:17:00,73.1,73.1,690.0,552.0,628.1
12627,2025-12-21,SC,NGP,2025-12-21 17:21:00,2025-12-21 17:21:00,2025-12-21 18:27:00,66.8,66.8,332.4,265.9,338.6
12627,2025-12-21,NGP,NDLS,2025-12-21 21:31:00,2025-12-21 21:31:00,2025-12-21 22:35:00,64.7,64.7,98.2,78.6,133.2
12301,2025-12-22,NDLS,CNB,2025-12-22 05:46:00,2025-12-22 05:46:00,2025-12-22 06:34:00,48.9,48.9,1150.0,920.0,961.9
12301,2025-12-22,CNB,PRYJ,2025-12-22 09:38:00,2025-12-22 09:38:00,2025-12-22 10:42:00,64.6,64.6,920.0,736.0,785.8
12301,2025-12-22,PRYJ,DDU,2025-12-22 13:46:00,2025-12-22 13:46:00,2025-12-22 15:32:00,106.4,106.4,690.0,552.0,658.4
12301,2025-12-22,DDU,GKP,2025-12-22 18:36:00,2025-12-22 18:36:00,2025-12-22 20:15:00,100.0,100.0,410.8,328.6,440.4
12301,2025-12-22,GKP,HWH,2025-12-22 23:19:00,2025-12-22 23:19:00,2025-12-23 01:53:00,154.9,154.9,146.5,117.2,249.5
12302,2025-12-22,HWH,GKP,2025-12-22 06:47:00,2025-12-22 06:47:00,2025-12-22 07:54:00,67.8,67.8,1150.0,920.0,970.2
12302,2025-12-22,GKP,DDU,2025-12-22 10:58:00,2025-12-22 10:58:00,2025-12-22 12:14:00,76.5,76.5,920.0,736.0,811.5
12302,2025-12-22,DDU,PRYJ,2025-12-22 15:18:00,2025-12-22 15:18:00,2025-12-22 16:37:00,79.6,79.6,690.0,552.0,632.4
12302,2025-12-22,PRYJ,CNB,2025-12-22 19:41:00,2025-12-22 19:41:00,2025-12-22 21:53:00,133.0,133.0,524.4,419.5,553.4
12302,2025-12-22,CNB,NDLS,2025-12-23 00:57:00,2025-12-23 00:57:00,2025-12-23 03:17:00,140.1,140.1,162.0,129.6,249.3
12951,2025-12-22,BCT,ST,2025-12-22 06:40:00,2025-12-22 06:40:00,2025-12-22 06:41:00,1.3,1.3,1150.0,920.0,938.8
12951,2025-12-22,ST,BRC,2025-12-22 09:45:00,2025-12-22 09:45:00,2025-12-22 10:32:00,47.2,47.2,920.0,736.0,792.4
12951,2025-12-22,BRC,RTM,2025-12-22 13:36:00,2025-12-22 13:36:00,2025-12-22 14:36:00,60.2,60.2,690.0,552.0,614.4
12951,2025-12-22,RTM,KOTA,2025-12-22 17:40:00,2025-12-22 17:40:00,2025-12-22 18:59:00,79.8,79.8,530.2,424.2,517.4
12951,2025-12-22,KOTA,NDLS,2025-12-22 22:03:00,2025-12-22 22:03:00,2025-12-22 23:24:00,81.0,81.0,124.4,99.5,192.7
12952,2025-12-22,NDLS,KOTA,2025-12-22 06:13:00,2025-12-22 06:13:00,2025-12-22 07:00:00,47.7,47.7,1150.0,920.0,979.7
12952,2025-12-22,KOTA,RTM,2025-12-22 10:04:00,2025-12-22 10:04:00,2025-12-22 11:49:00,105.0,105.0,920.0,736.0,844.9
12952,2025-12-22,RTM,BRC,2025-12-22 14:53:00,2025-12-22 14:53:00,2025-12-22 16:47:00,114.3,114.3,690.0,552.0,650.5
12952,2025-12-22,BRC,ST,2025-12-22 19:51:00,2025-12-22 19:51:00,2025-12-22 21:57:00,126.1,126.1,499.5,399.6,515.6
12952,2025-12-22,ST,BCT,2025-12-23 01:01:00,2025-12-23 01:01:00,2025-12-23 04:18:00,197.3,197.3,99.6,79.7,254.6
12004,2025-12-22,NDLS,GZB,2025-12-22 06:26:00,2025-12-22 06:26:00,2025-12-22 06:40:00,14.5,14.5,1150.0,920.0,934.0
12004,2025-12-22,GZB,ALJN,2025-12-22 09:44:00,2025-12-22 09:44:00,2025-12-22 10:01:00,18.0,18.0,920.0,736.0,774.3
12004,2025-12-22,ALJN,TDL,2025-12-22 13:05:00,2025-12-22 13:05:00,2025-12-22 14:15:00,70.4,70.4,690.0,552.0,625.1
12004,2025-12-22,TDL,CNB,2025-12-22 17:19:00,2025-12-22 17:19:00,2025-12-22 19:31:00,132.5,132.5,406.5,325.2,472.7
12004,2025-12-22,CNB,LKO,2025-12-22 22:35:00,2025-12-22 22:35:00,2025-12-23 01:02:00,147.5,147.5,72.6,58.1,196.7
12626,2025-12-22,NDLS,AGC,2025-12-22 05:44:00,2025-12-22 05:44:00,2025-12-22 06:23:00,39.2,39.2,1150.0,920.0,956.1
12626,2025-12-22,AGC,VGLJ,2025-12-22 09:27:00,2025-12-22 09:27:00,2025-12-22 10:11:00,44.5,44.5,920.0,736.0,782.0
12626,2025-12-22,VGLJ,BPL,2025-12-22 13:15:00,2025-12-22 13:15:00,2025-12-22 14:02:00,47.9,47.9,690.0,552.0,602.7
12626,2025-12-22,BPL,NGP,2025-12-22 17:06:00,2025-12-22 17:06:00,2025-12-22 18:05:00,59.7,59.7,545.9,436.7,492.4
12626,2025-12-22,NGP,MAS,2025-12-22 21:09:00,2025-12-22 21:09:00,2025-12-22 22:12:00,63.8,63.8,148.2,118.6,195.3
12424,2025-12-22,NDLS,CNB,2025-12-22 06:18:00,2025-12-22 06:18:00,2025-12-22 07:09:00,51.4,51.4,1150.0,920.0,981.1
12424,2025-12-22,CNB,PRYJ,2025-12-22 10:13:00,2025-12-22 10:13:00,2025-12-22 11:55:00,102.7,102.7,920.0,736.0,817.7
12424,2025-12-22,PRYJ,DDU,2025-12-22 14:59:00,2025-12-22 14:59:00,2025-12-22 17:48:00,169.7,169.7,690.0,552.0,689.8
12424,2025-12-22,DDU,PPTA,2025-12-22 20:52:00,2025-12-22 20:52:00,2025-12-23 00:04:00,192.1,192.1,221.9,177.5,359.8
12424,2025-12-22,PPTA,GHY,2025-12-23 03:08:00,2025-12-23 03:08:00,2025-12-23 06:59:00,231.5,231.5,165.7,132.6,335.9
12260,2025-12-22,NDLS,CNB,2025-12-22 05:52:00,2025-12-22 05:52:00,2025-12-22 06:45:00,53.3,53.3,1150.0,920.0,998.7
12260,2025-12-22,CNB,PRYJ,2025-12-22 10:35:00,2025-12-22 10:35:00,2025-12-22 12:37:00,122.9,122.9,862.5,690.0,808.3
12260,2025-12-22,PRYJ,DDU,2025-12-22 16:27:00,2025-12-22 16:27:00,2025-12-22 18:33:00,126.7,126.7,407.3,325.8,446.5
12260,2025-12-22,DDU,HWH,2025-12-22 22:23:00,2025-12-22 22:23:00,2025-12-23 00:45:00,142.4,142.4,61.9,49.5,189.8
12926,2025-12-22,BCT,BRC,2025-12-22 06:16:00,2025-12-22 06:16:00,2025-12-22 06:38:00,22.2,22.2,1150.0,920.0,949.1
12926,2025-12-22,BRC,RTM,2025-12-22 09:42:00,2025-12-22 09:42:00,2025-12-22 10:14:00,33.0,33.0,920.0,736.0,766.8
12926,2025-12-22,RTM,KOTA,2025-12-22 13:18:00,2025-12-22 13:18:00,2025-12-22 14:00:00,42.6,42.6,690.0,552.0,598.0
12926,2025-12-22,KOTA,NDLS,2025-12-22 17:04:00,2025-12-22 17:04:00,2025-12-22 17:41:00,37.9,37.9,313.9,251.1,290.5
12926,2025-12-22,NDLS,ASR,2025-12-22 20:45:00,2025-12-22 20:45:00,2025-12-22 21:30:00,45.6,45.6,126.6,101.3,159.4
12627,2025-12-22,SBC,DMM,2025-12-22 06:43:00,2025-12-22 06:43:00,2025-12-22 06:59:00,16.8,16.8,1150.0,920.0,949.5
12627,2025-12-22,DMM,GTL,2025-12-22 10:03:00,2025-12-22 10:03:00,2025-12-22 10:33:00,30.6,30.6,920.0,736.0,768.8
12627,2025-12-22,GTL,SC,2025-12-22 13:37:00,2025-12-22 13:37:00,2025-12-22 14:15:00,38.7,38.7,690.0,552.0,603.5
12627,2025-12-22,SC,NGP,2025-12-22 17:19:00,2025-12-22 17:19:00,2025-12-22 19:00:00,101.7,101.7,295.4,236.3,326.9
12627,2025-12-22,NGP,NDLS,2025-12-22 22:04:00,2025-12-22 22:04:00,2025-12-22 23:52:00,108.6,108.6,153.4,122.7,231.0
12301,2025-12-23,NDLS,CNB,2025-12-23 06:41:00,2025-12-23 06:41:00,2025-12-23 07:10:00,29.1,29.1,1150.0,920.0,969.1
12301,2025-12-23,CNB,PRYJ,2025-12-23 10:14:00,2025-12-23 10:14:00,2025-12-23 10:46:00,32.6,32.6,920.0,736.0,795.2
12301,2025-12-23,PRYJ,DDU,2025-12-23 13:50:00,2025-12-23 13:50:00,2025-12-23 14:50:00,60.4,60.4,690.0,552.0,607.4
12301,2025-12-23,DDU,GKP,2025-12-23 17:54:00,2025-12-23 17:54:00,2025-12-23 19:09:00,75.9,75.9,339.1,271.3,352.2
12301,2025-12-23,GKP,HWH,2025-12-23 22:13:00,2025-12-23 22:13:00,2025-12-23 23:22:00,69.9,69.9,89.6,71.7,142.1
12302,2025-12-23,HWH,GKP,2025-12-23 06:49:00,2025-12-23 06:49:00,2025-12-23 08:01:00,72.7,72.7,1150.0,920.0,988.5
12302,2025-12-23,GKP,DDU,2025-12-23 11:05:00,2025-12-23 11:05:00,2025-12-23 12:22:00,77.2,77.2,920.0,736.0,813.2
12302,2025-12-23,DDU,PRYJ,2025-12-23 15:26:00,2025-12-23 15:26:00,2025-12-23 16:50:00,84.9,84.9,690.0,552.0,633.8
12302,2025-12-23,PRYJ,CNB,2025-12-23 19:54:00,2025-12-23 19:54:00,2025-12-23 21:27:00,93.3,93.3,471.0,376.8,459.6
12302,2025-12-23,CNB,NDLS,2025-12-24 00:31:00,2025-12-24 00:31:00,2025-12-24 02:05:00,94.6,94.6,129.5,103.6,211.5
12951,2025-12-23,BCT,ST,2025-12-23 06:48:00,2025-12-23 06:48:00,2025-12-23 06:53:00,5.0,5.0,1150.0,920.0,931.6
12951,2025-12-23,ST,BRC,2025-12-23 09:57:00,2025-12-23 09:57:00,2025-12-23 10:20:00,23.4,23.4,920.0,736.0,762.0
12951,2025-12-23,BRC,RTM,2025-12-23 13:24:00,2025-12-23 13:24:00,2025-12-23 14:03:00,39.3,39.3,690.0,552.0,599.9
12951,2025-12-23,RTM,KOTA,2025-12-23 17:07:00,2025-12-23 17:07:00,2025-12-23 17:52:00,46.0,46.0,465.9,372.7,423.0
12951,2025-12-23,KOTA,NDLS,2025-12-23 20:56:00,2025-12-23 20:56:00,2025-12-23 21:54:00,58.4,58.4,156.4,125.1,189.2
12952,2025-12-23,NDLS,KOTA,2025-12-23 05:33:00,2025-12-23 05:33:00,2025-12-23 05:54:00,21.3,21.3,1150.0,920.0,949.7
12952,2025-12-23,KOTA,RTM,2025-12-23 08:58:00,2025-12-23 08:58:00,2025-12-23 09:18:00,20.2,20.2,920.0,736.0,771.9
12952,2025-12-23,RTM,BRC,2025-12-23 12:22:00,2025-12-23 12:22:00,2025-12-23 12:47:00,25.1,25.1,690.0,552.0,603.6
12952,2025-12-23,BRC,ST,2025-12-23 15:51:00,2025-12-23 15:51:00,2025-12-23 16:23:00,32.2,32.2,473.7,379.0,421.0
12952,2025-12-23,ST,BCT,2025-12-23 19:27:00,2025-12-23 19:27:00,2025-12-23 19:57:00,30.0,30.0,92.6,74.1,109.3
12004,2025-12-23,NDLS,GZB,2025-12-23 06:14:00,2025-12-23 06:14:00,2025-12-23 08:59:00,165.7,165.7,1150.0,920.0,1063.0
12004,2025-12-23,GZB,ALJN,2025-12-23 12:03:00,2025-12-23 12:03:00,2025-12-23 14:59:00,176.5,176.5,920.0,736.0,914.6
12004,2025-12-23,ALJN,TDL,2025-12-23 18:03:00,2025-12-23 18:03:00,2025-12-23 21:11:00,188.4,188.4,690.0,552.0,722.3
12004,2025-12-23,TDL,CNB,2025-12-24 00:15:00,2025-12-24 00:15:00,2025-12-24 03:29:00,194.9,194.9,493.2,394.6,561.4
12004,2025-12-23,CNB,LKO,2025-12-24 06:33:00,2025-12-24 06:33:00,2025-12-24 09:44:00,191.7,191.7,50.1,40.1,206.8
12626,2025-12-23,NDLS,AGC,2025-12-23 05:53:00,2025-12-23 05:53:00,2025-12-23 06:39:00,46.9,46.9,1150.0,920.0,965.1
12626,2025-12-23,AGC,VGLJ,2025-12-23 09:43:00,2025-12-23 09:43:00,2025-12-23 10:49:00,66.8,66.8,920.0,736.0,808.7
12626,2025-12-23,VGLJ,BPL,2025-12-23 13:53:00,2025-12-23 13:53:00,2025-12-23 15:05:00,72.1,72.1,690.0,552.0,633.7
12626,2025-12-23,BPL,NGP,2025-12-23 18:09:00,2025-12-23 18:09:00,2025-12-23 19:23:00,74.1,74.1,264.2,211.4,284.6
12626,2025-12-23,NGP,MAS,2025-12-23 22:27:00,2025-12-23 22:27:00,2025-12-23 23:51:00,84.5,84.5,77.5,62.0,130.1
12424,2025-12-23,NDLS,CNB,2025-12-23 06:16:00,2025-12-23 06:16:00,2025-12-23 06:58:00,42.8,42.8,1150.0,920.0,972.2
12424,2025-12-23,CNB,PRYJ,2025-12-23 10:02:00,2025-12-23 10:02:00,2025-12-23 10:50:00,48.5,48.5,920.0,736.0,782.4
12424,2025-12-23,PRYJ,DDU,2025-12-23 13:54:00,2025-12-23 13:54:00,2025-12-23 14:53:00,60.0,60.0,690.0,552.0,620.4
12424,2025-12-23,DDU,PPTA,2025-12-23 17:57:00,2025-12-23 17:57:00,2025-12-23 19:04:00,67.6,67.6,468.8,375.0,441.2
12424,2025-12-23,PPTA,GHY,2025-12-23 22:08:00,2025-12-23 22:08:00,2025-12-23 23:20:00,72.4,72.4,123.3,98.6,148.8
12260,2025-12-23,NDLS,CNB,2025-12-23 06:40:00,2025-12-23 06:40:00,2025-12-23 07:01:00,21.6,21.6,1150.0,920.0,964.1
12260,2025-12-23,CNB,PRYJ,2025-12-23 10:51:00,2025-12-23 10:51:00,2025-12-23 11:47:00,56.0,56.0,862.5,690.0,752.7
12260,2025-12-23,PRYJ,DDU,2025-12-23 15:37:00,2025-12-23 15:37:00,2025-12-23 16:41:00,64.6,64.6,549.1,439.3,514.9
12260,2025-12-23,DDU,HWH,2025-12-23 20:31:00,2025-12-23 20:31:00,2025-12-23 21:41:00,70.0,70.0,59.9,47.9,118.9
12926,2025-12-23,BCT,BRC,2025-12-23 06:36:00,2025-12-23 06:36:00,2025-12-23 07:09:00,33.6,33.6,1150.0,920.0,940.8
12926,2025-12-23,BRC,RTM,2025-12-23 10:13:00,2025-12-23 10:13:00,2025-12-23 10:48:00,35.2,35.2,920.0,736.0,779.7
12926,2025-12-23,RTM,KOTA,2025-12-23 13:52:00,2025-12-23 13:52:00,2025-12-23 14:32:00,40.8,40.8,690.0,552.0,592.1
12926,2025-12-23,KOTA,NDLS,2025-12-23 17:36:00,2025-12-23 17:36:00,2025-12-23 18:32:00,56.8,56.8,348.2,278.6,351.6
12926,2025-12-23,NDLS,ASR,2025-12-23 21:36:00,2025-12-23 21:36:00,2025-12-23 23:04:00,88.6,88.6,141.8,113.4,203.4
12627,2025-12-23,SBC,DMM,2025-12-23 05:44:00,2025-12-23 05:44:00,2025-12-23 05:50:00,6.5,6.5,1150.0,920.0,931.1
12627,2025-12-23,DMM,GTL,2025-12-23 08:54:00,2025-12-23 08:54:00,2025-12-23 09:53:00,59.5,59.5,920.0,736.0,803.5
12627,2025-12-23,GTL,SC,2025-12-23 12:57:00,2025-12-23 12:57:00,2025-12-23 14:04:00,67.6,67.6,690.0,552.0,615.9
12627,2025-12-23,SC,NGP,2025-12-23 17:08:00,2025-12-23 17:08:00,2025-12-23 18:20:00,72.2,72.2,358.4,286.7,361.5
12627,2025-12-23,NGP,NDLS,2025-12-23 21:24:00,2025-12-23 21:24:00,2025-12-23 22:48:00,84.9,84.9,150.3,120.2,203.6
12301,2025-12-24,NDLS,CNB,2025-12-24 06:36:00,2025-12-24 06:36:00,2025-12-24 07:36:00,61.0,61.0,1150.0,920.0,983.6
12301,2025-12-24,CNB,PRYJ,2025-12-24 10:40:00,2025-12-24 10:40:00,2025-12-24 11:34:00,54.1,54.1,920.0,736.0,784.1
12301,2025-12-24,PRYJ,DDU,2025-12-24 14:38:00,2025-12-24 14:38:00,2025-12-24 15:20:00,42.6,42.6,690.0,552.0,604.3
12301,2025-12-24,DDU,GKP,2025-12-24 18:24:00,2025-12-24 18:24:00,2025-12-24 19:39:00,75.5,75.5,328.4,262.7,331.7
12301,2025-12-24,GKP,HWH,2025-12-24 22:43:00,2025-12-24 22:43:00,2025-12-25 00:05:00,82.5,82.5,132.9,106.3,194.7
12302,2025-12-24,HWH,GKP,2025-12-24 06:07:00,2025-12-24 06:07:00,2025-12-24 06:40:00,33.8,33.8,1150.0,920.0,957.8
12302,2025-12-24,GKP,DDU,2025-12-24 09:44:00,2025-12-24 09:44:00,2025-12-24 10:24:00,40.7,40.7,920.0,736.0,801.3
12302,2025-12-24,DDU,PRYJ,2025-12-24 13:28:00,2025-12-24 13:28:00,2025-12-24 14:16:00,48.5,48.5,690.0,552.0,628.6
12302,2025-12-24,PRYJ,CNB,2025-12-24 17:20:00,2025-12-24 17:20:00,2025-12-24 18:43:00,83.8,83.8,482.9,386.3,467.6
12302,2025-12-24,CNB,NDLS,2025-12-24 21:47:00,2025-12-24 21:47:00,2025-12-24 23:10:00,83.3,83.3,134.9,107.9,196.1
12951,2025-12-24,BCT,ST,2025-12-24 06:32:00,2025-12-24 06:32:00,2025-12-24 07:45:00,73.0,73.0,1150.0,920.0,1000.7
12951,2025-12-24,ST,BRC,2025-12-24 10:49:00,2025-12-24 10:49:00,2025-12-24 12:05:00,76.7,76.7,920.0,736.0,822.6
12951,2025-12-24,BRC,RTM,2025-12-24 15:09:00,2025-12-24 15:09:00,2025-12-24 16:22:00,73.3,73.3,690.0,552.0,609.1
12951,2025-12-24,RTM,KOTA,2025-12-24 19:26:00,2025-12-24 19:26:00,2025-12-24 20:41:00,75.6,75.6,462.8,370.2,454.5
12951,2025-12-24,KOTA,NDLS,2025-12-24 23:45:00,2025-12-24 23:45:00,2025-12-25 01:44:00,119.6,119.6,131.4,105.1,214.9
12952,2025-12-24,NDLS,KOTA,2025-12-24 05:32:00,2025-12-24 05:32:00,2025-12-24 06:04:00,32.2,32.2,1150.0,920.0,952.7
12952,2025-12-24,KOTA,RTM,2025-12-24 09:08:00,2025-12-24 09:08:00,2025-12-24 10:22:00,74.6,74.6,920.0,736.0,816.5
12952,2025-12-24,RTM,BRC,2025-12-24 13:26:00,2025-12-24 13:26:00,2025-12-24 14:44:00,78.0,78.0,690.0,552.0,616.9
12952,2025-12-24,BRC,ST,2025-12-24 17:48:00,2025-12-24 17:48:00,2025-12-24 19:14:00,87.0,87.0,400.5,320.4,412.5
12952,2025-12-24,ST,BCT,2025-12-24 22:18:00,2025-12-24 22:18:00,2025-12-25 00:00:00,102.9,102.9,106.6,85.3,195.5
12004,2025-12-24,NDLS,GZB,2025-12-24 05:38:00,2025-12-24 05:38:00,2025-12-24 06:08:00,30.2,30.2,1150.0,920.0,969.7
12004,2025-12-24,GZB,ALJN,2025-12-24 09:12:00,2025-12-24 09:12:00,2025-12-24 09:49:00,37.5,37.5,920.0,736.0,804.5
12004,2025-12-24,ALJN,TDL,2025-12-24 12:53:00,2025-12-24 12:53:00,2025-12-24 14:27:00,94.8,94.8,690.0,552.0,657.9
12004,2025-12-24,TDL,CNB,2025-12-24 17:31:00,2025-12-24 17:31:00,2025-12-24 19:14:00,103.3,103.3,475.9,380.7,477.0
12004,2025-12-24,CNB,LKO,2025-12-24 22:18:00,2025-12-24 22:18:00,2025-12-25 00:44:00,146.3,146.3,81.2,65.0,201.9
12626,2025-12-24,NDLS,AGC,2025-12-24 06:53:00,2025-12-24 06:53:00,2025-12-24 07:13:00,20.9,20.9,1150.0,920.0,964.9
12626,2025-12-24,AGC,VGLJ,2025-12-24 10:17:00,2025-12-24 10:17:00,2025-12-24 10:43:00,26.4,26.4,920.0,736.0,770.6
12626,2025-12-24,VGLJ,BPL,2025-12-24 13:47:00,2025-12-24 13:47:00,2025-12-24 14:29:00,42.9,42.9,690.0,552.0,602.3
12626,2025-12-24,BPL,NGP,2025-12-24 17:33:00,2025-12-24 17:33:00,2025-12-24 18:32:00,59.3,59.3,529.5,423.6,488.4
12626,2025-12-24,NGP,MAS,2025-12-24 21:36:00,2025-12-24 21:36:00,2025-12-24 22:35:00,59.3,59.3,58.9,47.1,95.9
12424,2025-12-24,NDLS,CNB,2025-12-24 06:29:00,2025-12-24 06:29:00,2025-12-24 07:52:00,83.6,83.6,1150.0,920.0,1009.4
12424,2025-12-24,CNB,PRYJ,2025-12-24 10:56:00,2025-12-24 10:56:00,2025-12-24 13:22:00,146.3,146.3,920.0,736.0,867.0
12424,2025-12-24,PRYJ,DDU,2025-12-24 16:26:00,2025-12-24 16:26:00,2025-12-24 18:48:00,142.5,142.5,690.0,552.0,673.3
12424,2025-12-24,DDU,PPTA,2025-12-24 21:52:00,2025-12-24 21:52:00,2025-12-25 00:26:00,154.7,154.7,430.3,344.2,478.5
12424,2025-12-24,PPTA,GHY,2025-12-25 03:30:00,2025-12-25 03:30:00,2025-12-25 06:08:00,159.0,159.0,93.7,75.0,230.6
12260,2025-12-24,NDLS,CNB,2025-12-24 05:56:00,2025-12-24 05:56:00,2025-12-24 05:58:00,2.7,2.7,1150.0,920.0,929.1
12260,2025-12-24,CNB,PRYJ,2025-12-24 09:48:00,2025-12-24 09:48:00,2025-12-24 09:50:00,2.6,2.6,862.5,690.0,698.6
12260,2025-12-24,PRYJ,DDU,2025-12-24 13:40:00,2025-12-24 13:40:00,2025-12-24 14:24:00,45.0,45.0,479.8,383.8,445.1
12260,2025-12-24,DDU,HWH,2025-12-24 18:14:00,2025-12-24 18:14:00,2025-12-24 19:06:00,52.2,52.2,159.7,127.8,187.2
12926,2025-12-24,BCT,BRC,2025-12-24 05:54:00,2025-12-24 05:54:00,2025-12-24 06:34:00,40.9,40.9,1150.0,920.0,979.1
12926,2025-12-24,BRC,RTM,2025-12-24 09:38:00,2025-12-24 09:38:00,2025-12-24 10:26:00,48.1,48.1,920.0,736.0,781.9
12926,2025-12-24,RTM,KOTA,2025-12-24 13:30:00,2025-12-24 13:30:00,2025-12-24 15:16:00,107.0,107.0,690.0,552.0,643.8
12926,2025-12-24,KOTA,NDLS,2025-12-24 18:20:00,2025-12-24 18:20:00,2025-12-24 20:09:00,109.4,109.4,256.2,205.0,312.8
12926,2025-12-24,NDLS,ASR,2025-12-24 23:13:00,2025-12-24 23:13:00,2025-12-25 01:37:00,144.4,144.4,148.2,118.6,238.7
12627,2025-12-24,SBC,DMM,2025-12-24 05:38:00,2025-12-24 05:38:00,2025-12-24 06:09:00,31.5,31.5,1150.0,920.0,965.3
12627,2025-12-24,DMM,GTL,2025-12-24 09:13:00,2025-12-24 09:13:00,2025-12-24 09:50:00,38.0,38.0,920.0,736.0,788.0
12627,2025-12-24,GTL,SC,2025-12-24 12:54:00,2025-12-24 12:54:00,2025-12-24 13:35:00,41.4,41.4,690.0,552.0,594.1
12627,2025-12-24,SC,NGP,2025-12-24 16:39:00,2025-12-24 16:39:00,2025-12-24 18:02:00,83.0,83.0,286.5,229.2,314.3
12627,2025-12-24,NGP,NDLS,2025-12-24 21:06:00,2025-12-24 21:06:00,2025-12-24 22:40:00,94.1,94.1,99.4,79.5,171.5
12301,2025-12-25,NDLS,CNB,2025-12-25 05:50:00,2025-12-25 05:50:00,2025-12-25 05:52:00,2.2,2.2,1150.0,920.0,926.3
12301,2025-12-25,CNB,PRYJ,2025-12-25 08:56:00,2025-12-25 08:56:00,2025-12-25 09:09:00,13.3,13.3,920.0,736.0,760.7
12301,2025-12-25,PRYJ,DDU,2025-12-25 12:13:00,2025-12-25 12:13:00,2025-12-25 12:36:00,23.6,23.6,690.0,552.0,578.9
12301,2025-12-25,DDU,GKP,2025-12-25 15:40:00,2025-12-25 15:40:00,2025-12-25 16:20:00,40.3,40.3,326.7,261.4,291.3
12301,2025-12-25,GKP,HWH,2025-12-25 19:24:00,2025-12-25 19:24:00,2025-12-25 20:13:00,49.7,49.7,146.7,117.4,155.4
12302,2025-12-25,HWH,GKP,2025-12-25 06:51:00,2025-12-25 06:51:00,2025-12-25 07:32:00,41.6,41.6,1150.0,920.0,972.1
12302,2025-12-25,GKP,DDU,2025-12-25 10:36:00,2025-12-25 10:36:00,2025-12-25 11:52:00,76.5,76.5,920.0,736.0,802.2
12302,2025-12-25,DDU,PRYJ,2025-12-25 14:56:00,2025-12-25 14:56:00,2025-12-25 16:21:00,85.4,85.4,690.0,552.0,628.1
12302,2025-12-25,PRYJ,CNB,2025-12-25 19:25:00,2025-12-25 19:25:00,2025-12-25 21:07:00,102.5,102.5,472.4,377.9,477.8
12302,2025-12-25,CNB,NDLS,2025-12-26 00:11:00,2025-12-26 00:11:00,2025-12-26 02:09:00,118.3,118.3,148.9,119.1,249.1
12951,2025-12-25,BCT,ST,2025-12-25 06:21:00,2025-12-25 06:21:00,2025-12-25 06:32:00,11.1,11.1,1150.0,920.0,943.0
12951,2025-12-25,ST,BRC,2025-12-25 09:36:00,2025-12-25 09:36:00,2025-12-25 10:39:00,63.9,63.9,920.0,736.0,809.7
12951,2025-12-25,BRC,RTM,2025-12-25 13:43:00,2025-12-25 13:43:00,2025-12-25 15:03:00,80.8,80.8,690.0,552.0,627.6
12951,2025-12-25,RTM,KOTA,2025-12-25 18:07:00,2025-12-25 18:07:00,2025-12-25 20:12:00,125.1,125.1,441.0,352.8,465.6
12951,2025-12-25,KOTA,NDLS,2025-12-25 23:16:00,2025-12-25 23:16:00,2025-12-26 01:31:00,135.5,135.5,157.7,126.2,253.2
12952,2025-12-25,NDLS,KOTA,2025-12-25 06:47:00,2025-12-25 06:47:00,2025-12-25 06:55:00,8.5,8.5,1150.0,920.0,938.2
12952,2025-12-25,KOTA,RTM,2025-12-25 09:59:00,2025-12-25 09:59:00,2025-12-25 10:21:00,22.3,22.3,920.0,736.0,769.3
12952,2025-12-25,RTM,BRC,2025-12-25 13:25:00,2025-12-25 13:25:00,2025-12-25 13:49:00,24.5,24.5,690.0,552.0,586.5
12952,2025-12-25,BRC,ST,2025-12-25 16:53:00,2025-12-25 16:53:00,2025-12-25 17:44:00,51.7,51.7,515.2,412.2,481.5
12952,2025-12-25,ST,BCT,2025-12-25 20:48:00,2025-12-25 20:48:00,2025-12-25 21:48:00,60.4,60.4,121.4,97.1,164.2
12004,2025-12-25,NDLS,GZB,2025-12-25 06:05:00,2025-12-25 06:05:00,2025-12-25 06:20:00,15.1,15.1,1150.0,920.0,948.1
12004,2025-12-25,GZB,ALJN,2025-12-25 09:24:00,2025-12-25 09:24:00,2025-12-25 09:42:00,18.6,18.6,920.0,736.0,756.4
12004,2025-12-25,ALJN,TDL,2025-12-25 12:46:00,2025-12-25 12:46:00,2025-12-25 13:09:00,23.5,23.5,690.0,552.0,596.5
12004,2025-12-25,TDL,CNB,2025-12-25 16:13:00,2025-12-25 16:13:00,2025-12-25 16:43:00,30.0,30.0,452.0,361.6,407.8
12004,2025-12-25,CNB,LKO,2025-12-25 19:47:00,2025-12-25 19:47:00,2025-12-25 20:22:00,35.4,35.4,73.0,58.4,108.4
12626,2025-12-25,NDLS,AGC,2025-12-25 06:54:00,2025-12-25 06:54:00,2025-12-25 08:15:00,81.5,81.5,1150.0,920.0,1007.5
12626,2025-12-25,AGC,VGLJ,2025-12-25 11:19:00,2025-12-25 11:19:00,2025-12-25 12:52:00,93.5,93.5,920.0,736.0,825.1
12626,2025-12-25,VGLJ,BPL,2025-12-25 15:56:00,2025-12-25 15:56:00,2025-12-25 17:42:00,106.7,106.7,690.0,552.0,648.3
12626,2025-12-25,BPL,NGP,2025-12-25 20:46:00,2025-12-25 20:46:00,2025-12-25 22:52:00,126.9,126.9,372.8,298.2,424.6
12626,2025-12-25,NGP,MAS,2025-12-26 01:56:00,2025-12-26 01:56:00,2025-12-26 04:08:00,132.9,132.9,130.3,104.2,216.7
12424,2025-12-25,NDLS,CNB,2025-12-25 05:50:00,2025-12-25 05:50:00,2025-12-25 05:51:00,1.2,1.2,1150.0,920.0,934.9
12424,2025-12-25,CNB,PRYJ,2025-12-25 08:55:00,2025-12-25 08:55:00,2025-12-25 08:58:00,3.3,3.3,920.0,736.0,754.4
12424,2025-12-25,PRYJ,DDU,2025-12-25 12:02:00,2025-12-25 12:02:00,2025-12-25 12:10:00,8.7,8.7,690.0,552.0,579.8
12424,2025-12-25,DDU,PPTA,2025-12-25 15:14:00,2025-12-25 15:14:00,2025-12-25 15:28:00,15.0,15.0,293.1,234.5,263.4
12424,2025-12-25,PPTA,GHY,2025-12-25 18:32:00,2025-12-25 18:32:00,2025-12-25 18:43:00,11.0,11.0,83.5,66.8,95.0
12260,2025-12-25,NDLS,CNB,2025-12-25 06:13:00,2025-12-25 06:13:00,2025-12-25 06:49:00,37.0,37.0,1150.0,920.0,953.5
12260,2025-12-25,CNB,PRYJ,2025-12-25 10:39:00,2025-12-25 10:39:00,2025-12-25 11:42:00,64.0,64.0,862.5,690.0,756.3
12260,2025-12-25,PRYJ,DDU,2025-12-25 15:32:00,2025-12-25 15:32:00,2025-12-25 16:42:00,70.3,70.3,414.3,331.4,397.2
12260,2025-12-25,DDU,HWH,2025-12-25 20:32:00,2025-12-25 20:32:00,2025-12-25 21:59:00,87.3,87.3,91.7,73.4,161.2
12926,2025-12-25,BCT,BRC,2025-12-25 06:06:00,2025-12-25 06:06:00,2025-12-25 06:33:00,27.3,27.3,1150.0,920.0,963.0
12926,2025-12-25,BRC,RTM,2025-12-25 09:37:00,2025-12-25 09:37:00,2025-12-25 10:10:00,33.3,33.3,920.0,736.0,764.5
12926,2025-12-25,RTM,KOTA,2025-12-25 13:14:00,2025-12-25 13:14:00,2025-12-25 14:47:00,93.6,93.6,690.0,552.0,646.7
12926,2025-12-25,KOTA,NDLS,2025-12-25 17:51:00,2025-12-25 17:51:00,2025-12-25 19:33:00,102.3,102.3,227.3,181.8,267.3
12926,2025-12-25,NDLS,ASR,2025-12-25 22:37:00,2025-12-25 22:37:00,2025-12-26 00:54:00,137.9,137.9,110.1,88.1,205.2
12627,2025-12-25,SBC,DMM,2025-12-25 06:48:00,2025-12-25 06:48:00,2025-12-25 07:02:00,14.6,14.6,1150.0,920.0,951.1
12627,2025-12-25,DMM,GTL,2025-12-25 10:06:00,2025-12-25 10:06:00,2025-12-25 10:30:00,24.6,24.6,920.0,736.0,765.2
12627,2025-12-25,GTL,SC,2025-12-25 13:34:00,2025-12-25 13:34:00,2025-12-25 14:00:00,26.2,26.2,690.0,552.0,574.7
12627,2025-12-25,SC,NGP,2025-12-25 17:04:00,2025-12-25 17:04:00,2025-12-25 17:30:00,26.6,26.6,517.5,414.0,458.8
12627,2025-12-25,NGP,NDLS,2025-12-25 20:34:00,2025-12-25 20:34:00,2025-12-25 21:04:00,30.6,30.6,104.4,83.5,133.1
12301,2025-12-26,NDLS,CNB,2025-12-26 06:13:00,2025-12-26 06:13:00,2025-12-26 07:27:00,74.5,74.5,1150.0,920.0,985.3
12301,2025-12-26,CNB,PRYJ,2025-12-26 10:31:00,2025-12-26 10:31:00,2025-12-26 11:52:00,81.2,81.2,920.0,736.0,825.3
12301,2025-12-26,PRYJ,DDU,2025-12-26 14:56:00,2025-12-26 14:56:00,2025-12-26 16:23:00,87.1,87.1,690.0,552.0,621.6
12301,2025-12-26,DDU,GKP,2025-12-26 19:27:00,2025-12-26 19:27:00,2025-12-26 21:07:00,100.1,100.1,456.6,365.3,469.2
12301,2025-12-26,GKP,HWH,2025-12-27 00:11:00,2025-12-27 00:11:00,2025-12-27 01:50:00,100.0,100.0,130.7,104.6,193.3
12302,2025-12-26,HWH,GKP,2025-12-26 06:43:00,2025-12-26 06:43:00,2025-12-26 06:57:00,14.6,14.6,1150.0,920.0,956.5
12302,2025-12-26,GKP,DDU,2025-12-26 10:01:00,2025-12-26 10:01:00,2025-12-26 10:28:00,27.6,27.6,920.0,736.0,787.1
12302,2025-12-26,DDU,PRYJ,2025-12-26 13:32:00,2025-12-26 13:32:00,2025-12-26 14:05:00,33.4,33.4,690.0,552.0,598.8
12302,2025-12-26,PRYJ,CNB,2025-12-26 17:09:00,2025-12-26 17:09:00,2025-12-26 17:49:00,40.4,40.4,388.9,311.1,357.9
12302,2025-12-26,CNB,NDLS,2025-12-26 20:53:00,2025-12-26 20:53:00,2025-12-26 22:06:00,73.5,73.5,152.2,121.8,189.5
12951,2025-12-26,BCT,ST,2025-12-26 06:20:00,2025-12-26 06:20:00,2025-12-26 07:16:00,56.9,56.9,1150.0,920.0,969.8
12951,2025-12-26,ST,BRC,2025-12-26 10:20:00,2025-12-26 10:20:00,2025-12-26 11:30:00,70.1,70.1,920.0,736.0,812.7
12951,2025-12-26,BRC,RTM,2025-12-26 14:34:00,2025-12-26 14:34:00,2025-12-26 16:33:00,119.3,119.3,690.0,552.0,651.1
12951,2025-12-26,RTM,KOTA,2025-12-26 19:37:00,2025-12-26 19:37:00,2025-12-26 21:37:00,120.9,120.9,473.0,378.4,494.0
12951,2025-12-26,KOTA,NDLS,2025-12-27 00:41:00,2025-12-27 00:41:00,2025-12-27 03:37:00,176.9,176.9,169.8,135.8,294.3
12952,2025-12-26,NDLS,KOTA,2025-12-26 06:45:00,2025-12-26 06:45:00,2025-12-26 07:09:00,24.1,24.1,1150.0,920.0,960.1
12952,2025-12-26,KOTA,RTM,2025-12-26 10:13:00,2025-12-26 10:13:00,2025-12-26 10:35:00,22.9,22.9,920.0,736.0,769.1
12952,2025-12-26,RTM,BRC,2025-12-26 13:39:00,2025-12-26 13:39:00,2025-12-26 14:16:00,37.2,37.2,690.0,552.0,594.0
12952,2025-12-26,BRC,ST,2025-12-26 17:20:00,2025-12-26 17:20:00,2025-12-26 17:59:00,39.8,39.8,438.8,351.0,401.2
12952,2025-12-26,ST,BCT,2025-12-26 21:03:00,2025-12-26 21:03:00,2025-12-26 21:59:00,56.6,56.6,94.5,75.6,148.5
12004,2025-12-26,NDLS,GZB,2025-12-26 06:20:00,2025-12-26 06:20:00,2025-12-26 06:31:00,12.0,12.0,1150.0,920.0,947.5
12004,2025-12-26,GZB,ALJN,2025-12-26 09:35:00,2025-12-26 09:35:00,2025-12-26 10:32:00,57.8,57.8,920.0,736.0,792.8
12004,2025-12-26,ALJN,TDL,2025-12-26 13:36:00,2025-12-26 13:36:00,2025-12-26 14:40:00,64.5,64.5,690.0,552.0,623.0
12004,2025-12-26,TDL,CNB,2025-12-26 17:44:00,2025-12-26 17:44:00,2025-12-26 19:35:00,111.1,111.1,241.2,193.0,285.3
12004,2025-12-26,CNB,LKO,2025-12-26 22:39:00,2025-12-26 22:39:00,2025-12-27 00:37:00,118.9,118.9,134.7,107.8,227.2
12626,2025-12-26,NDLS,AGC,2025-12-26 05:46:00,2025-12-26 05:46:00,2025-12-26 06:16:00,30.7,30.7,1150.0,920.0,974.0
12626,2025-12-26,AGC,VGLJ,2025-12-26 09:20:00,2025-12-26 09:20:00,2025-12-26 10:01:00,41.9,41.9,920.0,736.0,775.1
12626,2025-12-26,VGLJ,BPL,2025-12-26 13:05:00,2025-12-26 13:05:00,2025-12-26 13:48:00,43.7,43.7,690.0,552.0,610.2
12626,2025-12-26,BPL,NGP,2025-12-26 16:52:00,2025-12-26 16:52:00,2025-12-26 17:47:00,55.3,55.3,369.6,295.7,356.2
12626,2025-12-26,NGP,MAS,2025-12-26 20:51:00,2025-12-26 20:51:00,2025-12-26 21:49:00,58.6,58.6,162.7,130.2,195.2
12424,2025-12-26,NDLS,CNB,2025-12-26 06:22:00,2025-12-26 06:22:00,2025-12-26 06:32:00,10.6,10.6,1150.0,920.0,941.1
12424,2025-12-26,CNB,PRYJ,2025-12-26 09:36:00,2025-12-26 09:36:00,2025-12-26 09:41:00,5.0,5.0,920.0,736.0,750.1
12424,2025-12-26,PRYJ,DDU,2025-12-26 12:45:00,2025-12-26 12:45:00,2025-12-26 13:00:00,15.6,15.6,690.0,552.0,582.7
12424,2025-12-26,DDU,PPTA,2025-12-26 16:04:00,2025-12-26 16:04:00,2025-12-26 16:30:00,26.2,26.2,545.0,436.0,469.3
12424,2025-12-26,PPTA,GHY,2025-12-26 19:34:00,2025-12-26 19:34:00,2025-12-26 20:36:00,62.0,62.0,112.0,89.6,168.0
12260,2025-12-26,NDLS,CNB,2025-12-26 06:20:00,2025-12-26 06:20:00,2025-12-26 06:43:00,23.5,23.5,1150.0,920.0,952.7
12260,2025-12-26,CNB,PRYJ,2025-12-26 10:33:00,2025-12-26 10:33:00,2025-12-26 10:59:00,26.5,26.5,862.5,690.0,723.6
12260,2025-12-26,PRYJ,DDU,2025-12-26 14:49:00,2025-12-26 14:49:00,2025-12-26 15:27:00,38.2,38.2,299.2,239.4,292.0
12260,2025-12-26,DDU,HWH,2025-12-26 19:17:00,2025-12-26 19:17:00,2025-12-26 20:16:00,59.7,59.7,170.5,136.4,191.7
12926,2025-12-26,BCT,BRC,2025-12-26 05:30:00,2025-12-26 05:30:00,2025-12-26 05:48:00,18.4,18.4,1150.0,920.0,936.1
12926,2025-12-26,BRC,RTM,2025-12-26 08:52:00,2025-12-26 08:52:00,2025-12-26 09:22:00,30.3,30.3,920.0,736.0,776.0
12926,2025-12-26,RTM,KOTA,2025-12-26 12:26:00,2025-12-26 12:26:00,2025-12-26 13:14:00,48.0,48.0,690.0,552.0,599.5
12926,2025-12-26,KOTA,NDLS,2025-12-26 16:18:00,2025-12-26 16:18:00,2025-12-26 17:09:00,51.6,51.6,368.4,294.7,353.1
12926,2025-12-26,NDLS,ASR,2025-12-26 20:13:00,2025-12-26 20:13:00,2025-12-26 21:45:00,92.0,92.0,77.2,61.8,167.0
12627,2025-12-26,SBC,DMM,2025-12-26 06:46:00,2025-12-26 06:46:00,2025-12-26 08:17:00,91.9,91.9,1150.0,920.0,1010.7
12627,2025-12-26,DMM,GTL,2025-12-26 11:21:00,2025-12-26 11:21:00,2025-12-26 12:58:00,97.7,97.7,920.0,736.0,830.7
12627,2025-12-26,GTL,SC,2025-12-26 16:02:00,2025-12-26 16:02:00,2025-12-26 17:49:00,107.2,107.2,690.0,552.0,640.8
12627,2025-12-26,SC,NGP,2025-12-26 20:53:00,2025-12-26 20:53:00,2025-12-26 22:45:00,112.4,112.4,529.4,423.5,535.0
12627,2025-12-26,NGP,NDLS,2025-12-27 01:49:00,2025-12-27 01:49:00,2025-12-27 03:45:00,116.5,116.5,117.3,93.8,210.2
12301,2025-12-27,NDLS,CNB,2025-12-27 06:53:00,2025-12-27 06:53:00,2025-12-27 07:07:00,14.7,14.7,1150.0,920.0,955.4
12301,2025-12-27,CNB,PRYJ,2025-12-27 10:11:00,2025-12-27 10:11:00,2025-12-27 10:29:00,18.0,18.0,920.0,736.0,765.3
12301,2025-12-27,PRYJ,DDU,2025-12-27 13:33:00,2025-12-27 13:33:00,2025-12-27 13:53:00,20.9,20.9,690.0,552.0,571.4
12301,2025-12-27,DDU,GKP,2025-12-27 16:57:00,2025-12-27 16:57:00,2025-12-27 17:28:00,31.1,31.1,311.1,248.9,292.1
12301,2025-12-27,GKP,HWH,2025-12-27 20:32:00,2025-12-27 20:32:00,2025-12-27 21:04:00,32.4,32.4,106.1,84.9,134.5
12302,2025-12-27,HWH,GKP,2025-12-27 06:11:00,2025-12-27 06:11:00,2025-12-27 06:26:00,16.0,16.0,1150.0,920.0,950.1
12302,2025-12-27,GKP,DDU,2025-12-27 09:30:00,2025-12-27 09:30:00,2025-12-27 09:48:00,18.6,18.6,920.0,736.0,766.9
12302,2025-12-27,DDU,PRYJ,2025-12-27 12:52:00,2025-12-27 12:52:00,2025-12-27 13:29:00,37.7,37.7,690.0,552.0,586.3
12302,2025-12-27,PRYJ,CNB,2025-12-27 16:33:00,2025-12-27 16:33:00,2025-12-27 17:20:00,47.9,47.9,372.2,297.8,359.2
12302,2025-12-27,CNB,NDLS,2025-12-27 20:24:00,2025-12-27 20:24:00,2025-12-27 21:49:00,85.4,85.4,120.5,96.4,168.9
12951,2025-12-27,BCT,ST,2025-12-27 06:58:00,2025-12-27 06:58:00,2025-12-27 07:55:00,57.9,57.9,1150.0,920.0,984.8
12951,2025-12-27,ST,BRC,2025-12-27 10:59:00,2025-12-27 10:59:00,2025-12-27 12:17:00,78.2,78.2,920.0,736.0,810.9
12951,2025-12-27,BRC,RTM,2025-12-27 15:21:00,2025-12-27 15:21:00,2025-12-27 16:42:00,81.0,81.0,690.0,552.0,622.8
12951,2025-12-27,RTM,KOTA,2025-12-27 19:46:00,2025-12-27 19:46:00,2025-12-27 21:13:00,87.9,87.9,352.7,282.2,371.5
12951,2025-12-27,KOTA,NDLS,2025-12-28 00:17:00,2025-12-28 00:17:00,2025-12-28 02:00:00,103.4,103.4,80.1,64.1,170.4
12952,2025-12-27,NDLS,KOTA,2025-12-27 06:08:00,2025-12-27 06:08:00,2025-12-27 06:23:00,15.9,15.9,1150.0,920.0,926.1
12952,2025-12-27,KOTA,RTM,2025-12-27 09:27:00,2025-12-27 09:27:00,2025-12-27 10:06:00,39.7,39.7,920.0,736.0,784.1
12952,2025-12-27,RTM,BRC,2025-12-27 13:10:00,2025-12-27 13:10:00,2025-12-27 13:51:00,41.9,41.9,690.0,552.0,598.7
12952,2025-12-27,BRC,ST,2025-12-27 16:55:00,2025-12-27 16:55:00,2025-12-27 17:45:00,51.0,51.0,285.8,228.6,285.2
12952,2025-12-27,ST,BCT,2025-12-27 20:49:00,2025-12-27 20:49:00,2025-12-27 22:43:00,114.1,114.1,151.0,120.8,228.3
12004,2025-12-27,NDLS,GZB,2025-12-27 05:55:00,2025-12-27 05:55:00,2025-12-27 06:53:00,58.7,58.7,1150.0,920.0,983.2
12004,2025-12-27,GZB,ALJN,2025-12-27 09:57:00,2025-12-27 09:57:00,2025-12-27 10:58:00,61.0,61.0,920.0,736.0,800.1
12004,2025-12-27,ALJN,TDL,2025-12-27 14:02:00,2025-12-27 14:02:00,2025-12-27 15:02:00,60.9,60.9,690.0,552.0,626.2
12004,2025-12-27,TDL,CNB,2025-12-27 18:06:00,2025-12-27 18:06:00,2025-12-27 19:32:00,86.7,86.7,327.8,262.2,356.8
12004,2025-12-27,CNB,LKO,2025-12-27 22:36:00,2025-12-27 22:36:00,2025-12-28 00:02:00,86.8,86.8,166.4,133.1,210.5
12626,2025-12-27,NDLS,AGC,2025-12-27 06:55:00,2025-12-27 06:55:00,2025-12-27 07:26:00,31.7,31.7,1150.0,920.0,971.2
12626,2025-12-27,AGC,VGLJ,2025-12-27 10:30:00,2025-12-27 10:30:00,2025-12-27 11:23:00,53.8,53.8,920.0,736.0,781.3
12626,2025-12-27,VGLJ,BPL,2025-12-27 14:27:00,2025-12-27 14:27:00,2025-12-27 15:28:00,61.1,61.1,690.0,552.0,617.5
12626,2025-12-27,BPL,NGP,2025-12-27 18:32:00,2025-12-27 18:32:00,2025-12-27 20:03:00,91.8,91.8,517.6,414.1,497.1
12626,2025-12-27,NGP,MAS,2025-12-27 23:07:00,2025-12-27 23:07:00,2025-12-28 00:40:00,93.6,93.6,90.2,72.2,162.6
12424,2025-12-27,NDLS,CNB,2025-12-27 06:48:00,2025-12-27 06:48:00,2025-12-27 06:54:00,6.3,6.3,1150.0,920.0,936.7
12424,2025-12-27,CNB,PRYJ,2025-12-27 09:58:00,2025-12-27 09:58:00,2025-12-27 11:05:00,67.9,67.9,920.0,736.0,795.0
12424,2025-12-27,PRYJ,DDU,2025-12-27 14:09:00,2025-12-27 14:09:00,2025-12-27 15:36:00,87.5,87.5,690.0,552.0,620.9
12424,2025-12-27,DDU,PPTA,2025-12-27 18:40:00,2025-12-27 18:40:00,2025-12-27 20:08:00,88.3,88.3,495.9,396.7,492.3
12424,2025-12-27,PPTA,GHY,2025-12-27 23:12:00,2025-12-27 23:12:00,2025-12-28 01:21:00,129.8,129.8,108.8,87.0,196.9
12260,2025-12-27,NDLS,CNB,2025-12-27 05:47:00,2025-12-27 05:47:00,2025-12-27 06:11:00,24.6,24.6,1150.0,920.0,966.7
12260,2025-12-27,CNB,PRYJ,2025-12-27 10:01:00,2025-12-27 10:01:00,2025-12-27 10:23:00,22.2,22.2,862.5,690.0,727.5
12260,2025-12-27,PRYJ,DDU,2025-12-27 14:13:00,2025-12-27 14:13:00,2025-12-27 14:48:00,35.9,35.9,416.3,333.0,364.4
12260,2025-12-27,DDU,HWH,2025-12-27 18:38:00,2025-12-27 18:38:00,2025-12-27 19:17:00,39.1,39.1,90.3,72.2,108.3
12926,2025-12-27,BCT,BRC,2025-12-27 05:47:00,2025-12-27 05:47:00,2025-12-27 06:16:00,29.4,29.4,1150.0,920.0,964.9
12926,2025-12-27,BRC,RTM,2025-12-27 09:20:00,2025-12-27 09:20:00,2025-12-27 09:52:00,33.0,33.0,920.0,736.0,792.9
12926,2025-12-27,RTM,KOTA,2025-12-27 12:56:00,2025-12-27 12:56:00,2025-12-27 13:38:00,42.4,42.4,690.0,552.0,610.0
12926,2025-12-27,KOTA,NDLS,2025-12-27 16:42:00,2025-12-27 16:42:00,2025-12-27 17:26:00,44.5,44.5,543.2,434.6,477.8
12926,2025-12-27,NDLS,ASR,2025-12-27 20:30:00,2025-12-27 20:30:00,2025-12-27 21:10:00,40.7,40.7,88.3,70.6,129.6
12627,2025-12-27,SBC,DMM,2025-12-27 06:51:00,2025-12-27 06:51:00,2025-12-27 07:01:00,10.8,10.8,1150.0,920.0,948.0
12627,2025-12-27,DMM,GTL,2025-12-27 10:05:00,2025-12-27 10:05:00,2025-12-27 10:24:00,19.9,19.9,920.0,736.0,771.6
12627,2025-12-27,GTL,SC,2025-12-27 13:28:00,2025-12-27 13:28:00,2025-12-27 13:53:00,25.7,25.7,690.0,552.0,573.4
12627,2025-12-27,SC,NGP,2025-12-27 16:57:00,2025-12-27 16:57:00,2025-12-27 18:13:00,76.6,76.6,532.7,426.2,501.0
12627,2025-12-27,NGP,NDLS,2025-12-27 21:17:00,2025-12-27 21:17:00,2025-12-27 23:09:00,113.0,113.0,73.1,58.5,167.3
12301,2025-12-28,NDLS,CNB,2025-12-28 06:03:00,2025-12-28 06:03:00,2025-12-28 06:14:00,11.5,11.5,1150.0,920.0,951.0
12301,2025-12-28,CNB,PRYJ,2025-12-28 09:18:00,2025-12-28 09:18:00,2025-12-28 09:24:00,6.6,6.6,920.0,736.0,765.2
12301,2025-12-28,PRYJ,DDU,2025-12-28 12:28:00,2025-12-28 12:28:00,2025-12-28 12:49:00,21.8,21.8,690.0,552.0,594.6
12301,2025-12-28,DDU,GKP,2025-12-28 15:53:00,2025-12-28 15:53:00,2025-12-28 16:16:00,23.2,23.2,506.8,405.4,434.3
12301,2025-12-28,GKP,HWH,2025-12-28 19:20:00,2025-12-28 19:20:00,2025-12-28 20:00:00,40.8,40.8,156.0,124.8,162.3
12302,2025-12-28,HWH,GKP,2025-12-28 06:24:00,2025-12-28 06:24:00,2025-12-28 06:42:00,18.3,18.3,1150.0,920.0,967.0
12302,2025-12-28,GKP,DDU,2025-12-28 09:46:00,2025-12-28 09:46:00,2025-12-28 10:48:00,62.4,62.4,920.0,736.0,798.8
12302,2025-12-28,DDU,PRYJ,2025-12-28 13:52:00,2025-12-28 13:52:00,2025-12-28 15:10:00,78.1,78.1,690.0,552.0,640.1
12302,2025-12-28,PRYJ,CNB,2025-12-28 18:14:00,2025-12-28 18:14:00,2025-12-28 20:10:00,116.7,116.7,259.1,207.3,311.8
12302,2025-12-28,CNB,NDLS,2025-12-28 23:14:00,2025-12-28 23:14:00,2025-12-29 01:55:00,162.0,162.0,79.5,63.6,224.1
12951,2025-12-28,BCT,ST,2025-12-28 06:01:00,2025-12-28 06:01:00,2025-12-28 07:05:00,64.2,64.2,1150.0,920.0,974.5
12951,2025-12-28,ST,BRC,2025-12-28 10:09:00,2025-12-28 10:09:00,2025-12-28 11:19:00,70.3,70.3,920.0,736.0,801.0
12951,2025-12-28,BRC,RTM,2025-12-28 14:23:00,2025-12-28 14:23:00,2025-12-28 15:43:00,80.7,80.7,690.0,552.0,615.3
12951,2025-12-28,RTM,KOTA,2025-12-28 18:47:00,2025-12-28 18:47:00,2025-12-28 21:01:00,134.3,134.3,310.8,248.6,373.2
12951,2025-12-28,KOTA,NDLS,2025-12-29 00:05:00,2025-12-29 00:05:00,2025-12-29 02:29:00,144.1,144.1,151.9,121.5,260.7
12952,2025-12-28,NDLS,KOTA,2025-12-28 05:57:00,2025-12-28 05:57:00,2025-12-28 06:19:00,22.8,22.8,1150.0,920.0,980.0
12952,2025-12-28,KOTA,RTM,2025-12-28 09:23:00,2025-12-28 09:23:00,2025-12-28 09:48:00,25.7,25.7,920.0,736.0,784.1
12952,2025-12-28,RTM,BRC,2025-12-28 12:52:00,2025-12-28 12:52:00,2025-12-28 13:15:00,23.7,23.7,690.0,552.0,583.2
12952,2025-12-28,BRC,ST,2025-12-28 16:19:00,2025-12-28 16:19:00,2025-12-28 17:49:00,90.2,90.2,294.2,235.4,322.3
12952,2025-12-28,ST,BCT,2025-12-28 20:53:00,2025-12-28 20:53:00,2025-12-28 22:21:00,89.0,89.0,87.6,70.1,161.8
12004,2025-12-28,NDLS,GZB,2025-12-28 06:24:00,2025-12-28 06:24:00,2025-12-28 08:00:00,96.4,96.4,1150.0,920.0,1002.4
12004,2025-12-28,GZB,ALJN,2025-12-28 11:04:00,2025-12-28 11:04:00,2025-12-28 12:38:00,94.9,94.9,920.0,736.0,819.6
12004,2025-12-28,ALJN,TDL,2025-12-28 15:42:00,2025-12-28 15:42:00,2025-12-28 17:17:00,95.3,95.3,690.0,552.0,634.8
12004,2025-12-28,TDL,CNB,2025-12-28 20:21:00,2025-12-28 20:21:00,2025-12-28 22:34:00,133.7,133.7,537.6,430.1,547.9
12004,2025-12-28,CNB,LKO,2025-12-29 01:38:00,2025-12-29 01:38:00,2025-12-29 03:57:00,139.8,139.8,110.8,88.6,219.7
12626,2025-12-28,NDLS,AGC,2025-12-28 05:36:00,2025-12-28 05:36:00,2025-12-28 06:35:00,60.0,60.0,1150.0,920.0,987.9
12626,2025-12-28,AGC,VGLJ,2025-12-28 09:39:00,2025-12-28 09:39:00,2025-12-28 10:41:00,62.7,62.7,920.0,736.0,794.0
12626,2025-12-28,VGLJ,BPL,2025-12-28 13:45:00,2025-12-28 13:45:00,2025-12-28 14:51:00,66.3,66.3,690.0,552.0,616.9
12626,2025-12-28,BPL,NGP,2025-12-28 17:55:00,2025-12-28 17:55:00,2025-12-28 19:12:00,77.9,77.9,424.1,339.3,392.8
12626,2025-12-28,NGP,MAS,2025-12-28 22:16:00,2025-12-28 22:16:00,2025-12-28 23:38:00,82.5,82.5,77.0,61.6,134.8
12424,2025-12-28,NDLS,CNB,2025-12-28 05:36:00,2025-12-28 05:36:00,2025-12-28 05:59:00,23.7,23.7,1150.0,920.0,947.2
12424,2025-12-28,CNB,PRYJ,2025-12-28 09:03:00,2025-12-28 09:03:00,2025-12-28 09:19:00,16.5,16.5,920.0,736.0,764.1
12424,2025-12-28,PRYJ,DDU,2025-12-28 12:23:00,2025-12-28 12:23:00,2025-12-28 12:28:00,6.0,6.0,690.0,552.0,570.8
12424,2025-12-28,DDU,PPTA,2025-12-28 15:32:00,2025-12-28 15:32:00,2025-12-28 16:37:00,65.8,65.8,322.7,258.2,327.4
12424,2025-12-28,PPTA,GHY,2025-12-28 19:41:00,2025-12-28 19:41:00,2025-12-28 20:50:00,69.9,69.9,58.2,46.6,123.5
12260,2025-12-28,NDLS,CNB,2025-12-28 06:35:00,2025-12-28 06:35:00,2025-12-28 07:30:00,55.3,55.3,1150.0,920.0,983.0
12260,2025-12-28,CNB,PRYJ,2025-12-28 11:20:00,2025-12-28 11:20:00,2025-12-28 13:01:00,101.3,101.3,862.5,690.0,781.1
12260,2025-12-28,PRYJ,DDU,2025-12-28 16:51:00,2025-12-28 16:51:00,2025-12-28 19:37:00,166.0,166.0,428.0,342.4,480.8
12260,2025-12-28,DDU,HWH,2025-12-28 23:27:00,2025-12-28 23:27:00,2025-12-29 02:40:00,193.6,193.6,54.6,43.7,220.3
12926,2025-12-28,BCT,BRC,2025-12-28 06:34:00,2025-12-28 06:34:00,2025-12-28 06:43:00,9.5,9.5,1150.0,920.0,930.3
12926,2025-12-28,BRC,RTM,2025-12-28 09:47:00,2025-12-28 09:47:00,2025-12-28 10:07:00,20.3,20.3,920.0,736.0,779.7
12926,2025-12-28,RTM,KOTA,2025-12-28 13:11:00,2025-12-28 13:11:00,2025-12-28 13:32:00,21.5,21.5,690.0,552.0,579.5
12926,2025-12-28,KOTA,NDLS,2025-12-28 16:36:00,2025-12-28 16:36:00,2025-12-28 16:54:00,18.3,18.3,235.4,188.3,233.4
12926,2025-12-28,NDLS,ASR,2025-12-28 19:58:00,2025-12-28 19:58:00,2025-12-28 20:17:00,19.7,19.7,121.8,97.4,141.7
12627,2025-12-28,SBC,DMM,2025-12-28 05:50:00,2025-12-28 05:50:00,2025-12-28 06:01:00,11.9,11.9,1150.0,920.0,934.5
12627,2025-12-28,DMM,GTL,2025-12-28 09:05:00,2025-12-28 09:05:00,2025-12-28 09:29:00,24.2,24.2,920.0,736.0,760.6
12627,2025-12-28,GTL,SC,2025-12-28 12:33:00,2025-12-28 12:33:00,2025-12-28 13:06:00,33.1,33.1,690.0,552.0,578.1
12627,2025-12-28,SC,NGP,2025-12-28 16:10:00,2025-12-28 16:10:00,2025-12-28 16:46:00,36.2,36.2,398.1,318.5,366.4
12627,2025-12-28,NGP,NDLS,2025-12-28 19:50:00,2025-12-28 19:50:00,2025-12-28 20:35:00,45.9,45.9,127.1,101.7,170.6
12301,2025-12-29,NDLS,CNB,2025-12-29 05:50:00,2025-12-29 05:50:00,2025-12-29 06:02:00,12.9,12.9,1150.0,920.0,929.2
12301,2025-12-29,CNB,PRYJ,2025-12-29 09:06:00,2025-12-29 09:06:00,2025-12-29 09:58:00,52.1,52.1,920.0,736.0,801.1
12301,2025-12-29,PRYJ,DDU,2025-12-29 13:02:00,2025-12-29 13:02:00,2025-12-29 15:02:00,120.6,120.6,690.0,552.0,648.5
12301,2025-12-29,DDU,GKP,2025-12-29 18:06:00,2025-12-29 18:06:00,2025-12-29 21:08:00,182.5,182.5,549.2,439.4,604.8
12301,2025-12-29,GKP,HWH,2025-12-30 00:12:00,2025-12-30 00:12:00,2025-12-30 03:23:00,191.9,191.9,176.4,141.1,330.5
12302,2025-12-29,HWH,GKP,2025-12-29 06:27:00,2025-12-29 06:27:00,2025-12-29 06:43:00,16.4,16.4,1150.0,920.0,958.8
12302,2025-12-29,GKP,DDU,2025-12-29 09:47:00,2025-12-29 09:47:00,2025-12-29 09:56:00,9.9,9.9,920.0,736.0,759.9
12302,2025-12-29,DDU,PRYJ,2025-12-29 13:00:00,2025-12-29 13:00:00,2025-12-29 13:15:00,15.1,15.1,690.0,552.0,566.4
12302,2025-12-29,PRYJ,CNB,2025-12-29 16:19:00,2025-12-29 16:19:00,2025-12-29 16:43:00,24.1,24.1,449.9,359.9,405.2
12302,2025-12-29,CNB,NDLS,2025-12-29 19:47:00,2025-12-29 19:47:00,2025-12-29 20:28:00,41.7,41.7,105.8,84.6,120.5
12951,2025-12-29,BCT,ST,2025-12-29 06:41:00,2025-12-29 06:41:00,2025-12-29 07:41:00,60.8,60.8,1150.0,920.0,992.1
12951,2025-12-29,ST,BRC,2025-12-29 10:45:00,2025-12-29 10:45:00,2025-12-29 11:47:00,62.6,62.6,920.0,736.0,803.5
12951,2025-12-29,BRC,RTM,2025-12-29 14:51:00,2025-12-29 14:51:00,2025-12-29 16:57:00,126.3,126.3,690.0,552.0,676.2
12951,2025-12-29,RTM,KOTA,2025-12-29 20:01:00,2025-12-29 20:01:00,2025-12-29 22:15:00,134.1,134.1,420.1,336.1,462.9
12951,2025-12-29,KOTA,NDLS,2025-12-30 01:19:00,2025-12-30 01:19:00,2025-12-30 03:44:00,145.1,145.1,172.3,137.8,262.9
12952,2025-12-29,NDLS,KOTA,2025-12-29 06:31:00,2025-12-29 06:31:00,2025-12-29 07:16:00,45.8,45.8,1150.0,920.0,960.1
12952,2025-12-29,KOTA,RTM,2025-12-29 10:20:00,2025-12-29 10:20:00,2025-12-29 11:14:00,54.0,54.0,920.0,736.0,793.2
12952,2025-12-29,RTM,BRC,2025-12-29 14:18:00,2025-12-29 14:18:00,2025-12-29 15:36:00,78.3,78.3,690.0,552.0,624.2
12952,2025-12-29,BRC,ST,2025-12-29 18:40:00,2025-12-29 18:40:00,2025-12-29 20:00:00,80.5,80.5,394.2,315.4,407.2
12952,2025-12-29,ST,BCT,2025-12-29 23:04:00,2025-12-29 23:04:00,2025-12-30 00:35:00,91.9,91.9,175.0,140.0,230.0
12004,2025-12-29,NDLS,GZB,2025-12-29 05:37:00,2025-12-29 05:37:00,2025-12-29 05:49:00,12.5,12.5,1150.0,920.0,952.0
12004,2025-12-29,GZB,ALJN,2025-12-29 08:53:00,2025-12-29 08:53:00,2025-12-29 09:11:00,18.3,18.3,920.0,736.0,774.0
12004,2025-12-29,ALJN,TDL,2025-12-29 12:15:00,2025-12-29 12:15:00,2025-12-29 12:37:00,22.4,22.4,690.0,552.0,574.7
12004,2025-12-29,TDL,CNB,2025-12-29 15:41:00,2025-12-29 15:41:00,2025-12-29 16:08:00,27.5,27.5,378.5,302.8,330.1
12004,2025-12-29,CNB,LKO,2025-12-29 19:12:00,2025-12-29 19:12:00,2025-12-29 20:22:00,70.9,70.9,71.2,57.0,120.5
12626,2025-12-29,NDLS,AGC,2025-12-29 06:06:00,2025-12-29 06:06:00,2025-12-29 06:06:00,0.0,0.0,1150.0,920.0,924.9
12626,2025-12-29,AGC,VGLJ,2025-12-29 09:10:00,2025-12-29 09:10:00,2025-12-29 10:07:00,57.3,57.3,920.0,736.0,794.5
12626,2025-12-29,VGLJ,BPL,2025-12-29 13:11:00,2025-12-29 13:11:00,2025-12-29 14:21:00,70.2,70.2,690.0,552.0,616.3
12626,2025-12-29,BPL,NGP,2025-12-29 17:25:00,2025-12-29 17:25:00,2025-12-29 19:25:00,120.9,120.9,440.3,352.2,464.1
12626,2025-12-29,NGP,MAS,2025-12-29 22:29:00,2025-12-29 22:29:00,2025-12-30 00:46:00,137.3,137.3,62.2,49.8,181.1
12424,2025-12-29,NDLS,CNB,2025-12-29 06:09:00,2025-12-29 06:09:00,2025-12-29 06:20:00,11.3,11.3,1150.0,920.0,934.0
12424,2025-12-29,CNB,PRYJ,2025-12-29 09:24:00,2025-12-29 09:24:00,2025-12-29 09:45:00,21.2,21.2,920.0,736.0,778.8
12424,2025-12-29,PRYJ,DDU,2025-12-29 12:49:00,2025-12-29 12:49:00,2025-12-29 13:24:00,35.7,35.7,690.0,552.0,595.5
12424,2025-12-29,DDU,PPTA,2025-12-29 16:28:00,2025-12-29 16:28:00,2025-12-29 17:03:00,35.2,35.2,239.8,191.8,236.7
12424,2025-12-29,PPTA,GHY,2025-12-29 20:07:00,2025-12-29 20:07:00,2025-12-29 20:55:00,48.8,48.8,150.8,120.6,183.9
12260,2025-12-29,NDLS,CNB,2025-12-29 06:26:00,2025-12-29 06:26:00,2025-12-29 06:47:00,21.9,21.9,1150.0,920.0,961.0
12260,2025-12-29,CNB,PRYJ,2025-12-29 10:37:00,2025-12-29 10:37:00,2025-12-29 11:16:00,39.7,39.7,862.5,690.0,738.4
12260,2025-12-29,PRYJ,DDU,2025-12-29 15:06:00,2025-12-29 15:06:00,2025-12-29 16:14:00,68.8,68.8,279.2,223.4,313.2
12260,2025-12-29,DDU,HWH,2025-12-29 20:04:00,2025-12-29 20:04:00,2025-12-29 21:13:00,69.4,69.4,70.5,56.4,135.1
12926,2025-12-29,BCT,BRC,2025-12-29 06:35:00,2025-12-29 06:35:00,2025-12-29 07:11:00,36.3,36.3,1150.0,920.0,961.7
12926,2025-12-29,BRC,RTM,2025-12-29 10:15:00,2025-12-29 10:15:00,2025-12-29 11:39:00,84.8,84.8,920.0,736.0,822.4
12926,2025-12-29,RTM,KOTA,2025-12-29 14:43:00,2025-12-29 14:43:00,2025-12-29 16:11:00,88.4,88.4,690.0,552.0,644.4
12926,2025-12-29,KOTA,NDLS,2025-12-29 19:15:00,2025-12-29 19:15:00,2025-12-29 21:27:00,132.3,132.3,456.7,365.4,487.7
12926,2025-12-29,NDLS,ASR,2025-12-30 00:31:00,2025-12-30 00:31:00,2025-12-30 03:02:00,151.2,151.2,161.6,129.3,253.7
12627,2025-12-29,SBC,DMM,2025-12-29 06:54:00,2025-12-29 06:54:00,2025-12-29 07:20:00,26.5,26.5,1150.0,920.0,957.2
12627,2025-12-29,DMM,GTL,2025-12-29 10:24:00,2025-12-29 10:24:00,2025-12-29 11:51:00,87.3,87.3,920.0,736.0,818.0
12627,2025-12-29,GTL,SC,2025-12-29 14:55:00,2025-12-29 14:55:00,2025-12-29 16:28:00,93.2,93.2,690.0,552.0,646.3
12627,2025-12-29,SC,NGP,2025-12-29 19:32:00,2025-12-29 19:32:00,2025-12-29 21:02:00,90.6,90.6,532.0,425.6,507.1
12627,2025-12-29,NGP,NDLS,2025-12-30 00:06:00,2025-12-30 00:06:00,2025-12-30 01:51:00,105.7,105.7,154.8,123.8,226.4
12301,2025-12-30,NDLS,CNB,2025-12-30 06:54:00,2025-12-30 06:54:00,2025-12-30 07:14:00,20.4,20.4,1150.0,920.0,953.9
12301,2025-12-30,CNB,PRYJ,2025-12-30 10:18:00,2025-12-30 10:18:00,2025-12-30 11:11:00,53.2,53.2,920.0,736.0,810.2
12301,2025-12-30,PRYJ,DDU,2025-12-30 14:15:00,2025-12-30 14:15:00,2025-12-30 15:09:00,54.3,54.3,690.0,552.0,615.8
12301,2025-12-30,DDU,GKP,2025-12-30 18:13:00,2025-12-30 18:13:00,2025-12-30 19:38:00,86.0,86.0,272.4,217.9,306.4
12301,2025-12-30,GKP,HWH,2025-12-30 22:42:00,2025-12-30 22:42:00,2025-12-31 00:26:00,104.1,104.1,56.1,44.9,134.5
12302,2025-12-30,HWH,GKP,2025-12-30 06:42:00,2025-12-30 06:42:00,2025-12-30 07:10:00,28.9,28.9,1150.0,920.0,961.1
12302,2025-12-30,GKP,DDU,2025-12-30 10:14:00,2025-12-30 10:14:00,2025-12-30 10:43:00,29.0,29.0,920.0,736.0,771.8
12302,2025-12-30,DDU,PRYJ,2025-12-30 13:47:00,2025-12-30 13:47:00,2025-12-30 14:22:00,35.9,35.9,690.0,552.0,586.1
12302,2025-12-30,PRYJ,CNB,2025-12-30 17:26:00,2025-12-30 17:26:00,2025-12-30 18:13:00,47.5,47.5,442.4,353.9,419.3
12302,2025-12-30,CNB,NDLS,2025-12-30 21:17:00,2025-12-30 21:17:00,2025-12-30 22:59:00,102.1,102.1,100.3,80.2,194.7
12951,2025-12-30,BCT,ST,2025-12-30 06:48:00,2025-12-30 06:48:00,2025-12-30 06:58:00,10.3,10.3,1150.0,920.0,944.8
12951,2025-12-30,ST,BRC,2025-12-30 10:02:00,2025-12-30 10:02:00,2025-12-30 10:23:00,21.7,21.7,920.0,736.0,771.5
12951,2025-12-30,BRC,RTM,2025-12-30 13:27:00,2025-12-30 13:27:00,2025-12-30 13:54:00,27.5,27.5,690.0,552.0,588.3
12951,2025-12-30,RTM,KOTA,2025-12-30 16:58:00,2025-12-30 16:58:00,2025-12-30 17:29:00,31.4,31.4,503.6,402.9,449.5
12951,2025-12-30,KOTA,NDLS,2025-12-30 20:33:00,2025-12-30 20:33:00,2025-12-30 22:12:00,99.9,99.9,50.9,40.7,133.8
12952,2025-12-30,NDLS,KOTA,2025-12-30 05:49:00,2025-12-30 05:49:00,2025-12-30 06:16:00,27.9,27.9,1150.0,920.0,970.1
12952,2025-12-30,KOTA,RTM,2025-12-30 09:20:00,2025-12-30 09:20:00,2025-12-30 09:56:00,36.4,36.4,920.0,736.0,780.6
12952,2025-12-30,RTM,BRC,2025-12-30 13:00:00,2025-12-30 13:00:00,2025-12-30 14:11:00,71.8,71.8,690.0,552.0,629.4
12952,2025-12-30,BRC,ST,2025-12-30 17:15:00,2025-12-30 17:15:00,2025-12-30 18:39:00,84.9,84.9,379.6,303.7,390.4
12952,2025-12-30,ST,BCT,2025-12-30 21:43:00,2025-12-30 21:43:00,2025-12-30 23:21:00,98.2,98.2,138.8,111.0,207.5
12004,2025-12-30,NDLS,GZB,2025-12-30 05:52:00,2025-12-30 05:52:00,2025-12-30 06:59:00,67.8,67.8,1150.0,920.0,980.3
12004,2025-12-30,GZB,ALJN,2025-12-30 10:03:00,2025-12-30 10:03:00,2025-12-30 11:10:00,67.2,67.2,920.0,736.0,812.3
12004,2025-12-30,ALJN,TDL,2025-12-30 14:14:00,2025-12-30 14:14:00,2025-12-30 15:46:00,92.1,92.1,690.0,552.0,647.6
12004,2025-12-30,TDL,CNB,2025-12-30 18:50:00,2025-12-30 18:50:00,2025-12-30 20:51:00,121.9,121.9,433.3,346.6,444.9
12004,2025-12-30,CNB,LKO,2025-12-30 23:55:00,2025-12-30 23:55:00,2025-12-31 02:18:00,143.6,143.6,158.4,126.7,251.3
12626,2025-12-30,NDLS,AGC,2025-12-30 06:47:00,2025-12-30 06:47:00,2025-12-30 07:10:00,23.2,23.2,1150.0,920.0,951.5
12626,2025-12-30,AGC,VGLJ,2025-12-30 10:14:00,2025-12-30 10:14:00,2025-12-30 10:39:00,25.5,25.5,920.0,736.0,761.1
12626,2025-12-30,VGLJ,BPL,2025-12-30 13:43:00,2025-12-30 13:43:00,2025-12-30 14:13:00,30.2,30.2,690.0,552.0,590.7
12626,2025-12-30,BPL,NGP,2025-12-30 17:17:00,2025-12-30 17:17:00,2025-12-30 17:49:00,32.3,32.3,233.8,187.0,234.0
12626,2025-12-30,NGP,MAS,2025-12-30 20:53:00,2025-12-30 20:53:00,2025-12-30 22:05:00,72.5,72.5,81.4,65.1,152.8
12424,2025-12-30,NDLS,CNB,2025-12-30 06:25:00,2025-12-30 06:25:00,2025-12-30 07:27:00,62.3,62.3,1150.0,920.0,987.0
12424,2025-12-30,CNB,PRYJ,2025-12-30 10:31:00,2025-12-30 10:31:00,2025-12-30 12:20:00,109.1,109.1,920.0,736.0,853.3
12424,2025-12-30,PRYJ,DDU,2025-12-30 15:24:00,2025-12-30 15:24:00,2025-12-30 17:25:00,121.8,121.8,690.0,552.0,666.1
12424,2025-12-30,DDU,PPTA,2025-12-30 20:29:00,2025-12-30 20:29:00,2025-12-30 22:53:00,144.7,144.7,370.4,296.3,448.7
12424,2025-12-30,PPTA,GHY,2025-12-31 01:57:00,2025-12-31 01:57:00,2025-12-31 04:41:00,164.5,164.5,86.1,68.9,224.0
12260,2025-12-30,NDLS,CNB,2025-12-30 05:33:00,2025-12-30 05:33:00,2025-12-30 06:26:00,53.8,53.8,1150.0,920.0,961.5
12260,2025-12-30,CNB,PRYJ,2025-12-30 10:16:00,2025-12-30 10:16:00,2025-12-30 12:13:00,117.3,117.3,862.5,690.0,787.8
12260,2025-12-30,PRYJ,DDU,2025-12-30 16:03:00,2025-12-30 16:03:00,2025-12-30 18:34:00,151.2,151.2,356.2,285.0,428.8
12260,2025-12-30,DDU,HWH,2025-12-30 22:24:00,2025-12-30 22:24:00,2025-12-31 01:09:00,165.1,165.1,74.1,59.3,201.4
12926,2025-12-30,BCT,BRC,2025-12-30 05:54:00,2025-12-30 05:54:00,2025-12-30 05:54:00,0.0,0.0,1150.0,920.0,947.2
12926,2025-12-30,BRC,RTM,2025-12-30 08:58:00,2025-12-30 08:58:00,2025-12-30 09:32:00,34.4,34.4,920.0,736.0,767.4
12926,2025-12-30,RTM,KOTA,2025-12-30 12:36:00,2025-12-30 12:36:00,2025-12-30 13:19:00,43.2,43.2,690.0,552.0,588.0
12926,2025-12-30,KOTA,NDLS,2025-12-30 16:23:00,2025-12-30 16:23:00,2025-12-30 17:48:00,85.7,85.7,546.8,437.4,528.0
12926,2025-12-30,NDLS,ASR,2025-12-30 20:52:00,2025-12-30 20:52:00,2025-12-30 22:23:00,91.6,91.6,124.4,99.5,194.1
12627,2025-12-30,SBC,DMM,2025-12-30 06:03:00,2025-12-30 06:03:00,2025-12-30 06:32:00,29.5,29.5,1150.0,920.0,932.5
12627,2025-12-30,DMM,GTL,2025-12-30 09:36:00,2025-12-30 09:36:00,2025-12-30 10:08:00,32.4,32.4,920.0,736.0,759.6
12627,2025-12-30,GTL,SC,2025-12-30 13:12:00,2025-12-30 13:12:00,2025-12-30 13:45:00,33.8,33.8,690.0,552.0,609.4
12627,2025-12-30,SC,NGP,2025-12-30 16:49:00,2025-12-30 16:49:00,2025-12-30 17:25:00,36.6,36.6,305.8,244.6,286.5
12627,2025-12-30,NGP,NDLS,2025-12-30 20:29:00,2025-12-30 20:29:00,2025-12-30 21:09:00,40.3,40.3,151.2,121.0,170.9
12301,2025-12-31,NDLS,CNB,2025-12-31 06:31:00,2025-12-31 06:31:00,2025-12-31 06:39:00,8.9,8.9,1150.0,920.0,939.4
12301,2025-12-31,CNB,PRYJ,2025-12-31 09:43:00,2025-12-31 09:43:00,2025-12-31 10:00:00,17.5,17.5,920.0,736.0,766.4
12301,2025-12-31,PRYJ,DDU,2025-12-31 13:04:00,2025-12-31 13:04:00,2025-12-31 13:32:00,28.5,28.5,690.0,552.0,603.0
12301,2025-12-31,DDU,GKP,2025-12-31 16:36:00,2025-12-31 16:36:00,2025-12-31 17:18:00,42.1,42.1,459.0,367.2,414.8
12301,2025-12-31,GKP,HWH,2025-12-31 20:22:00,2025-12-31 20:22:00,2025-12-31 21:38:00,76.5,76.5,122.7,98.2,168.5
12302,2025-12-31,HWH,GKP,2025-12-31 05:30:00,2025-12-31 05:30:00,2025-12-31 05:37:00,7.4,7.4,1150.0,920.0,937.0
12302,2025-12-31,GKP,DDU,2025-12-31 08:41:00,2025-12-31 08:41:00,2025-12-31 08:59:00,18.9,18.9,920.0,736.0,764.8
12302,2025-12-31,DDU,PRYJ,2025-12-31 12:03:00,2025-12-31 12:03:00,2025-12-31 12:24:00,21.7,21.7,690.0,552.0,579.0
12302,2025-12-31,PRYJ,CNB,2025-12-31 15:28:00,2025-12-31 15:28:00,2025-12-31 15:56:00,28.4,28.4,496.5,397.2,433.9
12302,2025-12-31,CNB,NDLS,2025-12-31 19:00:00,2025-12-31 19:00:00,2025-12-31 20:17:00,77.9,77.9,135.1,108.1,182.9
12951,2025-12-31,BCT,ST,2025-12-31 05:33:00,2025-12-31 05:33:00,2025-12-31 05:58:00,25.6,25.6,1150.0,920.0,966.9
12951,2025-12-31,ST,BRC,2025-12-31 09:02:00,2025-12-31 09:02:00,2025-12-31 10:16:00,74.0,74.0,920.0,736.0,802.2
12951,2025-12-31,BRC,RTM,2025-12-31 13:20:00,2025-12-31 13:20:00,2025-12-31 15:33:00,133.7,133.7,690.0,552.0,668.8
12951,2025-12-31,RTM,KOTA,2025-12-31 18:37:00,2025-12-31 18:37:00,2025-12-31 20:53:00,136.2,136.2,333.6,266.9,385.8
12951,2025-12-31,KOTA,NDLS,2025-12-31 23:57:00,2025-12-31 23:57:00,2026-01-01 02:13:00,136.2,136.2,73.7,59.0,193.0
12952,2025-12-31,NDLS,KOTA,2025-12-31 06:16:00,2025-12-31 06:16:00,2025-12-31 06:28:00,12.8,12.8,1150.0,920.0,955.0
12952,2025-12-31,KOTA,RTM,2025-12-31 09:32:00,2025-12-31 09:32:00,2025-12-31 10:04:00,32.4,32.4,920.0,736.0,784.7
12952,2025-12-31,RTM,BRC,2025-12-31 13:08:00,2025-12-31 13:08:00,2025-12-31 13:42:00,34.9,34.9,690.0,552.0,587.7
12952,2025-12-31,BRC,ST,2025-12-31 16:46:00,2025-12-31 16:46:00,2025-12-31 17:20:00,35.0,35.0,475.6,380.5,416.1
12952,2025-12-31,ST,BCT,2025-12-31 20:24:00,2025-12-31 20:24:00,2025-12-31 21:16:00,52.4,52.4,145.1,116.1,177.3
12004,2025-12-31,NDLS,GZB,2025-12-31 06:30:00,2025-12-31 06:30:00,2025-12-31 07:52:00,82.4,82.4,1150.0,920.0,1016.0
12004,2025-12-31,GZB,ALJN,2025-12-31 10:56:00,2025-12-31 10:56:00,2025-12-31 12:26:00,90.2,90.2,920.0,736.0,834.2
12004,2025-12-31,ALJN,TDL,2025-12-31 15:30:00,2025-12-31 15:30:00,2025-12-31 16:56:00,86.1,86.1,690.0,552.0,652.9
12004,2025-12-31,TDL,CNB,2025-12-31 20:00:00,2025-12-31 20:00:00,2025-12-31 21:23:00,83.2,83.2,501.8,401.4,488.2
12004,2025-12-31,CNB,LKO,2026-01-01 00:27:00,2026-01-01 00:27:00,2026-01-01 01:57:00,90.2,90.2,96.0,76.8,160.2
12626,2025-12-31,NDLS,AGC,2025-12-31 06:08:00,2025-12-31 06:08:00,2025-12-31 06:16:00,8.1,8.1,1150.0,920.0,946.8
12626,2025-12-31,AGC,VGLJ,2025-12-31 09:20:00,2025-12-31 09:20:00,2025-12-31 10:23:00,63.6,63.6,920.0,736.0,814.7
12626,2025-12-31,VGLJ,BPL,2025-12-31 13:27:00,2025-12-31 13:27:00,2025-12-31 14:42:00,75.5,75.5,690.0,552.0,626.0
12626,2025-12-31,BPL,NGP,2025-12-31 17:46:00,2025-12-31 17:46:00,2025-12-31 19:28:00,102.7,102.7,507.0,405.6,498.0
12626,2025-12-31,NGP,MAS,2025-12-31 22:32:00,2025-12-31 22:32:00,2026-01-01 00:21:00,109.4,109.4,168.8,135.0,244.2
12424,2025-12-31,NDLS,CNB,2025-12-31 06:43:00,2025-12-31 06:43:00,2025-12-31 06:51:00,8.6,8.6,1150.0,920.0,927.8
12424,2025-12-31,CNB,PRYJ,2025-12-31 09:55:00,2025-12-31 09:55:00,2025-12-31 10:25:00,30.7,30.7,920.0,736.0,777.0
12424,2025-12-31,PRYJ,DDU,2025-12-31 13:29:00,2025-12-31 13:29:00,2025-12-31 14:09:00,40.6,40.6,690.0,552.0,581.7
12424,2025-12-31,DDU,PPTA,2025-12-31 17:13:00,2025-12-31 17:13:00,2025-12-31 18:33:00,80.5,80.5,545.3,436.2,514.5
12424,2025-12-31,PPTA,GHY,2025-12-31 21:37:00,2025-12-31 21:37:00,2025-12-31 23:03:00,86.1,86.1,98.3,78.6,159.4
12260,2025-12-31,NDLS,CNB,2025-12-31 06:00:00,2025-12-31 06:00:00,2025-12-31 06:19:00,19.7,19.7,1150.0,920.0,959.6
12260,2025-12-31,CNB,PRYJ,2025-12-31 10:09:00,2025-12-31 10:09:00,2025-12-31 10:44:00,35.6,35.6,862.5,690.0,733.7
12260,2025-12-31,PRYJ,DDU,2025-12-31 14:34:00,2025-12-31 14:34:00,2025-12-31 15:14:00,40.4,40.4,416.3,333.0,373.5
12260,2025-12-31,DDU,HWH,2025-12-31 19:04:00,2025-12-31 19:04:00,2025-12-31 20:43:00,99.6,99.6,65.5,52.4,154.3
12926,2025-12-31,BCT,BRC,2025-12-31 05:52:00,2025-12-31 05:52:00,2025-12-31 07:32:00,100.6,100.6,1150.0,920.0,1010.6
12926,2025-12-31,BRC,RTM,2025-12-31 10:36:00,2025-12-31 10:36:00,2025-12-31 12:22:00,106.7,106.7,920.0,736.0,859.2
12926,2025-12-31,RTM,KOTA,2025-12-31 15:26:00,2025-12-31 15:26:00,2025-12-31 17:17:00,111.5,111.5,690.0,552.0,670.6
12926,2025-12-31,KOTA,NDLS,2025-12-31 20:21:00,2025-12-31 20:21:00,2025-12-31 22:07:00,106.7,106.7,257.1,205.7,312.4
12926,2025-12-31,NDLS,ASR,2026-01-01 01:11:00,2026-01-01 01:11:00,2026-01-01 03:13:00,122.5,122.5,81.2,65.0,180.9
12627,2025-12-31,SBC,DMM,2025-12-31 06:43:00,2025-12-31 06:43:00,2025-12-31 07:14:00,31.6,31.6,1150.0,920.0,957.8
12627,2025-12-31,DMM,GTL,2025-12-31 10:18:00,2025-12-31 10:18:00,2025-12-31 10:56:00,38.7,38.7,920.0,736.0,770.2
12627,2025-12-31,GTL,SC,2025-12-31 14:00:00,2025-12-31 14:00:00,2025-12-31 14:44:00,44.6,44.6,690.0,552.0,590.1
12627,2025-12-31,SC,NGP,2025-12-31 17:48:00,2025-12-31 17:48:00,2025-12-31 19:31:00,103.3,103.3,541.7,433.4,537.7
12627,2025-12-31,NGP,NDLS,2025-12-31 22:35:00,2025-12-31 22:35:00,2026-01-01 01:00:00,145.8,145.8,165.2,132.2,256.5
12301,2026-01-01,NDLS,CNB,2026-01-01 05:52:00,2026-01-01 05:52:00,2026-01-01 06:03:00,11.0,11.0,1150.0,920.0,967.7
12301,2026-01-01,CNB,PRYJ,2026-01-01 09:07:00,2026-01-01 09:07:00,2026-01-01 09:30:00,23.2,23.2,920.0,736.0,757.0
12301,2026-01-01,PRYJ,DDU,2026-01-01 12:34:00,2026-01-01 12:34:00,2026-01-01 13:06:00,32.9,32.9,690.0,552.0,604.9
12301,2026-01-01,DDU,GKP,2026-01-01 16:10:00,2026-01-01 16:10:00,2026-01-01 16:40:00,30.4,30.4,523.7,419.0,455.3
12301,2026-01-01,GKP,HWH,2026-01-01 19:44:00,2026-01-01 19:44:00,2026-01-01 20:27:00,44.0,44.0,56.3,45.0,90.4
12302,2026-01-01,HWH,GKP,2026-01-01 05:38:00,2026-01-01 05:38:00,2026-01-01 06:40:00,62.5,62.5,1150.0,920.0,980.8
12302,2026-01-01,GKP,DDU,2026-01-01 09:44:00,2026-01-01 09:44:00,2026-01-01 11:44:00,120.1,120.1,920.0,736.0,839.6
12302,2026-01-01,DDU,PRYJ,2026-01-01 14:48:00,2026-01-01 14:48:00,2026-01-01 17:32:00,164.9,164.9,690.0,552.0,709.1
12302,2026-01-01,PRYJ,CNB,2026-01-01 20:36:00,2026-01-01 20:36:00,2026-01-01 23:52:00,196.5,196.5,394.4,315.5,495.3
12302,2026-01-01,CNB,NDLS,2026-01-02 02:56:00,2026-01-02 02:56:00,2026-01-02 06:14:00,199.0,199.0,107.7,86.2,256.7
12951,2026-01-01,BCT,ST,2026-01-01 05:55:00,2026-01-01 05:55:00,2026-01-01 06:12:00,17.6,17.6,1150.0,920.0,958.4
12951,2026-01-01,ST,BRC,2026-01-01 09:16:00,2026-01-01 09:16:00,2026-01-01 10:16:00,60.9,60.9,920.0,736.0,814.6
12951,2026-01-01,BRC,RTM,2026-01-01 13:20:00,2026-01-01 13:20:00,2026-01-01 14:49:00,89.2,89.2,690.0,552.0,653.7
12951,2026-01-01,RTM,KOTA,2026-01-01 17:53:00,2026-01-01 17:53:00,2026-01-01 19:18:00,85.6,85.6,238.1,190.5,267.5
12951,2026-01-01,KOTA,NDLS,2026-01-01 22:22:00,2026-01-01 22:22:00,2026-01-01 23:43:00,81.3,81.3,127.5,102.0,175.2
12952,2026-01-01,NDLS,KOTA,2026-01-01 05:58:00,2026-01-01 05:58:00,2026-01-01 07:23:00,85.5,85.5,1150.0,920.0,1008.5
12952,2026-01-01,KOTA,RTM,2026-01-01 10:27:00,2026-01-01 10:27:00,2026-01-01 12:01:00,94.6,94.6,920.0,736.0,813.1
12952,2026-01-01,RTM,BRC,2026-01-01 15:05:00,2026-01-01 15:05:00,2026-01-01 17:34:00,149.3,149.3,690.0,552.0,685.2
12952,2026-01-01,BRC,ST,2026-01-01 20:38:00,2026-01-01 20:38:00,2026-01-01 23:05:00,147.0,147.0,486.7,389.4,521.1
12952,2026-01-01,ST,BCT,2026-01-02 02:09:00,2026-01-02 02:09:00,2026-01-02 04:48:00,159.5,159.5,176.9,141.5,297.2
12004,2026-01-01,NDLS,GZB,2026-01-01 06:13:00,2026-01-01 06:13:00,2026-01-01 06:58:00,45.3,45.3,1150.0,920.0,995.5
12004,2026-01-01,GZB,ALJN,2026-01-01 10:02:00,2026-01-01 10:02:00,2026-01-01 10:46:00,44.7,44.7,920.0,736.0,778.1
12004,2026-01-01,ALJN,TDL,2026-01-01 13:50:00,2026-01-01 13:50:00,2026-01-01 14:46:00,56.6,56.6,690.0,552.0,618.2
12004,2026-01-01,TDL,CNB,2026-01-01 17:50:00,2026-01-01 17:50:00,2026-01-01 19:37:00,107.8,107.8,274.8,219.8,336.3
12004,2026-01-01,CNB,LKO,2026-01-01 22:41:00,2026-01-01 22:41:00,2026-01-02 01:23:00,162.4,162.4,60.3,48.2,196.8
12626,2026-01-01,NDLS,AGC,2026-01-01 06:26:00,2026-01-01 06:26:00,2026-01-01 06:26:00,0.0,0.0,1150.0,920.0,940.1
12626,2026-01-01,AGC,VGLJ,2026-01-01 09:30:00,2026-01-01 09:30:00,2026-01-01 09:42:00,12.5,12.5,920.0,736.0,759.9
12626,2026-01-01,VGLJ,BPL,2026-01-01 12:46:00,2026-01-01 12:46:00,2026-01-01 13:01:00,15.7,15.7,690.0,552.0,583.8
12626,2026-01-01,BPL,NGP,2026-01-01 16:05:00,2026-01-01 16:05:00,2026-01-01 16:58:00,53.5,53.5,405.1,324.1,391.8
12626,2026-01-01,NGP,MAS,2026-01-01 20:02:00,2026-01-01 20:02:00,2026-01-01 21:10:00,68.4,68.4,96.9,77.5,153.8
12424,2026-01-01,NDLS,CNB,2026-01-01 05:49:00,2026-01-01 05:49:00,2026-01-01 05:56:00,7.7,7.7,1150.0,920.0,941.6
12424,2026-01-01,CNB,PRYJ,2026-01-01 09:00:00,2026-01-01 09:00:00,2026-01-01 09:14:00,14.4,14.4,920.0,736.0,770.8
12424,2026-01-01,PRYJ,DDU,2026-01-01 12:18:00,2026-01-01 12:18:00,2026-01-01 12:40:00,22.4,22.4,690.0,552.0,582.4
12424,2026-01-01,DDU,PPTA,2026-01-01 15:44:00,2026-01-01 15:44:00,2026-01-01 16:07:00,23.3,23.3,444.5,355.6,392.1
12424,2026-01-01,PPTA,GHY,2026-01-01 19:11:00,2026-01-01 19:11:00,2026-01-01 19:50:00,40.0,40.0,144.7,115.8,159.8
12260,2026-01-01,NDLS,CNB,2026-01-01 06:12:00,2026-01-01 06:12:00,2026-01-01 06:51:00,39.6,39.6,1150.0,920.0,975.1
12260,2026-01-01,CNB,PRYJ,2026-01-01 10:41:00,2026-01-01 10:41:00,2026-01-01 11:12:00,31.6,31.6,862.5,690.0,730.1
12260,2026-01-01,PRYJ,DDU,2026-01-01 15:02:00,2026-01-01 15:02:00,2026-01-01 15:45:00,43.7,43.7,459.9,367.9,410.1
12260,2026-01-01,DDU,HWH,2026-01-01 19:35:00,2026-01-01 19:35:00,2026-01-01 20:28:00,53.6,53.6,79.5,63.6,106.8
12926,2026-01-01,BCT,BRC,2026-01-01 06:42:00,2026-01-01 06:42:00,2026-01-01 06:53:00,11.4,11.4,1150.0,920.0,956.6
12926,2026-01-01,BRC,RTM,2026-01-01 09:57:00,2026-01-01 09:57:00,2026-01-01 10:52:00,55.1,55.1,920.0,736.0,781.1
12926,2026-01-01,RTM,KOTA,2026-01-01 13:56:00,2026-01-01 13:56:00,2026-01-01 15:04:00,68.2,68.2,690.0,552.0,626.3
12926,2026-01-01,KOTA,NDLS,2026-01-01 18:08:00,2026-01-01 18:08:00,2026-01-01 20:02:00,114.9,114.9,303.3,242.6,356.8
12926,2026-01-01,NDLS,ASR,2026-01-01 23:06:00,2026-01-01 23:06:00,2026-01-02 01:11:00,125.3,125.3,91.8,73.4,187.7
12627,2026-01-01,SBC,DMM,2026-01-01 06:23:00,2026-01-01 06:23:00,2026-01-01 06:58:00,35.2,35.2,1150.0,920.0,970.9
12627,2026-01-01,DMM,GTL,2026-01-01 10:02:00,2026-01-01 10:02:00,2026-01-01 10:52:00,50.3,50.3,920.0,736.0,785.9
12627,2026-01-01,GTL,SC,2026-01-01 13:56:00,2026-01-01 13:56:00,2026-01-01 14:56:00,60.5,60.5,690.0,552.0,617.3
12627,2026-01-01,SC,NGP,2026-01-01 18:00:00,2026-01-01 18:00:00,2026-01-01 19:05:00,65.1,65.1,426.0,340.8,407.9
12627,2026-01-01,NGP,NDLS,2026-01-01 22:09:00,2026-01-01 22:09:00,2026-01-01 23:47:00,98.4,98.4,71.8,57.4,151.8
12301,2026-01-02,NDLS,CNB,2026-01-02 05:50:00,2026-01-02 05:50:00,2026-01-02 06:05:00,15.6,15.6,1150.0,920.0,944.8
12301,2026-01-02,CNB,PRYJ,2026-01-02 09:09:00,2026-01-02 09:09:00,2026-01-02 10:19:00,70.1,70.1,920.0,736.0,813.2
12301,2026-01-02,PRYJ,DDU,2026-01-02 13:23:00,2026-01-02 13:23:00,2026-01-02 14:33:00,70.4,70.4,690.0,552.0,620.2
12301,2026-01-02,DDU,GKP,2026-01-02 17:37:00,2026-01-02 17:37:00,2026-01-02 19:29:00,112.4,112.4,230.9,184.7,290.6
12301,2026-01-02,GKP,HWH,2026-01-02 22:33:00,2026-01-02 22:33:00,2026-01-03 00:40:00,127.1,127.1,107.3,85.8,201.1
12302,2026-01-02,HWH,GKP,2026-01-02 06:36:00,2026-01-02 06:36:00,2026-01-02 06:48:00,12.1,12.1,1150.0,920.0,928.3
12302,2026-01-02,GKP,DDU,2026-01-02 09:52:00,2026-01-02 09:52:00,2026-01-02 10:24:00,32.5,32.5,920.0,736.0,778.3
12302,2026-01-02,DDU,PRYJ,2026-01-02 13:28:00,2026-01-02 13:28:00,2026-01-02 14:02:00,34.4,34.4,690.0,552.0,595.2
12302,2026-01-02,PRYJ,CNB,2026-01-02 17:06:00,2026-01-02 17:06:00,2026-01-02 18:16:00,70.4,70.4,298.2,238.6,326.3
12302,2026-01-02,CNB,NDLS,2026-01-02 21:20:00,2026-01-02 21:20:00,2026-01-02 22:44:00,84.2,84.2,77.2,61.8,134.8
12951,2026-01-02,BCT,ST,2026-01-02 05:49:00,2026-01-02 05:49:00,2026-01-02 06:32:00,43.4,43.4,1150.0,920.0,979.6
12951,2026-01-02,ST,BRC,2026-01-02 09:36:00,2026-01-02 09:36:00,2026-01-02 10:36:00,60.3,60.3,920.0,736.0,791.8
12951,2026-01-02,BRC,RTM,2026-01-02 13:40:00,2026-01-02 13:40:00,2026-01-02 14:49:00,69.4,69.4,690.0,552.0,620.6
12951,2026-01-02,RTM,KOTA,2026-01-02 17:53:00,2026-01-02 17:53:00,2026-01-02 19:06:00,73.0,73.0,261.9,209.5,275.2
12951,2026-01-02,KOTA,NDLS,2026-01-02 22:10:00,2026-01-02 22:10:00,2026-01-02 23:22:00,72.6,72.6,79.0,63.2,119.4
12952,2026-01-02,NDLS,KOTA,2026-01-02 05:37:00,2026-01-02 05:37:00,2026-01-02 06:31:00,54.3,54.3,1150.0,920.0,969.5
12952,2026-01-02,KOTA,RTM,2026-01-02 09:35:00,2026-01-02 09:35:00,2026-01-02 10:35:00,60.5,60.5,920.0,736.0,810.1
12952,2026-01-02,RTM,BRC,2026-01-02 13:39:00,2026-01-02 13:39:00,2026-01-02 14:50:00,71.6,71.6,690.0,552.0,636.3
12952,2026-01-02,BRC,ST,2026-01-02 17:54:00,2026-01-02 17:54:00,2026-01-02 19:18:00,84.5,84.5,486.8,389.4,467.0
12952,2026-01-02,ST,BCT,2026-01-02 22:22:00,2026-01-02 22:22:00,2026-01-02 23:48:00,86.9,86.9,138.1,110.5,193.3
12004,2026-01-02,NDLS,GZB,2026-01-02 06:30:00,2026-01-02 06:30:00,2026-01-02 07:36:00,66.2,66.2,1150.0,920.0,999.8
12004,2026-01-02,GZB,ALJN,2026-01-02 10:40:00,2026-01-02 10:40:00,2026-01-02 11:45:00,66.0,66.0,920.0,736.0,801.7
12004,2026-01-02,ALJN,TDL,2026-01-02 14:49:00,2026-01-02 14:49:00,2026-01-02 16:08:00,79.8,79.8,690.0,552.0,631.7
12004,2026-01-02,TDL,CNB,2026-01-02 19:12:00,2026-01-02 19:12:00,2026-01-02 20:43:00,91.9,91.9,545.1,436.1,516.3
12004,2026-01-02,CNB,LKO,2026-01-02 23:47:00,2026-01-02 23:47:00,2026-01-03 02:34:00,168.0,168.0,152.6,122.1,265.9
12626,2026-01-02,NDLS,AGC,2026-01-02 06:32:00,2026-01-02 06:32:00,2026-01-02 07:12:00,40.7,40.7,1150.0,920.0,976.9
12626,2026-01-02,AGC,VGLJ,2026-01-02 10:16:00,2026-01-02 10:16:00,2026-01-02 11:14:00,58.1,58.1,920.0,736.0,793.4
12626,2026-01-02,VGLJ,BPL,2026-01-02 14:18:00,2026-01-02 14:18:00,2026-01-02 15:20:00,62.4,62.4,690.0,552.0,619.9
12626,2026-01-02,BPL,NGP,2026-01-02 18:24:00,2026-01-02 18:24:00,2026-01-02 19:24:00,60.8,60.8,537.5,430.0,481.0
12626,2026-01-02,NGP,MAS,2026-01-02 22:28:00,2026-01-02 22:28:00,2026-01-02 23:35:00,67.4,67.4,173.7,139.0,209.9
12424,2026-01-02,NDLS,CNB,2026-01-02 06:33:00,2026-01-02 06:33:00,2026-01-02 06:51:00,18.9,18.9,1150.0,920.0,944.0
12424,2026-01-02,CNB,PRYJ,2026-01-02 09:55:00,2026-01-02 09:55:00,2026-01-02 10:18:00,23.8,23.8,920.0,736.0,775.4
12424,2026-01-02,PRYJ,DDU,2026-01-02 13:22:00,2026-01-02 13:22:00,2026-01-02 14:34:00,72.8,72.8,690.0,552.0,619.8
12424,2026-01-02,DDU,PPTA,2026-01-02 17:38:00,2026-01-02 17:38:00,2026-01-02 18:56:00,78.2,78.2,406.9,325.5,398.9
12424,2026-01-02,PPTA,GHY,2026-01-02 22:00:00,2026-01-02 22:00:00,2026-01-02 23:08:00,68.6,68.6,53.3,42.6,101.4
12260,2026-01-02,NDLS,CNB,2026-01-02 05:53:00,2026-01-02 05:53:00,2026-01-02 06:06:00,13.0,13.0,1150.0,920.0,929.8
12260,2026-01-02,CNB,PRYJ,2026-01-02 09:56:00,2026-01-02 09:56:00,2026-01-02 10:06:00,10.7,10.7,862.5,690.0,698.0
12260,2026-01-02,PRYJ,DDU,2026-01-02 13:56:00,2026-01-02 13:56:00,2026-01-02 14:07:00,11.9,11.9,490.0,392.0,426.0
12260,2026-01-02,DDU,HWH,2026-01-02 17:57:00,2026-01-02 17:57:00,2026-01-02 18:18:00,21.0,21.0,54.6,43.7,66.4
12926,2026-01-02,BCT,BRC,2026-01-02 06:08:00,2026-01-02 06:08:00,2026-01-02 07:06:00,58.1,58.1,1150.0,920.0,989.9
12926,2026-01-02,BRC,RTM,2026-01-02 10:10:00,2026-01-02 10:10:00,2026-01-02 11:11:00,61.6,61.6,920.0,736.0,809.5
12926,2026-01-02,RTM,KOTA,2026-01-02 14:15:00,2026-01-02 14:15:00,2026-01-02 15:18:00,63.5,63.5,690.0,552.0,598.1
12926,2026-01-02,KOTA,NDLS,2026-01-02 18:22:00,2026-01-02 18:22:00,2026-01-02 20:16:00,114.6,114.6,503.6,402.9,505.8
12926,2026-01-02,NDLS,ASR,2026-01-02 23:20:00,2026-01-02 23:20:00,2026-01-03 01:03:00,103.6,103.6,171.5,137.2,249.1
12627,2026-01-02,SBC,DMM,2026-01-02 05:41:00,2026-01-02 05:41:00,2026-01-02 06:33:00,52.7,52.7,1150.0,920.0,987.9
12627,2026-01-02,DMM,GTL,2026-01-02 09:37:00,2026-01-02 09:37:00,2026-01-02 10:41:00,64.2,64.2,920.0,736.0,800.3
12627,2026-01-02,GTL,SC,2026-01-02 13:45:00,2026-01-02 13:45:00,2026-01-02 14:58:00,73.6,73.6,690.0,552.0,627.3
12627,2026-01-02,SC,NGP,2026-01-02 18:02:00,2026-01-02 18:02:00,2026-01-02 19:10:00,68.6,68.6,322.0,257.6,325.0
12627,2026-01-02,NGP,NDLS,2026-01-02 22:14:00,2026-01-02 22:14:00,2026-01-02 23:18:00,64.5,64.5,76.2,61.0,140.1
12301,2026-01-03,NDLS,CNB,2026-01-03 05:48:00,2026-01-03 05:48:00,2026-01-03 06:27:00,39.7,39.7,1150.0,920.0,970.6
12301,2026-01-03,CNB,PRYJ,2026-01-03 09:31:00,2026-01-03 09:31:00,2026-01-03 11:01:00,90.3,90.3,920.0,736.0,815.6
12301,2026-01-03,PRYJ,DDU,2026-01-03 14:05:00,2026-01-03 14:05:00,2026-01-03 15:42:00,97.8,97.8,690.0,552.0,642.2
12301,2026-01-03,DDU,GKP,2026-01-03 18:46:00,2026-01-03 18:46:00,2026-01-03 20:51:00,125.8,125.8,430.2,344.2,465.0
12301,2026-01-03,GKP,HWH,2026-01-03 23:55:00,2026-01-03 23:55:00,2026-01-04 02:27:00,152.1,152.1,135.1,108.1,255.9
12302,2026-01-03,HWH,GKP,2026-01-03 06:19:00,2026-01-03 06:19:00,2026-01-03 06:46:00,27.9,27.9,1150.0,920.0,960.8
12302,2026-01-03,GKP,DDU,2026-01-03 09:50:00,2026-01-03 09:50:00,2026-01-03 10:25:00,35.3,35.3,920.0,736.0,775.0
12302,2026-01-03,DDU,PRYJ,2026-01-03 13:29:00,2026-01-03 13:29:00,2026-01-03 14:14:00,45.9,45.9,690.0,552.0,609.2
12302,2026-01-03,PRYJ,CNB,2026-01-03 17:18:00,2026-01-03 17:18:00,2026-01-03 18:03:00,45.4,45.4,325.1,260.1,298.8
12302,2026-01-03,CNB,NDLS,2026-01-03 21:07:00,2026-01-03 21:07:00,2026-01-03 22:06:00,60.0,60.0,107.8,86.2,146.1
12951,2026-01-03,BCT,ST,2026-01-03 05:59:00,2026-01-03 05:59:00,2026-01-03 06:05:00,6.8,6.8,1150.0,920.0,946.7
12951,2026-01-03,ST,BRC,2026-01-03 09:09:00,2026-01-03 09:09:00,2026-01-03 09:24:00,15.3,15.3,920.0,736.0,762.8
12951,2026-01-03,BRC,RTM,2026-01-03 12:28:00,2026-01-03 12:28:00,2026-01-03 13:20:00,52.9,52.9,690.0,552.0,610.4
12951,2026-01-03,RTM,KOTA,2026-01-03 16:24:00,2026-01-03 16:24:00,2026-01-03 17:24:00,60.9,60.9,477.9,382.3,460.1
12951,2026-01-03,KOTA,NDLS,2026-01-03 20:28:00,2026-01-03 20:28:00,2026-01-03 21:52:00,84.9,84.9,69.5,55.6,147.6
12952,2026-01-03,NDLS,KOTA,2026-01-03 05:53:00,2026-01-03 05:53:00,2026-01-03 06:19:00,26.7,26.7,1150.0,920.0,963.7
12952,2026-01-03,KOTA,RTM,2026-01-03 09:23:00,2026-01-03 09:23:00,2026-01-03 10:00:00,37.4,37.4,920.0,736.0,784.6
12952,2026-01-03,RTM,BRC,2026-01-03 13:04:00,2026-01-03 13:04:00,2026-01-03 13:45:00,41.5,41.5,690.0,552.0,600.0
12952,2026-01-03,BRC,ST,2026-01-03 16:49:00,2026-01-03 16:49:00,2026-01-03 17:36:00,47.2,47.2,255.7,204.6,254.3
12952,2026-01-03,ST,BCT,2026-01-03 20:40:00,2026-01-03 20:40:00,2026-01-03 21:41:00,61.2,61.2,121.0,96.8,161.7
12004,2026-01-03,NDLS,GZB,2026-01-03 06:41:00,2026-01-03 06:41:00,2026-01-03 06:50:00,9.9,9.9,1150.0,920.0,946.7
12004,2026-01-03,GZB,ALJN,2026-01-03 09:54:00,2026-01-03 09:54:00,2026-01-03 10:18:00,24.0,24.0,920.0,736.0,756.4
12004,2026-01-03,ALJN,TDL,2026-01-03 13:22:00,2026-01-03 13:22:00,2026-01-03 13:49:00,28.0,28.0,690.0,552.0,576.3
12004,2026-01-03,TDL,CNB,2026-01-03 16:53:00,2026-01-03 16:53:00,2026-01-03 17:27:00,34.0,34.0,518.1,414.5,470.6
12004,2026-01-03,CNB,LKO,2026-01-03 20:31:00,2026-01-03 20:31:00,2026-01-03 21:13:00,42.5,42.5,62.1,49.7,112.6
12626,2026-01-03,NDLS,AGC,2026-01-03 05:38:00,2026-01-03 05:38:00,2026-01-03 06:44:00,66.1,66.1,1150.0,920.0,978.2
12626,2026-01-03,AGC,VGLJ,2026-01-03 09:48:00,2026-01-03 09:48:00,2026-01-03 10:59:00,72.0,72.0,920.0,736.0,799.0
12626,2026-01-03,VGLJ,BPL,2026-01-03 14:03:00,2026-01-03 14:03:00,2026-01-03 15:18:00,75.4,75.4,690.0,552.0,628.4
12626,2026-01-03,BPL,NGP,2026-01-03 18:22:00,2026-01-03 18:22:00,2026-01-03 20:27:00,125.1,125.1,481.0,384.8,514.3
12626,2026-01-03,NGP,MAS,2026-01-03 23:31:00,2026-01-03 23:31:00,2026-01-04 01:38:00,127.3,127.3,108.1,86.5,199.0
12424,2026-01-03,NDLS,CNB,2026-01-03 06:28:00,2026-01-03 06:28:00,2026-01-03 06:47:00,20.0,20.0,1150.0,920.0,955.0
12424,2026-01-03,CNB,PRYJ,2026-01-03 09:51:00,2026-01-03 09:51:00,2026-01-03 10:52:00,61.9,61.9,920.0,736.0,802.0
12424,2026-01-03,PRYJ,DDU,2026-01-03 13:56:00,2026-01-03 13:56:00,2026-01-03 15:12:00,76.9,76.9,690.0,552.0,627.3
12424,2026-01-03,DDU,PPTA,2026-01-03 18:16:00,2026-01-03 18:16:00,2026-01-03 19:25:00,69.3,69.3,484.8,387.8,466.5
12424,2026-01-03,PPTA,GHY,2026-01-03 22:29:00,2026-01-03 22:29:00,2026-01-03 23:33:00,64.9,64.9,69.4,55.5,110.0
12260,2026-01-03,NDLS,CNB,2026-01-03 05:44:00,2026-01-03 05:44:00,2026-01-03 06:29:00,45.4,45.4,1150.0,920.0,966.8
12260,2026-01-03,CNB,PRYJ,2026-01-03 10:19:00,2026-01-03 10:19:00,2026-01-03 11:07:00,48.4,48.4,862.5,690.0,740.4
12260,2026-01-03,PRYJ,DDU,2026-01-03 14:57:00,2026-01-03 14:57:00,2026-01-03 16:38:00,101.0,101.0,265.9,212.7,305.8
12260,2026-01-03,DDU,HWH,2026-01-03 20:28:00,2026-01-03 20:28:00,2026-01-03 22:19:00,111.1,111.1,132.1,105.7,192.9
12926,2026-01-03,BCT,BRC,2026-01-03 05:43:00,2026-01-03 05:43:00,2026-01-03 07:08:00,85.3,85.3,1150.0,920.0,1000.9
12926,2026-01-03,BRC,RTM,2026-01-03 10:12:00,2026-01-03 10:12:00,2026-01-03 11:50:00,98.7,98.7,920.0,736.0,812.6
12926,2026-01-03,RTM,KOTA,2026-01-03 14:54:00,2026-01-03 14:54:00,2026-01-03 17:34:00,160.0,160.0,690.0,552.0,691.8
12926,2026-01-03,KOTA,NDLS,2026-01-03 20:38:00,2026-01-03 20:38:00,2026-01-04 00:09:00,211.6,211.6,511.5,409.2,610.5
12926,2026-01-03,NDLS,ASR,2026-01-04 03:13:00,2026-01-04 03:13:00,2026-01-04 06:58:00,225.6,225.6,96.9,77.5,269.1
12627,2026-01-03,SBC,DMM,2026-01-03 06:04:00,2026-01-03 06:04:00,2026-01-03 06:47:00,43.1,43.1,1150.0,920.0,960.9
12627,2026-01-03,DMM,GTL,2026-01-03 09:51:00,2026-01-03 09:51:00,2026-01-03 11:37:00,107.0,107.0,920.0,736.0,839.4
12627,2026-01-03,GTL,SC,2026-01-03 14:41:00,2026-01-03 14:41:00,2026-01-03 16:27:00,106.2,106.2,690.0,552.0,661.7
12627,2026-01-03,SC,NGP,2026-01-03 19:31:00,2026-01-03 19:31:00,2026-01-03 21:21:00,110.2,110.2,227.2,181.8,294.6
12627,2026-01-03,NGP,NDLS,2026-01-04 00:25:00,2026-01-04 00:25:00,2026-01-04 02:21:00,116.6,116.6,76.8,61.4,182.9
12301,2026-01-04,NDLS,CNB,2026-01-04 06:01:00,2026-01-04 06:01:00,2026-01-04 06:58:00,57.4,57.4,1150.0,920.0,995.0
12301,2026-01-04,CNB,PRYJ,2026-01-04 10:02:00,2026-01-04 10:02:00,2026-01-04 11:26:00,84.2,84.2,920.0,736.0,817.2
12301,2026-01-04,PRYJ,DDU,2026-01-04 14:30:00,2026-01-04 14:30:00,2026-01-04 16:02:00,92.3,92.3,690.0,552.0,636.3
12301,2026-01-04,DDU,GKP,2026-01-04 19:06:00,2026-01-04 19:06:00,2026-01-04 20:37:00,91.3,91.3,510.7,408.6,489.3
12301,2026-01-04,GKP,HWH,2026-01-04 23:41:00,2026-01-04 23:41:00,2026-01-05 01:21:00,100.3,100.3,142.3,113.8,202.3
12302,2026-01-04,HWH,GKP,2026-01-04 06:32:00,2026-01-04 06:32:00,2026-01-04 06:39:00,7.5,7.5,1150.0,920.0,939.5
12302,2026-01-04,GKP,DDU,2026-01-04 09:43:00,2026-01-04 09:43:00,2026-01-04 09:55:00,12.6,12.6,920.0,736.0,753.1
12302,2026-01-04,DDU,PRYJ,2026-01-04 12:59:00,2026-01-04 12:59:00,2026-01-04 14:05:00,66.3,66.3,690.0,552.0,611.8
12302,2026-01-04,PRYJ,CNB,2026-01-04 17:09:00,2026-01-04 17:09:00,2026-01-04 18:27:00,78.1,78.1,453.3,362.6,444.1
12302,2026-01-04,CNB,NDLS,2026-01-04 21:31:00,2026-01-04 21:31:00,2026-01-04 23:04:00,94.0,94.0,60.2,48.2,133.2
12951,2026-01-04,BCT,ST,2026-01-04 05:56:00,2026-01-04 05:56:00,2026-01-04 07:07:00,71.7,71.7,1150.0,920.0,984.0
12951,2026-01-04,ST,BRC,2026-01-04 10:11:00,2026-01-04 10:11:00,2026-01-04 11:22:00,71.1,71.1,920.0,736.0,790.7
12951,2026-01-04,BRC,RTM,2026-01-04 14:26:00,2026-01-04 14:26:00,2026-01-04 16:30:00,125.0,125.0,690.0,552.0,666.5
12951,2026-01-04,RTM,KOTA,2026-01-04 19:34:00,2026-01-04 19:34:00,2026-01-04 21:44:00,130.8,130.8,535.5,428.4,542.5
12951,2026-01-04,KOTA,NDLS,2026-01-05 00:48:00,2026-01-05 00:48:00,2026-01-05 03:08:00,140.7,140.7,144.7,115.8,240.8
12952,2026-01-04,NDLS,KOTA,2026-01-04 06:24:00,2026-01-04 06:24:00,2026-01-04 07:26:00,62.4,62.4,1150.0,920.0,998.1
12952,2026-01-04,KOTA,RTM,2026-01-04 10:30:00,2026-01-04 10:30:00,2026-01-04 12:06:00,96.4,96.4,920.0,736.0,827.7
12952,2026-01-04,RTM,BRC,2026-01-04 15:10:00,2026-01-04 15:10:00,2026-01-04 16:54:00,104.3,104.3,690.0,552.0,630.3
12952,2026-01-04,BRC,ST,2026-01-04 19:58:00,2026-01-04 19:58:00,2026-01-04 22:16:00,138.1,138.1,517.1,413.7,536.4
12952,2026-01-04,ST,BCT,2026-01-05 01:20:00,2026-01-05 01:20:00,2026-01-05 03:39:00,139.1,139.1,94.9,75.9,211.4
12004,2026-01-04,NDLS,GZB,2026-01-04 05:49:00,2026-01-04 05:49:00,2026-01-04 06:42:00,53.8,53.8,1150.0,920.0,989.2
12004,2026-01-04,GZB,ALJN,2026-01-04 09:46:00,2026-01-04 09:46:00,2026-01-04 10:47:00,61.4,61.4,920.0,736.0,815.6
12004,2026-01-04,ALJN,TDL,2026-01-04 13:51:00,2026-01-04 13:51:00,2026-01-04 14:45:00,54.5,54.5,690.0,552.0,617.8
12004,2026-01-04,TDL,CNB,2026-01-04 17:49:00,2026-01-04 17:49:00,2026-01-04 18:45:00,56.3,56.3,252.2,201.8,263.3
12004,2026-01-04,CNB,LKO,2026-01-04 21:49:00,2026-01-04 21:49:00,2026-01-04 22:45:00,57.0,57.0,121.2,97.0,159.0
12626,2026-01-04,NDLS,AGC,2026-01-04 05:52:00,2026-01-04 05:52:00,2026-01-04 06:45:00,53.6,53.6,1150.0,920.0,995.3
12626,2026-01-04,AGC,VGLJ,2026-01-04 09:49:00,2026-01-04 09:49:00,2026-01-04 10:52:00,63.2,63.2,920.0,736.0,811.0
12626,2026-01-04,VGLJ,BPL,2026-01-04 13:56:00,2026-01-04 13:56:00,2026-01-04 15:05:00,69.2,69.2,690.0,552.0,619.2
12626,2026-01-04,BPL,NGP,2026-01-04 18:09:00,2026-01-04 18:09:00,2026-01-04 19:16:00,67.9,67.9,277.8,222.2,281.1
12626,2026-01-04,NGP,MAS,2026-01-04 22:20:00,2026-01-04 22:20:00,2026-01-04 23:36:00,77.0,77.0,116.9,93.5,182.0
12424,2026-01-04,NDLS,CNB,2026-01-04 06:01:00,2026-01-04 06:01:00,2026-01-04 06:15:00,14.2,14.2,1150.0,920.0,951.7
12424,2026-01-04,CNB,PRYJ,2026-01-04 09:19:00,2026-01-04 09:19:00,2026-01-04 09:47:00,28.2,28.2,920.0,736.0,768.0
12424,2026-01-04,PRYJ,DDU,2026-01-04 12:51:00,2026-01-04 12:51:00,2026-01-04 13:30:00,39.0,39.0,690.0,552.0,603.2
12424,2026-01-04,DDU,PPTA,2026-01-04 16:34:00,2026-01-04 16:34:00,2026-01-04 17:12:00,38.1,38.1,363.9,291.1,340.2
12424,2026-01-04,PPTA,GHY,2026-01-04 20:16:00,2026-01-04 20:16:00,2026-01-04 20:54:00,38.4,38.4,147.1,117.7,150.6
12260,2026-01-04,NDLS,CNB,2026-01-04 06:01:00,2026-01-04 06:01:00,2026-01-04 07:18:00,77.1,77.1,1150.0,920.0,1002.2
12260,2026-01-04,CNB,PRYJ,2026-01-04 11:08:00,2026-01-04 11:08:00,2026-01-04 12:37:00,89.8,89.8,862.5,690.0,778.0
12260,2026-01-04,PRYJ,DDU,2026-01-04 16:27:00,2026-01-04 16:27:00,2026-01-04 17:49:00,82.4,82.4,287.1,229.7,314.7
12260,2026-01-04,DDU,HWH,2026-01-04 21:39:00,2026-01-04 21:39:00,2026-01-04 23:06:00,87.9,87.9,51.9,41.5,117.5
12926,2026-01-04,BCT,BRC,2026-01-04 06:31:00,2026-01-04 06:31:00,2026-01-04 06:50:00,19.4,19.4,1150.0,920.0,938.0
12926,2026-01-04,BRC,RTM,2026-01-04 09:54:00,2026-01-04 09:54:00,2026-01-04 10:22:00,28.1,28.1,920.0,736.0,758.1
12926,2026-01-04,RTM,KOTA,2026-01-04 13:26:00,2026-01-04 13:26:00,2026-01-04 13:58:00,32.1,32.1,690.0,552.0,585.9
12926,2026-01-04,KOTA,NDLS,2026-01-04 17:02:00,2026-01-04 17:02:00,2026-01-04 17:46:00,44.1,44.1,513.9,411.1,457.9
12926,2026-01-04,NDLS,ASR,2026-01-04 20:50:00,2026-01-04 20:50:00,2026-01-04 22:07:00,77.5,77.5,110.2,88.2,168.5
12627,2026-01-04,SBC,DMM,2026-01-04 05:42:00,2026-01-04 05:42:00,2026-01-04 05:57:00,15.3,15.3,1150.0,920.0,940.1
12627,2026-01-04,DMM,GTL,2026-01-04 09:01:00,2026-01-04 09:01:00,2026-01-04 10:15:00,74.2,74.2,920.0,736.0,818.0
12627,2026-01-04,GTL,SC,2026-01-04 13:19:00,2026-01-04 13:19:00,2026-01-04 15:17:00,118.2,118.2,690.0,552.0,645.3
12627,2026-01-04,SC,NGP,2026-01-04 18:21:00,2026-01-04 18:21:00,2026-01-04 20:22:00,121.2,121.2,243.3,194.6,293.9
12627,2026-01-04,NGP,NDLS,2026-01-04 23:26:00,2026-01-04 23:26:00,2026-01-05 01:35:00,129.7,129.7,173.5,138.8,259.1
12301,2026-01-05,NDLS,CNB,2026-01-05 06:49:00,2026-01-05 06:49:00,2026-01-05 07:46:00,57.9,57.9,1150.0,920.0,989.6
12301,2026-01-05,CNB,PRYJ,2026-01-05 10:50:00,2026-01-05 10:50:00,2026-01-05 12:49:00,119.1,119.1,920.0,736.0,849.0
12301,2026-01-05,PRYJ,DDU,2026-01-05 15:53:00,2026-01-05 15:53:00,2026-01-05 18:52:00,179.2,179.2,690.0,552.0,716.3
12301,2026-01-05,DDU,GKP,2026-01-05 21:56:00,2026-01-05 21:56:00,2026-01-06 01:00:00,184.3,184.3,255.2,204.2,375.4
12301,2026-01-05,GKP,HWH,2026-01-06 04:04:00,2026-01-06 04:04:00,2026-01-06 07:14:00,190.5,190.5,118.3,94.6,270.3
12302,2026-01-05,HWH,GKP,2026-01-05 06:05:00,2026-01-05 06:05:00,2026-01-05 06:59:00,54.1,54.1,1150.0,920.0,969.8
12302,2026-01-05,GKP,DDU,2026-01-05 10:03:00,2026-01-05 10:03:00,2026-01-05 11:22:00,79.5,79.5,920.0,736.0,795.7
12302,2026-01-05,DDU,PRYJ,2026-01-05 14:26:00,2026-01-05 14:26:00,2026-01-05 16:01:00,95.2,95.2,690.0,552.0,657.1
12302,2026-01-05,PRYJ,CNB,2026-01-05 19:05:00,2026-01-05 19:05:00,2026-01-05 21:05:00,120.7,120.7,356.0,284.8,398.7
12302,2026-01-05,CNB,NDLS,2026-01-06 00:09:00,2026-01-06 00:09:00,2026-01-06 02:21:00,132.6,132.6,77.5,62.0,175.4
12951,2026-01-05,BCT,ST,2026-01-05 05:45:00,2026-01-05 05:45:00,2026-01-05 05:59:00,14.5,14.5,1150.0,920.0,939.4
12951,2026-01-05,ST,BRC,2026-01-05 09:03:00,2026-01-05 09:03:00,2026-01-05 09:51:00,48.4,48.4,920.0,736.0,786.8
12951,2026-01-05,BRC,RTM,2026-01-05 12:55:00,2026-01-05 12:55:00,2026-01-05 13:56:00,61.7,61.7,690.0,552.0,623.9
12951,2026-01-05,RTM,KOTA,2026-01-05 17:00:00,2026-01-05 17:00:00,2026-01-05 18:12:00,72.8,72.8,361.3,289.0,353.7
12951,2026-01-05,KOTA,NDLS,2026-01-05 21:16:00,2026-01-05 21:16:00,2026-01-05 22:32:00,76.5,76.5,62.4,49.9,125.5
12952,2026-01-05,NDLS,KOTA,2026-01-05 06:05:00,2026-01-05 06:05:00,2026-01-05 07:38:00,93.5,93.5,1150.0,920.0,1011.3
12952,2026-01-05,KOTA,RTM,2026-01-05 10:42:00,2026-01-05 10:42:00,2026-01-05 12:38:00,116.1,116.1,920.0,736.0,859.6
12952,2026-01-05,RTM,BRC,2026-01-05 15:42:00,2026-01-05 15:42:00,2026-01-05 17:32:00,110.3,110.3,690.0,552.0,660.6
12952,2026-01-05,BRC,ST,2026-01-05 20:36:00,2026-01-05 20:36:00,2026-01-05 22:44:00,128.4,128.4,316.0,252.8,361.3
12952,2026-01-05,ST,BCT,2026-01-06 01:48:00,2026-01-06 01:48:00,2026-01-06 04:11:00,143.0,143.0,140.2,112.2,235.7
12004,2026-01-05,NDLS,GZB,2026-01-05 06:36:00,2026-01-05 06:36:00,2026-01-05 07:02:00,26.9,26.9,1150.0,920.0,963.3
12004,2026-01-05,GZB,ALJN,2026-01-05 10:06:00,2026-01-05 10:06:00,2026-01-05 10:33:00,27.7,27.7,920.0,736.0,776.9
12004,2026-01-05,ALJN,TDL,2026-01-05 13:37:00,2026-01-05 13:37:00,2026-01-05 14:10:00,33.7,33.7,690.0,552.0,608.5
12004,2026-01-05,TDL,CNB,2026-01-05 17:14:00,2026-01-05 17:14:00,2026-01-05 17:49:00,35.9,35.9,515.5,412.4,461.8
12004,2026-01-05,CNB,LKO,2026-01-05 20:53:00,2026-01-05 20:53:00,2026-01-05 22:12:00,79.6,79.6,129.2,103.4,188.8
12626,2026-01-05,NDLS,AGC,2026-01-05 06:27:00,2026-01-05 06:27:00,2026-01-05 06:54:00,27.9,27.9,1150.0,920.0,945.1
12626,2026-01-05,AGC,VGLJ,2026-01-05 09:58:00,2026-01-05 09:58:00,2026-01-05 10:38:00,40.3,40.3,920.0,736.0,786.3
12626,2026-01-05,VGLJ,BPL,2026-01-05 13:42:00,2026-01-05 13:42:00,2026-01-05 14:21:00,39.9,39.9,690.0,552.0,588.1
12626,2026-01-05,BPL,NGP,2026-01-05 17:25:00,2026-01-05 17:25:00,2026-01-05 18:08:00,43.0,43.0,451.8,361.4,425.4
12626,2026-01-05,NGP,MAS,2026-01-05 21:12:00,2026-01-05 21:12:00,2026-01-05 22:59:00,108.0,108.0,88.6,70.9,185.7
12424,2026-01-05,NDLS,CNB,2026-01-05 06:57:00,2026-01-05 06:57:00,2026-01-05 08:30:00,93.8,93.8,1150.0,920.0,993.5
12424,2026-01-05,CNB,PRYJ,2026-01-05 11:34:00,2026-01-05 11:34:00,2026-01-05 13:21:00,107.6,107.6,920.0,736.0,828.6
12424,2026-01-05,PRYJ,DDU,2026-01-05 16:25:00,2026-01-05 16:25:00,2026-01-05 18:16:00,111.0,111.0,690.0,552.0,663.7
12424,2026-01-05,DDU,PPTA,2026-01-05 21:20:00,2026-01-05 21:20:00,2026-01-05 23:13:00,113.6,113.6,436.2,349.0,442.7
12424,2026-01-05,PPTA,GHY,2026-01-06 02:17:00,2026-01-06 02:17:00,2026-01-06 04:25:00,128.4,128.4,123.0,98.4,211.6
12260,2026-01-05,NDLS,CNB,2026-01-05 06:19:00,2026-01-05 06:19:00,2026-01-05 06:37:00,18.3,18.3,1150.0,920.0,936.9
12260,2026-01-05,CNB,PRYJ,2026-01-05 10:27:00,2026-01-05 10:27:00,2026-01-05 11:26:00,59.5,59.5,862.5,690.0,746.2
12260,2026-01-05,PRYJ,DDU,2026-01-05 15:16:00,2026-01-05 15:16:00,2026-01-05 16:18:00,62.5,62.5,458.2,366.6,409.9
12260,2026-01-05,DDU,HWH,2026-01-05 20:08:00,2026-01-05 20:08:00,2026-01-05 22:12:00,124.9,124.9,166.4,133.1,239.7
12926,2026-01-05,BCT,BRC,2026-01-05 06:31:00,2026-01-05 06:31:00,2026-01-05 06:44:00,13.4,13.4,1150.0,920.0,960.7
12926,2026-01-05,BRC,RTM,2026-01-05 09:48:00,2026-01-05 09:48:00,2026-01-05 10:09:00,21.2,21.2,920.0,736.0,762.3
12926,2026-01-05,RTM,KOTA,2026-01-05 13:13:00,2026-01-05 13:13:00,2026-01-05 14:04:00,51.9,51.9,690.0,552.0,613.6
12926,2026-01-05,KOTA,NDLS,2026-01-05 17:08:00,2026-01-05 17:08:00,2026-01-05 18:01:00,53.5,53.5,309.2,247.4,315.7
12926,2026-01-05,NDLS,ASR,2026-01-05 21:05:00,2026-01-05 21:05:00,2026-01-05 21:54:00,49.8,49.8,87.9,70.3,137.1
12627,2026-01-05,SBC,DMM,2026-01-05 06:10:00,2026-01-05 06:10:00,2026-01-05 06:10:00,0.0,0.0,1150.0,920.0,925.6
12627,2026-01-05,DMM,GTL,2026-01-05 09:14:00,2026-01-05 09:14:00,2026-01-05 09:52:00,38.1,38.1,920.0,736.0,768.9
12627,2026-01-05,GTL,SC,2026-01-05 12:56:00,2026-01-05 12:56:00,2026-01-05 14:09:00,73.2,73.2,690.0,552.0,625.4
12627,2026-01-05,SC,NGP,2026-01-05 17:13:00,2026-01-05 17:13:00,2026-01-05 18:35:00,82.7,82.7,501.0,400.8,470.5
12627,2026-01-05,NGP,NDLS,2026-01-05 21:39:00,2026-01-05 21:39:00,2026-01-05 23:07:00,88.7,88.7,171.2,137.0,220.3
12301,2026-01-06,NDLS,CNB,2026-01-06 06:51:00,2026-01-06 06:51:00,2026-01-06 07:06:00,15.9,15.9,1150.0,920.0,965.5
12301,2026-01-06,CNB,PRYJ,2026-01-06 10:10:00,2026-01-06 10:10:00,2026-01-06 10:23:00,13.7,13.7,920.0,736.0,752.3
12301,2026-01-06,PRYJ,DDU,2026-01-06 13:27:00,2026-01-06 13:27:00,2026-01-06 13:43:00,16.6,16.6,690.0,552.0,596.3
12301,2026-01-06,DDU,GKP,2026-01-06 16:47:00,2026-01-06 16:47:00,2026-01-06 17:05:00,18.5,18.5,500.4,400.3,415.1
12301,2026-01-06,GKP,HWH,2026-01-06 20:09:00,2026-01-06 20:09:00,2026-01-06 21:00:00,51.1,51.1,92.4,73.9,132.3
12302,2026-01-06,HWH,GKP,2026-01-06 06:58:00,2026-01-06 06:58:00,2026-01-06 07:38:00,40.1,40.1,1150.0,920.0,975.8
12302,2026-01-06,GKP,DDU,2026-01-06 10:42:00,2026-01-06 10:42:00,2026-01-06 12:23:00,101.7,101.7,920.0,736.0,814.6
12302,2026-01-06,DDU,PRYJ,2026-01-06 15:27:00,2026-01-06 15:27:00,2026-01-06 17:24:00,117.5,117.5,690.0,552.0,654.5
12302,2026-01-06,PRYJ,CNB,2026-01-06 20:28:00,2026-01-06 20:28:00,2026-01-06 22:45:00,137.5,137.5,331.9,265.5,394.1
12302,2026-01-06,CNB,NDLS,2026-01-07 01:49:00,2026-01-07 01:49:00,2026-01-07 03:55:00,126.8,126.8,107.6,86.1,209.8
12951,2026-01-06,BCT,ST,2026-01-06 06:35:00,2026-01-06 06:35:00,2026-01-06 07:07:00,32.8,32.8,1150.0,920.0,963.6
12951,2026-01-06,ST,BRC,2026-01-06 10:11:00,2026-01-06 10:11:00,2026-01-06 11:35:00,84.7,84.7,920.0,736.0,817.0
12951,2026-01-06,BRC,RTM,2026-01-06 14:39:00,2026-01-06 14:39:00,2026-01-06 16:06:00,87.3,87.3,690.0,552.0,641.1
12951,2026-01-06,RTM,KOTA,2026-01-06 19:10:00,2026-01-06 19:10:00,2026-01-06 20:42:00,92.5,92.5,423.3,338.6,446.7
12951,2026-01-06,KOTA,NDLS,2026-01-06 23:46:00,2026-01-06 23:46:00,2026-01-07 01:36:00,110.5,110.5,65.2,52.2,147.2
12952,2026-01-06,NDLS,KOTA,2026-01-06 06:24:00,2026-01-06 06:24:00,2026-01-06 07:08:00,44.2,44.2,1150.0,920.0,984.6
12952,2026-01-06,KOTA,RTM,2026-01-06 10:12:00,2026-01-06 10:12:00,2026-01-06 11:09:00,57.9,57.9,920.0,736.0,797.3
12952,2026-01-06,RTM,BRC,2026-01-06 14:13:00,2026-01-06 14:13:00,2026-01-06 16:08:00,115.0,115.0,690.0,552.0,664.0
12952,2026-01-06,BRC,ST,2026-01-06 19:12:00,2026-01-06 19:12:00,2026-01-06 21:48:00,156.3,156.3,284.3,227.4,376.1
12952,2026-01-06,ST,BCT,2026-01-07 00:52:00,2026-01-07 00:52:00,2026-01-07 03:33:00,161.6,161.6,128.6,102.9,247.6
12004,2026-01-06,NDLS,GZB,2026-01-06 05:50:00,2026-01-06 05:50:00,2026-01-06 05:54:00,4.7,4.7,1150.0,920.0,927.5
12004,2026-01-06,GZB,ALJN,2026-01-06 08:58:00,2026-01-06 08:58:00,2026-01-06 09:13:00,15.8,15.8,920.0,736.0,757.3
12004,2026-01-06,ALJN,TDL,2026-01-06 12:17:00,2026-01-06 12:17:00,2026-01-06 12:43:00,26.1,26.1,690.0,552.0,593.1
12004,2026-01-06,TDL,CNB,2026-01-06 15:47:00,2026-01-06 15:47:00,2026-01-06 16:57:00,70.4,70.4,540.5,432.4,503.7
12004,2026-01-06,CNB,LKO,2026-01-06 20:01:00,2026-01-06 20:01:00,2026-01-06 21:11:00,70.6,70.6,174.5,139.6,194.1
12626,2026-01-06,NDLS,AGC,2026-01-06 05:36:00,2026-01-06 05:36:00,2026-01-06 05:54:00,18.7,18.7,1150.0,920.0,950.2
12626,2026-01-06,AGC,VGLJ,2026-01-06 08:58:00,2026-01-06 08:58:00,2026-01-06 09:24:00,26.3,26.3,920.0,736.0,768.5
12626,2026-01-06,VGLJ,BPL,2026-01-06 12:28:00,2026-01-06 12:28:00,2026-01-06 12:57:00,29.0,29.0,690.0,552.0,607.9
12626,2026-01-06,BPL,NGP,2026-01-06 16:01:00,2026-01-06 16:01:00,2026-01-06 16:27:00,26.5,26.5,247.5,198.0,237.7
12626,2026-01-06,NGP,MAS,2026-01-06 19:31:00,2026-01-06 19:31:00,2026-01-06 19:54:00,23.4,23.4,53.5,42.8,76.6
12424,2026-01-06,NDLS,CNB,2026-01-06 06:28:00,2026-01-06 06:28:00,2026-01-06 07:24:00,56.1,56.1,1150.0,920.0,995.0
12424,2026-01-06,CNB,PRYJ,2026-01-06 10:28:00,2026-01-06 10:28:00,2026-01-06 12:04:00,96.5,96.5,920.0,736.0,825.0
12424,2026-01-06,PRYJ,DDU,2026-01-06 15:08:00,2026-01-06 15:08:00,2026-01-06 17:23:00,135.0,135.0,690.0,552.0,695.5
12424,2026-01-06,DDU,PPTA,2026-01-06 20:27:00,2026-01-06 20:27:00,2026-01-06 22:55:00,148.2,148.2,295.8,236.6,372.2
12424,2026-01-06,PPTA,GHY,2026-01-07 01:59:00,2026-01-07 01:59:00,2026-01-07 04:15:00,136.8,136.8,100.5,80.4,221.8
12260,2026-01-06,NDLS,CNB,2026-01-06 05:41:00,2026-01-06 05:41:00,2026-01-06 06:34:00,53.4,53.4,1150.0,920.0,992.1
12260,2026-01-06,CNB,PRYJ,2026-01-06 10:24:00,2026-01-06 10:24:00,2026-01-06 11:29:00,65.4,65.4,862.5,690.0,748.3
12260,2026-01-06,PRYJ,DDU,2026-01-06 15:19:00,2026-01-06 15:19:00,2026-01-06 16:28:00,69.8,69.8,446.7,357.4,424.3
12260,2026-01-06,DDU,HWH,2026-01-06 20:18:00,2026-01-06 20:18:00,2026-01-06 21:37:00,79.7,79.7,109.3,87.4,172.3
12926,2026-01-06,BCT,BRC,2026-01-06 05:32:00,2026-01-06 05:32:00,2026-01-06 06:59:00,87.2,87.2,1150.0,920.0,1004.2
12926,2026-01-06,BRC,RTM,2026-01-06 10:03:00,2026-01-06 10:03:00,2026-01-06 11:35:00,92.1,92.1,920.0,736.0,830.2
12926,2026-01-06,RTM,KOTA,2026-01-06 14:39:00,2026-01-06 14:39:00,2026-01-06 16:13:00,94.3,94.3,690.0,552.0,641.7
12926,2026-01-06,KOTA,NDLS,2026-01-06 19:17:00,2026-01-06 19:17:00,2026-01-06 21:04:00,107.0,107.0,505.5,404.4,503.9
12926,2026-01-06,NDLS,ASR,2026-01-07 00:08:00,2026-01-07 00:08:00,2026-01-07 02:00:00,112.8,112.8,63.8,51.0,162.6
12627,2026-01-06,SBC,DMM,2026-01-06 05:49:00,2026-01-06 05:49:00,2026-01-06 05:49:00,0.0,0.0,1150.0,920.0,930.2
12627,2026-01-06,DMM,GTL,2026-01-06 08:53:00,2026-01-06 08:53:00,2026-01-06 08:58:00,6.0,6.0,920.0,736.0,764.7
12627,2026-01-06,GTL,SC,2026-01-06 12:02:00,2026-01-06 12:02:00,2026-01-06 12:07:00,5.9,5.9,690.0,552.0,575.3
12627,2026-01-06,SC,NGP,2026-01-06 15:11:00,2026-01-06 15:11:00,2026-01-06 15:23:00,12.6,12.6,459.7,367.8,381.7
12627,2026-01-06,NGP,NDLS,2026-01-06 18:27:00,2026-01-06 18:27:00,2026-01-06 18:44:00,17.9,17.9,115.1,92.1,123.1
12301,2026-01-07,NDLS,CNB,2026-01-07 05:49:00,2026-01-07 05:49:00,2026-01-07 06:19:00,30.0,30.0,1150.0,920.0,958.9
12301,2026-01-07,CNB,PRYJ,2026-01-07 09:23:00,2026-01-07 09:23:00,2026-01-07 09:54:00,31.9,31.9,920.0,736.0,775.6
12301,2026-01-07,PRYJ,DDU,2026-01-07 12:58:00,2026-01-07 12:58:00,2026-01-07 13:37:00,39.6,39.6,690.0,552.0,582.6
12301,2026-01-07,DDU,GKP,2026-01-07 16:41:00,2026-01-07 16:41:00,2026-01-07 17:31:00,50.4,50.4,537.0,429.6,477.9
12301,2026-01-07,GKP,HWH,2026-01-07 20:35:00,2026-01-07 20:35:00,2026-01-07 22:24:00,109.9,109.9,145.0,116.0,239.6
12302,2026-01-07,HWH,GKP,2026-01-07 06:33:00,2026-01-07 06:33:00,2026-01-07 07:42:00,69.5,69.5,1150.0,920.0,988.9
12302,2026-01-07,GKP,DDU,2026-01-07 10:46:00,2026-01-07 10:46:00,2026-01-07 12:11:00,86.0,86.0,920.0,736.0,829.2
12302,2026-01-07,DDU,PRYJ,2026-01-07 15:15:00,2026-01-07 15:15:00,2026-01-07 16:49:00,94.1,94.1,690.0,552.0,644.5
12302,2026-01-07,PRYJ,CNB,2026-01-07 19:53:00,2026-01-07 19:53:00,2026-01-07 22:24:00,151.0,151.0,222.4,177.9,313.5
12302,2026-01-07,CNB,NDLS,2026-01-08 01:28:00,2026-01-08 01:28:00,2026-01-08 03:55:00,147.3,147.3,62.4,49.9,191.8
12951,2026-01-07,BCT,ST,2026-01-07 06:59:00,2026-01-07 06:59:00,2026-01-07 07:21:00,22.6,22.6,1150.0,920.0,935.9
12951,2026-01-07,ST,BRC,2026-01-07 10:25:00,2026-01-07 10:25:00,2026-01-07 11:29:00,64.0,64.0,920.0,736.0,795.9
12951,2026-01-07,BRC,RTM,2026-01-07 14:33:00,2026-01-07 14:33:00,2026-01-07 15:43:00,70.1,70.1,690.0,552.0,618.8
12951,2026-01-07,RTM,KOTA,2026-01-07 18:47:00,2026-01-07 18:47:00,2026-01-07 20:09:00,83.0,83.0,366.9,293.5,388.7
12951,2026-01-07,KOTA,NDLS,2026-01-07 23:13:00,2026-01-07 23:13:00,2026-01-08 01:23:00,130.6,130.6,111.4,89.1,203.4
12952,2026-01-07,NDLS,KOTA,2026-01-07 06:52:00,2026-01-07 06:52:00,2026-01-07 07:20:00,28.7,28.7,1150.0,920.0,952.6
12952,2026-01-07,KOTA,RTM,2026-01-07 10:24:00,2026-01-07 10:24:00,2026-01-07 11:03:00,39.7,39.7,920.0,736.0,796.8
12952,2026-01-07,RTM,BRC,2026-01-07 14:07:00,2026-01-07 14:07:00,2026-01-07 15:07:00,60.0,60.0,690.0,552.0,602.6
12952,2026-01-07,BRC,ST,2026-01-07 18:11:00,2026-01-07 18:11:00,2026-01-07 19:17:00,66.9,66.9,433.5,346.8,421.7
12952,2026-01-07,ST,BCT,2026-01-07 22:21:00,2026-01-07 22:21:00,2026-01-07 23:34:00,73.2,73.2,135.7,108.6,180.5
12004,2026-01-07,NDLS,GZB,2026-01-07 06:10:00,2026-01-07 06:10:00,2026-01-07 06:41:00,31.6,31.6,1150.0,920.0,951.3
12004,2026-01-07,GZB,ALJN,2026-01-07 09:45:00,2026-01-07 09:45:00,2026-01-07 10:27:00,42.6,42.6,920.0,736.0,778.2
12004,2026-01-07,ALJN,TDL,2026-01-07 13:31:00,2026-01-07 13:31:00,2026-01-07 14:24:00,53.2,53.2,690.0,552.0,617.2
12004,2026-01-07,TDL,CNB,2026-01-07 17:28:00,2026-01-07 17:28:00,2026-01-07 18:55:00,87.0,87.0,368.4,294.7,379.4
12004,2026-01-07,CNB,LKO,2026-01-07 21:59:00,2026-01-07 21:59:00,2026-01-07 23:39:00,100.7,100.7,135.4,108.3,197.9
12626,2026-01-07,NDLS,AGC,2026-01-07 06:22:00,2026-01-07 06:22:00,2026-01-07 06:35:00,13.2,13.2,1150.0,920.0,945.1
12626,2026-01-07,AGC,VGLJ,2026-01-07 09:39:00,2026-01-07 09:39:00,2026-01-07 10:02:00,23.2,23.2,920.0,736.0,782.2
12626,2026-01-07,VGLJ,BPL,2026-01-07 13:06:00,2026-01-07 13:06:00,2026-01-07 13:29:00,23.5,23.5,690.0,552.0,589.6
12626,2026-01-07,BPL,NGP,2026-01-07 16:33:00,2026-01-07 16:33:00,2026-01-07 17:09:00,36.6,36.6,271.9,217.5,247.5
12626,2026-01-07,NGP,MAS,2026-01-07 20:13:00,2026-01-07 20:13:00,2026-01-07 20:53:00,40.3,40.3,125.0,100.0,136.7
12424,2026-01-07,NDLS,CNB,2026-01-07 05:44:00,2026-01-07 05:44:00,2026-01-07 07:27:00,104.0,104.0,1150.0,920.0,1022.6
12424,2026-01-07,CNB,PRYJ,2026-01-07 10:31:00,2026-01-07 10:31:00,2026-01-07 13:03:00,152.8,152.8,920.0,736.0,866.7
12424,2026-01-07,PRYJ,DDU,2026-01-07 16:07:00,2026-01-07 16:07:00,2026-01-07 19:41:00,214.1,214.1,690.0,552.0,730.2
12424,2026-01-07,DDU,PPTA,2026-01-07 22:45:00,2026-01-07 22:45:00,2026-01-08 02:24:00,219.6,219.6,436.8,349.4,538.6
12424,2026-01-07,PPTA,GHY,2026-01-08 05:28:00,2026-01-08 05:28:00,2026-01-08 09:23:00,235.2,235.2,116.5,93.2,288.0
12260,2026-01-07,NDLS,CNB,2026-01-07 06:09:00,2026-01-07 06:09:00,2026-01-07 06:42:00,33.9,33.9,1150.0,920.0,974.2
12260,2026-01-07,CNB,PRYJ,2026-01-07 10:32:00,2026-01-07 10:32:00,2026-01-07 11:47:00,75.3,75.3,862.5,690.0,767.7
12260,2026-01-07,PRYJ,DDU,2026-01-07 15:37:00,2026-01-07 15:37:00,2026-01-07 16:52:00,75.1,75.1,357.7,286.2,371.5
12260,2026-01-07,DDU,HWH,2026-01-07 20:42:00,2026-01-07 20:42:00,2026-01-07 22:10:00,88.5,88.5,133.7,107.0,185.5
12926,2026-01-07,BCT,BRC,2026-01-07 05:30:00,2026-01-07 05:30:00,2026-01-07 05:41:00,11.7,11.7,1150.0,920.0,941.6
12926,2026-01-07,BRC,RTM,2026-01-07 08:45:00,2026-01-07 08:45:00,2026-01-07 09:10:00,25.5,25.5,920.0,736.0,769.5
12926,2026-01-07,RTM,KOTA,2026-01-07 12:14:00,2026-01-07 12:14:00,2026-01-07 13:35:00,81.1,81.1,690.0,552.0,637.7
12926,2026-01-07,KOTA,NDLS,2026-01-07 16:39:00,2026-01-07 16:39:00,2026-01-07 18:39:00,120.6,120.6,418.8,335.0,461.8
12926,2026-01-07,NDLS,ASR,2026-01-07 21:43:00,2026-01-07 21:43:00,2026-01-08 00:40:00,177.5,177.5,52.3,41.8,211.7
12627,2026-01-07,SBC,DMM,2026-01-07 06:11:00,2026-01-07 06:11:00,2026-01-07 06:19:00,8.3,8.3,1150.0,920.0,941.1
12627,2026-01-07,DMM,GTL,2026-01-07 09:23:00,2026-01-07 09:23:00,2026-01-07 10:22:00,59.5,59.5,920.0,736.0,803.9
12627,2026-01-07,GTL,SC,2026-01-07 13:26:00,2026-01-07 13:26:00,2026-01-07 14:29:00,63.3,63.3,690.0,552.0,607.3
12627,2026-01-07,SC,NGP,2026-01-07 17:33:00,2026-01-07 17:33:00,2026-01-07 18:48:00,75.8,75.8,331.5,265.2,344.4
12627,2026-01-07,NGP,NDLS,2026-01-07 21:52:00,2026-01-07 21:52:00,2026-01-07 23:25:00,93.7,93.7,162.4,129.9,232.9
12301,2026-01-08,NDLS,CNB,2026-01-08 05:39:00,2026-01-08 05:39:00,2026-01-08 06:01:00,22.3,22.3,1150.0,920.0,953.8
12301,2026-01-08,CNB,PRYJ,2026-01-08 09:05:00,2026-01-08 09:05:00,2026-01-08 09:28:00,23.1,23.1,920.0,736.0,755.6
12301,2026-01-08,PRYJ,DDU,2026-01-08 12:32:00,2026-01-08 12:32:00,2026-01-08 12:54:00,22.5,22.5,690.0,552.0,584.6
12301,2026-01-08,DDU,GKP,2026-01-08 15:58:00,2026-01-08 15:58:00,2026-01-08 16:46:00,48.0,48.0,502.1,401.7,455.6
12301,2026-01-08,GKP,HWH,2026-01-08 19:50:00,2026-01-08 19:50:00,2026-01-08 20:43:00,53.8,53.8,145.6,116.5,180.9
12302,2026-01-08,HWH,GKP,2026-01-08 05:42:00,2026-01-08 05:42:00,2026-01-08 06:30:00,48.2,48.2,1150.0,920.0,973.2
12302,2026-01-08,GKP,DDU,2026-01-08 09:34:00,2026-01-08 09:34:00,2026-01-08 11:11:00,97.6,97.6,920.0,736.0,833.0
12302,2026-01-08,DDU,PRYJ,2026-01-08 14:15:00,2026-01-08 14:15:00,2026-01-08 16:55:00,160.1,160.1,690.0,552.0,713.5
12302,2026-01-08,PRYJ,CNB,2026-01-08 19:59:00,2026-01-08 19:59:00,2026-01-08 23:32:00,213.2,213.2,263.2,210.6,398.1
12302,2026-01-08,CNB,NDLS,2026-01-09 02:36:00,2026-01-09 02:36:00,2026-01-09 07:04:00,268.7,268.7,75.9,60.7,293.0
12951,2026-01-08,BCT,ST,2026-01-08 06:33:00,2026-01-08 06:33:00,2026-01-08 07:29:00,56.7,56.7,1150.0,920.0,971.6
12951,2026-01-08,ST,BRC,2026-01-08 10:33:00,2026-01-08 10:33:00,2026-01-08 11:31:00,58.7,58.7,920.0,736.0,803.1
12951,2026-01-08,BRC,RTM,2026-01-08 14:35:00,2026-01-08 14:35:00,2026-01-08 16:36:00,121.0,121.0,690.0,552.0,676.3
12951,2026-01-08,RTM,KOTA,2026-01-08 19:40:00,2026-01-08 19:40:00,2026-01-08 21:45:00,126.0,126.0,344.9,275.9,373.6
12951,2026-01-08,KOTA,NDLS,2026-01-09 00:49:00,2026-01-09 00:49:00,2026-01-09 02:59:00,130.8,130.8,63.1,50.5,171.2
12952,2026-01-08,NDLS,KOTA,2026-01-08 06:37:00,2026-01-08 06:37:00,2026-01-08 07:55:00,78.3,78.3,1150.0,920.0,1002.6
12952,2026-01-08,KOTA,RTM,2026-01-08 10:59:00,2026-01-08 10:59:00,2026-01-08 12:27:00,88.8,88.8,920.0,736.0,827.8
12952,2026-01-08,RTM,BRC,2026-01-08 15:31:00,2026-01-08 15:31:00,2026-01-08 17:04:00,93.8,93.8,690.0,552.0,648.9
12952,2026-01-08,BRC,ST,2026-01-08 20:08:00,2026-01-08 20:08:00,2026-01-08 22:34:00,146.8,146.8,330.2,264.2,389.9
12952,2026-01-08,ST,BCT,2026-01-09 01:38:00,2026-01-09 01:38:00,2026-01-09 04:05:00,147.6,147.6,78.1,62.5,195.0
12004,2026-01-08,NDLS,GZB,2026-01-08 06:37:00,2026-01-08 06:37:00,2026-01-08 07:04:00,27.6,27.6,1150.0,920.0,959.7
12004,2026-01-08,GZB,ALJN,2026-01-08 10:08:00,2026-01-08 10:08:00,2026-01-08 10:38:00,30.6,30.6,920.0,736.0,770.2
12004,2026-01-08,ALJN,TDL,2026-01-08 13:42:00,2026-01-08 13:42:00,2026-01-08 14:16:00,35.0,35.0,690.0,552.0,583.6
12004,2026-01-08,TDL,CNB,2026-01-08 17:20:00,2026-01-08 17:20:00,2026-01-08 17:56:00,36.1,36.1,372.9,298.3,350.9
12004,2026-01-08,CNB,LKO,2026-01-08 21:00:00,2026-01-08 21:00:00,2026-01-08 21:41:00,41.3,41.3,96.0,76.8,145.5
12626,2026-01-08,NDLS,AGC,2026-01-08 06:09:00,2026-01-08 06:09:00,2026-01-08 07:28:00,79.5,79.5,1150.0,920.0,1000.6
12626,2026-01-08,AGC,VGLJ,2026-01-08 10:32:00,2026-01-08 10:32:00,2026-01-08 11:57:00,85.5,85.5,920.0,736.0,824.0
12626,2026-01-08,VGLJ,BPL,2026-01-08 15:01:00,2026-01-08 15:01:00,2026-01-08 16:30:00,89.7,89.7,690.0,552.0,638.5
12626,2026-01-08,BPL,NGP,2026-01-08 19:34:00,2026-01-08 19:34:00,2026-01-08 21:07:00,93.5,93.5,299.4,239.5,339.8
12626,2026-01-08,NGP,MAS,2026-01-09 00:11:00,2026-01-09 00:11:00,2026-01-09 01:53:00,102.6,102.6,157.1,125.7,221.4
12424,2026-01-08,NDLS,CNB,2026-01-08 06:09:00,2026-01-08 06:09:00,2026-01-08 06:31:00,22.7,22.7,1150.0,920.0,942.5
12424,2026-01-08,CNB,PRYJ,2026-01-08 09:35:00,2026-01-08 09:35:00,2026-01-08 09:58:00,23.7,23.7,920.0,736.0,766.1
12424,2026-01-08,PRYJ,DDU,2026-01-08 13:02:00,2026-01-08 13:02:00,2026-01-08 13:33:00,32.0,32.0,690.0,552.0,619.6
12424,2026-01-08,DDU,PPTA,2026-01-08 16:37:00,2026-01-08 16:37:00,2026-01-08 17:14:00,37.5,37.5,402.9,322.3,379.1
12424,2026-01-08,PPTA,GHY,2026-01-08 20:18:00,2026-01-08 20:18:00,2026-01-08 21:29:00,71.9,71.9,167.5,134.0,220.9
12260,2026-01-08,NDLS,CNB,2026-01-08 06:13:00,2026-01-08 06:13:00,2026-01-08 06:33:00,20.5,20.5,1150.0,920.0,963.9
12260,2026-01-08,CNB,PRYJ,2026-01-08 10:23:00,2026-01-08 10:23:00,2026-01-08 10:52:00,29.3,29.3,862.5,690.0,736.1
12260,2026-01-08,PRYJ,DDU,2026-01-08 14:42:00,2026-01-08 14:42:00,2026-01-08 15:18:00,37.0,37.0,289.3,231.4,279.5
12260,2026-01-08,DDU,HWH,2026-01-08 19:08:00,2026-01-08 19:08:00,2026-01-08 19:45:00,37.3,37.3,99.0,79.2,124.8
12926,2026-01-08,BCT,BRC,2026-01-08 06:27:00,2026-01-08 06:27:00,2026-01-08 06:45:00,19.0,19.0,1150.0,920.0,953.8
12926,2026-01-08,BRC,RTM,2026-01-08 09:49:00,2026-01-08 09:49:00,2026-01-08 10:51:00,62.7,62.7,920.0,736.0,801.8
12926,2026-01-08,RTM,KOTA,2026-01-08 13:55:00,2026-01-08 13:55:00,2026-01-08 15:05:00,70.3,70.3,690.0,552.0,642.5
12926,2026-01-08,KOTA,NDLS,2026-01-08 18:09:00,2026-01-08 18:09:00,2026-01-08 19:35:00,86.5,86.5,268.7,215.0,288.5
12926,2026-01-08,NDLS,ASR,2026-01-08 22:39:00,2026-01-08 22:39:00,2026-01-08 23:55:00,76.9,76.9,155.8,124.6,210.4
12627,2026-01-08,SBC,DMM,2026-01-08 05:48:00,2026-01-08 05:48:00,2026-01-08 06:06:00,18.2,18.2,1150.0,920.0,959.1
12627,2026-01-08,DMM,GTL,2026-01-08 09:10:00,2026-01-08 09:10:00,2026-01-08 09:31:00,22.0,22.0,920.0,736.0,774.2
12627,2026-01-08,GTL,SC,2026-01-08 12:35:00,2026-01-08 12:35:00,2026-01-08 12:59:00,24.5,24.5,690.0,552.0,581.1
12627,2026-01-08,SC,NGP,2026-01-08 16:03:00,2026-01-08 16:03:00,2026-01-08 16:36:00,33.5,33.5,398.2,318.6,364.6
12627,2026-01-08,NGP,NDLS,2026-01-08 19:40:00,2026-01-08 19:40:00,2026-01-08 21:04:00,84.2,84.2,88.9,71.1,151.9
12301,2026-01-09,NDLS,CNB,2026-01-09 05:41:00,2026-01-09 05:41:00,2026-01-09 06:23:00,42.7,42.7,1150.0,920.0,958.4
12301,2026-01-09,CNB,PRYJ,2026-01-09 09:27:00,2026-01-09 09:27:00,2026-01-09 10:58:00,91.8,91.8,920.0,736.0,847.2
12301,2026-01-09,PRYJ,DDU,2026-01-09 14:02:00,2026-01-09 14:02:00,2026-01-09 15:41:00,99.5,99.5,690.0,552.0,634.3
12301,2026-01-09,DDU,GKP,2026-01-09 18:45:00,2026-01-09 18:45:00,2026-01-09 21:32:00,167.3,167.3,227.5,182.0,334.6
12301,2026-01-09,GKP,HWH,2026-01-10 00:36:00,2026-01-10 00:36:00,2026-01-10 04:10:00,214.3,214.3,93.2,74.6,266.8
12302,2026-01-09,HWH,GKP,2026-01-09 05:33:00,2026-01-09 05:33:00,2026-01-09 06:06:00,33.5,33.5,1150.0,920.0,959.9
12302,2026-01-09,GKP,DDU,2026-01-09 09:10:00,2026-01-09 09:10:00,2026-01-09 09:48:00,39.0,39.0,920.0,736.0,783.6
12302,2026-01-09,DDU,PRYJ,2026-01-09 12:52:00,2026-01-09 12:52:00,2026-01-09 13:39:00,47.1,47.1,690.0,552.0,591.8
12302,2026-01-09,PRYJ,CNB,2026-01-09 16:43:00,2026-01-09 16:43:00,2026-01-09 17:55:00,72.5,72.5,359.9,287.9,369.9
12302,2026-01-09,CNB,NDLS,2026-01-09 20:59:00,2026-01-09 20:59:00,2026-01-09 22:18:00,79.5,79.5,73.5,58.8,133.0
12951,2026-01-09,BCT,ST,2026-01-09 06:37:00,2026-01-09 06:37:00,2026-01-09 07:15:00,38.1,38.1,1150.0,920.0,979.9
12951,2026-01-09,ST,BRC,2026-01-09 10:19:00,2026-01-09 10:19:00,2026-01-09 11:07:00,48.5,48.5,920.0,736.0,774.6
12951,2026-01-09,BRC,RTM,2026-01-09 14:11:00,2026-01-09 14:11:00,2026-01-09 15:03:00,52.7,52.7,690.0,552.0,606.9
12951,2026-01-09,RTM,KOTA,2026-01-09 18:07:00,2026-01-09 18:07:00,2026-01-09 19:13:00,66.4,66.4,523.9,419.1,477.9
12951,2026-01-09,KOTA,NDLS,2026-01-09 22:17:00,2026-01-09 22:17:00,2026-01-09 23:30:00,73.9,73.9,173.0,138.4,201.1
12952,2026-01-09,NDLS,KOTA,2026-01-09 06:44:00,2026-01-09 06:44:00,2026-01-09 07:08:00,24.7,24.7,1150.0,920.0,949.2
12952,2026-01-09,KOTA,RTM,2026-01-09 10:12:00,2026-01-09 10:12:00,2026-01-09 10:44:00,32.8,32.8,920.0,736.0,770.4
12952,2026-01-09,RTM,BRC,2026-01-09 13:48:00,2026-01-09 13:48:00,2026-01-09 14:28:00,40.6,40.6,690.0,552.0,609.0
12952,2026-01-09,BRC,ST,2026-01-09 17:32:00,2026-01-09 17:32:00,2026-01-09 18:26:00,54.6,54.6,381.2,305.0,356.0
12952,2026-01-09,ST,BCT,2026-01-09 21:30:00,2026-01-09 21:30:00,2026-01-09 22:31:00,61.4,61.4,156.1,124.9,190.3
12004,2026-01-09,NDLS,GZB,2026-01-09 05:42:00,2026-01-09 05:42:00,2026-01-09 05:59:00,17.1,17.1,1150.0,920.0,943.3
12004,2026-01-09,GZB,ALJN,2026-01-09 09:03:00,2026-01-09 09:03:00,2026-01-09 09:31:00,28.5,28.5,920.0,736.0,777.0
12004,2026-01-09,ALJN,TDL,2026-01-09 12:35:00,2026-01-09 12:35:00,2026-01-09 13:03:00,28.6,28.6,690.0,552.0,586.0
12004,2026-01-09,TDL,CNB,2026-01-09 16:07:00,2026-01-09 16:07:00,2026-01-09 16:52:00,45.9,45.9,312.5,250.0,300.0
12004,2026-01-09,CNB,LKO,2026-01-09 19:56:00,2026-01-09 19:56:00,2026-01-09 20:49:00,53.3,53.3,147.6,118.1,166.9
12626,2026-01-09,NDLS,AGC,2026-01-09 05:44:00,2026-01-09 05:44:00,2026-01-09 05:54:00,10.6,10.6,1150.0,920.0,946.9
12626,2026-01-09,AGC,VGLJ,2026-01-09 08:58:00,2026-01-09 08:58:00,2026-01-09 09:52:00,54.1,54.1,920.0,736.0,775.0
12626,2026-01-09,VGLJ,BPL,2026-01-09 12:56:00,2026-01-09 12:56:00,2026-01-09 14:03:00,67.1,67.1,690.0,552.0,623.6
12626,2026-01-09,BPL,NGP,2026-01-09 17:07:00,2026-01-09 17:07:00,2026-01-09 18:10:00,63.9,63.9,436.6,349.3,409.9
12626,2026-01-09,NGP,MAS,2026-01-09 21:14:00,2026-01-09 21:14:00,2026-01-09 22:52:00,98.6,98.6,139.6,111.7,229.1
12424,2026-01-09,NDLS,CNB,2026-01-09 06:54:00,2026-01-09 06:54:00,2026-01-09 08:24:00,90.2,90.2,1150.0,920.0,993.5
12424,2026-01-09,CNB,PRYJ,2026-01-09 11:28:00,2026-01-09 11:28:00,2026-01-09 13:09:00,101.5,101.5,920.0,736.0,833.2
12424,2026-01-09,PRYJ,DDU,2026-01-09 16:13:00,2026-01-09 16:13:00,2026-01-09 18:00:00,107.9,107.9,690.0,552.0,645.3
12424,2026-01-09,DDU,PPTA,2026-01-09 21:04:00,2026-01-09 21:04:00,2026-01-09 22:57:00,113.9,113.9,304.2,243.4,343.2
12424,2026-01-09,PPTA,GHY,2026-01-10 02:01:00,2026-01-10 02:01:00,2026-01-10 05:00:00,179.4,179.4,129.3,103.4,266.4
12260,2026-01-09,NDLS,CNB,2026-01-09 06:56:00,2026-01-09 06:56:00,2026-01-09 07:09:00,13.2,13.2,1150.0,920.0,935.9
12260,2026-01-09,CNB,PRYJ,2026-01-09 10:59:00,2026-01-09 10:59:00,2026-01-09 11:13:00,14.4,14.4,862.5,690.0,719.2
12260,2026-01-09,PRYJ,DDU,2026-01-09 15:03:00,2026-01-09 15:03:00,2026-01-09 15:22:00,19.2,19.2,473.9,379.1,399.6
12260,2026-01-09,DDU,HWH,2026-01-09 19:12:00,2026-01-09 19:12:00,2026-01-09 19:36:00,24.6,24.6,138.1,110.5,145.6
12926,2026-01-09,BCT,BRC,2026-01-09 06:48:00,2026-01-09 06:48:00,2026-01-09 07:12:00,24.3,24.3,1150.0,920.0,972.2
12926,2026-01-09,BRC,RTM,2026-01-09 10:16:00,2026-01-09 10:16:00,2026-01-09 10:37:00,21.6,21.6,920.0,736.0,778.7
12926,2026-01-09,RTM,KOTA,2026-01-09 13:41:00,2026-01-09 13:41:00,2026-01-09 14:07:00,26.0,26.0,690.0,552.0,584.5
12926,2026-01-09,KOTA,NDLS,2026-01-09 17:11:00,2026-01-09 17:11:00,2026-01-09 17:43:00,32.5,32.5,275.8,220.6,271.6
12926,2026-01-09,NDLS,ASR,2026-01-09 20:47:00,2026-01-09 20:47:00,2026-01-09 21:22:00,35.2,35.2,162.4,129.9,174.3
12627,2026-01-09,SBC,DMM,2026-01-09 05:46:00,2026-01-09 05:46:00,2026-01-09 06:11:00,25.9,25.9,1150.0,920.0,947.6
12627,2026-01-09,DMM,GTL,2026-01-09 09:15:00,2026-01-09 09:15:00,2026-01-09 10:36:00,81.5,81.5,920.0,736.0,805.2
12627,2026-01-09,GTL,SC,2026-01-09 13:40:00,2026-01-09 13:40:00,2026-01-09 15:11:00,91.6,91.6,690.0,552.0,629.8
12627,2026-01-09,SC,NGP,2026-01-09 18:15:00,2026-01-09 18:15:00,2026-01-09 19:59:00,104.8,104.8,233.5,186.8,276.0
12627,2026-01-09,NGP,NDLS,2026-01-09 23:03:00,2026-01-09 23:03:00,2026-01-10 00:54:00,112.0,112.0,125.5,100.4,218.3
12301,2026-01-10,NDLS,CNB,2026-01-10 05:51:00,2026-01-10 05:51:00,2026-01-10 06:31:00,40.6,40.6,1150.0,920.0,963.4
12301,2026-01-10,CNB,PRYJ,2026-01-10 09:35:00,2026-01-10 09:35:00,2026-01-10 11:02:00,87.4,87.4,920.0,736.0,807.3
12301,2026-01-10,PRYJ,DDU,2026-01-10 14:06:00,2026-01-10 14:06:00,2026-01-10 15:30:00,84.8,84.8,690.0,552.0,632.4
12301,2026-01-10,DDU,GKP,2026-01-10 18:34:00,2026-01-10 18:34:00,2026-01-10 19:55:00,81.2,81.2,236.1,188.9,260.8
12301,2026-01-10,GKP,HWH,2026-01-10 22:59:00,2026-01-10 22:59:00,2026-01-11 01:16:00,137.2,137.2,103.5,82.8,202.5
12302,2026-01-10,HWH,GKP,2026-01-10 06:23:00,2026-01-10 06:23:00,2026-01-10 07:19:00,56.3,56.3,1150.0,920.0,992.2
12302,2026-01-10,GKP,DDU,2026-01-10 10:23:00,2026-01-10 10:23:00,2026-01-10 11:28:00,65.8,65.8,920.0,736.0,811.1
12302,2026-01-10,DDU,PRYJ,2026-01-10 14:32:00,2026-01-10 14:32:00,2026-01-10 15:36:00,64.8,64.8,690.0,552.0,610.7
12302,2026-01-10,PRYJ,CNB,2026-01-10 18:40:00,2026-01-10 18:40:00,2026-01-10 20:34:00,114.9,114.9,457.5,366.0,454.8
12302,2026-01-10,CNB,NDLS,2026-01-10 23:38:00,2026-01-10 23:38:00,2026-01-11 01:49:00,131.8,131.8,122.6,98.1,220.6
12951,2026-01-10,BCT,ST,2026-01-10 05:31:00,2026-01-10 05:31:00,2026-01-10 05:59:00,28.3,28.3,1150.0,920.0,960.5
12951,2026-01-10,ST,BRC,2026-01-10 09:03:00,2026-01-10 09:03:00,2026-01-10 10:13:00,70.7,70.7,920.0,736.0,805.4
12951,2026-01-10,BRC,RTM,2026-01-10 13:17:00,2026-01-10 13:17:00,2026-01-10 14:31:00,74.9,74.9,690.0,552.0,636.6
12951,2026-01-10,RTM,KOTA,2026-01-10 17:35:00,2026-01-10 17:35:00,2026-01-10 19:02:00,87.3,87.3,425.4,340.3,417.7
12951,2026-01-10,KOTA,NDLS,2026-01-10 22:06:00,2026-01-10 22:06:00,2026-01-11 00:49:00,163.7,163.7,79.0,63.2,205.5
12952,2026-01-10,NDLS,KOTA,2026-01-10 05:31:00,2026-01-10 05:31:00,2026-01-10 06:47:00,76.4,76.4,1150.0,920.0,996.9
12952,2026-01-10,KOTA,RTM,2026-01-10 09:51:00,2026-01-10 09:51:00,2026-01-10 11:19:00,88.4,88.4,920.0,736.0,833.7
12952,2026-01-10,RTM,BRC,2026-01-10 14:23:00,2026-01-10 14:23:00,2026-01-10 15:54:00,91.4,91.4,690.0,552.0,637.5
12952,2026-01-10,BRC,ST,2026-01-10 18:58:00,2026-01-10 18:58:00,2026-01-10 20:51:00,113.0,113.0,396.4,317.1,424.2
12952,2026-01-10,ST,BCT,2026-01-10 23:55:00,2026-01-10 23:55:00,2026-01-11 02:05:00,130.5,130.5,141.0,112.8,239.3
12004,2026-01-10,NDLS,GZB,2026-01-10 06:45:00,2026-01-10 06:45:00,2026-01-10 07:22:00,37.3,37.3,1150.0,920.0,958.3
12004,2026-01-10,GZB,ALJN,2026-01-10 10:26:00,2026-01-10 10:26:00,2026-01-10 11:34:00,68.4,68.4,920.0,736.0,799.9
12004,2026-01-10,ALJN,TDL,2026-01-10 14:38:00,2026-01-10 14:38:00,2026-01-10 15:49:00,71.1,71.1,690.0,552.0,627.6
12004,2026-01-10,TDL,CNB,2026-01-10 18:53:00,2026-01-10 18:53:00,2026-01-10 20:47:00,114.9,114.9,325.1,260.1,358.3
12004,2026-01-10,CNB,LKO,2026-01-10 23:51:00,2026-01-10 23:51:00,2026-01-11 01:51:00,120.6,120.6,66.6,53.3,173.7
12626,2026-01-10,NDLS,AGC,2026-01-10 05:51:00,2026-01-10 05:51:00,2026-01-10 05:58:00,7.6,7.6,1150.0,920.0,940.3
12626,2026-01-10,AGC,VGLJ,2026-01-10 09:02:00,2026-01-10 09:02:00,2026-01-10 09:37:00,35.7,35.7,920.0,736.0,786.2
12626,2026-01-10,VGLJ,BPL,2026-01-10 12:41:00,2026-01-10 12:41:00,2026-01-10 13:22:00,41.9,41.9,690.0,552.0,595.8
12626,2026-01-10,BPL,NGP,2026-01-10 16:26:00,2026-01-10 16:26:00,2026-01-10 17:42:00,76.5,76.5,243.7,195.0,266.3
12626,2026-01-10,NGP,MAS,2026-01-10 20:46:00,2026-01-10 20:46:00,2026-01-10 22:09:00,83.7,83.7,75.3,60.2,152.0
12424,2026-01-10,NDLS,CNB,2026-01-10 05:41:00,2026-01-10 05:41:00,2026-01-10 06:24:00,43.8,43.8,1150.0,920.0,956.0
12424,2026-01-10,CNB,PRYJ,2026-01-10 09:28:00,2026-01-10 09:28:00,2026-01-10 10:21:00,53.9,53.9,920.0,736.0,789.8
12424,2026-01-10,PRYJ,DDU,2026-01-10 13:25:00,2026-01-10 13:25:00,2026-01-10 14:51:00,86.9,86.9,690.0,552.0,638.3
12424,2026-01-10,DDU,PPTA,2026-01-10 17:55:00,2026-01-10 17:55:00,2026-01-10 19:58:00,123.1,123.1,342.9,274.3,393.1
12424,2026-01-10,PPTA,GHY,2026-01-10 23:02:00,2026-01-10 23:02:00,2026-01-11 01:05:00,123.5,123.5,101.0,80.8,193.4
12260,2026-01-10,NDLS,CNB,2026-01-10 06:22:00,2026-01-10 06:22:00,2026-01-10 07:48:00,86.1,86.1,1150.0,920.0,998.3
12260,2026-01-10,CNB,PRYJ,2026-01-10 11:38:00,2026-01-10 11:38:00,2026-01-10 13:13:00,95.2,95.2,862.5,690.0,777.2
12260,2026-01-10,PRYJ,DDU,2026-01-10 17:03:00,2026-01-10 17:03:00,2026-01-10 18:36:00,93.4,93.4,457.6,366.1,457.4
12260,2026-01-10,DDU,HWH,2026-01-10 22:26:00,2026-01-10 22:26:00,2026-01-11 00:44:00,138.3,138.3,53.9,43.1,183.6
12926,2026-01-10,BCT,BRC,2026-01-10 06:46:00,2026-01-10 06:46:00,2026-01-10 06:52:00,6.8,6.8,1150.0,920.0,930.5
12926,2026-01-10,BRC,RTM,2026-01-10 09:56:00,2026-01-10 09:56:00,2026-01-10 10:42:00,46.2,46.2,920.0,736.0,776.6
12926,2026-01-10,RTM,KOTA,2026-01-10 13:46:00,2026-01-10 13:46:00,2026-01-10 14:34:00,48.8,48.8,690.0,552.0,594.9
12926,2026-01-10,KOTA,NDLS,2026-01-10 17:38:00,2026-01-10 17:38:00,2026-01-10 18:26:00,48.1,48.1,477.5,382.0,444.7
12926,2026-01-10,NDLS,ASR,2026-01-10 21:30:00,2026-01-10 21:30:00,2026-01-10 22:25:00,55.4,55.4,66.7,53.4,125.1
12627,2026-01-10,SBC,DMM,2026-01-10 05:48:00,2026-01-10 05:48:00,2026-01-10 05:55:00,7.8,7.8,1150.0,920.0,939.3
12627,2026-01-10,DMM,GTL,2026-01-10 08:59:00,2026-01-10 08:59:00,2026-01-10 09:12:00,13.7,13.7,920.0,736.0,761.4
12627,2026-01-10,GTL,SC,2026-01-10 12:16:00,2026-01-10 12:16:00,2026-01-10 12:29:00,13.5,13.5,690.0,552.0,587.6
12627,2026-01-10,SC,NGP,2026-01-10 15:33:00,2026-01-10 15:33:00,2026-01-10 15:46:00,13.9,13.9,474.3,379.4,409.0
12627,2026-01-10,NGP,NDLS,2026-01-10 18:50:00,2026-01-10 18:50:00,2026-01-10 19:11:00,22.0,22.0,58.3,46.6,102.8
12301,2026-01-11,NDLS,CNB,2026-01-11 06:04:00,2026-01-11 06:04:00,2026-01-11 06:23:00,19.0,19.0,1150.0,920.0,940.9
12301,2026-01-11,CNB,PRYJ,2026-01-11 09:27:00,2026-01-11 09:27:00,2026-01-11 09:46:00,19.8,19.8,920.0,736.0,788.0
12301,2026-01-11,PRYJ,DDU,2026-01-11 12:50:00,2026-01-11 12:50:00,2026-01-11 14:05:00,75.5,75.5,690.0,552.0,637.5
12301,2026-01-11,DDU,GKP,2026-01-11 17:09:00,2026-01-11 17:09:00,2026-01-11 18:55:00,106.5,106.5,383.9,307.1,413.5
12301,2026-01-11,GKP,HWH,2026-01-11 21:59:00,2026-01-11 21:59:00,2026-01-11 23:54:00,115.3,115.3,157.0,125.6,245.5
12302,2026-01-11,HWH,GKP,2026-01-11 06:38:00,2026-01-11 06:38:00,2026-01-11 06:41:00,3.1,3.1,1150.0,920.0,928.9
12302,2026-01-11,GKP,DDU,2026-01-11 09:45:00,2026-01-11 09:45:00,2026-01-11 09:48:00,3.9,3.9,920.0,736.0,742.4
12302,2026-01-11,DDU,PRYJ,2026-01-11 12:52:00,2026-01-11 12:52:00,2026-01-11 13:11:00,19.6,19.6,690.0,552.0,586.2
12302,2026-01-11,PRYJ,CNB,2026-01-11 16:15:00,2026-01-11 16:15:00,2026-01-11 17:20:00,65.9,65.9,357.4,285.9,364.7
12302,2026-01-11,CNB,NDLS,2026-01-11 20:24:00,2026-01-11 20:24:00,2026-01-11 21:29:00,65.8,65.8,154.2,123.4,196.7
12951,2026-01-11,BCT,ST,2026-01-11 06:39:00,2026-01-11 06:39:00,2026-01-11 07:30:00,51.6,51.6,1150.0,920.0,971.3
12951,2026-01-11,ST,BRC,2026-01-11 10:34:00,2026-01-11 10:34:00,2026-01-11 11:37:00,63.3,63.3,920.0,736.0,805.0
12951,2026-01-11,BRC,RTM,2026-01-11 14:41:00,2026-01-11 14:41:00,2026-01-11 15:46:00,65.0,65.0,690.0,552.0,629.1
12951,2026-01-11,RTM,KOTA,2026-01-11 18:50:00,2026-01-11 18:50:00,2026-01-11 19:56:00,66.8,66.8,336.9,269.5,335.2
12951,2026-01-11,KOTA,NDLS,2026-01-11 23:00:00,2026-01-11 23:00:00,2026-01-12 00:19:00,79.3,79.3,69.6,55.7,142.9
12952,2026-01-11,NDLS,KOTA,2026-01-11 06:39:00,2026-01-11 06:39:00,2026-01-11 07:07:00,28.9,28.9,1150.0,920.0,960.4
12952,2026-01-11,KOTA,RTM,2026-01-11 10:11:00,2026-01-11 10:11:00,2026-01-11 10:48:00,37.6,37.6,920.0,736.0,779.8
12952,2026-01-11,RTM,BRC,2026-01-11 13:52:00,2026-01-11 13:52:00,2026-01-11 14:33:00,41.4,41.4,690.0,552.0,598.9
12952,2026-01-11,BRC,ST,2026-01-11 17:37:00,2026-01-11 17:37:00,2026-01-11 18:11:00,34.2,34.2,380.3,304.2,354.8
12952,2026-01-11,ST,BCT,2026-01-11 21:15:00,2026-01-11 21:15:00,2026-01-11 22:35:00,80.6,80.6,107.0,85.6,162.3
12004,2026-01-11,NDLS,GZB,2026-01-11 06:54:00,2026-01-11 06:54:00,2026-01-11 07:12:00,18.6,18.6,1150.0,920.0,950.4
12004,2026-01-11,GZB,ALJN,2026-01-11 10:16:00,2026-01-11 10:16:00,2026-01-11 10:37:00,22.0,22.0,920.0,736.0,769.5
12004,2026-01-11,ALJN,TDL,2026-01-11 13:41:00,2026-01-11 13:41:00,2026-01-11 14:33:00,52.1,52.1,690.0,552.0,598.5
12004,2026-01-11,TDL,CNB,2026-01-11 17:37:00,2026-01-11 17:37:00,2026-01-11 18:34:00,57.8,57.8,429.4,343.5,408.2
12004,2026-01-11,CNB,LKO,2026-01-11 21:38:00,2026-01-11 21:38:00,2026-01-11 23:08:00,90.9,90.9,166.3,133.0,219.6
12626,2026-01-11,NDLS,AGC,2026-01-11 06:41:00,2026-01-11 06:41:00,2026-01-11 08:16:00,95.5,95.5,1150.0,920.0,1002.5
12626,2026-01-11,AGC,VGLJ,2026-01-11 11:20:00,2026-01-11 11:20:00,2026-01-11 13:04:00,104.8,104.8,920.0,736.0,853.0
12626,2026-01-11,VGLJ,BPL,2026-01-11 16:08:00,2026-01-11 16:08:00,2026-01-11 17:57:00,109.4,109.4,690.0,552.0,658.6
12626,2026-01-11,BPL,NGP,2026-01-11 21:01:00,2026-01-11 21:01:00,2026-01-11 22:45:00,104.9,104.9,355.1,284.1,371.3
12626,2026-01-11,NGP,MAS,2026-01-12 01:49:00,2026-01-12 01:49:00,2026-01-12 03:40:00,111.8,111.8,111.2,89.0,181.3
12424,2026-01-11,NDLS,CNB,2026-01-11 06:52:00,2026-01-11 06:52:00,2026-01-11 07:27:00,35.7,35.7,1150.0,920.0,958.1
12424,2026-01-11,CNB,PRYJ,2026-01-11 10:31:00,2026-01-11 10:31:00,2026-01-11 11:22:00,51.7,51.7,920.0,736.0,792.2
12424,2026-01-11,PRYJ,DDU,2026-01-11 14:26:00,2026-01-11 14:26:00,2026-01-11 15:25:00,59.5,59.5,690.0,552.0,618.8
12424,2026-01-11,DDU,PPTA,2026-01-11 18:29:00,2026-01-11 18:29:00,2026-01-11 19:36:00,67.7,67.7,229.2,183.4,232.2
12424,2026-01-11,PPTA,GHY,2026-01-11 22:40:00,2026-01-11 22:40:00,2026-01-11 23:58:00,78.2,78.2,151.0,120.8,184.7
12260,2026-01-11,NDLS,CNB,2026-01-11 06:26:00,2026-01-11 06:26:00,2026-01-11 07:08:00,42.3,42.3,1150.0,920.0,964.1
12260,2026-01-11,CNB,PRYJ,2026-01-11 10:58:00,2026-01-11 10:58:00,2026-01-11 11:36:00,38.4,38.4,862.5,690.0,755.6
12260,2026-01-11,PRYJ,DDU,2026-01-11 15:26:00,2026-01-11 15:26:00,2026-01-11 16:14:00,48.9,48.9,394.5,315.6,372.1
12260,2026-01-11,DDU,HWH,2026-01-11 20:04:00,2026-01-11 20:04:00,2026-01-11 20:57:00,54.0,54.0,157.6,126.1,198.1
12926,2026-01-11,BCT,BRC,2026-01-11 06:04:00,2026-01-11 06:04:00,2026-01-11 07:01:00,57.9,57.9,1150.0,920.0,990.9
12926,2026-01-11,BRC,RTM,2026-01-11 10:05:00,2026-01-11 10:05:00,2026-01-11 11:08:00,63.3,63.3,920.0,736.0,809.8
12926,2026-01-11,RTM,KOTA,2026-01-11 14:12:00,2026-01-11 14:12:00,2026-01-11 15:13:00,61.4,61.4,690.0,552.0,625.1
12926,2026-01-11,KOTA,NDLS,2026-01-11 18:17:00,2026-01-11 18:17:00,2026-01-11 19:41:00,84.1,84.1,291.3,233.0,327.1
12926,2026-01-11,NDLS,ASR,2026-01-11 22:45:00,2026-01-11 22:45:00,2026-01-12 00:23:00,98.4,98.4,84.1,67.3,170.2
12627,2026-01-11,SBC,DMM,2026-01-11 06:55:00,2026-01-11 06:55:00,2026-01-11 07:02:00,7.5,7.5,1150.0,920.0,938.7
12627,2026-01-11,DMM,GTL,2026-01-11 10:06:00,2026-01-11 10:06:00,2026-01-11 10:22:00,16.7,16.7,920.0,736.0,762.7
12627,2026-01-11,GTL,SC,2026-01-11 13:26:00,2026-01-11 13:26:00,2026-01-11 13:58:00,32.9,32.9,690.0,552.0,588.6
12627,2026-01-11,SC,NGP,2026-01-11 17:02:00,2026-01-11 17:02:00,2026-01-11 17:39:00,37.6,37.6,366.7,293.4,350.9
12627,2026-01-11,NGP,NDLS,2026-01-11 20:43:00,2026-01-11 20:43:00,2026-01-11 21:22:00,39.4,39.4,154.3,123.4,167.3
12301,2026-01-12,NDLS,CNB,2026-01-12 06:39:00,2026-01-12 06:39:00,2026-01-12 08:52:00,133.1,133.1,1150.0,920.0,1041.9
12301,2026-01-12,CNB,PRYJ,2026-01-12 11:56:00,2026-01-12 11:56:00,2026-01-12 14:23:00,147.3,147.3,920.0,736.0,890.9
12301,2026-01-12,PRYJ,DDU,2026-01-12 17:27:00,2026-01-12 17:27:00,2026-01-12 20:10:00,163.4,163.4,690.0,552.0,687.7
12301,2026-01-12,DDU,GKP,2026-01-12 23:14:00,2026-01-12 23:14:00,2026-01-13 02:01:00,167.1,167.1,314.2,251.4,395.6
12301,2026-01-12,GKP,HWH,2026-01-13 05:05:00,2026-01-13 05:05:00,2026-01-13 08:01:00,176.4,176.4,111.7,89.4,233.8
12302,2026-01-12,HWH,GKP,2026-01-12 06:44:00,2026-01-12 06:44:00,2026-01-12 07:06:00,22.8,22.8,1150.0,920.0,943.3
12302,2026-01-12,GKP,DDU,2026-01-12 10:10:00,2026-01-12 10:10:00,2026-01-12 10:30:00,20.1,20.1,920.0,736.0,762.2
12302,2026-01-12,DDU,PRYJ,2026-01-12 13:34:00,2026-01-12 13:34:00,2026-01-12 14:00:00,26.8,26.8,690.0,552.0,584.5
12302,2026-01-12,PRYJ,CNB,2026-01-12 17:04:00,2026-01-12 17:04:00,2026-01-12 17:46:00,42.9,42.9,305.6,244.5,287.6
12302,2026-01-12,CNB,NDLS,2026-01-12 20:50:00,2026-01-12 20:50:00,2026-01-12 21:43:00,53.1,53.1,92.4,73.9,124.1
12951,2026-01-12,BCT,ST,2026-01-12 06:40:00,2026-01-12 06:40:00,2026-01-12 07:15:00,35.2,35.2,1150.0,920.0,976.0
12951,2026-01-12,ST,BRC,2026-01-12 10:19:00,2026-01-12 10:19:00,2026-01-12 11:31:00,72.1,72.1,920.0,736.0,810.4
12951,2026-01-12,BRC,RTM,2026-01-12 14:35:00,2026-01-12 14:35:00,2026-01-12 15:54:00,79.2,79.2,690.0,552.0,625.9
12951,2026-01-12,RTM,KOTA,2026-01-12 18:58:00,2026-01-12 18:58:00,2026-01-12 20:17:00,79.2,79.2,253.9,203.1,294.7
12951,2026-01-12,KOTA,NDLS,2026-01-12 23:21:00,2026-01-12 23:21:00,2026-01-13 00:43:00,82.9,82.9,54.0,43.2,139.6
12952,2026-01-12,NDLS,KOTA,2026-01-12 06:05:00,2026-01-12 06:05:00,2026-01-12 06:25:00,20.7,20.7,1150.0,920.0,953.0
12952,2026-01-12,KOTA,RTM,2026-01-12 09:29:00,2026-01-12 09:29:00,2026-01-12 10:03:00,34.1,34.1,920.0,736.0,773.2
12952,2026-01-12,RTM,BRC,2026-01-12 13:07:00,2026-01-12 13:07:00,2026-01-12 14:30:00,83.6,83.6,690.0,552.0,645.0
12952,2026-01-12,BRC,ST,2026-01-12 17:34:00,2026-01-12 17:34:00,2026-01-12 18:56:00,82.6,82.6,388.3,310.6,390.1
12952,2026-01-12,ST,BCT,2026-01-12 22:00:00,2026-01-12 22:00:00,2026-01-12 23:51:00,111.3,111.3,103.1,82.5,172.0
12004,2026-01-12,NDLS,GZB,2026-01-12 06:08:00,2026-01-12 06:08:00,2026-01-12 06:08:00,0.0,0.0,1150.0,920.0,926.5
12004,2026-01-12,GZB,ALJN,2026-01-12 09:12:00,2026-01-12 09:12:00,2026-01-12 10:17:00,65.7,65.7,920.0,736.0,807.9
12004,2026-01-12,ALJN,TDL,2026-01-12 13:21:00,2026-01-12 13:21:00,2026-01-12 14:22:00,61.6,61.6,690.0,552.0,613.5
12004,2026-01-12,TDL,CNB,2026-01-12 17:26:00,2026-01-12 17:26:00,2026-01-12 18:57:00,91.0,91.0,263.7,211.0,295.8
12004,2026-01-12,CNB,LKO,2026-01-12 22:01:00,2026-01-12 22:01:00,2026-01-12 23:32:00,91.6,91.6,154.4,123.5,200.2
12626,2026-01-12,NDLS,AGC,2026-01-12 06:55:00,2026-01-12 06:55:00,2026-01-12 07:11:00,16.8,16.8,1150.0,920.0,952.1
12626,2026-01-12,AGC,VGLJ,2026-01-12 10:15:00,2026-01-12 10:15:00,2026-01-12 10:42:00,27.6,27.6,920.0,736.0,759.9
12626,2026-01-12,VGLJ,BPL,2026-01-12 13:46:00,2026-01-12 13:46:00,2026-01-12 14:25:00,39.2,39.2,690.0,552.0,591.5
12626,2026-01-12,BPL,NGP,2026-01-12 17:29:00,2026-01-12 17:29:00,2026-01-12 18:22:00,53.9,53.9,287.4,229.9,285.2
12626,2026-01-12,NGP,MAS,2026-01-12 21:26:00,2026-01-12 21:26:00,2026-01-12 22:25:00,60.0,60.0,127.0,101.6,151.8
12424,2026-01-12,NDLS,CNB,2026-01-12 05:56:00,2026-01-12 05:56:00,2026-01-12 06:27:00,31.6,31.6,1150.0,920.0,975.8
12424,2026-01-12,CNB,PRYJ,2026-01-12 09:31:00,2026-01-12 09:31:00,2026-01-12 11:01:00,90.7,90.7,920.0,736.0,801.8
12424,2026-01-12,PRYJ,DDU,2026-01-12 14:05:00,2026-01-12 14:05:00,2026-01-12 16:00:00,115.5,115.5,690.0,552.0,674.8
12424,2026-01-12,DDU,PPTA,2026-01-12 19:04:00,2026-01-12 19:04:00,2026-01-12 21:05:00,121.7,121.7,325.5,260.4,370.2
12424,2026-01-12,PPTA,GHY,2026-01-13 00:09:00,2026-01-13 00:09:00,2026-01-13 02:15:00,126.8,126.8,117.5,94.0,197.1
12260,2026-01-12,NDLS,CNB,2026-01-12 05:57:00,2026-01-12 05:57:00,2026-01-12 06:13:00,16.6,16.6,1150.0,920.0,938.8
12260,2026-01-12,CNB,PRYJ,2026-01-12 10:03:00,2026-01-12 10:03:00,2026-01-12 11:02:00,59.3,59.3,862.5,690.0,746.3
12260,2026-01-12,PRYJ,DDU,2026-01-12 14:52:00,2026-01-12 14:52:00,2026-01-12 15:56:00,64.9,64.9,329.0,263.2,325.9
12260,2026-01-12,DDU,HWH,2026-01-12 19:46:00,2026-01-12 19:46:00,2026-01-12 21:34:00,108.9,108.9,150.5,120.4,219.0
12926,2026-01-12,BCT,BRC,2026-01-12 06:58:00,2026-01-12 06:58:00,2026-01-12 08:40:00,102.0,102.0,1150.0,920.0,1003.7
12926,2026-01-12,BRC,RTM,2026-01-12 11:44:00,2026-01-12 11:44:00,2026-01-12 13:53:00,129.2,129.2,920.0,736.0,855.5
12926,2026-01-12,RTM,KOTA,2026-01-12 16:57:00,2026-01-12 16:57:00,2026-01-12 19:38:00,162.0,162.0,690.0,552.0,676.9
12926,2026-01-12,KOTA,NDLS,2026-01-12 22:42:00,2026-01-12 22:42:00,2026-01-13 01:34:00,172.2,172.2,513.6,410.9,560.3
12926,2026-01-12,NDLS,ASR,2026-01-13 04:38:00,2026-01-13 04:38:00,2026-01-13 07:41:00,183.6,183.6,87.9,70.3,235.3
12627,2026-01-12,SBC,DMM,2026-01-12 05:47:00,2026-01-12 05:47:00,2026-01-12 06:07:00,20.9,20.9,1150.0,920.0,953.9
12627,2026-01-12,DMM,GTL,2026-01-12 09:11:00,2026-01-12 09:11:00,2026-01-12 09:40:00,29.2,29.2,920.0,736.0,763.7
12627,2026-01-12,GTL,SC,2026-01-12 12:44:00,2026-01-12 12:44:00,2026-01-12 14:16:00,93.0,93.0,690.0,552.0,627.5
12627,2026-01-12,SC,NGP,2026-01-12 17:20:00,2026-01-12 17:20:00,2026-01-12 18:56:00,96.2,96.2,253.8,203.0,300.8
12627,2026-01-12,NGP,NDLS,2026-01-12 22:00:00,2026-01-12 22:00:00,2026-01-13 00:11:00,131.4,131.4,145.3,116.2,250.5
12301,2026-01-13,NDLS,CNB,2026-01-13 06:00:00,2026-01-13 06:00:00,2026-01-13 06:11:00,11.9,11.9,1150.0,920.0,944.4
12301,2026-01-13,CNB,PRYJ,2026-01-13 09:15:00,2026-01-13 09:15:00,2026-01-13 09:31:00,16.0,16.0,920.0,736.0,767.3
12301,2026-01-13,PRYJ,DDU,2026-01-13 12:35:00,2026-01-13 12:35:00,2026-01-13 12:57:00,22.8,22.8,690.0,552.0,581.3
12301,2026-01-13,DDU,GKP,2026-01-13 16:01:00,2026-01-13 16:01:00,2026-01-13 16:41:00,40.1,40.1,467.4,373.9,411.6
12301,2026-01-13,GKP,HWH,2026-01-13 19:45:00,2026-01-13 19:45:00,2026-01-13 20:27:00,42.8,42.8,128.8,103.0,153.1
12302,2026-01-13,HWH,GKP,2026-01-13 05:39:00,2026-01-13 05:39:00,2026-01-13 06:33:00,54.4,54.4,1150.0,920.0,981.8
12302,2026-01-13,GKP,DDU,2026-01-13 09:37:00,2026-01-13 09:37:00,2026-01-13 11:11:00,94.0,94.0,920.0,736.0,827.7
12302,2026-01-13,DDU,PRYJ,2026-01-13 14:15:00,2026-01-13 14:15:00,2026-01-13 15:48:00,93.9,93.9,690.0,552.0,645.0
12302,2026-01-13,PRYJ,CNB,2026-01-13 18:52:00,2026-01-13 18:52:00,2026-01-13 20:36:00,105.0,105.0,421.3,337.0,434.9
12302,2026-01-13,CNB,NDLS,2026-01-13 23:40:00,2026-01-13 23:40:00,2026-01-14 01:33:00,113.8,113.8,84.3,67.4,174.5
12951,2026-01-13,BCT,ST,2026-01-13 06:45:00,2026-01-13 06:45:00,2026-01-13 07:10:00,26.0,26.0,1150.0,920.0,956.5
12951,2026-01-13,ST,BRC,2026-01-13 10:14:00,2026-01-13 10:14:00,2026-01-13 10:56:00,42.4,42.4,920.0,736.0,791.0
12951,2026-01-13,BRC,RTM,2026-01-13 14:00:00,2026-01-13 14:00:00,2026-01-13 15:04:00,64.4,64.4,690.0,552.0,625.4
12951,2026-01-13,RTM,KOTA,2026-01-13 18:08:00,2026-01-13 18:08:00,2026-01-13 19:14:00,66.8,66.8,310.6,248.5,305.8
12951,2026-01-13,KOTA,NDLS,2026-01-13 22:18:00,2026-01-13 22:18:00,2026-01-13 23:31:00,73.9,73.9,177.2,141.8,229.9
12952,2026-01-13,NDLS,KOTA,2026-01-13 06:10:00,2026-01-13 06:10:00,2026-01-13 07:08:00,58.5,58.5,1150.0,920.0,981.8
12952,2026-01-13,KOTA,RTM,2026-01-13 10:12:00,2026-01-13 10:12:00,2026-01-13 11:25:00,73.1,73.1,920.0,736.0,810.7
12952,2026-01-13,RTM,BRC,2026-01-13 14:29:00,2026-01-13 14:29:00,2026-01-13 16:25:00,116.5,116.5,690.0,552.0,667.4
12952,2026-01-13,BRC,ST,2026-01-13 19:29:00,2026-01-13 19:29:00,2026-01-13 21:31:00,122.1,122.1,267.9,214.3,318.6
12952,2026-01-13,ST,BCT,2026-01-14 00:35:00,2026-01-14 00:35:00,2026-01-14 02:32:00,117.8,117.8,89.3,71.4,169.9
12004,2026-01-13,NDLS,GZB,2026-01-13 06:42:00,2026-01-13 06:42:00,2026-01-13 06:48:00,6.5,6.5,1150.0,920.0,920.8
12004,2026-01-13,GZB,ALJN,2026-01-13 09:52:00,2026-01-13 09:52:00,2026-01-13 10:08:00,16.8,16.8,920.0,736.0,748.8
12004,2026-01-13,ALJN,TDL,2026-01-13 13:12:00,2026-01-13 13:12:00,2026-01-13 13:32:00,20.5,20.5,690.0,552.0,570.2
12004,2026-01-13,TDL,CNB,2026-01-13 16:36:00,2026-01-13 16:36:00,2026-01-13 16:52:00,16.3,16.3,327.8,262.2,296.1
12004,2026-01-13,CNB,LKO,2026-01-13 19:56:00,2026-01-13 19:56:00,2026-01-13 20:24:00,28.3,28.3,83.4,66.7,110.0
12626,2026-01-13,NDLS,AGC,2026-01-13 06:11:00,2026-01-13 06:11:00,2026-01-13 06:28:00,17.3,17.3,1150.0,920.0,942.1
12626,2026-01-13,AGC,VGLJ,2026-01-13 09:32:00,2026-01-13 09:32:00,2026-01-13 10:02:00,30.6,30.6,920.0,736.0,785.0
12626,2026-01-13,VGLJ,BPL,2026-01-13 13:06:00,2026-01-13 13:06:00,2026-01-13 13:53:00,47.6,47.6,690.0,552.0,599.9
12626,2026-01-13,BPL,NGP,2026-01-13 16:57:00,2026-01-13 16:57:00,2026-01-13 17:49:00,52.8,52.8,413.5,330.8,371.3
12626,2026-01-13,NGP,MAS,2026-01-13 20:53:00,2026-01-13 20:53:00,2026-01-13 21:42:00,49.5,49.5,54.0,43.2,105.0
12424,2026-01-13,NDLS,CNB,2026-01-13 05:30:00,2026-01-13 05:30:00,2026-01-13 05:35:00,5.3,5.3,1150.0,920.0,948.0
12424,2026-01-13,CNB,PRYJ,2026-01-13 08:39:00,2026-01-13 08:39:00,2026-01-13 09:01:00,22.3,22.3,920.0,736.0,773.2
12424,2026-01-13,PRYJ,DDU,2026-01-13 12:05:00,2026-01-13 12:05:00,2026-01-13 12:25:00,20.9,20.9,690.0,552.0,584.5
12424,2026-01-13,DDU,PPTA,2026-01-13 15:29:00,2026-01-13 15:29:00,2026-01-13 16:02:00,33.3,33.3,420.8,336.6,367.6
12424,2026-01-13,PPTA,GHY,2026-01-13 19:06:00,2026-01-13 19:06:00,2026-01-13 19:36:00,30.6,30.6,110.7,88.6,142.6
12260,2026-01-13,NDLS,CNB,2026-01-13 05:40:00,2026-01-13 05:40:00,2026-01-13 06:54:00,74.5,74.5,1150.0,920.0,985.2
12260,2026-01-13,CNB,PRYJ,2026-01-13 10:44:00,2026-01-13 10:44:00,2026-01-13 12:05:00,81.2,81.2,862.5,690.0,757.7
12260,2026-01-13,PRYJ,DDU,2026-01-13 15:55:00,2026-01-13 15:55:00,2026-01-13 17:42:00,107.8,107.8,522.9,418.3,512.7
12260,2026-01-13,DDU,HWH,2026-01-13 21:32:00,2026-01-13 21:32:00,2026-01-13 23:11:00,99.5,99.5,153.7,123.0,216.3
12926,2026-01-13,BCT,BRC,2026-01-13 05:54:00,2026-01-13 05:54:00,2026-01-13 06:00:00,6.9,6.9,1150.0,920.0,927.5
12926,2026-01-13,BRC,RTM,2026-01-13 09:04:00,2026-01-13 09:04:00,2026-01-13 09:23:00,20.0,20.0,920.0,736.0,767.9
12926,2026-01-13,RTM,KOTA,2026-01-13 12:27:00,2026-01-13 12:27:00,2026-01-13 13:12:00,45.9,45.9,690.0,552.0,596.5
12926,2026-01-13,KOTA,NDLS,2026-01-13 16:16:00,2026-01-13 16:16:00,2026-01-13 17:03:00,47.5,47.5,327.8,262.2,328.3
12926,2026-01-13,NDLS,ASR,2026-01-13 20:07:00,2026-01-13 20:07:00,2026-01-13 21:17:00,71.0,71.0,57.5,46.0,121.9
12627,2026-01-13,SBC,DMM,2026-01-13 06:03:00,2026-01-13 06:03:00,2026-01-13 07:10:00,67.1,67.1,1150.0,920.0,989.3
12627,2026-01-13,DMM,GTL,2026-01-13 10:14:00,2026-01-13 10:14:00,2026-01-13 11:31:00,77.3,77.3,920.0,736.0,819.2
12627,2026-01-13,GTL,SC,2026-01-13 14:35:00,2026-01-13 14:35:00,2026-01-13 15:56:00,81.8,81.8,690.0,552.0,629.2
12627,2026-01-13,SC,NGP,2026-01-13 19:00:00,2026-01-13 19:00:00,2026-01-13 20:59:00,119.8,119.8,404.2,323.4,439.1
12627,2026-01-13,NGP,NDLS,2026-01-14 00:03:00,2026-01-14 00:03:00,2026-01-14 02:12:00,129.9,129.9,75.1,60.1,202.5
12301,2026-01-14,NDLS,CNB,2026-01-14 06:25:00,2026-01-14 06:25:00,2026-01-14 06:37:00,12.0,12.0,1150.0,920.0,938.9
12301,2026-01-14,CNB,PRYJ,2026-01-14 09:41:00,2026-01-14 09:41:00,2026-01-14 09:51:00,10.5,10.5,920.0,736.0,755.2
12301,2026-01-14,PRYJ,DDU,2026-01-14 12:55:00,2026-01-14 12:55:00,2026-01-14 13:14:00,19.4,19.4,690.0,552.0,584.9
12301,2026-01-14,DDU,GKP,2026-01-14 16:18:00,2026-01-14 16:18:00,2026-01-14 16:37:00,19.2,19.2,296.7,237.4,286.7
12301,2026-01-14,GKP,HWH,2026-01-14 19:41:00,2026-01-14 19:41:00,2026-01-14 20:11:00,30.8,30.8,133.8,107.0,140.3
12302,2026-01-14,HWH,GKP,2026-01-14 06:13:00,2026-01-14 06:13:00,2026-01-14 06:55:00,42.0,42.0,1150.0,920.0,974.6
12302,2026-01-14,GKP,DDU,2026-01-14 09:59:00,2026-01-14 09:59:00,2026-01-14 10:52:00,54.0,54.0,920.0,736.0,787.6
12302,2026-01-14,DDU,PRYJ,2026-01-14 13:56:00,2026-01-14 13:56:00,2026-01-14 15:38:00,102.3,102.3,690.0,552.0,667.0
12302,2026-01-14,PRYJ,CNB,2026-01-14 18:42:00,2026-01-14 18:42:00,2026-01-14 20:51:00,129.5,129.5,311.1,248.9,377.5
12302,2026-01-14,CNB,NDLS,2026-01-14 23:55:00,2026-01-14 23:55:00,2026-01-15 02:11:00,136.8,136.8,104.2,83.4,226.1
12951,2026-01-14,BCT,ST,2026-01-14 06:42:00,2026-01-14 06:42:00,2026-01-14 06:57:00,15.6,15.6,1150.0,920.0,947.0
12951,2026-01-14,ST,BRC,2026-01-14 10:01:00,2026-01-14 10:01:00,2026-01-14 10:26:00,25.1,25.1,920.0,736.0,758.4
12951,2026-01-14,BRC,RTM,2026-01-14 13:30:00,2026-01-14 13:30:00,2026-01-14 14:04:00,34.5,34.5,690.0,552.0,605.1
12951,2026-01-14,RTM,KOTA,2026-01-14 17:08:00,2026-01-14 17:08:00,2026-01-14 17:54:00,46.6,46.6,246.7,197.4,250.7
12951,2026-01-14,KOTA,NDLS,2026-01-14 20:58:00,2026-01-14 20:58:00,2026-01-14 21:58:00,60.0,60.0,146.9,117.5,183.2
12952,2026-01-14,NDLS,KOTA,2026-01-14 06:23:00,2026-01-14 06:23:00,2026-01-14 06:42:00,19.4,19.4,1150.0,920.0,964.6
12952,2026-01-14,KOTA,RTM,2026-01-14 09:46:00,2026-01-14 09:46:00,2026-01-14 10:07:00,21.8,21.8,920.0,736.0,768.1
12952,2026-01-14,RTM,BRC,2026-01-14 13:11:00,2026-01-14 13:11:00,2026-01-14 14:37:00,86.8,86.8,690.0,552.0,644.4
12952,2026-01-14,BRC,ST,2026-01-14 17:41:00,2026-01-14 17:41:00,2026-01-14 19:09:00,88.3,88.3,386.2,309.0,378.2
12952,2026-01-14,ST,BCT,2026-01-14 22:13:00,2026-01-14 22:13:00,2026-01-14 23:43:00,90.1,90.1,125.3,100.2,196.9
12004,2026-01-14,NDLS,GZB,2026-01-14 05:33:00,2026-01-14 05:33:00,2026-01-14 05:36:00,3.5,3.5,1150.0,920.0,946.3
12004,2026-01-14,GZB,ALJN,2026-01-14 08:40:00,2026-01-14 08:40:00,2026-01-14 08:44:00,4.3,4.3,920.0,736.0,761.9
12004,2026-01-14,ALJN,TDL,2026-01-14 11:48:00,2026-01-14 11:48:00,2026-01-14 11:51:00,3.3,3.3,690.0,552.0,563.2
12004,2026-01-14,TDL,CNB,2026-01-14 14:55:00,2026-01-14 14:55:00,2026-01-14 15:51:00,56.3,56.3,261.5,209.2,259.6
12004,2026-01-14,CNB,LKO,2026-01-14 18:55:00,2026-01-14 18:55:00,2026-01-14 20:47:00,112.0,112.0,175.3,140.2,246.0
12626,2026-01-14,NDLS,AGC,2026-01-14 06:19:00,2026-01-14 06:19:00,2026-01-14 06:29:00,10.2,10.2,1150.0,920.0,943.6
12626,2026-01-14,AGC,VGLJ,2026-01-14 09:33:00,2026-01-14 09:33:00,2026-01-14 09:46:00,13.3,13.3,920.0,736.0,764.2
12626,2026-01-14,VGLJ,BPL,2026-01-14 12:50:00,2026-01-14 12:50:00,2026-01-14 13:04:00,14.9,14.9,690.0,552.0,588.7
12626,2026-01-14,BPL,NGP,2026-01-14 16:08:00,2026-01-14 16:08:00,2026-01-14 16:19:00,11.0,11.0,234.4,187.5,206.1
12626,2026-01-14,NGP,MAS,2026-01-14 19:23:00,2026-01-14 19:23:00,2026-01-14 19:35:00,12.2,12.2,113.0,90.4,129.7
12424,2026-01-14,NDLS,CNB,2026-01-14 05:31:00,2026-01-14 05:31:00,2026-01-14 06:01:00,30.2,30.2,1150.0,920.0,952.4
12424,2026-01-14,CNB,PRYJ,2026-01-14 09:05:00,2026-01-14 09:05:00,2026-01-14 10:27:00,82.8,82.8,920.0,736.0,820.5
12424,2026-01-14,PRYJ,DDU,2026-01-14 13:31:00,2026-01-14 13:31:00,2026-01-14 15:14:00,103.5,103.5,690.0,552.0,647.7
12424,2026-01-14,DDU,PPTA,2026-01-14 18:18:00,2026-01-14 18:18:00,2026-01-14 20:20:00,122.1,122.1,248.7,199.0,327.4
12424,2026-01-14,PPTA,GHY,2026-01-14 23:24:00,2026-01-14 23:24:00,2026-01-15 02:13:00,169.1,169.1,89.1,71.3,214.3
12260,2026-01-14,NDLS,CNB,2026-01-14 06:41:00,2026-01-14 06:41:00,2026-01-14 06:57:00,16.1,16.1,1150.0,920.0,944.2
12260,2026-01-14,CNB,PRYJ,2026-01-14 10:47:00,2026-01-14 10:47:00,2026-01-14 11:06:00,19.1,19.1,862.5,690.0,714.4
12260,2026-01-14,PRYJ,DDU,2026-01-14 14:56:00,2026-01-14 14:56:00,2026-01-14 15:18:00,22.0,22.0,235.3,188.2,223.3
12260,2026-01-14,DDU,HWH,2026-01-14 19:08:00,2026-01-14 19:08:00,2026-01-14 19:39:00,31.2,31.2,130.0,104.0,145.2
12926,2026-01-14,BCT,BRC,2026-01-14 06:25:00,2026-01-14 06:25:00,2026-01-14 07:30:00,65.5,65.5,1150.0,920.0,994.3
12926,2026-01-14,BRC,RTM,2026-01-14 10:34:00,2026-01-14 10:34:00,2026-01-14 11:50:00,76.5,76.5,920.0,736.0,817.5
12926,2026-01-14,RTM,KOTA,2026-01-14 14:54:00,2026-01-14 14:54:00,2026-01-14 16:24:00,90.9,90.9,690.0,552.0,646.3
12926,2026-01-14,KOTA,NDLS,2026-01-14 19:28:00,2026-01-14 19:28:00,2026-01-14 20:50:00,82.5,82.5,267.4,213.9,291.8
12926,2026-01-14,NDLS,ASR,2026-01-14 23:54:00,2026-01-14 23:54:00,2026-01-15 01:21:00,87.6,87.6,146.9,117.5,216.3
12627,2026-01-14,SBC,DMM,2026-01-14 06:57:00,2026-01-14 06:57:00,2026-01-14 09:25:00,148.9,148.9,1150.0,920.0,1065.3
12627,2026-01-14,DMM,GTL,2026-01-14 12:29:00,2026-01-14 12:29:00,2026-01-14 14:59:00,150.2,150.2,920.0,736.0,878.6
12627,2026-01-14,GTL,SC,2026-01-14 18:03:00,2026-01-14 18:03:00,2026-01-14 20:26:00,143.7,143.7,690.0,552.0,673.1
12627,2026-01-14,SC,NGP,2026-01-14 23:30:00,2026-01-14 23:30:00,2026-01-15 02:08:00,158.5,158.5,410.6,328.5,469.7
12627,2026-01-14,NGP,NDLS,2026-01-15 05:12:00,2026-01-15 05:12:00,2026-01-15 08:01:00,169.1,169.1,63.2,50.6,192.8
12301,2026-01-15,NDLS,CNB,2026-01-15 06:28:00,2026-01-15 06:28:00,2026-01-15 07:13:00,45.1,45.1,1150.0,920.0,984.6
12301,2026-01-15,CNB,PRYJ,2026-01-15 10:17:00,2026-01-15 10:17:00,2026-01-15 11:11:00,54.5,54.5,920.0,736.0,791.0
12301,2026-01-15,PRYJ,DDU,2026-01-15 14:15:00,2026-01-15 14:15:00,2026-01-15 15:59:00,104.5,104.5,690.0,552.0,659.3
12301,2026-01-15,DDU,GKP,2026-01-15 19:03:00,2026-01-15 19:03:00,2026-01-15 20:47:00,104.4,104.4,330.6,264.5,354.4
12301,2026-01-15,GKP,HWH,2026-01-15 23:51:00,2026-01-15 23:51:00,2026-01-16 01:29:00,98.3,98.3,134.7,107.8,190.0
12302,2026-01-15,HWH,GKP,2026-01-15 05:54:00,2026-01-15 05:54:00,2026-01-15 06:03:00,9.5,9.5,1150.0,920.0,925.3
12302,2026-01-15,GKP,DDU,2026-01-15 09:07:00,2026-01-15 09:07:00,2026-01-15 10:18:00,71.8,71.8,920.0,736.0,824.2
12302,2026-01-15,DDU,PRYJ,2026-01-15 13:22:00,2026-01-15 13:22:00,2026-01-15 14:51:00,89.9,89.9,690.0,552.0,641.1
12302,2026-01-15,PRYJ,CNB,2026-01-15 17:55:00,2026-01-15 17:55:00,2026-01-15 19:35:00,100.2,100.2,351.5,281.2,385.1
12302,2026-01-15,CNB,NDLS,2026-01-15 22:39:00,2026-01-15 22:39:00,2026-01-16 00:24:00,105.1,105.1,51.8,41.4,141.1
12951,2026-01-15,BCT,ST,2026-01-15 06:37:00,2026-01-15 06:37:00,2026-01-15 06:44:00,8.0,8.0,1150.0,920.0,956.3
12951,2026-01-15,ST,BRC,2026-01-15 09:48:00,2026-01-15 09:48:00,2026-01-15 10:53:00,65.8,65.8,920.0,736.0,786.4
12951,2026-01-15,BRC,RTM,2026-01-15 13:57:00,2026-01-15 13:57:00,2026-01-15 14:55:00,59.0,59.0,690.0,552.0,623.8
12951,2026-01-15,RTM,KOTA,2026-01-15 17:59:00,2026-01-15 17:59:00,2026-01-15 19:03:00,64.3,64.3,433.0,346.4,421.1
12951,2026-01-15,KOTA,NDLS,2026-01-15 22:07:00,2026-01-15 22:07:00,2026-01-15 23:15:00,68.6,68.6,96.7,77.4,153.1
12952,2026-01-15,NDLS,KOTA,2026-01-15 05:35:00,2026-01-15 05:35:00,2026-01-15 05:38:00,3.7,3.7,1150.0,920.0,955.4
12952,2026-01-15,KOTA,RTM,2026-01-15 08:42:00,2026-01-15 08:42:00,2026-01-15 08:55:00,13.9,13.9,920.0,736.0,768.0
12952,2026-01-15,RTM,BRC,2026-01-15 11:59:00,2026-01-15 11:59:00,2026-01-15 12:44:00,45.6,45.6,690.0,552.0,601.2
12952,2026-01-15,BRC,ST,2026-01-15 15:48:00,2026-01-15 15:48:00,2026-01-15 16:35:00,47.6,47.6,422.6,338.1,414.4
12952,2026-01-15,ST,BCT,2026-01-15 19:39:00,2026-01-15 19:39:00,2026-01-15 20:31:00,52.0,52.0,71.0,56.8,110.5
12004,2026-01-15,NDLS,GZB,2026-01-15 06:21:00,2026-01-15 06:21:00,2026-01-15 07:21:00,60.4,60.4,1150.0,920.0,990.0
12004,2026-01-15,GZB,ALJN,2026-01-15 10:25:00,2026-01-15 10:25:00,2026-01-15 11:29:00,64.7,64.7,920.0,736.0,819.9
12004,2026-01-15,ALJN,TDL,2026-01-15 14:33:00,2026-01-15 14:33:00,2026-01-15 16:26:00,113.9,113.9,690.0,552.0,659.6
12004,2026-01-15,TDL,CNB,2026-01-15 19:30:00,2026-01-15 19:30:00,2026-01-15 21:28:00,118.8,118.8,451.1,360.9,479.9
12004,2026-01-15,CNB,LKO,2026-01-16 00:32:00,2026-01-16 00:32:00,2026-01-16 03:27:00,175.9,175.9,177.3,141.8,301.9
12626,2026-01-15,NDLS,AGC,2026-01-15 05:32:00,2026-01-15 05:32:00,2026-01-15 06:18:00,46.1,46.1,1150.0,920.0,983.9
12626,2026-01-15,AGC,VGLJ,2026-01-15 09:22:00,2026-01-15 09:22:00,2026-01-15 10:54:00,92.1,92.1,920.0,736.0,832.6
12626,2026-01-15,VGLJ,BPL,2026-01-15 13:58:00,2026-01-15 13:58:00,2026-01-15 15:42:00,104.7,104.7,690.0,552.0,667.0
12626,2026-01-15,BPL,NGP,2026-01-15 18:46:00,2026-01-15 18:46:00,2026-01-15 21:14:00,148.4,148.4,262.5,210.0,344.1
12626,2026-01-15,NGP,MAS,2026-01-16 00:18:00,2026-01-16 00:18:00,2026-01-16 03:44:00,206.4,206.4,113.8,91.0,291.0
12424,2026-01-15,NDLS,CNB,2026-01-15 06:10:00,2026-01-15 06:10:00,2026-01-15 06:10:00,0.0,0.0,1150.0,920.0,939.0
12424,2026-01-15,CNB,PRYJ,2026-01-15 09:14:00,2026-01-15 09:14:00,2026-01-15 09:17:00,3.8,3.8,920.0,736.0,748.1
12424,2026-01-15,PRYJ,DDU,2026-01-15 12:21:00,2026-01-15 12:21:00,2026-01-15 12:36:00,15.1,15.1,690.0,552.0,568.5
12424,2026-01-15,DDU,PPTA,2026-01-15 15:40:00,2026-01-15 15:40:00,2026-01-15 15:55:00,15.0,15.0,507.9,406.3,447.1
12424,2026-01-15,PPTA,GHY,2026-01-15 18:59:00,2026-01-15 18:59:00,2026-01-15 19:33:00,34.1,34.1,77.5,62.0,102.7
12260,2026-01-15,NDLS,CNB,2026-01-15 05:47:00,2026-01-15 05:47:00,2026-01-15 06:10:00,23.8,23.8,1150.0,920.0,936.9
12260,2026-01-15,CNB,PRYJ,2026-01-15 10:00:00,2026-01-15 10:00:00,2026-01-15 10:56:00,56.9,56.9,862.5,690.0,748.2
12260,2026-01-15,PRYJ,DDU,2026-01-15 14:46:00,2026-01-15 14:46:00,2026-01-15 16:14:00,89.0,89.0,295.4,236.3,327.4
12260,2026-01-15,DDU,HWH,2026-01-15 20:04:00,2026-01-15 20:04:00,2026-01-15 21:36:00,92.1,92.1,163.9,131.1,218.2
12926,2026-01-15,BCT,BRC,2026-01-15 06:42:00,2026-01-15 06:42:00,2026-01-15 06:45:00,3.5,3.5,1150.0,920.0,931.7
12926,2026-01-15,BRC,RTM,2026-01-15 09:49:00,2026-01-15 09:49:00,2026-01-15 09:57:00,8.2,8.2,920.0,736.0,744.1
12926,2026-01-15,RTM,KOTA,2026-01-15 13:01:00,2026-01-15 13:01:00,2026-01-15 13:22:00,21.7,21.7,690.0,552.0,588.4
12926,2026-01-15,KOTA,NDLS,2026-01-15 16:26:00,2026-01-15 16:26:00,2026-01-15 16:49:00,23.1,23.1,384.0,307.2,341.6
12926,2026-01-15,NDLS,ASR,2026-01-15 19:53:00,2026-01-15 19:53:00,2026-01-15 20:26:00,33.9,33.9,175.0,140.0,162.4
12627,2026-01-15,SBC,DMM,2026-01-15 05:55:00,2026-01-15 05:55:00,2026-01-15 05:58:00,3.9,3.9,1150.0,920.0,928.2
12627,2026-01-15,DMM,GTL,2026-01-15 09:02:00,2026-01-15 09:02:00,2026-01-15 09:38:00,36.7,36.7,920.0,736.0,786.3
12627,2026-01-15,GTL,SC,2026-01-15 12:42:00,2026-01-15 12:42:00,2026-01-15 13:16:00,34.9,34.9,690.0,552.0,599.7
12627,2026-01-15,SC,NGP,2026-01-15 16:20:00,2026-01-15 16:20:00,2026-01-15 17:02:00,42.5,42.5,492.9,394.3,452.4
12627,2026-01-15,NGP,NDLS,2026-01-15 20:06:00,2026-01-15 20:06:00,2026-01-15 21:23:00,77.1,77.1,128.9,103.1,194.8
12301,2026-01-16,NDLS,CNB,2026-01-16 05:43:00,2026-01-16 05:43:00,2026-01-16 06:31:00,48.8,48.8,1150.0,920.0,986.6
12301,2026-01-16,CNB,PRYJ,2026-01-16 09:35:00,2026-01-16 09:35:00,2026-01-16 10:29:00,54.3,54.3,920.0,736.0,796.1
12301,2026-01-16,PRYJ,DDU,2026-01-16 13:33:00,2026-01-16 13:33:00,2026-01-16 15:25:00,112.0,112.0,690.0,552.0,660.3
12301,2026-01-16,DDU,GKP,2026-01-16 18:29:00,2026-01-16 18:29:00,2026-01-16 20:28:00,119.3,119.3,535.0,428.0,546.5
12301,2026-01-16,GKP,HWH,2026-01-16 23:32:00,2026-01-16 23:32:00,2026-01-17 01:47:00,135.2,135.2,77.1,61.7,179.4
12302,2026-01-16,HWH,GKP,2026-01-16 06:12:00,2026-01-16 06:12:00,2026-01-16 07:03:00,51.7,51.7,1150.0,920.0,978.3
12302,2026-01-16,GKP,DDU,2026-01-16 10:07:00,2026-01-16 10:07:00,2026-01-16 11:47:00,100.5,100.5,920.0,736.0,809.6
12302,2026-01-16,DDU,PRYJ,2026-01-16 14:51:00,2026-01-16 14:51:00,2026-01-16 16:41:00,110.8,110.8,690.0,552.0,659.9
12302,2026-01-16,PRYJ,CNB,2026-01-16 19:45:00,2026-01-16 19:45:00,2026-01-16 22:27:00,162.5,162.5,414.5,331.6,465.5
12302,2026-01-16,CNB,NDLS,2026-01-17 01:31:00,2026-01-17 01:31:00,2026-01-17 04:16:00,165.6,165.6,136.8,109.4,247.1
12951,2026-01-16,BCT,ST,2026-01-16 06:05:00,2026-01-16 06:05:00,2026-01-16 07:00:00,55.9,55.9,1150.0,920.0,984.2
12951,2026-01-16,ST,BRC,2026-01-16 10:04:00,2026-01-16 10:04:00,2026-01-16 11:05:00,61.9,61.9,920.0,736.0,795.0
12951,2026-01-16,BRC,RTM,2026-01-16 14:09:00,2026-01-16 14:09:00,2026-01-16 15:19:00,70.5,70.5,690.0,552.0,615.9
12951,2026-01-16,RTM,KOTA,2026-01-16 18:23:00,2026-01-16 18:23:00,2026-01-16 19:34:00,71.5,71.5,484.5,387.6,453.0
12951,2026-01-16,KOTA,NDLS,2026-01-16 22:38:00,2026-01-16 22:38:00,2026-01-17 00:02:00,84.0,84.0,88.2,70.6,158.4
12952,2026-01-16,NDLS,KOTA,2026-01-16 05:41:00,2026-01-16 05:41:00,2026-01-16 05:41:00,0.8,0.8,1150.0,920.0,930.6
12952,2026-01-16,KOTA,RTM,2026-01-16 08:45:00,2026-01-16 08:45:00,2026-01-16 08:51:00,6.6,6.6,920.0,736.0,756.4
12952,2026-01-16,RTM,BRC,2026-01-16 11:55:00,2026-01-16 11:55:00,2026-01-16 12:07:00,12.4,12.4,690.0,552.0,569.5
12952,2026-01-16,BRC,ST,2026-01-16 15:11:00,2026-01-16 15:11:00,2026-01-16 15:48:00,37.7,37.7,319.0,255.2,293.8
12952,2026-01-16,ST,BCT,2026-01-16 18:52:00,2026-01-16 18:52:00,2026-01-16 20:36:00,104.5,104.5,95.7,76.6,171.7
12004,2026-01-16,NDLS,GZB,2026-01-16 06:22:00,2026-01-16 06:22:00,2026-01-16 07:15:00,53.5,53.5,1150.0,920.0,981.2
12004,2026-01-16,GZB,ALJN,2026-01-16 10:19:00,2026-01-16 10:19:00,2026-01-16 11:10:00,51.4,51.4,920.0,736.0,786.6
12004,2026-01-16,ALJN,TDL,2026-01-16 14:14:00,2026-01-16 14:14:00,2026-01-16 16:10:00,116.3,116.3,690.0,552.0,675.6
12004,2026-01-16,TDL,CNB,2026-01-16 19:14:00,2026-01-16 19:14:00,2026-01-16 21:17:00,123.5,123.5,324.3,259.4,377.7
12004,2026-01-16,CNB,LKO,2026-01-17 00:21:00,2026-01-17 00:21:00,2026-01-17 02:25:00,124.3,124.3,54.5,43.6,171.3
12626,2026-01-16,NDLS,AGC,2026-01-16 05:51:00,2026-01-16 05:51:00,2026-01-16 05:57:00,6.0,6.0,1150.0,920.0,924.1
12626,2026-01-16,AGC,VGLJ,2026-01-16 09:01:00,2026-01-16 09:01:00,2026-01-16 09:12:00,11.1,11.1,920.0,736.0,753.7
12626,2026-01-16,VGLJ,BPL,2026-01-16 12:16:00,2026-01-16 12:16:00,2026-01-16 12:28:00,12.8,12.8,690.0,552.0,586.0
12626,2026-01-16,BPL,NGP,2026-01-16 15:32:00,2026-01-16 15:32:00,2026-01-16 15:45:00,13.7,13.7,423.5,338.8,349.9
12626,2026-01-16,NGP,MAS,2026-01-16 18:49:00,2026-01-16 18:49:00,2026-01-16 19:16:00,27.3,27.3,73.6,58.9,101.4
12424,2026-01-16,NDLS,CNB,2026-01-16 05:35:00,2026-01-16 05:35:00,2026-01-16 06:01:00,26.1,26.1,1150.0,920.0,952.5
12424,2026-01-16,CNB,PRYJ,2026-01-16 09:05:00,2026-01-16 09:05:00,2026-01-16 10:14:00,69.4,69.4,920.0,736.0,816.0
12424,2026-01-16,PRYJ,DDU,2026-01-16 13:18:00,2026-01-16 13:18:00,2026-01-16 14:25:00,67.4,67.4,690.0,552.0,615.9
12424,2026-01-16,DDU,PPTA,2026-01-16 17:29:00,2026-01-16 17:29:00,2026-01-16 18:33:00,64.5,64.5,338.5,270.8,346.0
12424,2026-01-16,PPTA,GHY,2026-01-16 21:37:00,2026-01-16 21:37:00,2026-01-16 23:01:00,84.0,84.0,79.1,63.3,145.6
12260,2026-01-16,NDLS,CNB,2026-01-16 05:32:00,2026-01-16 05:32:00,2026-01-16 06:36:00,64.3,64.3,1150.0,920.0,971.8
12260,2026-01-16,CNB,PRYJ,2026-01-16 10:26:00,2026-01-16 10:26:00,2026-01-16 11:34:00,68.1,68.1,862.5,690.0,764.3
12260,2026-01-16,PRYJ,DDU,2026-01-16 15:24:00,2026-01-16 15:24:00,2026-01-16 16:41:00,77.2,77.2,339.9,271.9,337.6
12260,2026-01-16,DDU,HWH,2026-01-16 20:31:00,2026-01-16 20:31:00,2026-01-16 21:47:00,76.1,76.1,136.0,108.8,176.1
12926,2026-01-16,BCT,BRC,2026-01-16 05:47:00,2026-01-16 05:47:00,2026-01-16 06:04:00,17.9,17.9,1150.0,920.0,943.8
12926,2026-01-16,BRC,RTM,2026-01-16 09:08:00,2026-01-16 09:08:00,2026-01-16 09:38:00,30.6,30.6,920.0,736.0,791.7
12926,2026-01-16,RTM,KOTA,2026-01-16 12:42:00,2026-01-16 12:42:00,2026-01-16 13:14:00,32.5,32.5,690.0,552.0,599.6
12926,2026-01-16,KOTA,NDLS,2026-01-16 16:18:00,2026-01-16 16:18:00,2026-01-16 17:04:00,46.4,46.4,531.4,425.1,485.2
12926,2026-01-16,NDLS,ASR,2026-01-16 20:08:00,2026-01-16 20:08:00,2026-01-16 20:55:00,47.6,47.6,57.7,46.2,104.4
12627,2026-01-16,SBC,DMM,2026-01-16 06:26:00,2026-01-16 06:26:00,2026-01-16 06:34:00,8.5,8.5,1150.0,920.0,933.6
12627,2026-01-16,DMM,GTL,2026-01-16 09:38:00,2026-01-16 09:38:00,2026-01-16 09:47:00,9.5,9.5,920.0,736.0,763.6
12627,2026-01-16,GTL,SC,2026-01-16 12:51:00,2026-01-16 12:51:00,2026-01-16 13:08:00,17.9,17.9,690.0,552.0,583.2
12627,2026-01-16,SC,NGP,2026-01-16 16:12:00,2026-01-16 16:12:00,2026-01-16 16:43:00,31.8,31.8,383.5,306.8,346.2
12627,2026-01-16,NGP,NDLS,2026-01-16 19:47:00,2026-01-16 19:47:00,2026-01-16 20:18:00,31.5,31.5,81.0,64.8,89.9
12301,2026-01-17,NDLS,CNB,2026-01-17 06:08:00,2026-01-17 06:08:00,2026-01-17 06:22:00,14.2,14.2,1150.0,920.0,933.8
12301,2026-01-17,CNB,PRYJ,2026-01-17 09:26:00,2026-01-17 09:26:00,2026-01-17 09:50:00,24.1,24.1,920.0,736.0,770.8
12301,2026-01-17,PRYJ,DDU,2026-01-17 12:54:00,2026-01-17 12:54:00,2026-01-17 13:13:00,19.5,19.5,690.0,552.0,580.1
12301,2026-01-17,DDU,GKP,2026-01-17 16:17:00,2026-01-17 16:17:00,2026-01-17 16:43:00,26.6,26.6,369.5,295.6,331.3
12301,2026-01-17,GKP,HWH,2026-01-17 19:47:00,2026-01-17 19:47:00,2026-01-17 20:27:00,40.3,40.3,87.2,69.8,103.1
12302,2026-01-17,HWH,GKP,2026-01-17 06:18:00,2026-01-17 06:18:00,2026-01-17 06:50:00,32.3,32.3,1150.0,920.0,965.8
12302,2026-01-17,GKP,DDU,2026-01-17 09:54:00,2026-01-17 09:54:00,2026-01-17 10:27:00,34.0,34.0,920.0,736.0,778.2
12302,2026-01-17,DDU,PRYJ,2026-01-17 13:31:00,2026-01-17 13:31:00,2026-01-17 14:05:00,34.1,34.1,690.0,552.0,580.4
12302,2026-01-17,PRYJ,CNB,2026-01-17 17:09:00,2026-01-17 17:09:00,2026-01-17 17:52:00,43.8,43.8,473.6,378.9,420.6
12302,2026-01-17,CNB,NDLS,2026-01-17 20:56:00,2026-01-17 20:56:00,2026-01-17 21:57:00,61.3,61.3,51.9,41.5,90.4
12951,2026-01-17,BCT,ST,2026-01-17 06:24:00,2026-01-17 06:24:00,2026-01-17 06:42:00,18.7,18.7,1150.0,920.0,955.3
12951,2026-01-17,ST,BRC,2026-01-17 09:46:00,2026-01-17 09:46:00,2026-01-17 10:33:00,47.7,47.7,920.0,736.0,783.4
12951,2026-01-17,BRC,RTM,2026-01-17 13:37:00,2026-01-17 13:37:00,2026-01-17 14:55:00,78.8,78.8,690.0,552.0,644.4
12951,2026-01-17,RTM,KOTA,2026-01-17 17:59:00,2026-01-17 17:59:00,2026-01-17 19:23:00,84.8,84.8,220.7,176.6,248.4
12951,2026-01-17,KOTA,NDLS,2026-01-17 22:27:00,2026-01-17 22:27:00,2026-01-18 00:27:00,120.8,120.8,144.2,115.4,222.0
12952,2026-01-17,NDLS,KOTA,2026-01-17 05:34:00,2026-01-17 05:34:00,2026-01-17 06:01:00,27.0,27.0,1150.0,920.0,970.1
12952,2026-01-17,KOTA,RTM,2026-01-17 09:05:00,2026-01-17 09:05:00,2026-01-17 09:41:00,36.8,36.8,920.0,736.0,789.0
12952,2026-01-17,RTM,BRC,2026-01-17 12:45:00,2026-01-17 12:45:00,2026-01-17 13:18:00,33.2,33.2,690.0,552.0,588.9
12952,2026-01-17,BRC,ST,2026-01-17 16:22:00,2026-01-17 16:22:00,2026-01-17 16:59:00,37.3,37.3,275.8,220.6,272.1
12952,2026-01-17,ST,BCT,2026-01-17 20:03:00,2026-01-17 20:03:00,2026-01-17 20:44:00,41.3,41.3,113.1,90.5,128.5
12004,2026-01-17,NDLS,GZB,2026-01-17 06:41:00,2026-01-17 06:41:00,2026-01-17 07:04:00,23.1,23.1,1150.0,920.0,958.2
12004,2026-01-17,GZB,ALJN,2026-01-17 10:08:00,2026-01-17 10:08:00,2026-01-17 10:42:00,34.0,34.0,920.0,736.0,775.9
12004,2026-01-17,ALJN,TDL,2026-01-17 13:46:00,2026-01-17 13:46:00,2026-01-17 14:31:00,45.9,45.9,690.0,552.0,603.1
12004,2026-01-17,TDL,CNB,2026-01-17 17:35:00,2026-01-17 17:35:00,2026-01-17 18:27:00,52.5,52.5,374.1,299.3,364.5
12004,2026-01-17,CNB,LKO,2026-01-17 21:31:00,2026-01-17 21:31:00,2026-01-17 22:21:00,50.9,50.9,136.6,109.3,156.3
12626,2026-01-17,NDLS,AGC,2026-01-17 06:38:00,2026-01-17 06:38:00,2026-01-17 07:18:00,41.0,41.0,1150.0,920.0,957.1
12626,2026-01-17,AGC,VGLJ,2026-01-17 10:22:00,2026-01-17 10:22:00,2026-01-17 11:14:00,52.7,52.7,920.0,736.0,789.0
12626,2026-01-17,VGLJ,BPL,2026-01-17 14:18:00,2026-01-17 14:18:00,2026-01-17 15:10:00,52.1,52.1,690.0,552.0,599.0
12626,2026-01-17,BPL,NGP,2026-01-17 18:14:00,2026-01-17 18:14:00,2026-01-17 20:14:00,120.5,120.5,489.8,391.8,493.4
12626,2026-01-17,NGP,MAS,2026-01-17 23:18:00,2026-01-17 23:18:00,2026-01-18 01:29:00,131.4,131.4,156.9,125.5,249.5
12424,2026-01-17,NDLS,CNB,2026-01-17 05:53:00,2026-01-17 05:53:00,2026-01-17 06:29:00,36.1,36.1,1150.0,920.0,951.4
12424,2026-01-17,CNB,PRYJ,2026-01-17 09:33:00,2026-01-17 09:33:00,2026-01-17 10:15:00,42.6,42.6,920.0,736.0,786.2
12424,2026-01-17,PRYJ,DDU,2026-01-17 13:19:00,2026-01-17 13:19:00,2026-01-17 14:09:00,51.0,51.0,690.0,552.0,602.7
12424,2026-01-17,DDU,PPTA,2026-01-17 17:13:00,2026-01-17 17:13:00,2026-01-17 18:59:00,106.4,106.4,382.7,306.2,406.6
12424,2026-01-17,PPTA,GHY,2026-01-17 22:03:00,2026-01-17 22:03:00,2026-01-18 00:49:00,167.0,167.0,89.7,71.8,220.0
12260,2026-01-17,NDLS,CNB,2026-01-17 06:59:00,2026-01-17 06:59:00,2026-01-17 08:22:00,83.7,83.7,1150.0,920.0,994.9
12260,2026-01-17,CNB,PRYJ,2026-01-17 12:12:00,2026-01-17 12:12:00,2026-01-17 13:37:00,85.2,85.2,862.5,690.0,762.7
12260,2026-01-17,PRYJ,DDU,2026-01-17 17:27:00,2026-01-17 17:27:00,2026-01-17 18:57:00,90.0,90.0,502.7,402.2,501.1
12260,2026-01-17,DDU,HWH,2026-01-17 22:47:00,2026-01-17 22:47:00,2026-01-18 00:32:00,105.8,105.8,147.4,117.9,247.4
12926,2026-01-17,BCT,BRC,2026-01-17 05:59:00,2026-01-17 05:59:00,2026-01-17 06:12:00,13.7,13.7,1150.0,920.0,932.8
12926,2026-01-17,BRC,RTM,2026-01-17 09:16:00,2026-01-17 09:16:00,2026-01-17 10:23:00,67.8,67.8,920.0,736.0,804.7
12926,2026-01-17,RTM,KOTA,2026-01-17 13:27:00,2026-01-17 13:27:00,2026-01-17 14:33:00,66.6,66.6,690.0,552.0,602.9
12926,2026-01-17,KOTA,NDLS,2026-01-17 17:37:00,2026-01-17 17:37:00,2026-01-17 18:51:00,74.7,74.7,507.6,406.1,489.6
12926,2026-01-17,NDLS,ASR,2026-01-17 21:55:00,2026-01-17 21:55:00,2026-01-17 23:13:00,78.3,78.3,118.3,94.6,162.4
12627,2026-01-17,SBC,DMM,2026-01-17 06:06:00,2026-01-17 06:06:00,2026-01-17 06:52:00,46.7,46.7,1150.0,920.0,971.2
12627,2026-01-17,DMM,GTL,2026-01-17 09:56:00,2026-01-17 09:56:00,2026-01-17 10:48:00,52.7,52.7,920.0,736.0,778.4
12627,2026-01-17,GTL,SC,2026-01-17 13:52:00,2026-01-17 13:52:00,2026-01-17 15:22:00,90.8,90.8,690.0,552.0,649.7
12627,2026-01-17,SC,NGP,2026-01-17 18:26:00,2026-01-17 18:26:00,2026-01-17 19:59:00,93.3,93.3,511.6,409.3,505.4
12627,2026-01-17,NGP,NDLS,2026-01-17 23:03:00,2026-01-17 23:03:00,2026-01-18 00:45:00,102.2,102.2,141.3,113.0,211.3
12301,2026-01-18,NDLS,CNB,2026-01-18 06:57:00,2026-01-18 06:57:00,2026-01-18 07:13:00,16.2,16.2,1150.0,920.0,959.4
12301,2026-01-18,CNB,PRYJ,2026-01-18 10:17:00,2026-01-18 10:17:00,2026-01-18 10:44:00,27.0,27.0,920.0,736.0,766.1
12301,2026-01-18,PRYJ,DDU,2026-01-18 13:48:00,2026-01-18 13:48:00,2026-01-18 14:21:00,33.6,33.6,690.0,552.0,583.1
12301,2026-01-18,DDU,GKP,2026-01-18 17:25:00,2026-01-18 17:25:00,2026-01-18 18:07:00,42.4,42.4,260.7,208.6,246.3
12301,2026-01-18,GKP,HWH,2026-01-18 21:11:00,2026-01-18 21:11:00,2026-01-18 22:01:00,50.8,50.8,60.0,48.0,109.1
12302,2026-01-18,HWH,GKP,2026-01-18 06:27:00,2026-01-18 06:27:00,2026-01-18 07:24:00,57.6,57.6,1150.0,920.0,990.5
12302,2026-01-18,GKP,DDU,2026-01-18 10:28:00,2026-01-18 10:28:00,2026-01-18 11:29:00,61.1,61.1,920.0,736.0,809.0
12302,2026-01-18,DDU,PRYJ,2026-01-18 14:33:00,2026-01-18 14:33:00,2026-01-18 15:51:00,78.8,78.8,690.0,552.0,626.8
12302,2026-01-18,PRYJ,CNB,2026-01-18 18:55:00,2026-01-18 18:55:00,2026-01-18 20:20:00,85.4,85.4,379.2,303.4,402.8
12302,2026-01-18,CNB,NDLS,2026-01-18 23:24:00,2026-01-18 23:24:00,2026-01-19 00:51:00,87.9,87.9,69.1,55.3,146.7
12951,2026-01-18,BCT,ST,2026-01-18 06:47:00,2026-01-18 06:47:00,2026-01-18 08:07:00,80.3,80.3,1150.0,920.0,1021.1
12951,2026-01-18,ST,BRC,2026-01-18 11:11:00,2026-01-18 11:11:00,2026-01-18 12:58:00,107.3,107.3,920.0,736.0,844.2
12951,2026-01-18,BRC,RTM,2026-01-18 16:02:00,2026-01-18 16:02:00,2026-01-18 17:50:00,108.4,108.4,690.0,552.0,654.6
12951,2026-01-18,RTM,KOTA,2026-01-18 20:54:00,2026-01-18 20:54:00,2026-01-18 23:01:00,127.1,127.1,253.4,202.7,320.8
12951,2026-01-18,KOTA,NDLS,2026-01-19 02:05:00,2026-01-19 02:05:00,2026-01-19 04:24:00,139.2,139.2,156.1,124.9,271.9
12952,2026-01-18,NDLS,KOTA,2026-01-18 05:45:00,2026-01-18 05:45:00,2026-01-18 05:54:00,9.7,9.7,1150.0,920.0,940.0
12952,2026-01-18,KOTA,RTM,2026-01-18 08:58:00,2026-01-18 08:58:00,2026-01-18 09:15:00,17.0,17.0,920.0,736.0,769.0
12952,2026-01-18,RTM,BRC,2026-01-18 12:19:00,2026-01-18 12:19:00,2026-01-18 12:42:00,23.0,23.0,690.0,552.0,593.8
12952,2026-01-18,BRC,ST,2026-01-18 15:46:00,2026-01-18 15:46:00,2026-01-18 16:19:00,33.7,33.7,508.6,406.9,468.1
12952,2026-01-18,ST,BCT,2026-01-18 19:23:00,2026-01-18 19:23:00,2026-01-18 20:02:00,39.9,39.9,74.2,59.4,94.7
12004,2026-01-18,NDLS,GZB,2026-01-18 06:38:00,2026-01-18 06:38:00,2026-01-18 06:40:00,2.1,2.1,1150.0,920.0,944.6
12004,2026-01-18,GZB,ALJN,2026-01-18 09:44:00,2026-01-18 09:44:00,2026-01-18 10:22:00,38.1,38.1,920.0,736.0,775.0
12004,2026-01-18,ALJN,TDL,2026-01-18 13:26:00,2026-01-18 13:26:00,2026-01-18 14:13:00,47.4,47.4,690.0,552.0,617.4
12004,2026-01-18,TDL,CNB,2026-01-18 17:17:00,2026-01-18 17:17:00,2026-01-18 18:09:00,52.8,52.8,319.9,255.9,331.2
12004,2026-01-18,CNB,LKO,2026-01-18 21:13:00,2026-01-18 21:13:00,2026-01-18 22:16:00,63.1,63.1,167.2,133.8,194.8
12626,2026-01-18,NDLS,AGC,2026-01-18 05:31:00,2026-01-18 05:31:00,2026-01-18 05:42:00,11.7,11.7,1150.0,920.0,939.9
12626,2026-01-18,AGC,VGLJ,2026-01-18 08:46:00,2026-01-18 08:46:00,2026-01-18 09:55:00,69.8,69.8,920.0,736.0,801.5
12626,2026-01-18,VGLJ,BPL,2026-01-18 12:59:00,2026-01-18 12:59:00,2026-01-18 14:55:00,116.6,116.6,690.0,552.0,651.5
12626,2026-01-18,BPL,NGP,2026-01-18 17:59:00,2026-01-18 17:59:00,2026-01-18 20:04:00,125.2,125.2,298.5,238.8,358.2
12626,2026-01-18,NGP,MAS,2026-01-18 23:08:00,2026-01-18 23:08:00,2026-01-19 01:21:00,133.8,133.8,52.3,41.8,152.0
12424,2026-01-18,NDLS,CNB,2026-01-18 05:58:00,2026-01-18 05:58:00,2026-01-18 06:11:00,13.3,13.3,1150.0,920.0,944.3
12424,2026-01-18,CNB,PRYJ,2026-01-18 09:15:00,2026-01-18 09:15:00,2026-01-18 09:30:00,15.2,15.2,920.0,736.0,762.8
12424,2026-01-18,PRYJ,DDU,2026-01-18 12:34:00,2026-01-18 12:34:00,2026-01-18 13:00:00,26.0,26.0,690.0,552.0,596.7
12424,2026-01-18,DDU,PPTA,2026-01-18 16:04:00,2026-01-18 16:04:00,2026-01-18 16:35:00,31.1,31.1,308.2,246.6,275.5
12424,2026-01-18,PPTA,GHY,2026-01-18 19:39:00,2026-01-18 19:39:00,2026-01-18 20:11:00,32.9,32.9,61.5,49.2,74.1
12260,2026-01-18,NDLS,CNB,2026-01-18 05:53:00,2026-01-18 05:53:00,2026-01-18 06:46:00,53.8,53.8,1150.0,920.0,973.0
12260,2026-01-18,CNB,PRYJ,2026-01-18 10:36:00,2026-01-18 10:36:00,2026-01-18 11:56:00,80.9,80.9,862.5,690.0,775.1
12260,2026-01-18,PRYJ,DDU,2026-01-18 15:46:00,2026-01-18 15:46:00,2026-01-18 17:13:00,87.4,87.4,495.7,396.6,476.0
12260,2026-01-18,DDU,HWH,2026-01-18 21:03:00,2026-01-18 21:03:00,2026-01-18 22:35:00,92.8,92.8,141.7,113.4,196.2
12926,2026-01-18,BCT,BRC,2026-01-18 06:40:00,2026-01-18 06:40:00,2026-01-18 08:40:00,120.5,120.5,1150.0,920.0,1050.6
12926,2026-01-18,BRC,RTM,2026-01-18 11:44:00,2026-01-18 11:44:00,2026-01-18 14:20:00,156.5,156.5,920.0,736.0,873.6
12926,2026-01-18,RTM,KOTA,2026-01-18 17:24:00,2026-01-18 17:24:00,2026-01-18 20:15:00,171.5,171.5,690.0,552.0,712.3
12926,2026-01-18,KOTA,NDLS,2026-01-18 23:19:00,2026-01-18 23:19:00,2026-01-19 03:15:00,236.6,236.6,399.8,319.8,523.0
12926,2026-01-18,NDLS,ASR,2026-01-19 06:19:00,2026-01-19 06:19:00,2026-01-19 10:27:00,248.0,248.0,86.5,69.2,291.0
12627,2026-01-18,SBC,DMM,2026-01-18 05:53:00,2026-01-18 05:53:00,2026-01-18 06:54:00,61.1,61.1,1150.0,920.0,990.5
12627,2026-01-18,DMM,GTL,2026-01-18 09:58:00,2026-01-18 09:58:00,2026-01-18 11:46:00,108.0,108.0,920.0,736.0,832.8
12627,2026-01-18,GTL,SC,2026-01-18 14:50:00,2026-01-18 14:50:00,2026-01-18 16:36:00,106.4,106.4,690.0,552.0,658.3
12627,2026-01-18,SC,NGP,2026-01-18 19:40:00,2026-01-18 19:40:00,2026-01-18 21:34:00,114.1,114.1,408.5,326.8,425.1
12627,2026-01-18,NGP,NDLS,2026-01-19 00:38:00,2026-01-19 00:38:00,2026-01-19 02:34:00,116.1,116.1,165.9,132.7,253.1
12301,2026-01-19,NDLS,CNB,2026-01-19 06:54:00,2026-01-19 06:54:00,2026-01-19 07:11:00,17.6,17.6,1150.0,920.0,950.3
12301,2026-01-19,CNB,PRYJ,2026-01-19 10:15:00,2026-01-19 10:15:00,2026-01-19 10:36:00,21.6,21.6,920.0,736.0,759.5
12301,2026-01-19,PRYJ,DDU,2026-01-19 13:40:00,2026-01-19 13:40:00,2026-01-19 14:09:00,29.8,29.8,690.0,552.0,587.8
12301,2026-01-19,DDU,GKP,2026-01-19 17:13:00,2026-01-19 17:13:00,2026-01-19 17:44:00,31.8,31.8,267.9,214.3,252.3
12301,2026-01-19,GKP,HWH,2026-01-19 20:48:00,2026-01-19 20:48:00,2026-01-19 22:27:00,99.5,99.5,155.2,124.2,224.8
12302,2026-01-19,HWH,GKP,2026-01-19 05:35:00,2026-01-19 05:35:00,2026-01-19 06:37:00,62.4,62.4,1150.0,920.0,999.0
12302,2026-01-19,GKP,DDU,2026-01-19 09:41:00,2026-01-19 09:41:00,2026-01-19 10:48:00,67.8,67.8,920.0,736.0,809.3
12302,2026-01-19,DDU,PRYJ,2026-01-19 13:52:00,2026-01-19 13:52:00,2026-01-19 15:44:00,112.4,112.4,690.0,552.0,642.2
12302,2026-01-19,PRYJ,CNB,2026-01-19 18:48:00,2026-01-19 18:48:00,2026-01-19 20:43:00,115.5,115.5,427.5,342.0,444.2
12302,2026-01-19,CNB,NDLS,2026-01-19 23:47:00,2026-01-19 23:47:00,2026-01-20 02:34:00,167.5,167.5,70.1,56.1,215.1
12951,2026-01-19,BCT,ST,2026-01-19 06:39:00,2026-01-19 06:39:00,2026-01-19 06:45:00,6.6,6.6,1150.0,920.0,934.4
12951,2026-01-19,ST,BRC,2026-01-19 09:49:00,2026-01-19 09:49:00,2026-01-19 10:11:00,22.9,22.9,920.0,736.0,773.8
12951,2026-01-19,BRC,RTM,2026-01-19 13:15:00,2026-01-19 13:15:00,2026-01-19 13:37:00,22.5,22.5,690.0,552.0,599.5
12951,2026-01-19,RTM,KOTA,2026-01-19 16:41:00,2026-01-19 16:41:00,2026-01-19 17:05:00,24.0,24.0,533.5,426.8,465.3
12951,2026-01-19,KOTA,NDLS,2026-01-19 20:09:00,2026-01-19 20:09:00,2026-01-19 20:31:00,22.8,22.8,63.4,50.7,90.8
12952,2026-01-19,NDLS,KOTA,2026-01-19 06:31:00,2026-01-19 06:31:00,2026-01-19 07:34:00,63.1,63.1,1150.0,920.0,996.1
12952,2026-01-19,KOTA,RTM,2026-01-19 10:38:00,2026-01-19 10:38:00,2026-01-19 12:48:00,130.9,130.9,920.0,736.0,851.0
12952,2026-01-19,RTM,BRC,2026-01-19 15:52:00,2026-01-19 15:52:00,2026-01-19 18:04:00,132.3,132.3,690.0,552.0,671.8
12952,2026-01-19,BRC,ST,2026-01-19 21:08:00,2026-01-19 21:08:00,2026-01-19 23:20:00,132.4,132.4,330.8,264.6,392.3
12952,2026-01-19,ST,BCT,2026-01-20 02:24:00,2026-01-20 02:24:00,2026-01-20 05:32:00,189.0,189.0,168.9,135.1,309.8
12004,2026-01-19,NDLS,GZB,2026-01-19 06:22:00,2026-01-19 06:22:00,2026-01-19 07:16:00,54.3,54.3,1150.0,920.0,983.3
12004,2026-01-19,GZB,ALJN,2026-01-19 10:20:00,2026-01-19 10:20:00,2026-01-19 11:18:00,58.1,58.1,920.0,736.0,799.9
12004,2026-01-19,ALJN,TDL,2026-01-19 14:22:00,2026-01-19 14:22:00,2026-01-19 15:32:00,70.9,70.9,690.0,552.0,618.7
12004,2026-01-19,TDL,CNB,2026-01-19 18:36:00,2026-01-19 18:36:00,2026-01-19 19:49:00,73.6,73.6,405.2,324.2,391.6
12004,2026-01-19,CNB,LKO,2026-01-19 22:53:00,2026-01-19 22:53:00,2026-01-20 00:10:00,77.8,77.8,170.2,136.2,221.2
12626,2026-01-19,NDLS,AGC,2026-01-19 06:23:00,2026-01-19 06:23:00,2026-01-19 06:57:00,34.4,34.4,1150.0,920.0,974.0
12626,2026-01-19,AGC,VGLJ,2026-01-19 10:01:00,2026-01-19 10:01:00,2026-01-19 10:44:00,43.0,43.0,920.0,736.0,787.9
12626,2026-01-19,VGLJ,BPL,2026-01-19 13:48:00,2026-01-19 13:48:00,2026-01-19 15:05:00,77.5,77.5,690.0,552.0,635.9
12626,2026-01-19,BPL,NGP,2026-01-19 18:09:00,2026-01-19 18:09:00,2026-01-19 19:29:00,80.5,80.5,275.8,220.6,297.8
12626,2026-01-19,NGP,MAS,2026-01-19 22:33:00,2026-01-19 22:33:00,2026-01-20 00:25:00,112.5,112.5,75.4,60.3,162.7
12424,2026-01-19,NDLS,CNB,2026-01-19 05:36:00,2026-01-19 05:36:00,2026-01-19 06:07:00,31.6,31.6,1150.0,920.0,960.0
12424,2026-01-19,CNB,PRYJ,2026-01-19 09:11:00,2026-01-19 09:11:00,2026-01-19 10:03:00,52.3,52.3,920.0,736.0,803.6
12424,2026-01-19,PRYJ,DDU,2026-01-19 13:07:00,2026-01-19 13:07:00,2026-01-19 14:08:00,61.9,61.9,690.0,552.0,621.4
12424,2026-01-19,DDU,PPTA,2026-01-19 17:12:00,2026-01-19 17:12:00,2026-01-19 18:20:00,68.3,68.3,518.3,414.6,498.4
12424,2026-01-19,PPTA,GHY,2026-01-19 21:24:00,2026-01-19 21:24:00,2026-01-19 22:48:00,84.5,84.5,92.2,73.8,156.5
12260,2026-01-19,NDLS,CNB,2026-01-19 06:17:00,2026-01-19 06:17:00,2026-01-19 06:21:00,4.2,4.2,1150.0,920.0,937.6
12260,2026-01-19,CNB,PRYJ,2026-01-19 10:11:00,2026-01-19 10:11:00,2026-01-19 10:24:00,13.8,13.8,862.5,690.0,711.5
12260,2026-01-19,PRYJ,DDU,2026-01-19 14:14:00,2026-01-19 14:14:00,2026-01-19 15:11:00,57.9,57.9,297.2,237.8,294.3
12260,2026-01-19,DDU,HWH,2026-01-19 19:01:00,2026-01-19 19:01:00,2026-01-19 20:08:00,67.4,67.4,70.1,56.1,131.7
12926,2026-01-19,BCT,BRC,2026-01-19 05:57:00,2026-01-19 05:57:00,2026-01-19 06:20:00,23.2,23.2,1150.0,920.0,950.5
12926,2026-01-19,BRC,RTM,2026-01-19 09:24:00,2026-01-19 09:24:00,2026-01-19 09:56:00,32.7,32.7,920.0,736.0,766.6
12926,2026-01-19,RTM,KOTA,2026-01-19 13:00:00,2026-01-19 13:00:00,2026-01-19 14:01:00,62.0,62.0,690.0,552.0,634.6
12926,2026-01-19,KOTA,NDLS,2026-01-19 17:05:00,2026-01-19 17:05:00,2026-01-19 18:06:00,61.5,61.5,423.0,338.4,405.1
12926,2026-01-19,NDLS,ASR,2026-01-19 21:10:00,2026-01-19 21:10:00,2026-01-19 22:18:00,68.5,68.5,134.0,107.2,194.7
12627,2026-01-19,SBC,DMM,2026-01-19 06:51:00,2026-01-19 06:51:00,2026-01-19 07:28:00,37.2,37.2,1150.0,920.0,969.3
12627,2026-01-19,DMM,GTL,2026-01-19 10:32:00,2026-01-19 10:32:00,2026-01-19 11:16:00,44.2,44.2,920.0,736.0,779.4
12627,2026-01-19,GTL,SC,2026-01-19 14:20:00,2026-01-19 14:20:00,2026-01-19 15:16:00,56.7,56.7,690.0,552.0,615.6
12627,2026-01-19,SC,NGP,2026-01-19 18:20:00,2026-01-19 18:20:00,2026-01-19 19:39:00,79.2,79.2,407.9,326.3,402.4
12627,2026-01-19,NGP,NDLS,2026-01-19 22:43:00,2026-01-19 22:43:00,2026-01-20 00:11:00,88.4,88.4,82.0,65.6,158.8
12301,2026-01-20,NDLS,CNB,2026-01-20 05:59:00,2026-01-20 05:59:00,2026-01-20 06:17:00,18.9,18.9,1150.0,920.0,949.5
12301,2026-01-20,CNB,PRYJ,2026-01-20 09:21:00,2026-01-20 09:21:00,2026-01-20 09:48:00,27.2,27.2,920.0,736.0,787.0
12301,2026-01-20,PRYJ,DDU,2026-01-20 12:52:00,2026-01-20 12:52:00,2026-01-20 13:21:00,29.8,29.8,690.0,552.0,588.0
12301,2026-01-20,DDU,GKP,2026-01-20 16:25:00,2026-01-20 16:25:00,2026-01-20 17:06:00,41.4,41.4,226.5,181.2,233.4
12301,2026-01-20,GKP,HWH,2026-01-20 20:10:00,2026-01-20 20:10:00,2026-01-20 21:39:00,89.7,89.7,164.6,131.7,224.3
12302,2026-01-20,HWH,GKP,2026-01-20 06:30:00,2026-01-20 06:30:00,2026-01-20 06:42:00,12.9,12.9,1150.0,920.0,947.7
12302,2026-01-20,GKP,DDU,2026-01-20 09:46:00,2026-01-20 09:46:00,2026-01-20 09:56:00,10.4,10.4,920.0,736.0,734.6
12302,2026-01-20,DDU,PRYJ,2026-01-20 13:00:00,2026-01-20 13:00:00,2026-01-20 13:28:00,28.7,28.7,690.0,552.0,581.3
12302,2026-01-20,PRYJ,CNB,2026-01-20 16:32:00,2026-01-20 16:32:00,2026-01-20 17:02:00,30.9,30.9,314.8,251.8,282.2
12302,2026-01-20,CNB,NDLS,2026-01-20 20:06:00,2026-01-20 20:06:00,2026-01-20 20:38:00,32.2,32.2,81.2,65.0,102.5
12951,2026-01-20,BCT,ST,2026-01-20 06:01:00,2026-01-20 06:01:00,2026-01-20 07:33:00,92.3,92.3,1150.0,920.0,1017.3
12951,2026-01-20,ST,BRC,2026-01-20 10:37:00,2026-01-20 10:37:00,2026-01-20 12:12:00,95.4,95.4,920.0,736.0,810.1
12951,2026-01-20,BRC,RTM,2026-01-20 15:16:00,2026-01-20 15:16:00,2026-01-20 17:02:00,106.9,106.9,690.0,552.0,655.3
12951,2026-01-20,RTM,KOTA,2026-01-20 20:06:00,2026-01-20 20:06:00,2026-01-20 21:52:00,106.4,106.4,343.6,274.9,379.7
12951,2026-01-20,KOTA,NDLS,2026-01-21 00:56:00,2026-01-21 00:56:00,2026-01-21 02:56:00,120.1,120.1,177.9,142.3,251.6
12952,2026-01-20,NDLS,KOTA,2026-01-20 05:45:00,2026-01-20 05:45:00,2026-01-20 06:18:00,33.2,33.2,1150.0,920.0,951.4
12952,2026-01-20,KOTA,RTM,2026-01-20 09:22:00,2026-01-20 09:22:00,2026-01-20 09:53:00,31.3,31.3,920.0,736.0,775.5
12952,2026-01-20,RTM,BRC,2026-01-20 12:57:00,2026-01-20 12:57:00,2026-01-20 14:14:00,77.4,77.4,690.0,552.0,621.2
12952,2026-01-20,BRC,ST,2026-01-20 17:18:00,2026-01-20 17:18:00,2026-01-20 18:46:00,88.5,88.5,321.2,257.0,350.1
12952,2026-01-20,ST,BCT,2026-01-20 21:50:00,2026-01-20 21:50:00,2026-01-20 23:26:00,96.5,96.5,135.8,108.6,202.9
12004,2026-01-20,NDLS,GZB,2026-01-20 06:02:00,2026-01-20 06:02:00,2026-01-20 06:05:00,3.2,3.2,1150.0,920.0,932.8
12004,2026-01-20,GZB,ALJN,2026-01-20 09:09:00,2026-01-20 09:09:00,2026-01-20 09:15:00,6.5,6.5,920.0,736.0,753.3
12004,2026-01-20,ALJN,TDL,2026-01-20 12:19:00,2026-01-20 12:19:00,2026-01-20 12:21:00,2.5,2.5,690.0,552.0,586.9
12004,2026-01-20,TDL,CNB,2026-01-20 15:25:00,2026-01-20 15:25:00,2026-01-20 15:25:00,0.0,0.0,524.7,419.8,435.4
12004,2026-01-20,CNB,LKO,2026-01-20 18:29:00,2026-01-20 18:29:00,2026-01-20 18:29:00,0.1,0.1,118.9,95.1,119.6
12626,2026-01-20,NDLS,AGC,2026-01-20 06:13:00,2026-01-20 06:13:00,2026-01-20 06:57:00,45.0,45.0,1150.0,920.0,958.8
12626,2026-01-20,AGC,VGLJ,2026-01-20 10:01:00,2026-01-20 10:01:00,2026-01-20 11:36:00,95.7,95.7,920.0,736.0,831.0
12626,2026-01-20,VGLJ,BPL,2026-01-20 14:40:00,2026-01-20 14:40:00,2026-01-20 16:24:00,104.5,104.5,690.0,552.0,660.6
12626,2026-01-20,BPL,NGP,2026-01-20 19:28:00,2026-01-20 19:28:00,2026-01-20 22:20:00,172.2,172.2,393.6,314.9,467.6
12626,2026-01-20,NGP,MAS,2026-01-21 01:24:00,2026-01-21 01:24:00,2026-01-21 05:06:00,222.4,222.4,66.5,53.2,238.2
12424,2026-01-20,NDLS,CNB,2026-01-20 06:30:00,2026-01-20 06:30:00,2026-01-20 07:23:00,53.7,53.7,1150.0,920.0,987.8
12424,2026-01-20,CNB,PRYJ,2026-01-20 10:27:00,2026-01-20 10:27:00,2026-01-20 11:29:00,62.1,62.1,920.0,736.0,806.1
12424,2026-01-20,PRYJ,DDU,2026-01-20 14:33:00,2026-01-20 14:33:00,2026-01-20 15:44:00,71.6,71.6,690.0,552.0,610.9
12424,2026-01-20,DDU,PPTA,2026-01-20 18:48:00,2026-01-20 18:48:00,2026-01-20 20:12:00,84.9,84.9,288.5,230.8,322.5
12424,2026-01-20,PPTA,GHY,2026-01-20 23:16:00,2026-01-20 23:16:00,2026-01-21 00:45:00,89.5,89.5,165.4,132.3,223.4
12260,2026-01-20,NDLS,CNB,2026-01-20 06:56:00,2026-01-20 06:56:00,2026-01-20 07:39:00,43.9,43.9,1150.0,920.0,982.4
12260,2026-01-20,CNB,PRYJ,2026-01-20 11:29:00,2026-01-20 11:29:00,2026-01-20 12:51:00,82.2,82.2,862.5,690.0,768.3
12260,2026-01-20,PRYJ,DDU,2026-01-20 16:41:00,2026-01-20 16:41:00,2026-01-20 18:45:00,124.9,124.9,471.8,377.4,510.1
12260,2026-01-20,DDU,HWH,2026-01-20 22:35:00,2026-01-20 22:35:00,2026-01-21 00:35:00,120.7,120.7,156.1,124.9,234.4
12926,2026-01-20,BCT,BRC,2026-01-20 06:36:00,2026-01-20 06:36:00,2026-01-20 08:02:00,86.9,86.9,1150.0,920.0,1011.3
12926,2026-01-20,BRC,RTM,2026-01-20 11:06:00,2026-01-20 11:06:00,2026-01-20 13:06:00,120.8,120.8,920.0,736.0,861.7
12926,2026-01-20,RTM,KOTA,2026-01-20 16:10:00,2026-01-20 16:10:00,2026-01-20 18:05:00,115.6,115.6,690.0,552.0,659.7
12926,2026-01-20,KOTA,NDLS,2026-01-20 21:09:00,2026-01-20 21:09:00,2026-01-20 23:03:00,114.3,114.3,376.2,301.0,413.1
12926,2026-01-20,NDLS,ASR,2026-01-21 02:07:00,2026-01-21 02:07:00,2026-01-21 04:09:00,122.4,122.4,59.3,47.4,165.5
12627,2026-01-20,SBC,DMM,2026-01-20 06:30:00,2026-01-20 06:30:00,2026-01-20 07:00:00,30.4,30.4,1150.0,920.0,954.9
12627,2026-01-20,DMM,GTL,2026-01-20 10:04:00,2026-01-20 10:04:00,2026-01-20 10:36:00,32.7,32.7,920.0,736.0,785.8
12627,2026-01-20,GTL,SC,2026-01-20 13:40:00,2026-01-20 13:40:00,2026-01-20 14:09:00,30.0,30.0,690.0,552.0,586.3
12627,2026-01-20,SC,NGP,2026-01-20 17:13:00,2026-01-20 17:13:00,2026-01-20 17:55:00,42.2,42.2,226.7,181.4,215.2
12627,2026-01-20,NGP,NDLS,2026-01-20 20:59:00,2026-01-20 20:59:00,2026-01-20 21:34:00,35.6,35.6,107.9,86.3,138.6
12301,2026-01-21,NDLS,CNB,2026-01-21 05:30:00,2026-01-21 05:30:00,2026-01-21 05:35:00,6.0,6.0,1150.0,920.0,934.2
12301,2026-01-21,CNB,PRYJ,2026-01-21 08:39:00,2026-01-21 08:39:00,2026-01-21 08:39:00,0.0,0.0,920.0,736.0,748.0
12301,2026-01-21,PRYJ,DDU,2026-01-21 11:43:00,2026-01-21 11:43:00,2026-01-21 11:43:00,0.0,0.0,690.0,552.0,570.7
12301,2026-01-21,DDU,GKP,2026-01-21 14:47:00,2026-01-21 14:47:00,2026-01-21 15:20:00,33.7,33.7,308.8,247.0,288.4
12301,2026-01-21,GKP,HWH,2026-01-21 18:24:00,2026-01-21 18:24:00,2026-01-21 19:09:00,45.3,45.3,133.0,106.4,165.6
12302,2026-01-21,HWH,GKP,2026-01-21 05:52:00,2026-01-21 05:52:00,2026-01-21 06:04:00,12.1,12.1,1150.0,920.0,950.5
12302,2026-01-21,GKP,DDU,2026-01-21 09:08:00,2026-01-21 09:08:00,2026-01-21 09:36:00,28.9,28.9,920.0,736.0,768.9
12302,2026-01-21,DDU,PRYJ,2026-01-21 12:40:00,2026-01-21 12:40:00,2026-01-21 13:39:00,59.9,59.9,690.0,552.0,606.5
12302,2026-01-21,PRYJ,CNB,2026-01-21 16:43:00,2026-01-21 16:43:00,2026-01-21 18:34:00,111.1,111.1,319.1,255.3,363.9
12302,2026-01-21,CNB,NDLS,2026-01-21 21:38:00,2026-01-21 21:38:00,2026-01-22 00:20:00,162.5,162.5,148.9,119.1,278.7
12951,2026-01-21,BCT,ST,2026-01-21 05:31:00,2026-01-21 05:31:00,2026-01-21 05:40:00,9.9,9.9,1150.0,920.0,956.2
12951,2026-01-21,ST,BRC,2026-01-21 08:44:00,2026-01-21 08:44:00,2026-01-21 09:00:00,16.1,16.1,920.0,736.0,772.5
12951,2026-01-21,BRC,RTM,2026-01-21 12:04:00,2026-01-21 12:04:00,2026-01-21 12:55:00,51.3,51.3,690.0,552.0,609.9
12951,2026-01-21,RTM,KOTA,2026-01-21 15:59:00,2026-01-21 15:59:00,2026-01-21 16:56:00,57.6,57.6,490.1,392.1,469.8
12951,2026-01-21,KOTA,NDLS,2026-01-21 20:00:00,2026-01-21 20:00:00,2026-01-21 21:03:00,63.9,63.9,90.6,72.5,138.5
12952,2026-01-21,NDLS,KOTA,2026-01-21 05:35:00,2026-01-21 05:35:00,2026-01-21 05:53:00,18.5,18.5,1150.0,920.0,952.0
12952,2026-01-21,KOTA,RTM,2026-01-21 08:57:00,2026-01-21 08:57:00,2026-01-21 09:16:00,19.5,19.5,920.0,736.0,767.8
12952,2026-01-21,RTM,BRC,2026-01-21 12:20:00,2026-01-21 12:20:00,2026-01-21 12:52:00,32.9,32.9,690.0,552.0,598.2
12952,2026-01-21,BRC,ST,2026-01-21 15:56:00,2026-01-21 15:56:00,2026-01-21 16:28:00,32.5,32.5,283.3,226.6,265.3
12952,2026-01-21,ST,BCT,2026-01-21 19:32:00,2026-01-21 19:32:00,2026-01-21 20:25:00,53.8,53.8,117.9,94.3,160.9
12004,2026-01-21,NDLS,GZB,2026-01-21 06:33:00,2026-01-21 06:33:00,2026-01-21 06:42:00,9.5,9.5,1150.0,920.0,945.5
12004,2026-01-21,GZB,ALJN,2026-01-21 09:46:00,2026-01-21 09:46:00,2026-01-21 10:36:00,50.8,50.8,920.0,736.0,800.7
12004,2026-01-21,ALJN,TDL,2026-01-21 13:40:00,2026-01-21 13:40:00,2026-01-21 14:38:00,58.1,58.1,690.0,552.0,604.4
12004,2026-01-21,TDL,CNB,2026-01-21 17:42:00,2026-01-21 17:42:00,2026-01-21 19:30:00,108.5,108.5,324.2,259.4,346.4
12004,2026-01-21,CNB,LKO,2026-01-21 22:34:00,2026-01-21 22:34:00,2026-01-22 00:31:00,117.9,117.9,173.3,138.6,251.8
12626,2026-01-21,NDLS,AGC,2026-01-21 05:52:00,2026-01-21 05:52:00,2026-01-21 05:54:00,2.3,2.3,1150.0,920.0,920.7
12626,2026-01-21,AGC,VGLJ,2026-01-21 08:58:00,2026-01-21 08:58:00,2026-01-21 08:58:00,0.4,0.4,920.0,736.0,753.0
12626,2026-01-21,VGLJ,BPL,2026-01-21 12:02:00,2026-01-21 12:02:00,2026-01-21 12:02:00,0.0,0.0,690.0,552.0,575.8
12626,2026-01-21,BPL,NGP,2026-01-21 15:06:00,2026-01-21 15:06:00,2026-01-21 15:11:00,5.8,5.8,243.8,195.0,225.6
12626,2026-01-21,NGP,MAS,2026-01-21 18:15:00,2026-01-21 18:15:00,2026-01-21 18:22:00,7.5,7.5,171.7,137.4,162.5
12424,2026-01-21,NDLS,CNB,2026-01-21 06:37:00,2026-01-21 06:37:00,2026-01-21 07:13:00,36.8,36.8,1150.0,920.0,966.0
12424,2026-01-21,CNB,PRYJ,2026-01-21 10:17:00,2026-01-21 10:17:00,2026-01-21 10:55:00,39.0,39.0,920.0,736.0,793.7
12424,2026-01-21,PRYJ,DDU,2026-01-21 13:59:00,2026-01-21 13:59:00,2026-01-21 14:45:00,46.7,46.7,690.0,552.0,594.2
12424,2026-01-21,DDU,PPTA,2026-01-21 17:49:00,2026-01-21 17:49:00,2026-01-21 19:21:00,92.8,92.8,544.8,435.8,526.1
12424,2026-01-21,PPTA,GHY,2026-01-21 22:25:00,2026-01-21 22:25:00,2026-01-22 00:07:00,102.4,102.4,82.1,65.7,164.2
12260,2026-01-21,NDLS,CNB,2026-01-21 06:08:00,2026-01-21 06:08:00,2026-01-21 07:04:00,56.8,56.8,1150.0,920.0,979.3
12260,2026-01-21,CNB,PRYJ,2026-01-21 10:54:00,2026-01-21 10:54:00,2026-01-21 12:15:00,82.0,82.0,862.5,690.0,771.9
12260,2026-01-21,PRYJ,DDU,2026-01-21 16:05:00,2026-01-21 16:05:00,2026-01-21 17:37:00,92.0,92.0,384.3,307.4,403.2
12260,2026-01-21,DDU,HWH,2026-01-21 21:27:00,2026-01-21 21:27:00,2026-01-21 22:57:00,90.7,90.7,84.2,67.4,160.0
12926,2026-01-21,BCT,BRC,2026-01-21 06:26:00,2026-01-21 06:26:00,2026-01-21 06:31:00,5.6,5.6,1150.0,920.0,922.3
12926,2026-01-21,BRC,RTM,2026-01-21 09:35:00,2026-01-21 09:35:00,2026-01-21 09:47:00,12.8,12.8,920.0,736.0,762.2
12926,2026-01-21,RTM,KOTA,2026-01-21 12:51:00,2026-01-21 12:51:00,2026-01-21 13:34:00,43.4,43.4,690.0,552.0,606.9
12926,2026-01-21,KOTA,NDLS,2026-01-21 16:38:00,2026-01-21 16:38:00,2026-01-21 17:21:00,43.2,43.2,276.4,221.1,282.1
12926,2026-01-21,NDLS,ASR,2026-01-21 20:25:00,2026-01-21 20:25:00,2026-01-21 21:17:00,52.2,52.2,120.5,96.4,144.3
12627,2026-01-21,SBC,DMM,2026-01-21 06:38:00,2026-01-21 06:38:00,2026-01-21 07:36:00,58.2,58.2,1150.0,920.0,984.1
12627,2026-01-21,DMM,GTL,2026-01-21 10:40:00,2026-01-21 10:40:00,2026-01-21 12:32:00,112.7,112.7,920.0,736.0,859.5
12627,2026-01-21,GTL,SC,2026-01-21 15:36:00,2026-01-21 15:36:00,2026-01-21 17:38:00,122.2,122.2,690.0,552.0,664.4
12627,2026-01-21,SC,NGP,2026-01-21 20:42:00,2026-01-21 20:42:00,2026-01-21 22:55:00,133.0,133.0,455.6,364.5,489.6
12627,2026-01-21,NGP,NDLS,2026-01-22 01:59:00,2026-01-22 01:59:00,2026-01-22 04:23:00,144.0,144.0,51.6,41.3,192.4
12301,2026-01-22,NDLS,CNB,2026-01-22 05:53:00,2026-01-22 05:53:00,2026-01-22 06:05:00,12.3,12.3,1150.0,920.0,948.1
12301,2026-01-22,CNB,PRYJ,2026-01-22 09:09:00,2026-01-22 09:09:00,2026-01-22 10:16:00,67.3,67.3,920.0,736.0,796.7
12301,2026-01-22,PRYJ,DDU,2026-01-22 13:20:00,2026-01-22 13:20:00,2026-01-22 14:24:00,64.5,64.5,690.0,552.0,612.6
12301,2026-01-22,DDU,GKP,2026-01-22 17:28:00,2026-01-22 17:28:00,2026-01-22 18:39:00,71.8,71.8,405.2,324.2,395.1
12301,2026-01-22,GKP,HWH,2026-01-22 21:43:00,2026-01-22 21:43:00,2026-01-22 23:07:00,84.5,84.5,160.1,128.1,204.0
12302,2026-01-22,HWH,GKP,2026-01-22 06:35:00,2026-01-22 06:35:00,2026-01-22 07:46:00,71.1,71.1,1150.0,920.0,986.4
12302,2026-01-22,GKP,DDU,2026-01-22 10:50:00,2026-01-22 10:50:00,2026-01-22 12:01:00,71.6,71.6,920.0,736.0,809.3
12302,2026-01-22,DDU,PRYJ,2026-01-22 15:05:00,2026-01-22 15:05:00,2026-01-22 16:22:00,77.0,77.0,690.0,552.0,637.6
12302,2026-01-22,PRYJ,CNB,2026-01-22 19:26:00,2026-01-22 19:26:00,2026-01-22 20:59:00,94.0,94.0,420.4,336.3,422.5
12302,2026-01-22,CNB,NDLS,2026-01-23 00:03:00,2026-01-23 00:03:00,2026-01-23 01:47:00,104.5,104.5,51.8,41.4,130.7
12951,2026-01-22,BCT,ST,2026-01-22 06:21:00,2026-01-22 06:21:00,2026-01-22 06:35:00,14.1,14.1,1150.0,920.0,938.1
12951,2026-01-22,ST,BRC,2026-01-22 09:39:00,2026-01-22 09:39:00,2026-01-22 09:59:00,20.9,20.9,920.0,736.0,759.4
12951,2026-01-22,BRC,RTM,2026-01-22 13:03:00,2026-01-22 13:03:00,2026-01-22 13:30:00,27.1,27.1,690.0,552.0,602.1
12951,2026-01-22,RTM,KOTA,2026-01-22 16:34:00,2026-01-22 16:34:00,2026-01-22 17:08:00,34.1,34.1,328.4,262.7,303.4
12951,2026-01-22,KOTA,NDLS,2026-01-22 20:12:00,2026-01-22 20:12:00,2026-01-22 21:02:00,50.3,50.3,128.6,102.9,148.0
12952,2026-01-22,NDLS,KOTA,2026-01-22 06:31:00,2026-01-22 06:31:00,2026-01-22 07:09:00,38.0,38.0,1150.0,920.0,973.8
12952,2026-01-22,KOTA,RTM,2026-01-22 10:13:00,2026-01-22 10:13:00,2026-01-22 10:55:00,42.2,42.2,920.0,736.0,800.2
12952,2026-01-22,RTM,BRC,2026-01-22 13:59:00,2026-01-22 13:59:00,2026-01-22 15:35:00,96.7,96.7,690.0,552.0,640.2
12952,2026-01-22,BRC,ST,2026-01-22 18:39:00,2026-01-22 18:39:00,2026-01-22 20:24:00,105.6,105.6,515.0,412.0,509.9
12952,2026-01-22,ST,BCT,2026-01-22 23:28:00,2026-01-22 23:28:00,2026-01-23 01:20:00,112.9,112.9,121.7,97.4,199.3
12004,2026-01-22,NDLS,GZB,2026-01-22 06:23:00,2026-01-22 06:23:00,2026-01-22 07:59:00,96.7,96.7,1150.0,920.0,1032.3
12004,2026-01-22,GZB,ALJN,2026-01-22 11:03:00,2026-01-22 11:03:00,2026-01-22 12:57:00,114.1,114.1,920.0,736.0,839.3
12004,2026-01-22,ALJN,TDL,2026-01-22 16:01:00,2026-01-22 16:01:00,2026-01-22 18:34:00,153.5,153.5,690.0,552.0,691.8
12004,2026-01-22,TDL,CNB,2026-01-22 21:38:00,2026-01-22 21:38:00,2026-01-23 00:16:00,158.1,158.1,220.5,176.4,329.8
12004,2026-01-22,CNB,LKO,2026-01-23 03:20:00,2026-01-23 03:20:00,2026-01-23 06:10:00,170.7,170.7,86.1,68.9,231.7
12626,2026-01-22,NDLS,AGC,2026-01-22 05:37:00,2026-01-22 05:37:00,2026-01-22 05:37:00,0.0,0.0,1150.0,920.0,931.6
12626,2026-01-22,AGC,VGLJ,2026-01-22 08:41:00,2026-01-22 08:41:00,2026-01-22 09:19:00,38.1,38.1,920.0,736.0,782.9
12626,2026-01-22,VGLJ,BPL,2026-01-22 12:23:00,2026-01-22 12:23:00,2026-01-22 13:07:00,44.9,44.9,690.0,552.0,606.6
12626,2026-01-22,BPL,NGP,2026-01-22 16:11:00,2026-01-22 16:11:00,2026-01-22 17:33:00,82.4,82.4,238.7,191.0,267.6
12626,2026-01-22,NGP,MAS,2026-01-22 20:37:00,2026-01-22 20:37:00,2026-01-22 22:01:00,84.3,84.3,75.4,60.3,145.6
12424,2026-01-22,NDLS,CNB,2026-01-22 06:35:00,2026-01-22 06:35:00,2026-01-22 07:53:00,78.6,78.6,1150.0,920.0,997.7
12424,2026-01-22,CNB,PRYJ,2026-01-22 10:57:00,2026-01-22 10:57:00,2026-01-22 12:43:00,106.1,106.1,920.0,736.0,831.6
12424,2026-01-22,PRYJ,DDU,2026-01-22 15:47:00,2026-01-22 15:47:00,2026-01-22 18:43:00,176.4,176.4,690.0,552.0,714.3
12424,2026-01-22,DDU,PPTA,2026-01-22 21:47:00,2026-01-22 21:47:00,2026-01-23 00:50:00,183.1,183.1,510.9,408.7,573.2
12424,2026-01-22,PPTA,GHY,2026-01-23 03:54:00,2026-01-23 03:54:00,2026-01-23 07:51:00,237.8,237.8,116.4,93.1,308.7
12260,2026-01-22,NDLS,CNB,2026-01-22 05:36:00,2026-01-22 05:36:00,2026-01-22 06:03:00,27.5,27.5,1150.0,920.0,956.5
12260,2026-01-22,CNB,PRYJ,2026-01-22 09:53:00,2026-01-22 09:53:00,2026-01-22 11:08:00,75.4,75.4,862.5,690.0,750.0
12260,2026-01-22,PRYJ,DDU,2026-01-22 14:58:00,2026-01-22 14:58:00,2026-01-22 16:19:00,81.0,81.0,502.3,401.8,485.7
12260,2026-01-22,DDU,HWH,2026-01-22 20:09:00,2026-01-22 20:09:00,2026-01-22 21:39:00,90.1,90.1,162.8,130.2,220.2
12926,2026-01-22,BCT,BRC,2026-01-22 06:06:00,2026-01-22 06:06:00,2026-01-22 06:49:00,43.6,43.6,1150.0,920.0,986.1
12926,2026-01-22,BRC,RTM,2026-01-22 09:53:00,2026-01-22 09:53:00,2026-01-22 10:50:00,57.0,57.0,920.0,736.0,795.5
12926,2026-01-22,RTM,KOTA,2026-01-22 13:54:00,2026-01-22 13:54:00,2026-01-22 14:50:00,56.9,56.9,690.0,552.0,612.9
12926,2026-01-22,KOTA,NDLS,2026-01-22 17:54:00,2026-01-22 17:54:00,2026-01-22 19:43:00,109.5,109.5,240.9,192.7,314.4
12926,2026-01-22,NDLS,ASR,2026-01-22 22:47:00,2026-01-22 22:47:00,2026-01-23 01:29:00,162.1,162.1,87.1,69.7,206.0
12627,2026-01-22,SBC,DMM,2026-01-22 06:08:00,2026-01-22 06:08:00,2026-01-22 07:17:00,69.7,69.7,1150.0,920.0,986.6
12627,2026-01-22,DMM,GTL,2026-01-22 10:21:00,2026-01-22 10:21:00,2026-01-22 11:34:00,73.8,73.8,920.0,736.0,818.0
12627,2026-01-22,GTL,SC,2026-01-22 14:38:00,2026-01-22 14:38:00,2026-01-22 15:51:00,73.4,73.4,690.0,552.0,624.8
12627,2026-01-22,SC,NGP,2026-01-22 18:55:00,2026-01-22 18:55:00,2026-01-22 20:17:00,82.5,82.5,282.5,226.0,308.2
12627,2026-01-22,NGP,NDLS,2026-01-22 23:21:00,2026-01-22 23:21:00,2026-01-23 00:43:00,82.6,82.6,169.1,135.3,214.4
12301,2026-01-23,NDLS,CNB,2026-01-23 06:57:00,2026-01-23 06:57:00,2026-01-23 07:22:00,25.9,25.9,1150.0,920.0,936.8
12301,2026-01-23,CNB,PRYJ,2026-01-23 10:26:00,2026-01-23 10:26:00,2026-01-23 11:54:00,88.0,88.0,920.0,736.0,828.0
12301,2026-01-23,PRYJ,DDU,2026-01-23 14:58:00,2026-01-23 14:58:00,2026-01-23 16:32:00,94.1,94.1,690.0,552.0,639.0
12301,2026-01-23,DDU,GKP,2026-01-23 19:36:00,2026-01-23 19:36:00,2026-01-23 21:15:00,99.9,99.9,333.7,267.0,375.8
12301,2026-01-23,GKP,HWH,2026-01-24 00:19:00,2026-01-24 00:19:00,2026-01-24 02:05:00,106.1,106.1,170.7,136.6,245.9
12302,2026-01-23,HWH,GKP,2026-01-23 06:47:00,2026-01-23 06:47:00,2026-01-23 07:54:00,67.1,67.1,1150.0,920.0,991.8
12302,2026-01-23,GKP,DDU,2026-01-23 10:58:00,2026-01-23 10:58:00,2026-01-23 12:11:00,73.8,73.8,920.0,736.0,829.0
12302,2026-01-23,DDU,PRYJ,2026-01-23 15:15:00,2026-01-23 15:15:00,2026-01-23 16:43:00,88.6,88.6,690.0,552.0,631.7
12302,2026-01-23,PRYJ,CNB,2026-01-23 19:47:00,2026-01-23 19:47:00,2026-01-23 21:25:00,98.1,98.1,232.6,186.1,285.9
12302,2026-01-23,CNB,NDLS,2026-01-24 00:29:00,2026-01-24 00:29:00,2026-01-24 02:10:00,101.5,101.5,77.8,62.2,171.5
12951,2026-01-23,BCT,ST,2026-01-23 05:38:00,2026-01-23 05:38:00,2026-01-23 06:56:00,78.8,78.8,1150.0,920.0,994.5
12951,2026-01-23,ST,BRC,2026-01-23 10:00:00,2026-01-23 10:00:00,2026-01-23 11:20:00,80.5,80.5,920.0,736.0,807.1
12951,2026-01-23,BRC,RTM,2026-01-23 14:24:00,2026-01-23 14:24:00,2026-01-23 15:40:00,76.3,76.3,690.0,552.0,620.8
12951,2026-01-23,RTM,KOTA,2026-01-23 18:44:00,2026-01-23 18:44:00,2026-01-23 20:06:00,82.9,82.9,237.0,189.6,267.2
12951,2026-01-23,KOTA,NDLS,2026-01-23 23:10:00,2026-01-23 23:10:00,2026-01-24 00:37:00,87.2,87.2,134.1,107.3,200.5
12952,2026-01-23,NDLS,KOTA,2026-01-23 06:03:00,2026-01-23 06:03:00,2026-01-23 06:19:00,16.9,16.9,1150.0,920.0,956.1
12952,2026-01-23,KOTA,RTM,2026-01-23 09:23:00,2026-01-23 09:23:00,2026-01-23 10:03:00,40.4,40.4,920.0,736.0,795.2
12952,2026-01-23,RTM,BRC,2026-01-23 13:07:00,2026-01-23 13:07:00,2026-01-23 14:03:00,56.3,56.3,690.0,552.0,607.9
12952,2026-01-23,BRC,ST,2026-01-23 17:07:00,2026-01-23 17:07:00,2026-01-23 18:09:00,62.3,62.3,416.3,333.0,394.9
12952,2026-01-23,ST,BCT,2026-01-23 21:13:00,2026-01-23 21:13:00,2026-01-23 22:54:00,101.2,101.2,158.6,126.9,219.4
12004,2026-01-23,NDLS,GZB,2026-01-23 06:43:00,2026-01-23 06:43:00,2026-01-23 07:11:00,28.6,28.6,1150.0,920.0,967.7
12004,2026-01-23,GZB,ALJN,2026-01-23 10:15:00,2026-01-23 10:15:00,2026-01-23 10:53:00,38.7,38.7,920.0,736.0,776.0
12004,2026-01-23,ALJN,TDL,2026-01-23 13:57:00,2026-01-23 13:57:00,2026-01-23 14:49:00,52.0,52.0,690.0,552.0,609.9
12004,2026-01-23,TDL,CNB,2026-01-23 17:53:00,2026-01-23 17:53:00,2026-01-23 19:32:00,99.5,99.5,280.7,224.6,343.0
12004,2026-01-23,CNB,LKO,2026-01-23 22:36:00,2026-01-23 22:36:00,2026-01-24 00:13:00,97.7,97.7,58.0,46.4,123.4
12626,2026-01-23,NDLS,AGC,2026-01-23 05:44:00,2026-01-23 05:44:00,2026-01-23 06:46:00,62.1,62.1,1150.0,920.0,978.5
12626,2026-01-23,AGC,VGLJ,2026-01-23 09:50:00,2026-01-23 09:50:00,2026-01-23 10:50:00,60.4,60.4,920.0,736.0,790.0
12626,2026-01-23,VGLJ,BPL,2026-01-23 13:54:00,2026-01-23 13:54:00,2026-01-23 16:03:00,129.3,129.3,690.0,552.0,683.1
12626,2026-01-23,BPL,NGP,2026-01-23 19:07:00,2026-01-23 19:07:00,2026-01-23 21:59:00,172.4,172.4,234.8,187.8,331.4
12626,2026-01-23,NGP,MAS,2026-01-24 01:03:00,2026-01-24 01:03:00,2026-01-24 04:04:00,181.7,181.7,131.8,105.4,256.0
12424,2026-01-23,NDLS,CNB,2026-01-23 05:43:00,2026-01-23 05:43:00,2026-01-23 05:45:00,2.3,2.3,1150.0,920.0,931.1
12424,2026-01-23,CNB,PRYJ,2026-01-23 08:49:00,2026-01-23 08:49:00,2026-01-23 08:54:00,5.0,5.0,920.0,736.0,750.1
12424,2026-01-23,PRYJ,DDU,2026-01-23 11:58:00,2026-01-23 11:58:00,2026-01-23 12:50:00,52.7,52.7,690.0,552.0,611.0
12424,2026-01-23,DDU,PPTA,2026-01-23 15:54:00,2026-01-23 15:54:00,2026-01-23 16:56:00,62.8,62.8,443.4,354.7,420.5
12424,2026-01-23,PPTA,GHY,2026-01-23 20:00:00,2026-01-23 20:00:00,2026-01-23 21:09:00,69.8,69.8,82.2,65.8,130.5
12260,2026-01-23,NDLS,CNB,2026-01-23 06:45:00,2026-01-23 06:45:00,2026-01-23 06:48:00,3.1,3.1,1150.0,920.0,946.1
12260,2026-01-23,CNB,PRYJ,2026-01-23 10:38:00,2026-01-23 10:38:00,2026-01-23 10:42:00,4.6,4.6,862.5,690.0,712.5
12260,2026-01-23,PRYJ,DDU,2026-01-23 14:32:00,2026-01-23 14:32:00,2026-01-23 14:49:00,17.7,17.7,291.4,233.1,266.9
12260,2026-01-23,DDU,HWH,2026-01-23 18:39:00,2026-01-23 18:39:00,2026-01-23 19:01:00,22.6,22.6,50.7,40.6,61.2
12926,2026-01-23,BCT,BRC,2026-01-23 06:25:00,2026-01-23 06:25:00,2026-01-23 07:06:00,41.3,41.3,1150.0,920.0,975.3
12926,2026-01-23,BRC,RTM,2026-01-23 10:10:00,2026-01-23 10:10:00,2026-01-23 11:10:00,60.0,60.0,920.0,736.0,795.6
12926,2026-01-23,RTM,KOTA,2026-01-23 14:14:00,2026-01-23 14:14:00,2026-01-23 16:17:00,123.5,123.5,690.0,552.0,678.8
12926,2026-01-23,KOTA,NDLS,2026-01-23 19:21:00,2026-01-23 19:21:00,2026-01-23 21:51:00,150.3,150.3,431.2,345.0,478.6
12926,2026-01-23,NDLS,ASR,2026-01-24 00:55:00,2026-01-24 00:55:00,2026-01-24 03:32:00,157.7,157.7,104.7,83.8,224.3
12627,2026-01-23,SBC,DMM,2026-01-23 06:23:00,2026-01-23 06:23:00,2026-01-23 06:31:00,8.4,8.4,1150.0,920.0,937.9
12627,2026-01-23,DMM,GTL,2026-01-23 09:35:00,2026-01-23 09:35:00,2026-01-23 09:52:00,17.2,17.2,920.0,736.0,756.5
12627,2026-01-23,GTL,SC,2026-01-23 12:56:00,2026-01-23 12:56:00,2026-01-23 13:24:00,28.5,28.5,690.0,552.0,595.5
12627,2026-01-23,SC,NGP,2026-01-23 16:28:00,2026-01-23 16:28:00,2026-01-23 17:33:00,65.6,65.6,237.7,190.2,248.9
12627,2026-01-23,NGP,NDLS,2026-01-23 20:37:00,2026-01-23 20:37:00,2026-01-23 21:54:00,77.8,77.8,93.2,74.6,152.5
12301,2026-01-24,NDLS,CNB,2026-01-24 06:32:00,2026-01-24 06:32:00,2026-01-24 07:04:00,32.3,32.3,1150.0,920.0,960.8
12301,2026-01-24,CNB,PRYJ,2026-01-24 10:08:00,2026-01-24 10:08:00,2026-01-24 10:41:00,33.6,33.6,920.0,736.0,784.6
12301,2026-01-24,PRYJ,DDU,2026-01-24 13:45:00,2026-01-24 13:45:00,2026-01-24 14:31:00,46.1,46.1,690.0,552.0,605.4
12301,2026-01-24,DDU,GKP,2026-01-24 17:35:00,2026-01-24 17:35:00,2026-01-24 18:22:00,47.9,47.9,544.4,435.5,492.2
12301,2026-01-24,GKP,HWH,2026-01-24 21:26:00,2026-01-24 21:26:00,2026-01-24 22:20:00,54.4,54.4,160.7,128.6,174.4
12302,2026-01-24,HWH,GKP,2026-01-24 06:32:00,2026-01-24 06:32:00,2026-01-24 06:42:00,10.7,10.7,1150.0,920.0,941.6
12302,2026-01-24,GKP,DDU,2026-01-24 09:46:00,2026-01-24 09:46:00,2026-01-24 10:04:00,18.2,18.2,920.0,736.0,766.7
12302,2026-01-24,DDU,PRYJ,2026-01-24 13:08:00,2026-01-24 13:08:00,2026-01-24 13:33:00,25.4,25.4,690.0,552.0,582.4
12302,2026-01-24,PRYJ,CNB,2026-01-24 16:37:00,2026-01-24 16:37:00,2026-01-24 17:29:00,52.4,52.4,440.8,352.6,427.9
12302,2026-01-24,CNB,NDLS,2026-01-24 20:33:00,2026-01-24 20:33:00,2026-01-24 21:39:00,66.3,66.3,114.1,91.3,154.1
12951,2026-01-24,BCT,ST,2026-01-24 06:59:00,2026-01-24 06:59:00,2026-01-24 07:17:00,18.4,18.4,1150.0,920.0,944.4
12951,2026-01-24,ST,BRC,2026-01-24 10:21:00,2026-01-24 10:21:00,2026-01-24 10:27:00,6.9,6.9,920.0,736.0,751.4
12951,2026-01-24,BRC,RTM,2026-01-24 13:31:00,2026-01-24 13:31:00,2026-01-24 13:45:00,14.9,14.9,690.0,552.0,594.3
12951,2026-01-24,RTM,KOTA,2026-01-24 16:49:00,2026-01-24 16:49:00,2026-01-24 17:06:00,17.6,17.6,293.2,234.6,267.1
12951,2026-01-24,KOTA,NDLS,2026-01-24 20:10:00,2026-01-24 20:10:00,2026-01-24 21:07:00,57.4,57.4,71.8,57.4,114.6
12952,2026-01-24,NDLS,KOTA,2026-01-24 05:56:00,2026-01-24 05:56:00,2026-01-24 06:28:00,33.0,33.0,1150.0,920.0,960.5
12952,2026-01-24,KOTA,RTM,2026-01-24 09:32:00,2026-01-24 09:32:00,2026-01-24 10:42:00,71.0,71.0,920.0,736.0,827.5
12952,2026-01-24,RTM,BRC,2026-01-24 13:46:00,2026-01-24 13:46:00,2026-01-24 15:52:00,126.5,126.5,690.0,552.0,672.7
12952,2026-01-24,BRC,ST,2026-01-24 18:56:00,2026-01-24 18:56:00,2026-01-24 21:51:00,175.6,175.6,323.3,258.6,417.8
12952,2026-01-24,ST,BCT,2026-01-25 00:55:00,2026-01-25 00:55:00,2026-01-25 03:57:00,182.3,182.3,101.5,81.2,253.5
12004,2026-01-24,NDLS,GZB,2026-01-24 06:51:00,2026-01-24 06:51:00,2026-01-24 07:37:00,46.6,46.6,1150.0,920.0,973.8
12004,2026-01-24,GZB,ALJN,2026-01-24 10:41:00,2026-01-24 10:41:00,2026-01-24 12:12:00,91.0,91.0,920.0,736.0,827.9
12004,2026-01-24,ALJN,TDL,2026-01-24 15:16:00,2026-01-24 15:16:00,2026-01-24 16:51:00,95.2,95.2,690.0,552.0,633.9
12004,2026-01-24,TDL,CNB,2026-01-24 19:55:00,2026-01-24 19:55:00,2026-01-24 21:42:00,107.3,107.3,533.2,426.6,531.3
12004,2026-01-24,CNB,LKO,2026-01-25 00:46:00,2026-01-25 00:46:00,2026-01-25 02:34:00,108.5,108.5,117.6,94.1,191.6
12626,2026-01-24,NDLS,AGC,2026-01-24 05:41:00,2026-01-24 05:41:00,2026-01-24 06:22:00,41.9,41.9,1150.0,920.0,976.2
12626,2026-01-24,AGC,VGLJ,2026-01-24 09:26:00,2026-01-24 09:26:00,2026-01-24 10:11:00,45.7,45.7,920.0,736.0,791.3
12626,2026-01-24,VGLJ,BPL,2026-01-24 13:15:00,2026-01-24 13:15:00,2026-01-24 14:03:00,48.7,48.7,690.0,552.0,592.2
12626,2026-01-24,BPL,NGP,2026-01-24 17:07:00,2026-01-24 17:07:00,2026-01-24 17:47:00,41.0,41.0,407.2,325.8,380.1
12626,2026-01-24,NGP,MAS,2026-01-24 20:51:00,2026-01-24 20:51:00,2026-01-24 21:37:00,46.8,46.8,52.8,42.2,96.9
12424,2026-01-24,NDLS,CNB,2026-01-24 06:06:00,2026-01-24 06:06:00,2026-01-24 06:29:00,23.2,23.2,1150.0,920.0,961.5
12424,2026-01-24,CNB,PRYJ,2026-01-24 09:33:00,2026-01-24 09:33:00,2026-01-24 10:03:00,30.7,30.7,920.0,736.0,778.2
12424,2026-01-24,PRYJ,DDU,2026-01-24 13:07:00,2026-01-24 13:07:00,2026-01-24 14:45:00,98.2,98.2,690.0,552.0,636.4
12424,2026-01-24,DDU,PPTA,2026-01-24 17:49:00,2026-01-24 17:49:00,2026-01-24 20:20:00,151.7,151.7,230.9,184.7,324.6
12424,2026-01-24,PPTA,GHY,2026-01-24 23:24:00,2026-01-24 23:24:00,2026-01-25 02:06:00,162.9,162.9,75.6,60.5,197.6
12260,2026-01-24,NDLS,CNB,2026-01-24 05:46:00,2026-01-24 05:46:00,2026-01-24 06:29:00,43.4,43.4,1150.0,920.0,964.9
12260,2026-01-24,CNB,PRYJ,2026-01-24 10:19:00,2026-01-24 10:19:00,2026-01-24 11:06:00,47.1,47.1,862.5,690.0,743.8
12260,2026-01-24,PRYJ,DDU,2026-01-24 14:56:00,2026-01-24 14:56:00,2026-01-24 15:46:00,50.8,50.8,308.0,246.4,304.2
12260,2026-01-24,DDU,HWH,2026-01-24 19:36:00,2026-01-24 19:36:00,2026-01-24 20:33:00,57.3,57.3,88.9,71.1,136.5
12926,2026-01-24,BCT,BRC,2026-01-24 06:09:00,2026-01-24 06:09:00,2026-01-24 07:21:00,72.9,72.9,1150.0,920.0,1003.8
12926,2026-01-24,BRC,RTM,2026-01-24 10:25:00,2026-01-24 10:25:00,2026-01-24 11:48:00,84.0,84.0,920.0,736.0,835.4
12926,2026-01-24,RTM,KOTA,2026-01-24 14:52:00,2026-01-24 14:52:00,2026-01-24 16:28:00,96.6,96.6,690.0,552.0,652.2
12926,2026-01-24,KOTA,NDLS,2026-01-24 19:32:00,2026-01-24 19:32:00,2026-01-24 21:20:00,108.0,108.0,515.4,412.3,528.6
12926,2026-01-24,NDLS,ASR,2026-01-25 00:24:00,2026-01-25 00:24:00,2026-01-25 02:17:00,113.5,113.5,156.0,124.8,233.5
12627,2026-01-24,SBC,DMM,2026-01-24 05:38:00,2026-01-24 05:38:00,2026-01-24 05:54:00,16.7,16.7,1150.0,920.0,948.5
12627,2026-01-24,DMM,GTL,2026-01-24 08:58:00,2026-01-24 08:58:00,2026-01-24 09:12:00,14.2,14.2,920.0,736.0,749.0
12627,2026-01-24,GTL,SC,2026-01-24 12:16:00,2026-01-24 12:16:00,2026-01-24 13:04:00,48.3,48.3,690.0,552.0,613.0
12627,2026-01-24,SC,NGP,2026-01-24 16:08:00,2026-01-24 16:08:00,2026-01-24 16:53:00,46.0,46.0,229.5,183.6,231.3
12627,2026-01-24,NGP,NDLS,2026-01-24 19:57:00,2026-01-24 19:57:00,2026-01-24 20:49:00,52.5,52.5,128.5,102.8,168.5
12301,2026-01-25,NDLS,CNB,2026-01-25 05:44:00,2026-01-25 05:44:00,2026-01-25 05:52:00,8.2,8.2,1150.0,920.0,921.2
12301,2026-01-25,CNB,PRYJ,2026-01-25 08:56:00,2026-01-25 08:56:00,2026-01-25 10:08:00,72.6,72.6,920.0,736.0,801.2
12301,2026-01-25,PRYJ,DDU,2026-01-25 13:12:00,2026-01-25 13:12:00,2026-01-25 14:58:00,106.2,106.2,690.0,552.0,650.5
12301,2026-01-25,DDU,GKP,2026-01-25 18:02:00,2026-01-25 18:02:00,2026-01-25 20:02:00,120.7,120.7,451.2,361.0,478.1
12301,2026-01-25,GKP,HWH,2026-01-25 23:06:00,2026-01-25 23:06:00,2026-01-26 01:18:00,132.1,132.1,117.9,94.3,220.8
12302,2026-01-25,HWH,GKP,2026-01-25 05:40:00,2026-01-25 05:40:00,2026-01-25 05:41:00,1.6,1.6,1150.0,920.0,928.3
12302,2026-01-25,GKP,DDU,2026-01-25 08:45:00,2026-01-25 08:45:00,2026-01-25 08:55:00,10.5,10.5,920.0,736.0,761.9
12302,2026-01-25,DDU,PRYJ,2026-01-25 11:59:00,2026-01-25 11:59:00,2026-01-25 12:16:00,17.2,17.2,690.0,552.0,580.2
12302,2026-01-25,PRYJ,CNB,2026-01-25 15:20:00,2026-01-25 15:20:00,2026-01-25 15:41:00,21.1,21.1,504.5,403.6,442.3
12302,2026-01-25,CNB,NDLS,2026-01-25 18:45:00,2026-01-25 18:45:00,2026-01-25 19:56:00,71.5,71.5,99.8,79.8,155.8
12951,2026-01-25,BCT,ST,2026-01-25 06:07:00,2026-01-25 06:07:00,2026-01-25 07:10:00,63.7,63.7,1150.0,920.0,974.6
12951,2026-01-25,ST,BRC,2026-01-25 10:14:00,2026-01-25 10:14:00,2026-01-25 11:14:00,60.7,60.7,920.0,736.0,787.6
12951,2026-01-25,BRC,RTM,2026-01-25 14:18:00,2026-01-25 14:18:00,2026-01-25 15:12:00,54.6,54.6,690.0,552.0,602.7
12951,2026-01-25,RTM,KOTA,2026-01-25 18:16:00,2026-01-25 18:16:00,2026-01-25 19:16:00,60.2,60.2,493.8,395.0,465.4
12951,2026-01-25,KOTA,NDLS,2026-01-25 22:20:00,2026-01-25 22:20:00,2026-01-25 23:13:00,53.1,53.1,54.5,43.6,92.9
12952,2026-01-25,NDLS,KOTA,2026-01-25 05:31:00,2026-01-25 05:31:00,2026-01-25 06:13:00,42.3,42.3,1150.0,920.0,974.5
12952,2026-01-25,KOTA,RTM,2026-01-25 09:17:00,2026-01-25 09:17:00,2026-01-25 10:30:00,73.6,73.6,920.0,736.0,813.5
12952,2026-01-25,RTM,BRC,2026-01-25 13:34:00,2026-01-25 13:34:00,2026-01-25 14:56:00,82.4,82.4,690.0,552.0,635.0
12952,2026-01-25,BRC,ST,2026-01-25 18:00:00,2026-01-25 18:00:00,2026-01-25 19:30:00,90.4,90.4,361.3,289.0,365.7
12952,2026-01-25,ST,BCT,2026-01-25 22:34:00,2026-01-25 22:34:00,2026-01-26 00:12:00,98.6,98.6,173.7,139.0,236.2
12004,2026-01-25,NDLS,GZB,2026-01-25 06:38:00,2026-01-25 06:38:00,2026-01-25 06:38:00,0.0,0.0,1150.0,920.0,937.2
12004,2026-01-25,GZB,ALJN,2026-01-25 09:42:00,2026-01-25 09:42:00,2026-01-25 09:50:00,8.2,8.2,920.0,736.0,749.5
12004,2026-01-25,ALJN,TDL,2026-01-25 12:54:00,2026-01-25 12:54:00,2026-01-25 13:02:00,8.5,8.5,690.0,552.0,569.5
12004,2026-01-25,TDL,CNB,2026-01-25 16:06:00,2026-01-25 16:06:00,2026-01-25 16:25:00,19.2,19.2,223.4,178.7,198.6
12004,2026-01-25,CNB,LKO,2026-01-25 19:29:00,2026-01-25 19:29:00,2026-01-25 19:57:00,28.2,28.2,163.4,130.7,161.3
12626,2026-01-25,NDLS,AGC,2026-01-25 05:32:00,2026-01-25 05:32:00,2026-01-25 05:59:00,27.6,27.6,1150.0,920.0,959.5
12626,2026-01-25,AGC,VGLJ,2026-01-25 09:03:00,2026-01-25 09:03:00,2026-01-25 09:30:00,27.3,27.3,920.0,736.0,779.1
12626,2026-01-25,VGLJ,BPL,2026-01-25 12:34:00,2026-01-25 12:34:00,2026-01-25 13:05:00,31.9,31.9,690.0,552.0,606.0
12626,2026-01-25,BPL,NGP,2026-01-25 16:09:00,2026-01-25 16:09:00,2026-01-25 16:48:00,39.3,39.3,437.1,349.7,388.0
12626,2026-01-25,NGP,MAS,2026-01-25 19:52:00,2026-01-25 19:52:00,2026-01-25 20:39:00,47.3,47.3,56.5,45.2,108.0
12424,2026-01-25,NDLS,CNB,2026-01-25 06:47:00,2026-01-25 06:47:00,2026-01-25 07:48:00,61.3,61.3,1150.0,920.0,993.2
12424,2026-01-25,CNB,PRYJ,2026-01-25 10:52:00,2026-01-25 10:52:00,2026-01-25 11:47:00,55.5,55.5,920.0,736.0,785.5
12424,2026-01-25,PRYJ,DDU,2026-01-25 14:51:00,2026-01-25 14:51:00,2026-01-25 15:48:00,57.3,57.3,690.0,552.0,629.5
12424,2026-01-25,DDU,PPTA,2026-01-25 18:52:00,2026-01-25 18:52:00,2026-01-25 20:25:00,93.5,93.5,410.8,328.6,417.7
12424,2026-01-25,PPTA,GHY,2026-01-25 23:29:00,2026-01-25 23:29:00,2026-01-26 01:10:00,101.8,101.8,73.8,59.0,153.0
12260,2026-01-25,NDLS,CNB,2026-01-25 06:44:00,2026-01-25 06:44:00,2026-01-25 07:02:00,18.7,18.7,1150.0,920.0,942.9
12260,2026-01-25,CNB,PRYJ,2026-01-25 10:52:00,2026-01-25 10:52:00,2026-01-25 11:13:00,21.0,21.0,862.5,690.0,733.0
12260,2026-01-25,PRYJ,DDU,2026-01-25 15:03:00,2026-01-25 15:03:00,2026-01-25 15:35:00,32.6,32.6,275.5,220.4,251.2
12260,2026-01-25,DDU,HWH,2026-01-25 19:25:00,2026-01-25 19:25:00,2026-01-25 20:10:00,45.3,45.3,153.4,122.7,171.2
12926,2026-01-25,BCT,BRC,2026-01-25 06:30:00,2026-01-25 06:30:00,2026-01-25 06:36:00,6.8,6.8,1150.0,920.0,943.2
12926,2026-01-25,BRC,RTM,2026-01-25 09:40:00,2026-01-25 09:40:00,2026-01-25 09:54:00,14.6,14.6,920.0,736.0,764.8
12926,2026-01-25,RTM,KOTA,2026-01-25 12:58:00,2026-01-25 12:58:00,2026-01-25 13:23:00,25.2,25.2,690.0,552.0,574.6
12926,2026-01-25,KOTA,NDLS,2026-01-25 16:27:00,2026-01-25 16:27:00,2026-01-25 17:34:00,67.1,67.1,356.6,285.3,358.2
12926,2026-01-25,NDLS,ASR,2026-01-25 20:38:00,2026-01-25 20:38:00,2026-01-25 21:44:00,66.7,66.7,86.7,69.4,155.5
12627,2026-01-25,SBC,DMM,2026-01-25 06:13:00,2026-01-25 06:13:00,2026-01-25 06:50:00,37.1,37.1,1150.0,920.0,960.9
12627,2026-01-25,DMM,GTL,2026-01-25 09:54:00,2026-01-25 09:54:00,2026-01-25 11:25:00,91.1,91.1,920.0,736.0,820.2
12627,2026-01-25,GTL,SC,2026-01-25 14:29:00,2026-01-25 14:29:00,2026-01-25 17:05:00,156.1,156.1,690.0,552.0,696.6
12627,2026-01-25,SC,NGP,2026-01-25 20:09:00,2026-01-25 20:09:00,2026-01-25 22:50:00,161.4,161.4,434.4,347.5,490.4
12627,2026-01-25,NGP,NDLS,2026-01-26 01:54:00,2026-01-26 01:54:00,2026-01-26 04:32:00,158.1,158.1,72.0,57.6,223.9
12301,2026-01-26,NDLS,CNB,2026-01-26 06:27:00,2026-01-26 06:27:00,2026-01-26 06:44:00,17.2,17.2,1150.0,920.0,947.7
12301,2026-01-26,CNB,PRYJ,2026-01-26 09:48:00,2026-01-26 09:48:00,2026-01-26 10:13:00,25.4,25.4,920.0,736.0,758.5
12301,2026-01-26,PRYJ,DDU,2026-01-26 13:17:00,2026-01-26 13:17:00,2026-01-26 13:34:00,17.6,17.6,690.0,552.0,578.0
12301,2026-01-26,DDU,GKP,2026-01-26 16:38:00,2026-01-26 16:38:00,2026-01-26 16:59:00,21.6,21.6,499.1,399.3,426.0
12301,2026-01-26,GKP,HWH,2026-01-26 20:03:00,2026-01-26 20:03:00,2026-01-26 20:25:00,23.0,23.0,68.6,54.9,79.6
12302,2026-01-26,HWH,GKP,2026-01-26 05:44:00,2026-01-26 05:44:00,2026-01-26 05:54:00,10.2,10.2,1150.0,920.0,948.8
12302,2026-01-26,GKP,DDU,2026-01-26 08:58:00,2026-01-26 08:58:00,2026-01-26 09:34:00,36.2,36.2,920.0,736.0,785.5
12302,2026-01-26,DDU,PRYJ,2026-01-26 12:38:00,2026-01-26 12:38:00,2026-01-26 13:18:00,40.9,40.9,690.0,552.0,593.2
12302,2026-01-26,PRYJ,CNB,2026-01-26 16:22:00,2026-01-26 16:22:00,2026-01-26 17:11:00,49.3,49.3,499.4,399.5,460.3
12302,2026-01-26,CNB,NDLS,2026-01-26 20:15:00,2026-01-26 20:15:00,2026-01-26 21:14:00,59.6,59.6,179.8,143.8,188.7
12951,2026-01-26,BCT,ST,2026-01-26 06:01:00,2026-01-26 06:01:00,2026-01-26 06:29:00,28.2,28.2,1150.0,920.0,968.5
12951,2026-01-26,ST,BRC,2026-01-26 09:33:00,2026-01-26 09:33:00,2026-01-26 10:15:00,42.6,42.6,920.0,736.0,782.5
12951,2026-01-26,BRC,RTM,2026-01-26 13:19:00,2026-01-26 13:19:00,2026-01-26 14:14:00,55.8,55.8,690.0,552.0,606.1
12951,2026-01-26,RTM,KOTA,2026-01-26 17:18:00,2026-01-26 17:18:00,2026-01-26 18:23:00,65.2,65.2,505.5,404.4,481.6
12951,2026-01-26,KOTA,NDLS,2026-01-26 21:27:00,2026-01-26 21:27:00,2026-01-26 22:42:00,75.0,75.0,112.2,89.8,167.9
12952,2026-01-26,NDLS,KOTA,2026-01-26 05:39:00,2026-01-26 05:39:00,2026-01-26 06:20:00,41.7,41.7,1150.0,920.0,956.1
12952,2026-01-26,KOTA,RTM,2026-01-26 09:24:00,2026-01-26 09:24:00,2026-01-26 10:06:00,42.7,42.7,920.0,736.0,790.3
12952,2026-01-26,RTM,BRC,2026-01-26 13:10:00,2026-01-26 13:10:00,2026-01-26 13:54:00,44.8,44.8,690.0,552.0,616.9
12952,2026-01-26,BRC,ST,2026-01-26 16:58:00,2026-01-26 16:58:00,2026-01-26 17:49:00,51.6,51.6,489.0,391.2,461.4
12952,2026-01-26,ST,BCT,2026-01-26 20:53:00,2026-01-26 20:53:00,2026-01-26 21:42:00,49.3,49.3,126.7,101.4,166.8
12004,2026-01-26,NDLS,GZB,2026-01-26 06:38:00,2026-01-26 06:38:00,2026-01-26 07:29:00,51.9,51.9,1150.0,920.0,969.0
12004,2026-01-26,GZB,ALJN,2026-01-26 10:33:00,2026-01-26 10:33:00,2026-01-26 11:38:00,65.4,65.4,920.0,736.0,794.7
12004,2026-01-26,ALJN,TDL,2026-01-26 14:42:00,2026-01-26 14:42:00,2026-01-26 16:02:00,80.8,80.8,690.0,552.0,644.7
12004,2026-01-26,TDL,CNB,2026-01-26 19:06:00,2026-01-26 19:06:00,2026-01-26 21:21:00,135.4,135.4,369.4,295.5,409.2
12004,2026-01-26,CNB,LKO,2026-01-27 00:25:00,2026-01-27 00:25:00,2026-01-27 02:49:00,144.3,144.3,147.4,117.9,248.9
12626,2026-01-26,NDLS,AGC,2026-01-26 05:56:00,2026-01-26 05:56:00,2026-01-26 06:35:00,39.6,39.6,1150.0,920.0,951.5
12626,2026-01-26,AGC,VGLJ,2026-01-26 09:39:00,2026-01-26 09:39:00,2026-01-26 10:19:00,40.8,40.8,920.0,736.0,796.5
12626,2026-01-26,VGLJ,BPL,2026-01-26 13:23:00,2026-01-26 13:23:00,2026-01-26 14:13:00,50.3,50.3,690.0,552.0,610.0
12626,2026-01-26,BPL,NGP,2026-01-26 17:17:00,2026-01-26 17:17:00,2026-01-26 18:24:00,67.4,67.4,444.6,355.7,416.1
12626,2026-01-26,NGP,MAS,2026-01-26 21:28:00,2026-01-26 21:28:00,2026-01-26 22:42:00,74.4,74.4,77.2,61.8,126.3
12424,2026-01-26,NDLS,CNB,2026-01-26 06:11:00,2026-01-26 06:11:00,2026-01-26 06:51:00,40.0,40.0,1150.0,920.0,976.1
12424,2026-01-26,CNB,PRYJ,2026-01-26 09:55:00,2026-01-26 09:55:00,2026-01-26 10:40:00,45.9,45.9,920.0,736.0,780.3
12424,2026-01-26,PRYJ,DDU,2026-01-26 13:44:00,2026-01-26 13:44:00,2026-01-26 14:37:00,53.5,53.5,690.0,552.0,594.6
12424,2026-01-26,DDU,PPTA,2026-01-26 17:41:00,2026-01-26 17:41:00,2026-01-26 19:26:00,105.6,105.6,380.9,304.7,409.3
12424,2026-01-26,PPTA,GHY,2026-01-26 22:30:00,2026-01-26 22:30:00,2026-01-27 00:16:00,106.6,106.6,178.5,142.8,254.4
12260,2026-01-26,NDLS,CNB,2026-01-26 06:36:00,2026-01-26 06:36:00,2026-01-26 06:55:00,19.2,19.2,1150.0,920.0,966.5
12260,2026-01-26,CNB,PRYJ,2026-01-26 10:45:00,2026-01-26 10:45:00,2026-01-26 11:11:00,27.0,27.0,862.5,690.0,730.8
12260,2026-01-26,PRYJ,DDU,2026-01-26 15:01:00,2026-01-26 15:01:00,2026-01-26 16:15:00,74.1,74.1,280.5,224.4,293.3
12260,2026-01-26,DDU,HWH,2026-01-26 20:05:00,2026-01-26 20:05:00,2026-01-26 21:24:00,79.3,79.3,118.3,94.6,175.7
12926,2026-01-26,BCT,BRC,2026-01-26 06:52:00,2026-01-26 06:52:00,2026-01-26 06:55:00,3.4,3.4,1150.0,920.0,942.2
12926,2026-01-26,BRC,RTM,2026-01-26 09:59:00,2026-01-26 09:59:00,2026-01-26 10:48:00,49.9,49.9,920.0,736.0,786.3
12926,2026-01-26,RTM,KOTA,2026-01-26 13:52:00,2026-01-26 13:52:00,2026-01-26 15:14:00,82.7,82.7,690.0,552.0,635.3
12926,2026-01-26,KOTA,NDLS,2026-01-26 18:18:00,2026-01-26 18:18:00,2026-01-26 20:17:00,119.6,119.6,277.4,221.9,324.8
12926,2026-01-26,NDLS,ASR,2026-01-26 23:21:00,2026-01-26 23:21:00,2026-01-27 01:24:00,123.4,123.4,62.0,49.6,163.3
12627,2026-01-26,SBC,DMM,2026-01-26 06:42:00,2026-01-26 06:42:00,2026-01-26 07:13:00,31.9,31.9,1150.0,920.0,950.0
12627,2026-01-26,DMM,GTL,2026-01-26 10:17:00,2026-01-26 10:17:00,2026-01-26 11:45:00,88.8,88.8,920.0,736.0,823.2
12627,2026-01-26,GTL,SC,2026-01-26 14:49:00,2026-01-26 14:49:00,2026-01-26 16:23:00,95.0,95.0,690.0,552.0,647.7
12627,2026-01-26,SC,NGP,2026-01-26 19:27:00,2026-01-26 19:27:00,2026-01-26 21:21:00,114.5,114.5,292.0,233.6,344.6
12627,2026-01-26,NGP,NDLS,2026-01-27 00:25:00,2026-01-27 00:25:00,2026-01-27 02:29:00,124.6,124.6,104.1,83.3,196.6
12301,2026-01-27,NDLS,CNB,2026-01-27 06:00:00,2026-01-27 06:00:00,2026-01-27 07:11:00,71.3,71.3,1150.0,920.0,989.1
12301,2026-01-27,CNB,PRYJ,2026-01-27 10:15:00,2026-01-27 10:15:00,2026-01-27 11:33:00,78.0,78.0,920.0,736.0,826.5
12301,2026-01-27,PRYJ,DDU,2026-01-27 14:37:00,2026-01-27 14:37:00,2026-01-27 16:08:00,91.7,91.7,690.0,552.0,640.7
12301,2026-01-27,DDU,GKP,2026-01-27 19:12:00,2026-01-27 19:12:00,2026-01-27 20:45:00,93.4,93.4,441.2,353.0,423.6
12301,2026-01-27,GKP,HWH,2026-01-27 23:49:00,2026-01-27 23:49:00,2026-01-28 01:24:00,95.3,95.3,129.6,103.7,195.8
12302,2026-01-27,HWH,GKP,2026-01-27 06:05:00,2026-01-27 06:05:00,2026-01-27 06:23:00,18.9,18.9,1150.0,920.0,943.9
12302,2026-01-27,GKP,DDU,2026-01-27 09:27:00,2026-01-27 09:27:00,2026-01-27 10:44:00,77.4,77.4,920.0,736.0,821.7
12302,2026-01-27,DDU,PRYJ,2026-01-27 13:48:00,2026-01-27 13:48:00,2026-01-27 15:10:00,82.4,82.4,690.0,552.0,631.0
12302,2026-01-27,PRYJ,CNB,2026-01-27 18:14:00,2026-01-27 18:14:00,2026-01-27 20:34:00,140.7,140.7,370.3,296.2,434.1
12302,2026-01-27,CNB,NDLS,2026-01-27 23:38:00,2026-01-27 23:38:00,2026-01-28 02:33:00,175.5,175.5,77.7,62.2,229.0
12951,2026-01-27,BCT,ST,2026-01-27 06:17:00,2026-01-27 06:17:00,2026-01-27 06:38:00,21.2,21.2,1150.0,920.0,941.3
12951,2026-01-27,ST,BRC,2026-01-27 09:42:00,2026-01-27 09:42:00,2026-01-27 10:42:00,60.6,60.6,920.0,736.0,786.8
12951,2026-01-27,BRC,RTM,2026-01-27 13:46:00,2026-01-27 13:46:00,2026-01-27 14:51:00,65.9,65.9,690.0,552.0,622.1
12951,2026-01-27,RTM,KOTA,2026-01-27 17:55:00,2026-01-27 17:55:00,2026-01-27 19:03:00,68.3,68.3,437.9,350.3,415.6
12951,2026-01-27,KOTA,NDLS,2026-01-27 22:07:00,2026-01-27 22:07:00,2026-01-27 23:52:00,105.5,105.5,136.9,109.5,207.7
12952,2026-01-27,NDLS,KOTA,2026-01-27 06:25:00,2026-01-27 06:25:00,2026-01-27 07:20:00,55.7,55.7,1150.0,920.0,988.4
12952,2026-01-27,KOTA,RTM,2026-01-27 10:24:00,2026-01-27 10:24:00,2026-01-27 12:10:00,106.1,106.1,920.0,736.0,832.3
12952,2026-01-27,RTM,BRC,2026-01-27 15:14:00,2026-01-27 15:14:00,2026-01-27 17:08:00,114.8,114.8,690.0,552.0,659.2
12952,2026-01-27,BRC,ST,2026-01-27 20:12:00,2026-01-27 20:12:00,2026-01-27 22:24:00,133.0,133.0,378.2,302.6,432.6
12952,2026-01-27,ST,BCT,2026-01-28 01:28:00,2026-01-28 01:28:00,2026-01-28 03:48:00,140.4,140.4,77.9,62.3,182.4
12004,2026-01-27,NDLS,GZB,2026-01-27 05:46:00,2026-01-27 05:46:00,2026-01-27 06:00:00,14.3,14.3,1150.0,920.0,937.7
12004,2026-01-27,GZB,ALJN,2026-01-27 09:04:00,2026-01-27 09:04:00,2026-01-27 09:23:00,19.1,19.1,920.0,736.0,784.2
12004,2026-01-27,ALJN,TDL,2026-01-27 12:27:00,2026-01-27 12:27:00,2026-01-27 13:00:00,33.9,33.9,690.0,552.0,591.2
12004,2026-01-27,TDL,CNB,2026-01-27 16:04:00,2026-01-27 16:04:00,2026-01-27 16:58:00,54.5,54.5,395.0,316.0,388.6
12004,2026-01-27,CNB,LKO,2026-01-27 20:02:00,2026-01-27 20:02:00,2026-01-27 21:04:00,62.4,62.4,51.3,41.0,112.2
12626,2026-01-27,NDLS,AGC,2026-01-27 06:58:00,2026-01-27 06:58:00,2026-01-27 07:32:00,34.8,34.8,1150.0,920.0,961.9
12626,2026-01-27,AGC,VGLJ,2026-01-27 10:36:00,2026-01-27 10:36:00,2026-01-27 11:16:00,40.4,40.4,920.0,736.0,771.2
12626,2026-01-27,VGLJ,BPL,2026-01-27 14:20:00,2026-01-27 14:20:00,2026-01-27 15:01:00,41.1,41.1,690.0,552.0,602.8
12626,2026-01-27,BPL,NGP,2026-01-27 18:05:00,2026-01-27 18:05:00,2026-01-27 19:53:00,108.9,108.9,341.2,273.0,391.1
12626,2026-01-27,NGP,MAS,2026-01-27 22:57:00,2026-01-27 22:57:00,2026-01-28 00:53:00,116.1,116.1,163.1,130.5,254.1
12424,2026-01-27,NDLS,CNB,2026-01-27 06:46:00,2026-01-27 06:46:00,2026-01-27 08:45:00,119.5,119.5,1150.0,920.0,1046.4
12424,2026-01-27,CNB,PRYJ,2026-01-27 11:49:00,2026-01-27 11:49:00,2026-01-27 13:49:00,120.4,120.4,920.0,736.0,838.7
12424,2026-01-27,PRYJ,DDU,2026-01-27 16:53:00,2026-01-27 16:53:00,2026-01-27 18:54:00,121.9,121.9,690.0,552.0,679.8
12424,2026-01-27,DDU,PPTA,2026-01-27 21:58:00,2026-01-27 21:58:00,2026-01-28 00:47:00,169.2,169.2,467.9,374.3,537.7
12424,2026-01-27,PPTA,GHY,2026-01-28 03:51:00,2026-01-28 03:51:00,2026-01-28 06:41:00,170.7,170.7,172.7,138.2,287.9
12260,2026-01-27,NDLS,CNB,2026-01-27 06:14:00,2026-01-27 06:14:00,2026-01-27 06:16:00,2.7,2.7,1150.0,920.0,940.3
12260,2026-01-27,CNB,PRYJ,2026-01-27 10:06:00,2026-01-27 10:06:00,2026-01-27 10:16:00,10.0,10.0,862.5,690.0,719.4
12260,2026-01-27,PRYJ,DDU,2026-01-27 14:06:00,2026-01-27 14:06:00,2026-01-27 14:23:00,17.0,17.0,314.5,251.6,263.1
12260,2026-01-27,DDU,HWH,2026-01-27 18:13:00,2026-01-27 18:13:00,2026-01-27 18:47:00,34.8,34.8,141.0,112.8,159.6
12926,2026-01-27,BCT,BRC,2026-01-27 06:58:00,2026-01-27 06:58:00,2026-01-27 07:10:00,12.3,12.3,1150.0,920.0,945.9
12926,2026-01-27,BRC,RTM,2026-01-27 10:14:00,2026-01-27 10:14:00,2026-01-27 11:28:00,74.4,74.4,920.0,736.0,812.0
12926,2026-01-27,RTM,KOTA,2026-01-27 14:32:00,2026-01-27 14:32:00,2026-01-27 16:23:00,111.1,111.1,690.0,552.0,658.6
12926,2026-01-27,KOTA,NDLS,2026-01-27 19:27:00,2026-01-27 19:27:00,2026-01-27 21:34:00,127.2,127.2,544.7,435.8,565.6
12926,2026-01-27,NDLS,ASR,2026-01-28 00:38:00,2026-01-28 00:38:00,2026-01-28 02:37:00,119.9,119.9,176.9,141.5,271.1
12627,2026-01-27,SBC,DMM,2026-01-27 06:22:00,2026-01-27 06:22:00,2026-01-27 06:29:00,7.4,7.4,1150.0,920.0,954.5
12627,2026-01-27,DMM,GTL,2026-01-27 09:33:00,2026-01-27 09:33:00,2026-01-27 09:41:00,8.7,8.7,920.0,736.0,749.3
12627,2026-01-27,GTL,SC,2026-01-27 12:45:00,2026-01-27 12:45:00,2026-01-27 13:01:00,16.5,16.5,690.0,552.0,587.4
12627,2026-01-27,SC,NGP,2026-01-27 16:05:00,2026-01-27 16:05:00,2026-01-27 16:34:00,29.9,29.9,314.8,251.8,299.9
12627,2026-01-27,NGP,NDLS,2026-01-27 19:38:00,2026-01-27 19:38:00,2026-01-27 20:18:00,40.8,40.8,86.0,68.8,111.0
12301,2026-01-28,NDLS,CNB,2026-01-28 05:57:00,2026-01-28 05:57:00,2026-01-28 06:04:00,7.8,7.8,1150.0,920.0,943.6
12301,2026-01-28,CNB,PRYJ,2026-01-28 09:08:00,2026-01-28 09:08:00,2026-01-28 09:48:00,40.2,40.2,920.0,736.0,781.0
12301,2026-01-28,PRYJ,DDU,2026-01-28 12:52:00,2026-01-28 12:52:00,2026-01-28 13:45:00,53.7,53.7,690.0,552.0,611.8
12301,2026-01-28,DDU,GKP,2026-01-28 16:49:00,2026-01-28 16:49:00,2026-01-28 18:41:00,112.1,112.1,295.2,236.2,340.3
12301,2026-01-28,GKP,HWH,2026-01-28 21:45:00,2026-01-28 21:45:00,2026-01-28 23:37:00,112.1,112.1,63.7,51.0,138.8
12302,2026-01-28,HWH,GKP,2026-01-28 05:50:00,2026-01-28 05:50:00,2026-01-28 05:52:00,2.6,2.6,1150.0,920.0,937.1
12302,2026-01-28,GKP,DDU,2026-01-28 08:56:00,2026-01-28 08:56:00,2026-01-28 09:08:00,12.9,12.9,920.0,736.0,754.5
12302,2026-01-28,DDU,PRYJ,2026-01-28 12:12:00,2026-01-28 12:12:00,2026-01-28 12:41:00,29.2,29.2,690.0,552.0,577.5
12302,2026-01-28,PRYJ,CNB,2026-01-28 15:45:00,2026-01-28 15:45:00,2026-01-28 16:49:00,64.5,64.5,524.4,419.5,516.8
12302,2026-01-28,CNB,NDLS,2026-01-28 19:53:00,2026-01-28 19:53:00,2026-01-28 21:36:00,103.6,103.6,165.9,132.7,232.3
12951,2026-01-28,BCT,ST,2026-01-28 06:29:00,2026-01-28 06:29:00,2026-01-28 07:20:00,51.0,51.0,1150.0,920.0,969.7
12951,2026-01-28,ST,BRC,2026-01-28 10:24:00,2026-01-28 10:24:00,2026-01-28 12:08:00,104.2,104.2,920.0,736.0,842.6
12951,2026-01-28,BRC,RTM,2026-01-28 15:12:00,2026-01-28 15:12:00,2026-01-28 17:42:00,150.6,150.6,690.0,552.0,674.7
12951,2026-01-28,RTM,KOTA,2026-01-28 20:46:00,2026-01-28 20:46:00,2026-01-28 23:31:00,165.8,165.8,455.6,364.5,526.8
12951,2026-01-28,KOTA,NDLS,2026-01-29 02:35:00,2026-01-29 02:35:00,2026-01-29 05:21:00,166.6,166.6,104.4,83.5,236.4
12952,2026-01-28,NDLS,KOTA,2026-01-28 06:47:00,2026-01-28 06:47:00,2026-01-28 07:24:00,37.4,37.4,1150.0,920.0,987.6
12952,2026-01-28,KOTA,RTM,2026-01-28 10:28:00,2026-01-28 10:28:00,2026-01-28 11:11:00,43.3,43.3,920.0,736.0,782.3
12952,2026-01-28,RTM,BRC,2026-01-28 14:15:00,2026-01-28 14:15:00,2026-01-28 16:12:00,117.9,117.9,690.0,552.0,688.9
12952,2026-01-28,BRC,ST,2026-01-28 19:16:00,2026-01-28 19:16:00,2026-01-28 21:58:00,162.1,162.1,445.2,356.2,498.1
12952,2026-01-28,ST,BCT,2026-01-29 01:02:00,2026-01-29 01:02:00,2026-01-29 03:48:00,166.4,166.4,140.5,112.4,258.9
12004,2026-01-28,NDLS,GZB,2026-01-28 06:01:00,2026-01-28 06:01:00,2026-01-28 06:32:00,31.6,31.6,1150.0,920.0,955.8
12004,2026-01-28,GZB,ALJN,2026-01-28 09:36:00,2026-01-28 09:36:00,2026-01-28 10:12:00,36.2,36.2,920.0,736.0,769.3
12004,2026-01-28,ALJN,TDL,2026-01-28 13:16:00,2026-01-28 13:16:00,2026-01-28 14:00:00,45.0,45.0,690.0,552.0,600.5
12004,2026-01-28,TDL,CNB,2026-01-28 17:04:00,2026-01-28 17:04:00,2026-01-28 17:55:00,51.2,51.2,222.0,177.6,223.8
12004,2026-01-28,CNB,LKO,2026-01-28 20:59:00,2026-01-28 20:59:00,2026-01-28 21:50:00,51.2,51.2,150.4,120.3,171.2
12626,2026-01-28,NDLS,AGC,2026-01-28 06:38:00,2026-01-28 06:38:00,2026-01-28 07:46:00,68.2,68.2,1150.0,920.0,977.1
12626,2026-01-28,AGC,VGLJ,2026-01-28 10:50:00,2026-01-28 10:50:00,2026-01-28 12:05:00,75.7,75.7,920.0,736.0,814.4
12626,2026-01-28,VGLJ,BPL,2026-01-28 15:09:00,2026-01-28 15:09:00,2026-01-28 16:30:00,81.9,81.9,690.0,552.0,626.3
12626,2026-01-28,BPL,NGP,2026-01-28 19:34:00,2026-01-28 19:34:00,2026-01-28 21:03:00,89.6,89.6,263.8,211.0,300.6
12626,2026-01-28,NGP,MAS,2026-01-29 00:07:00,2026-01-29 00:07:00,2026-01-29 01:45:00,98.5,98.5,98.5,78.8,176.9
12424,2026-01-28,NDLS,CNB,2026-01-28 05:40:00,2026-01-28 05:40:00,2026-01-28 05:50:00,10.2,10.2,1150.0,920.0,941.2
12424,2026-01-28,CNB,PRYJ,2026-01-28 08:54:00,2026-01-28 08:54:00,2026-01-28 09:12:00,18.3,18.3,920.0,736.0,768.8
12424,2026-01-28,PRYJ,DDU,2026-01-28 12:16:00,2026-01-28 12:16:00,2026-01-28 12:42:00,26.3,26.3,690.0,552.0,580.2
12424,2026-01-28,DDU,PPTA,2026-01-28 15:46:00,2026-01-28 15:46:00,2026-01-28 16:15:00,29.8,29.8,474.2,379.4,415.0
12424,2026-01-28,PPTA,GHY,2026-01-28 19:19:00,2026-01-28 19:19:00,2026-01-28 20:28:00,69.6,69.6,92.4,73.9,148.0
12260,2026-01-28,NDLS,CNB,2026-01-28 06:28:00,2026-01-28 06:28:00,2026-01-28 07:36:00,68.7,68.7,1150.0,920.0,1001.0
12260,2026-01-28,CNB,PRYJ,2026-01-28 11:26:00,2026-01-28 11:26:00,2026-01-28 12:52:00,86.8,86.8,862.5,690.0,772.2
12260,2026-01-28,PRYJ,DDU,2026-01-28 16:42:00,2026-01-28 16:42:00,2026-01-28 18:13:00,91.5,91.5,439.3,351.4,427.8
12260,2026-01-28,DDU,HWH,2026-01-28 22:03:00,2026-01-28 22:03:00,2026-01-28 23:56:00,113.1,113.1,127.8,102.2,225.4
12926,2026-01-28,BCT,BRC,2026-01-28 05:50:00,2026-01-28 05:50:00,2026-01-28 06:08:00,18.7,18.7,1150.0,920.0,938.2
12926,2026-01-28,BRC,RTM,2026-01-28 09:12:00,2026-01-28 09:12:00,2026-01-28 09:35:00,23.0,23.0,920.0,736.0,767.1
12926,2026-01-28,RTM,KOTA,2026-01-28 12:39:00,2026-01-28 12:39:00,2026-01-28 13:54:00,75.4,75.4,690.0,552.0,643.4
12926,2026-01-28,KOTA,NDLS,2026-01-28 16:58:00,2026-01-28 16:58:00,2026-01-28 18:24:00,86.1,86.1,269.0,215.2,302.8
12926,2026-01-28,NDLS,ASR,2026-01-28 21:28:00,2026-01-28 21:28:00,2026-01-28 22:56:00,88.8,88.8,157.5,126.0,211.9
12627,2026-01-28,SBC,DMM,2026-01-28 05:59:00,2026-01-28 05:59:00,2026-01-28 06:12:00,13.4,13.4,1150.0,920.0,949.0
12627,2026-01-28,DMM,GTL,2026-01-28 09:16:00,2026-01-28 09:16:00,2026-01-28 10:10:00,54.3,54.3,920.0,736.0,805.9
12627,2026-01-28,GTL,SC,2026-01-28 13:14:00,2026-01-28 13:14:00,2026-01-28 14:22:00,68.8,68.8,690.0,552.0,618.1
12627,2026-01-28,SC,NGP,2026-01-28 17:26:00,2026-01-28 17:26:00,2026-01-28 18:40:00,74.4,74.4,351.4,281.1,351.7
12627,2026-01-28,NGP,NDLS,2026-01-28 21:44:00,2026-01-28 21:44:00,2026-01-28 23:35:00,111.3,111.3,76.7,61.4,162.2
12301,2026-01-29,NDLS,CNB,2026-01-29 06:06:00,2026-01-29 06:06:00,2026-01-29 07:09:00,63.2,63.2,1150.0,920.0,980.9
12301,2026-01-29,CNB,PRYJ,2026-01-29 10:13:00,2026-01-29 10:13:00,2026-01-29 11:18:00,65.0,65.0,920.0,736.0,802.7
12301,2026-01-29,PRYJ,DDU,2026-01-29 14:22:00,2026-01-29 14:22:00,2026-01-29 15:43:00,81.6,81.6,690.0,552.0,613.6
12301,2026-01-29,DDU,GKP,2026-01-29 18:47:00,2026-01-29 18:47:00,2026-01-29 20:19:00,92.6,92.6,261.3,209.0,294.4
12301,2026-01-29,GKP,HWH,2026-01-29 23:23:00,2026-01-29 23:23:00,2026-01-30 00:59:00,96.8,96.8,146.3,117.0,224.0
12302,2026-01-29,HWH,GKP,2026-01-29 06:11:00,2026-01-29 06:11:00,2026-01-29 06:11:00,0.5,0.5,1150.0,920.0,927.6
12302,2026-01-29,GKP,DDU,2026-01-29 09:15:00,2026-01-29 09:15:00,2026-01-29 09:20:00,5.9,5.9,920.0,736.0,757.3
12302,2026-01-29,DDU,PRYJ,2026-01-29 12:24:00,2026-01-29 12:24:00,2026-01-29 13:35:00,71.9,71.9,690.0,552.0,630.5
12302,2026-01-29,PRYJ,CNB,2026-01-29 16:39:00,2026-01-29 16:39:00,2026-01-29 17:51:00,72.2,72.2,506.8,405.4,478.0
12302,2026-01-29,CNB,NDLS,2026-01-29 20:55:00,2026-01-29 20:55:00,2026-01-29 22:06:00,71.9,71.9,140.4,112.3,189.5
12951,2026-01-29,BCT,ST,2026-01-29 06:40:00,2026-01-29 06:40:00,2026-01-29 08:28:00,108.3,108.3,1150.0,920.0,1039.5
12951,2026-01-29,ST,BRC,2026-01-29 11:32:00,2026-01-29 11:32:00,2026-01-29 13:27:00,115.8,115.8,920.0,736.0,845.6
12951,2026-01-29,BRC,RTM,2026-01-29 16:31:00,2026-01-29 16:31:00,2026-01-29 18:32:00,122.0,122.0,690.0,552.0,668.6
12951,2026-01-29,RTM,KOTA,2026-01-29 21:36:00,2026-01-29 21:36:00,2026-01-29 23:49:00,133.3,133.3,430.0,344.0,476.3
12951,2026-01-29,KOTA,NDLS,2026-01-30 02:53:00,2026-01-30 02:53:00,2026-01-30 05:14:00,141.0,141.0,133.7,107.0,243.0
12952,2026-01-29,NDLS,KOTA,2026-01-29 06:41:00,2026-01-29 06:41:00,2026-01-29 06:54:00,13.0,13.0,1150.0,920.0,933.5
12952,2026-01-29,KOTA,RTM,2026-01-29 09:58:00,2026-01-29 09:58:00,2026-01-29 10:43:00,45.4,45.4,920.0,736.0,790.6
12952,2026-01-29,RTM,BRC,2026-01-29 13:47:00,2026-01-29 13:47:00,2026-01-29 15:15:00,88.8,88.8,690.0,552.0,632.5
12952,2026-01-29,BRC,ST,2026-01-29 18:19:00,2026-01-29 18:19:00,2026-01-29 20:12:00,113.8,113.8,505.6,404.5,526.2
12952,2026-01-29,ST,BCT,2026-01-29 23:16:00,2026-01-29 23:16:00,2026-01-30 01:07:00,111.4,111.4,137.5,110.0,216.4
12004,2026-01-29,NDLS,GZB,2026-01-29 06:11:00,2026-01-29 06:11:00,2026-01-29 06:35:00,25.0,25.0,1150.0,920.0,940.9
12004,2026-01-29,GZB,ALJN,2026-01-29 09:39:00,2026-01-29 09:39:00,2026-01-29 10:57:00,78.3,78.3,920.0,736.0,812.6
12004,2026-01-29,ALJN,TDL,2026-01-29 14:01:00,2026-01-29 14:01:00,2026-01-29 16:09:00,128.1,128.1,690.0,552.0,676.1
12004,2026-01-29,TDL,CNB,2026-01-29 19:13:00,2026-01-29 19:13:00,2026-01-29 21:43:00,150.8,150.8,515.3,412.2,562.0
12004,2026-01-29,CNB,LKO,2026-01-30 00:47:00,2026-01-30 00:47:00,2026-01-30 03:19:00,152.8,152.8,54.8,43.8,184.1
12626,2026-01-29,NDLS,AGC,2026-01-29 06:54:00,2026-01-29 06:54:00,2026-01-29 07:30:00,36.7,36.7,1150.0,920.0,952.2
12626,2026-01-29,AGC,VGLJ,2026-01-29 10:34:00,2026-01-29 10:34:00,2026-01-29 11:10:00,36.4,36.4,920.0,736.0,778.8
12626,2026-01-29,VGLJ,BPL,2026-01-29 14:14:00,2026-01-29 14:14:00,2026-01-29 16:00:00,106.4,106.4,690.0,552.0,643.9
12626,2026-01-29,BPL,NGP,2026-01-29 19:04:00,2026-01-29 19:04:00,2026-01-29 21:52:00,168.2,168.2,532.0,425.6,587.2
12626,2026-01-29,NGP,MAS,2026-01-30 00:56:00,2026-01-30 00:56:00,2026-01-30 04:08:00,192.3,192.3,68.1,54.5,223.4
12424,2026-01-29,NDLS,CNB,2026-01-29 06:30:00,2026-01-29 06:30:00,2026-01-29 07:21:00,51.1,51.1,1150.0,920.0,982.1
12424,2026-01-29,CNB,PRYJ,2026-01-29 10:25:00,2026-01-29 10:25:00,2026-01-29 11:14:00,49.7,49.7,920.0,736.0,785.9
12424,2026-01-29,PRYJ,DDU,2026-01-29 14:18:00,2026-01-29 14:18:00,2026-01-29 15:13:00,55.7,55.7,690.0,552.0,610.5
12424,2026-01-29,DDU,PPTA,2026-01-29 18:17:00,2026-01-29 18:17:00,2026-01-29 19:12:00,55.5,55.5,542.7,434.2,483.0
12424,2026-01-29,PPTA,GHY,2026-01-29 22:16:00,2026-01-29 22:16:00,2026-01-29 23:10:00,54.3,54.3,77.7,62.2,129.2
12260,2026-01-29,NDLS,CNB,2026-01-29 06:30:00,2026-01-29 06:30:00,2026-01-29 07:07:00,37.9,37.9,1150.0,920.0,960.4
12260,2026-01-29,CNB,PRYJ,2026-01-29 10:57:00,2026-01-29 10:57:00,2026-01-29 12:24:00,87.9,87.9,862.5,690.0,768.9
12260,2026-01-29,PRYJ,DDU,2026-01-29 16:14:00,2026-01-29 16:14:00,2026-01-29 17:51:00,97.6,97.6,250.9,200.7,299.1
12260,2026-01-29,DDU,HWH,2026-01-29 21:41:00,2026-01-29 21:41:00,2026-01-30 00:11:00,150.6,150.6,69.7,55.8,199.8
12926,2026-01-29,BCT,BRC,2026-01-29 06:09:00,2026-01-29 06:09:00,2026-01-29 06:36:00,27.8,27.8,1150.0,920.0,967.3
12926,2026-01-29,BRC,RTM,2026-01-29 09:40:00,2026-01-29 09:40:00,2026-01-29 10:21:00,42.0,42.0,920.0,736.0,785.4
12926,2026-01-29,RTM,KOTA,2026-01-29 13:25:00,2026-01-29 13:25:00,2026-01-29 14:22:00,57.8,57.8,690.0,552.0,630.8
12926,2026-01-29,KOTA,NDLS,2026-01-29 17:26:00,2026-01-29 17:26:00,2026-01-29 18:35:00,69.4,69.4,229.0,183.2,263.4
12926,2026-01-29,NDLS,ASR,2026-01-29 21:39:00,2026-01-29 21:39:00,2026-01-29 23:02:00,83.6,83.6,55.4,44.3,121.4
12627,2026-01-29,SBC,DMM,2026-01-29 06:42:00,2026-01-29 06:42:00,2026-01-29 07:53:00,71.5,71.5,1150.0,920.0,1008.3
12627,2026-01-29,DMM,GTL,2026-01-29 10:57:00,2026-01-29 10:57:00,2026-01-29 12:20:00,83.5,83.5,920.0,736.0,832.6
12627,2026-01-29,GTL,SC,2026-01-29 15:24:00,2026-01-29 15:24:00,2026-01-29 16:56:00,92.4,92.4,690.0,552.0,660.0
12627,2026-01-29,SC,NGP,2026-01-29 20:00:00,2026-01-29 20:00:00,2026-01-29 21:45:00,105.4,105.4,488.8,391.0,508.9
12627,2026-01-29,NGP,NDLS,2026-01-30 00:49:00,2026-01-30 00:49:00,2026-01-30 02:31:00,102.7,102.7,116.6,93.3,196.6
12301,2026-01-30,NDLS,CNB,2026-01-30 06:09:00,2026-01-30 06:09:00,2026-01-30 06:33:00,24.2,24.2,1150.0,920.0,944.6
12301,2026-01-30,CNB,PRYJ,2026-01-30 09:37:00,2026-01-30 09:37:00,2026-01-30 09:59:00,22.6,22.6,920.0,736.0,770.3
12301,2026-01-30,PRYJ,DDU,2026-01-30 13:03:00,2026-01-30 13:03:00,2026-01-30 13:48:00,46.0,46.0,690.0,552.0,617.9
12301,2026-01-30,DDU,GKP,2026-01-30 16:52:00,2026-01-30 16:52:00,2026-01-30 18:24:00,92.5,92.5,359.7,287.8,368.9
12301,2026-01-30,GKP,HWH,2026-01-30 21:28:00,2026-01-30 21:28:00,2026-01-30 23:04:00,96.4,96.4,171.1,136.9,216.1
12302,2026-01-30,HWH,GKP,2026-01-30 05:58:00,2026-01-30 05:58:00,2026-01-30 06:22:00,24.9,24.9,1150.0,920.0,947.4
12302,2026-01-30,GKP,DDU,2026-01-30 09:26:00,2026-01-30 09:26:00,2026-01-30 10:05:00,39.5,39.5,920.0,736.0,797.3
12302,2026-01-30,DDU,PRYJ,2026-01-30 13:09:00,2026-01-30 13:09:00,2026-01-30 13:50:00,41.7,41.7,690.0,552.0,594.9
12302,2026-01-30,PRYJ,CNB,2026-01-30 16:54:00,2026-01-30 16:54:00,2026-01-30 17:34:00,40.8,40.8,334.9,267.9,322.7
12302,2026-01-30,CNB,NDLS,2026-01-30 20:38:00,2026-01-30 20:38:00,2026-01-30 21:12:00,35.0,35.0,149.1,119.3,153.3
12951,2026-01-30,BCT,ST,2026-01-30 06:32:00,2026-01-30 06:32:00,2026-01-30 07:02:00,30.4,30.4,1150.0,920.0,957.9
12951,2026-01-30,ST,BRC,2026-01-30 10:06:00,2026-01-30 10:06:00,2026-01-30 11:31:00,85.7,85.7,920.0,736.0,801.5
12951,2026-01-30,BRC,RTM,2026-01-30 14:35:00,2026-01-30 14:35:00,2026-01-30 16:13:00,98.5,98.5,690.0,552.0,655.4
12951,2026-01-30,RTM,KOTA,2026-01-30 19:17:00,2026-01-30 19:17:00,2026-01-30 21:08:00,111.2,111.2,459.3,367.4,472.4
12951,2026-01-30,KOTA,NDLS,2026-01-31 00:12:00,2026-01-31 00:12:00,2026-01-31 02:09:00,117.6,117.6,71.2,57.0,155.6
12952,2026-01-30,NDLS,KOTA,2026-01-30 05:42:00,2026-01-30 05:42:00,2026-01-30 05:48:00,7.0,7.0,1150.0,920.0,923.8
12952,2026-01-30,KOTA,RTM,2026-01-30 08:52:00,2026-01-30 08:52:00,2026-01-30 09:00:00,8.4,8.4,920.0,736.0,768.7
12952,2026-01-30,RTM,BRC,2026-01-30 12:04:00,2026-01-30 12:04:00,2026-01-30 12:27:00,23.1,23.1,690.0,552.0,596.6
12952,2026-01-30,BRC,ST,2026-01-30 15:31:00,2026-01-30 15:31:00,2026-01-30 15:59:00,28.9,28.9,340.6,272.5,295.5
12952,2026-01-30,ST,BCT,2026-01-30 19:03:00,2026-01-30 19:03:00,2026-01-30 20:16:00,73.2,73.2,108.5,86.8,162.7
12004,2026-01-30,NDLS,GZB,2026-01-30 05:37:00,2026-01-30 05:37:00,2026-01-30 06:48:00,71.4,71.4,1150.0,920.0,1002.3
12004,2026-01-30,GZB,ALJN,2026-01-30 09:52:00,2026-01-30 09:52:00,2026-01-30 11:08:00,76.7,76.7,920.0,736.0,813.9
12004,2026-01-30,ALJN,TDL,2026-01-30 14:12:00,2026-01-30 14:12:00,2026-01-30 15:31:00,79.3,79.3,690.0,552.0,629.6
12004,2026-01-30,TDL,CNB,2026-01-30 18:35:00,2026-01-30 18:35:00,2026-01-30 21:01:00,146.9,146.9,540.6,432.5,580.4
12004,2026-01-30,CNB,LKO,2026-01-31 00:05:00,2026-01-31 00:05:00,2026-01-31 02:30:00,145.7,145.7,167.8,134.2,276.8
12626,2026-01-30,NDLS,AGC,2026-01-30 05:54:00,2026-01-30 05:54:00,2026-01-30 06:55:00,61.3,61.3,1150.0,920.0,983.5
12626,2026-01-30,AGC,VGLJ,2026-01-30 09:59:00,2026-01-30 09:59:00,2026-01-30 11:01:00,62.3,62.3,920.0,736.0,807.4
12626,2026-01-30,VGLJ,BPL,2026-01-30 14:05:00,2026-01-30 14:05:00,2026-01-30 15:20:00,75.1,75.1,690.0,552.0,625.6
12626,2026-01-30,BPL,NGP,2026-01-30 18:24:00,2026-01-30 18:24:00,2026-01-30 19:55:00,91.9,91.9,427.9,342.3,427.8
12626,2026-01-30,NGP,MAS,2026-01-30 22:59:00,2026-01-30 22:59:00,2026-01-31 00:43:00,104.3,104.3,145.7,116.6,208.9
12424,2026-01-30,NDLS,CNB,2026-01-30 05:53:00,2026-01-30 05:53:00,2026-01-30 05:58:00,5.3,5.3,1150.0,920.0,937.1
12424,2026-01-30,CNB,PRYJ,2026-01-30 09:02:00,2026-01-30 09:02:00,2026-01-30 09:11:00,9.7,9.7,920.0,736.0,761.3
12424,2026-01-30,PRYJ,DDU,2026-01-30 12:15:00,2026-01-30 12:15:00,2026-01-30 12:23:00,8.9,8.9,690.0,552.0,562.2
12424,2026-01-30,DDU,PPTA,2026-01-30 15:27:00,2026-01-30 15:27:00,2026-01-30 15:41:00,14.2,14.2,520.4,416.3,427.8
12424,2026-01-30,PPTA,GHY,2026-01-30 18:45:00,2026-01-30 18:45:00,2026-01-30 19:02:00,17.7,17.7,123.3,98.6,129.4
12260,2026-01-30,NDLS,CNB,2026-01-30 06:43:00,2026-01-30 06:43:00,2026-01-30 07:42:00,59.7,59.7,1150.0,920.0,999.3
12260,2026-01-30,CNB,PRYJ,2026-01-30 11:32:00,2026-01-30 11:32:00,2026-01-30 13:10:00,98.1,98.1,862.5,690.0,774.5
12260,2026-01-30,PRYJ,DDU,2026-01-30 17:00:00,2026-01-30 17:00:00,2026-01-30 19:27:00,147.5,147.5,547.8,438.2,583.4
12260,2026-01-30,DDU,HWH,2026-01-30 23:17:00,2026-01-30 23:17:00,2026-01-31 01:57:00,160.9,160.9,149.1,119.3,266.8
12926,2026-01-30,BCT,BRC,2026-01-30 05:30:00,2026-01-30 05:30:00,2026-01-30 05:40:00,10.3,10.3,1150.0,920.0,937.6
12926,2026-01-30,BRC,RTM,2026-01-30 08:44:00,2026-01-30 08:44:00,2026-01-30 09:28:00,44.5,44.5,920.0,736.0,792.4
12926,2026-01-30,RTM,KOTA,2026-01-30 12:32:00,2026-01-30 12:32:00,2026-01-30 13:24:00,52.8,52.8,690.0,552.0,608.4
12926,2026-01-30,KOTA,NDLS,2026-01-30 16:28:00,2026-01-30 16:28:00,2026-01-30 17:34:00,66.0,66.0,400.1,320.1,403.3
12926,2026-01-30,NDLS,ASR,2026-01-30 20:38:00,2026-01-30 20:38:00,2026-01-30 21:49:00,71.7,71.7,97.0,77.6,143.3
12627,2026-01-30,SBC,DMM,2026-01-30 05:49:00,2026-01-30 05:49:00,2026-01-30 06:24:00,35.3,35.3,1150.0,920.0,958.9
12627,2026-01-30,DMM,GTL,2026-01-30 09:28:00,2026-01-30 09:28:00,2026-01-30 10:26:00,58.4,58.4,920.0,736.0,814.3
12627,2026-01-30,GTL,SC,2026-01-30 13:30:00,2026-01-30 13:30:00,2026-01-30 14:39:00,69.4,69.4,690.0,552.0,619.4
12627,2026-01-30,SC,NGP,2026-01-30 17:43:00,2026-01-30 17:43:00,2026-01-30 19:00:00,77.3,77.3,335.2,268.2,342.5
12627,2026-01-30,NGP,NDLS,2026-01-30 22:04:00,2026-01-30 22:04:00,2026-01-30 23:24:00,80.4,80.4,76.2,61.0,138.0
12301,2026-01-31,NDLS,CNB,2026-01-31 06:28:00,2026-01-31 06:28:00,2026-01-31 07:57:00,89.8,89.8,1150.0,920.0,1013.2
12301,2026-01-31,CNB,PRYJ,2026-01-31 11:01:00,2026-01-31 11:01:00,2026-01-31 12:26:00,85.4,85.4,920.0,736.0,835.4
12301,2026-01-31,PRYJ,DDU,2026-01-31 15:30:00,2026-01-31 15:30:00,2026-01-31 17:09:00,99.5,99.5,690.0,552.0,635.6
12301,2026-01-31,DDU,GKP,2026-01-31 20:13:00,2026-01-31 20:13:00,2026-01-31 22:02:00,109.8,109.8,522.9,418.3,514.4
12301,2026-01-31,GKP,HWH,2026-02-01 01:06:00,2026-02-01 01:06:00,2026-02-01 03:47:00,161.4,161.4,109.2,87.4,233.3
12302,2026-01-31,HWH,GKP,2026-01-31 06:36:00,2026-01-31 06:36:00,2026-01-31 07:17:00,41.5,41.5,1150.0,920.0,966.4
12302,2026-01-31,GKP,DDU,2026-01-31 10:21:00,2026-01-31 10:21:00,2026-01-31 11:10:00,49.2,49.2,920.0,736.0,796.6
12302,2026-01-31,DDU,PRYJ,2026-01-31 14:14:00,2026-01-31 14:14:00,2026-01-31 15:31:00,77.1,77.1,690.0,552.0,640.2
12302,2026-01-31,PRYJ,CNB,2026-01-31 18:35:00,2026-01-31 18:35:00,2026-01-31 19:57:00,82.8,82.8,440.5,352.4,440.8
12302,2026-01-31,CNB,NDLS,2026-01-31 23:01:00,2026-01-31 23:01:00,2026-02-01 00:52:00,111.4,111.4,76.6,61.3,169.2
12951,2026-01-31,BCT,ST,2026-01-31 06:26:00,2026-01-31 06:26:00,2026-01-31 06:44:00,18.2,18.2,1150.0,920.0,953.3
12951,2026-01-31,ST,BRC,2026-01-31 09:48:00,2026-01-31 09:48:00,2026-01-31 10:50:00,62.5,62.5,920.0,736.0,809.0
12951,2026-01-31,BRC,RTM,2026-01-31 13:54:00,2026-01-31 13:54:00,2026-01-31 15:03:00,69.9,69.9,690.0,552.0,618.0
12951,2026-01-31,RTM,KOTA,2026-01-31 18:07:00,2026-01-31 18:07:00,2026-01-31 19:25:00,78.4,78.4,399.9,319.9,396.4
12951,2026-01-31,KOTA,NDLS,2026-01-31 22:29:00,2026-01-31 22:29:00,2026-02-01 00:05:00,96.1,96.1,120.6,96.5,198.4
12952,2026-01-31,NDLS,KOTA,2026-01-31 06:54:00,2026-01-31 06:54:00,2026-01-31 07:00:00,6.1,6.1,1150.0,920.0,933.2
12952,2026-01-31,KOTA,RTM,2026-01-31 10:04:00,2026-01-31 10:04:00,2026-01-31 10:11:00,7.6,7.6,920.0,736.0,755.4
12952,2026-01-31,RTM,BRC,2026-01-31 13:15:00,2026-01-31 13:15:00,2026-01-31 13:23:00,8.9,8.9,690.0,552.0,582.8
12952,2026-01-31,BRC,ST,2026-01-31 16:27:00,2026-01-31 16:27:00,2026-01-31 16:39:00,12.2,12.2,421.2,337.0,368.5
12952,2026-01-31,ST,BCT,2026-01-31 19:43:00,2026-01-31 19:43:00,2026-01-31 20:41:00,58.1,58.1,58.3,46.6,129.2
12004,2026-01-31,NDLS,GZB,2026-01-31 06:53:00,2026-01-31 06:53:00,2026-01-31 07:13:00,20.2,20.2,1150.0,920.0,942.4
12004,2026-01-31,GZB,ALJN,2026-01-31 10:17:00,2026-01-31 10:17:00,2026-01-31 10:50:00,33.8,33.8,920.0,736.0,778.0
12004,2026-01-31,ALJN,TDL,2026-01-31 13:54:00,2026-01-31 13:54:00,2026-01-31 14:32:00,38.2,38.2,690.0,552.0,598.5
12004,2026-01-31,TDL,CNB,2026-01-31 17:36:00,2026-01-31 17:36:00,2026-01-31 18:22:00,46.1,46.1,285.0,228.0,294.3
12004,2026-01-31,CNB,LKO,2026-01-31 21:26:00,2026-01-31 21:26:00,2026-01-31 22:20:00,54.1,54.1,154.3,123.4,179.5
12626,2026-01-31,NDLS,AGC,2026-01-31 05:45:00,2026-01-31 05:45:00,2026-01-31 06:18:00,33.3,33.3,1150.0,920.0,954.7
12626,2026-01-31,AGC,VGLJ,2026-01-31 09:22:00,2026-01-31 09:22:00,2026-01-31 09:52:00,30.6,30.6,920.0,736.0,765.7
12626,2026-01-31,VGLJ,BPL,2026-01-31 12:56:00,2026-01-31 12:56:00,2026-01-31 14:38:00,102.3,102.3,690.0,552.0,641.0
12626,2026-01-31,BPL,NGP,2026-01-31 17:42:00,2026-01-31 17:42:00,2026-01-31 19:49:00,128.0,128.0,528.4,422.7,542.6
12626,2026-01-31,NGP,MAS,2026-01-31 22:53:00,2026-01-31 22:53:00,2026-02-01 01:08:00,135.8,135.8,92.1,73.7,199.9
12424,2026-01-31,NDLS,CNB,2026-01-31 05:46:00,2026-01-31 05:46:00,2026-01-31 06:12:00,26.5,26.5,1150.0,920.0,968.8
12424,2026-01-31,CNB,PRYJ,2026-01-31 09:16:00,2026-01-31 09:16:00,2026-01-31 09:47:00,31.1,31.1,920.0,736.0,798.3
12424,2026-01-31,PRYJ,DDU,2026-01-31 12:51:00,2026-01-31 12:51:00,2026-01-31 13:28:00,38.0,38.0,690.0,552.0,607.3
12424,2026-01-31,DDU,PPTA,2026-01-31 16:32:00,2026-01-31 16:32:00,2026-01-31 17:27:00,55.1,55.1,343.7,275.0,322.7
12424,2026-01-31,PPTA,GHY,2026-01-31 20:31:00,2026-01-31 20:31:00,2026-01-31 22:20:00,109.1,109.1,153.5,122.8,233.1
12260,2026-01-31,NDLS,CNB,2026-01-31 06:49:00,2026-01-31 06:49:00,2026-01-31 08:15:00,86.4,86.4,1150.0,920.0,1005.0
12260,2026-01-31,CNB,PRYJ,2026-01-31 12:05:00,2026-01-31 12:05:00,2026-01-31 13:36:00,91.7,91.7,862.5,690.0,772.7
12260,2026-01-31,PRYJ,DDU,2026-01-31 17:26:00,2026-01-31 17:26:00,2026-01-31 19:06:00,100.8,100.8,265.6,212.5,296.1
12260,2026-01-31,DDU,HWH,2026-01-31 22:56:00,2026-01-31 22:56:00,2026-02-01 01:13:00,137.5,137.5,121.0,96.8,219.5
12926,2026-01-31,BCT,BRC,2026-01-31 06:46:00,2026-01-31 06:46:00,2026-01-31 06:52:00,6.6,6.6,1150.0,920.0,937.3
12926,2026-01-31,BRC,RTM,2026-01-31 09:56:00,2026-01-31 09:56:00,2026-01-31 10:31:00,35.1,35.1,920.0,736.0,777.5
12926,2026-01-31,RTM,KOTA,2026-01-31 13:35:00,2026-01-31 13:35:00,2026-01-31 14:24:00,49.0,49.0,690.0,552.0,604.4
12926,2026-01-31,KOTA,NDLS,2026-01-31 17:28:00,2026-01-31 17:28:00,2026-01-31 18:57:00,89.9,89.9,328.7,263.0,351.9
12926,2026-01-31,NDLS,ASR,2026-01-31 22:01:00,2026-01-31 22:01:00,2026-01-31 23:35:00,94.0,94.0,63.1,50.5,143.8
12627,2026-01-31,SBC,DMM,2026-01-31 06:12:00,2026-01-31 06:12:00,2026-01-31 06:37:00,25.4,25.4,1150.0,920.0,964.9
12627,2026-01-31,DMM,GTL,2026-01-31 09:41:00,2026-01-31 09:41:00,2026-01-31 10:04:00,23.6,23.6,920.0,736.0,764.4
12627,2026-01-31,GTL,SC,2026-01-31 13:08:00,2026-01-31 13:08:00,2026-01-31 14:33:00,85.2,85.2,690.0,552.0,632.5
12627,2026-01-31,SC,NGP,2026-01-31 17:37:00,2026-01-31 17:37:00,2026-01-31 19:10:00,93.5,93.5,331.4,265.1,348.6
12627,2026-01-31,NGP,NDLS,2026-01-31 22:14:00,2026-01-31 22:14:00,2026-01-31 23:58:00,104.6,104.6,103.1,82.5,198.3
12301,2026-02-01,NDLS,CNB,2026-02-01 05:58:00,2026-02-01 05:58:00,2026-02-01 07:07:00,69.5,69.5,1150.0,920.0,994.1
12301,2026-02-01,CNB,PRYJ,2026-02-01 10:11:00,2026-02-01 10:11:00,2026-02-01 11:11:00,60.9,60.9,920.0,736.0,792.4
12301,2026-02-01,PRYJ,DDU,2026-02-01 14:15:00,2026-02-01 14:15:00,2026-02-01 15:21:00,66.2,66.2,690.0,552.0,616.7
12301,2026-02-01,DDU,GKP,2026-02-01 18:25:00,2026-02-01 18:25:00,2026-02-01 19:28:00,63.0,63.0,418.5,334.8,397.2
12301,2026-02-01,GKP,HWH,2026-02-01 22:32:00,2026-02-01 22:32:00,2026-02-01 23:36:00,64.1,64.1,75.8,60.6,132.8
12302,2026-02-01,HWH,GKP,2026-02-01 06:01:00,2026-02-01 06:01:00,2026-02-01 06:23:00,22.1,22.1,1150.0,920.0,955.8
12302,2026-02-01,GKP,DDU,2026-02-01 09:27:00,2026-02-01 09:27:00,2026-02-01 09:54:00,27.6,27.6,920.0,736.0,788.9
12302,2026-02-01,DDU,PRYJ,2026-02-01 12:58:00,2026-02-01 12:58:00,2026-02-01 13:33:00,35.3,35.3,690.0,552.0,595.7
12302,2026-02-01,PRYJ,CNB,2026-02-01 16:37:00,2026-02-01 16:37:00,2026-02-01 17:20:00,43.9,43.9,506.9,405.5,453.8
12302,2026-02-01,CNB,NDLS,2026-02-01 20:24:00,2026-02-01 20:24:00,2026-02-01 21:14:00,50.6,50.6,131.7,105.4,152.2
12951,2026-02-01,BCT,ST,2026-02-01 05:37:00,2026-02-01 05:37:00,2026-02-01 06:20:00,43.4,43.4,1150.0,920.0,979.4
12951,2026-02-01,ST,BRC,2026-02-01 09:24:00,2026-02-01 09:24:00,2026-02-01 10:45:00,81.1,81.1,920.0,736.0,815.8
12951,2026-02-01,BRC,RTM,2026-02-01 13:49:00,2026-02-01 13:49:00,2026-02-01 16:10:00,141.5,141.5,690.0,552.0,700.0
12951,2026-02-01,RTM,KOTA,2026-02-01 19:14:00,2026-02-01 19:14:00,2026-02-01 22:04:00,170.7,170.7,542.8,434.2,589.1
12951,2026-02-01,KOTA,NDLS,2026-02-02 01:08:00,2026-02-02 01:08:00,2026-02-02 04:02:00,174.5,174.5,130.6,104.5,268.8
12952,2026-02-01,NDLS,KOTA,2026-02-01 06:10:00,2026-02-01 06:10:00,2026-02-01 07:17:00,68.0,68.0,1150.0,920.0,971.3
12952,2026-02-01,KOTA,RTM,2026-02-01 10:21:00,2026-02-01 10:21:00,2026-02-01 12:12:00,111.1,111.1,920.0,736.0,833.0
12952,2026-02-01,RTM,BRC,2026-02-01 15:16:00,2026-02-01 15:16:00,2026-02-01 17:16:00,120.1,120.1,690.0,552.0,659.2
12952,2026-02-01,BRC,ST,2026-02-01 20:20:00,2026-02-01 20:20:00,2026-02-01 23:23:00,183.6,183.6,440.5,352.4,512.7
12952,2026-02-01,ST,BCT,2026-02-02 02:27:00,2026-02-02 02:27:00,2026-02-02 05:40:00,193.7,193.7,100.9,80.7,247.4
12004,2026-02-01,NDLS,GZB,2026-02-01 06:27:00,2026-02-01 06:27:00,2026-02-01 06:49:00,22.1,22.1,1150.0,920.0,953.5
12004,2026-02-01,GZB,ALJN,2026-02-01 09:53:00,2026-02-01 09:53:00,2026-02-01 10:31:00,38.9,38.9,920.0,736.0,780.7
12004,2026-02-01,ALJN,TDL,2026-02-01 13:35:00,2026-02-01 13:35:00,2026-02-01 14:26:00,51.8,51.8,690.0,552.0,605.5
12004,2026-02-01,TDL,CNB,2026-02-01 17:30:00,2026-02-01 17:30:00,2026-02-01 18:36:00,66.9,66.9,333.3,266.6,339.8
12004,2026-02-01,CNB,LKO,2026-02-01 21:40:00,2026-02-01 21:40:00,2026-02-01 22:42:00,62.3,62.3,96.9,77.5,143.8
12626,2026-02-01,NDLS,AGC,2026-02-01 06:20:00,2026-02-01 06:20:00,2026-02-01 06:33:00,13.1,13.1,1150.0,920.0,945.3
12626,2026-02-01,AGC,VGLJ,2026-02-01 09:37:00,2026-02-01 09:37:00,2026-02-01 10:40:00,63.3,63.3,920.0,736.0,808.0
12626,2026-02-01,VGLJ,BPL,2026-02-01 13:44:00,2026-02-01 13:44:00,2026-02-01 14:56:00,72.6,72.6,690.0,552.0,627.1
12626,2026-02-01,BPL,NGP,2026-02-01 18:00:00,2026-02-01 18:00:00,2026-02-01 19:19:00,79.4,79.4,546.6,437.3,526.9
12626,2026-02-01,NGP,MAS,2026-02-01 22:23:00,2026-02-01 22:23:00,2026-02-02 00:45:00,142.8,142.8,133.0,106.4,225.4
12424,2026-02-01,NDLS,CNB,2026-02-01 06:47:00,2026-02-01 06:47:00,2026-02-01 07:59:00,72.1,72.1,1150.0,920.0,991.7
12424,2026-02-01,CNB,PRYJ,2026-02-01 11:03:00,2026-02-01 11:03:00,2026-02-01 12:16:00,73.8,73.8,920.0,736.0,815.7
12424,2026-02-01,PRYJ,DDU,2026-02-01 15:20:00,2026-02-01 15:20:00,2026-02-01 17:09:00,109.3,109.3,690.0,552.0,659.3
12424,2026-02-01,DDU,PPTA,2026-02-01 20:13:00,2026-02-01 20:13:00,2026-02-01 22:12:00,119.8,119.8,272.1,217.7,337.8
12424,2026-02-01,PPTA,GHY,2026-02-02 01:16:00,2026-02-02 01:16:00,2026-02-02 03:38:00,143.0,143.0,175.4,140.3,274.2
12260,2026-02-01,NDLS,CNB,2026-02-01 06:19:00,2026-02-01 06:19:00,2026-02-01 07:11:00,52.9,52.9,1150.0,920.0,992.6
12260,2026-02-01,CNB,PRYJ,2026-02-01 11:01:00,2026-02-01 11:01:00,2026-02-01 12:03:00,62.2,62.2,862.5,690.0,746.0
12260,2026-02-01,PRYJ,DDU,2026-02-01 15:53:00,2026-02-01 15:53:00,2026-02-01 17:45:00,112.5,112.5,462.4,369.9,464.9
12260,2026-02-01,DDU,HWH,2026-02-01 21:35:00,2026-02-01 21:35:00,2026-02-01 23:34:00,120.0,120.0,86.8,69.4,180.1
12926,2026-02-01,BCT,BRC,2026-02-01 05:58:00,2026-02-01 05:58:00,2026-02-01 06:32:00,34.6,34.6,1150.0,920.0,944.2
12926,2026-02-01,BRC,RTM,2026-02-01 09:36:00,2026-02-01 09:36:00,2026-02-01 10:52:00,76.5,76.5,920.0,736.0,800.4
12926,2026-02-01,RTM,KOTA,2026-02-01 13:56:00,2026-02-01 13:56:00,2026-02-01 15:46:00,110.5,110.5,690.0,552.0,672.1
12926,2026-02-01,KOTA,NDLS,2026-02-01 18:50:00,2026-02-01 18:50:00,2026-02-01 21:38:00,168.8,168.8,238.7,191.0,359.6
12926,2026-02-01,NDLS,ASR,2026-02-02 00:42:00,2026-02-02 00:42:00,2026-02-02 04:37:00,235.7,235.7,59.7,47.8,262.2
12627,2026-02-01,SBC,DMM,2026-02-01 06:44:00,2026-02-01 06:44:00,2026-02-01 06:44:00,0.3,0.3,1150.0,920.0,925.6
12627,2026-02-01,DMM,GTL,2026-02-01 09:48:00,2026-02-01 09:48:00,2026-02-01 09:52:00,4.4,4.4,920.0,736.0,754.1
12627,2026-02-01,GTL,SC,2026-02-01 12:56:00,2026-02-01 12:56:00,2026-02-01 12:58:00,2.5,2.5,690.0,552.0,562.3
12627,2026-02-01,SC,NGP,2026-02-01 16:02:00,2026-02-01 16:02:00,2026-02-01 16:13:00,11.7,11.7,462.7,370.2,386.8
12627,2026-02-01,NGP,NDLS,2026-02-01 19:17:00,2026-02-01 19:17:00,2026-02-01 19:45:00,29.0,29.0,120.3,96.2,132.9
12301,2026-02-02,NDLS,CNB,2026-02-02 06:18:00,2026-02-02 06:18:00,2026-02-02 06:41:00,24.0,24.0,1150.0,920.0,952.4
12301,2026-02-02,CNB,PRYJ,2026-02-02 09:45:00,2026-02-02 09:45:00,2026-02-02 10:27:00,43.0,43.0,920.0,736.0,792.9
12301,2026-02-02,PRYJ,DDU,2026-02-02 13:31:00,2026-02-02 13:31:00,2026-02-02 14:59:00,88.5,88.5,690.0,552.0,640.3
12301,2026-02-02,DDU,GKP,2026-02-02 18:03:00,2026-02-02 18:03:00,2026-02-02 19:36:00,93.6,93.6,471.7,377.4,466.5
12301,2026-02-02,GKP,HWH,2026-02-02 22:40:00,2026-02-02 22:40:00,2026-02-03 00:36:00,116.6,116.6,84.6,67.7,178.2
12302,2026-02-02,HWH,GKP,2026-02-02 05:53:00,2026-02-02 05:53:00,2026-02-02 07:12:00,79.3,79.3,1150.0,920.0,1003.6
12302,2026-02-02,GKP,DDU,2026-02-02 10:16:00,2026-02-02 10:16:00,2026-02-02 12:07:00,111.5,111.5,920.0,736.0,843.8
12302,2026-02-02,DDU,PRYJ,2026-02-02 15:11:00,2026-02-02 15:11:00,2026-02-02 17:00:00,109.1,109.1,690.0,552.0,645.2
12302,2026-02-02,PRYJ,CNB,2026-02-02 20:04:00,2026-02-02 20:04:00,2026-02-02 22:05:00,121.4,121.4,408.9,327.1,436.1
12302,2026-02-02,CNB,NDLS,2026-02-03 01:09:00,2026-02-03 01:09:00,2026-02-03 03:44:00,155.6,155.6,53.0,42.4,191.0
12951,2026-02-02,BCT,ST,2026-02-02 06:19:00,2026-02-02 06:19:00,2026-02-02 06:44:00,25.5,25.5,1150.0,920.0,939.8
12951,2026-02-02,ST,BRC,2026-02-02 09:48:00,2026-02-02 09:48:00,2026-02-02 10:30:00,42.5,42.5,920.0,736.0,765.7
12951,2026-02-02,BRC,RTM,2026-02-02 13:34:00,2026-02-02 13:34:00,2026-02-02 15:04:00,90.4,90.4,690.0,552.0,645.4
12951,2026-02-02,RTM,KOTA,2026-02-02 18:08:00,2026-02-02 18:08:00,2026-02-02 19:46:00,98.1,98.1,490.5,392.4,481.4
12951,2026-02-02,KOTA,NDLS,2026-02-02 22:50:00,2026-02-02 22:50:00,2026-02-03 00:39:00,109.9,109.9,136.7,109.4,212.6
12952,2026-02-02,NDLS,KOTA,2026-02-02 05:33:00,2026-02-02 05:33:00,2026-02-02 05:41:00,8.3,8.3,1150.0,920.0,947.3
12952,2026-02-02,KOTA,RTM,2026-02-02 08:45:00,2026-02-02 08:45:00,2026-02-02 08:48:00,3.5,3.5,920.0,736.0,760.0
12952,2026-02-02,RTM,BRC,2026-02-02 11:52:00,2026-02-02 11:52:00,2026-02-02 12:04:00,12.1,12.1,690.0,552.0,570.7
12952,2026-02-02,BRC,ST,2026-02-02 15:08:00,2026-02-02 15:08:00,2026-02-02 15:29:00,21.5,21.5,519.8,415.8,438.3
12952,2026-02-02,ST,BCT,2026-02-02 18:33:00,2026-02-02 18:33:00,2026-02-02 19:51:00,78.9,78.9,158.0,126.4,203.3
12004,2026-02-02,NDLS,GZB,2026-02-02 06:31:00,2026-02-02 06:31:00,2026-02-02 06:48:00,17.4,17.4,1150.0,920.0,950.6
12004,2026-02-02,GZB,ALJN,2026-02-02 09:52:00,2026-02-02 09:52:00,2026-02-02 10:05:00,13.6,13.6,920.0,736.0,756.6
12004,2026-02-02,ALJN,TDL,2026-02-02 13:09:00,2026-02-02 13:09:00,2026-02-02 13:20:00,11.7,11.7,690.0,552.0,574.7
12004,2026-02-02,TDL,CNB,2026-02-02 16:24:00,2026-02-02 16:24:00,2026-02-02 16:41:00,17.2,17.2,341.5,273.2,308.5
12004,2026-02-02,CNB,LKO,2026-02-02 19:45:00,2026-02-02 19:45:00,2026-02-02 19:55:00,10.6,10.6,90.5,72.4,80.8
12626,2026-02-02,NDLS,AGC,2026-02-02 06:00:00,2026-02-02 06:00:00,2026-02-02 06:00:00,0.0,0.0,1150.0,920.0,954.1
12626,2026-02-02,AGC,VGLJ,2026-02-02 09:04:00,2026-02-02 09:04:00,2026-02-02 09:38:00,35.0,35.0,920.0,736.0,764.7
12626,2026-02-02,VGLJ,BPL,2026-02-02 12:42:00,2026-02-02 12:42:00,2026-02-02 13:19:00,37.8,37.8,690.0,552.0,598.0
12626,2026-02-02,BPL,NGP,2026-02-02 16:23:00,2026-02-02 16:23:00,2026-02-02 17:10:00,47.4,47.4,425.8,340.6,368.9
12626,2026-02-02,NGP,MAS,2026-02-02 20:14:00,2026-02-02 20:14:00,2026-02-02 21:02:00,48.5,48.5,66.2,53.0,98.7
12424,2026-02-02,NDLS,CNB,2026-02-02 06:15:00,2026-02-02 06:15:00,2026-02-02 06:36:00,21.8,21.8,1150.0,920.0,964.2
12424,2026-02-02,CNB,PRYJ,2026-02-02 09:40:00,2026-02-02 09:40:00,2026-02-02 10:09:00,29.3,29.3,920.0,736.0,781.1
12424,2026-02-02,PRYJ,DDU,2026-02-02 13:13:00,2026-02-02 13:13:00,2026-02-02 13:55:00,42.4,42.4,690.0,552.0,595.5
12424,2026-02-02,DDU,PPTA,2026-02-02 16:59:00,2026-02-02 16:59:00,2026-02-02 17:51:00,53.0,53.0,397.1,317.7,384.7
12424,2026-02-02,PPTA,GHY,2026-02-02 20:55:00,2026-02-02 20:55:00,2026-02-02 22:18:00,83.2,83.2,155.8,124.6,200.9
12260,2026-02-02,NDLS,CNB,2026-02-02 05:33:00,2026-02-02 05:33:00,2026-02-02 06:22:00,49.5,49.5,1150.0,920.0,990.7
12260,2026-02-02,CNB,PRYJ,2026-02-02 10:12:00,2026-02-02 10:12:00,2026-02-02 11:09:00,57.9,57.9,862.5,690.0,750.8
12260,2026-02-02,PRYJ,DDU,2026-02-02 14:59:00,2026-02-02 14:59:00,2026-02-02 16:31:00,92.3,92.3,320.3,256.2,345.3
12260,2026-02-02,DDU,HWH,2026-02-02 20:21:00,2026-02-02 20:21:00,2026-02-02 22:18:00,117.2,117.2,141.8,113.4,216.4
12926,2026-02-02,BCT,BRC,2026-02-02 06:20:00,2026-02-02 06:20:00,2026-02-02 06:23:00,3.4,3.4,1150.0,920.0,939.7
12926,2026-02-02,BRC,RTM,2026-02-02 09:27:00,2026-02-02 09:27:00,2026-02-02 09:36:00,9.5,9.5,920.0,736.0,774.6
12926,2026-02-02,RTM,KOTA,2026-02-02 12:40:00,2026-02-02 12:40:00,2026-02-02 13:30:00,50.8,50.8,690.0,552.0,624.2
12926,2026-02-02,KOTA,NDLS,2026-02-02 16:34:00,2026-02-02 16:34:00,2026-02-02 17:25:00,51.9,51.9,529.4,423.5,481.3
12926,2026-02-02,NDLS,ASR,2026-02-02 20:29:00,2026-02-02 20:29:00,2026-02-02 22:07:00,98.6,98.6,77.5,62.0,175.5
12627,2026-02-02,SBC,DMM,2026-02-02 06:40:00,2026-02-02 06:40:00,2026-02-02 06:56:00,17.0,17.0,1150.0,920.0,956.0
12627,2026-02-02,DMM,GTL,2026-02-02 10:00:00,2026-02-02 10:00:00,2026-02-02 10:16:00,16.6,16.6,920.0,736.0,762.2
12627,2026-02-02,GTL,SC,2026-02-02 13:20:00,2026-02-02 13:20:00,2026-02-02 13:42:00,22.3,22.3,690.0,552.0,595.5
12627,2026-02-02,SC,NGP,2026-02-02 16:46:00,2026-02-02 16:46:00,2026-02-02 17:21:00,35.6,35.6,326.1,260.9,305.7
12627,2026-02-02,NGP,NDLS,2026-02-02 20:25:00,2026-02-02 20:25:00,2026-02-02 20:59:00,34.0,34.0,115.4,92.3,128.3
12301,2026-02-03,NDLS,CNB,2026-02-03 05:47:00,2026-02-03 05:47:00,2026-02-03 06:25:00,38.0,38.0,1150.0,920.0,976.9
12301,2026-02-03,CNB,PRYJ,2026-02-03 09:29:00,2026-02-03 09:29:00,2026-02-03 11:12:00,103.0,103.0,920.0,736.0,844.7
12301,2026-02-03,PRYJ,DDU,2026-02-03 14:16:00,2026-02-03 14:16:00,2026-02-03 15:57:00,101.9,101.9,690.0,552.0,653.8
12301,2026-02-03,DDU,GKP,2026-02-03 19:01:00,2026-02-03 19:01:00,2026-02-03 20:46:00,106.0,106.0,489.7,391.8,509.7
12301,2026-02-03,GKP,HWH,2026-02-03 23:50:00,2026-02-03 23:50:00,2026-02-04 01:35:00,105.6,105.6,76.8,61.4,172.7
12302,2026-02-03,HWH,GKP,2026-02-03 06:57:00,2026-02-03 06:57:00,2026-02-03 07:09:00,12.0,12.0,1150.0,920.0,938.4
12302,2026-02-03,GKP,DDU,2026-02-03 10:13:00,2026-02-03 10:13:00,2026-02-03 10:26:00,13.3,13.3,920.0,736.0,758.6
12302,2026-02-03,DDU,PRYJ,2026-02-03 13:30:00,2026-02-03 13:30:00,2026-02-03 14:05:00,35.2,35.2,690.0,552.0,574.2
12302,2026-02-03,PRYJ,CNB,2026-02-03 17:09:00,2026-02-03 17:09:00,2026-02-03 17:48:00,39.5,39.5,275.0,220.0,258.2
12302,2026-02-03,CNB,NDLS,2026-02-03 20:52:00,2026-02-03 20:52:00,2026-02-03 21:37:00,45.3,45.3,50.0,40.0,89.4
12951,2026-02-03,BCT,ST,2026-02-03 05:44:00,2026-02-03 05:44:00,2026-02-03 06:19:00,35.4,35.4,1150.0,920.0,948.0
12951,2026-02-03,ST,BRC,2026-02-03 09:23:00,2026-02-03 09:23:00,2026-02-03 10:03:00,40.7,40.7,920.0,736.0,782.3
12951,2026-02-03,BRC,RTM,2026-02-03 13:07:00,2026-02-03 13:07:00,2026-02-03 14:27:00,80.1,80.1,690.0,552.0,643.6
12951,2026-02-03,RTM,KOTA,2026-02-03 17:31:00,2026-02-03 17:31:00,2026-02-03 19:30:00,119.6,119.6,381.1,304.9,426.1
12951,2026-02-03,KOTA,NDLS,2026-02-03 22:34:00,2026-02-03 22:34:00,2026-02-04 00:39:00,125.6,125.6,147.6,118.1,221.3
12952,2026-02-03,NDLS,KOTA,2026-02-03 06:20:00,2026-02-03 06:20:00,2026-02-03 06:27:00,7.1,7.1,1150.0,920.0,932.9
12952,2026-02-03,KOTA,RTM,2026-02-03 09:31:00,2026-02-03 09:31:00,2026-02-03 09:49:00,18.2,18.2,920.0,736.0,772.7
12952,2026-02-03,RTM,BRC,2026-02-03 12:53:00,2026-02-03 12:53:00,2026-02-03 13:20:00,27.5,27.5,690.0,552.0,588.3
12952,2026-02-03,BRC,ST,2026-02-03 16:24:00,2026-02-03 16:24:00,2026-02-03 16:53:00,29.9,29.9,250.5,200.4,235.1
12952,2026-02-03,ST,BCT,2026-02-03 19:57:00,2026-02-03 19:57:00,2026-02-03 20:29:00,32.1,32.1,168.3,134.6,173.8
12004,2026-02-03,NDLS,GZB,2026-02-03 06:04:00,2026-02-03 06:04:00,2026-02-03 06:42:00,38.2,38.2,1150.0,920.0,971.6
12004,2026-02-03,GZB,ALJN,2026-02-03 09:46:00,2026-02-03 09:46:00,2026-02-03 10:27:00,42.0,42.0,920.0,736.0,790.7
12004,2026-02-03,ALJN,TDL,2026-02-03 13:31:00,2026-02-03 13:31:00,2026-02-03 14:43:00,72.1,72.1,690.0,552.0,637.7
12004,2026-02-03,TDL,CNB,2026-02-03 17:47:00,2026-02-03 17:47:00,2026-02-03 19:11:00,84.9,84.9,404.5,323.6,408.0
12004,2026-02-03,CNB,LKO,2026-02-03 22:15:00,2026-02-03 22:15:00,2026-02-03 23:53:00,99.0,99.0,153.4,122.7,212.7
12626,2026-02-03,NDLS,AGC,2026-02-03 06:36:00,2026-02-03 06:36:00,2026-02-03 06:36:00,0.0,0.0,1150.0,920.0,947.0
12626,2026-02-03,AGC,VGLJ,2026-02-03 09:40:00,2026-02-03 09:40:00,2026-02-03 09:42:00,2.6,2.6,920.0,736.0,740.2
12626,2026-02-03,VGLJ,BPL,2026-02-03 12:46:00,2026-02-03 12:46:00,2026-02-03 12:47:00,1.2,1.2,690.0,552.0,565.8
12626,2026-02-03,BPL,NGP,2026-02-03 15:51:00,2026-02-03 15:51:00,2026-02-03 15:52:00,1.2,1.2,314.4,251.5,277.0
12626,2026-02-03,NGP,MAS,2026-02-03 18:56:00,2026-02-03 18:56:00,2026-02-03 19:29:00,33.5,33.5,102.2,81.8,127.0
12424,2026-02-03,NDLS,CNB,2026-02-03 06:03:00,2026-02-03 06:03:00,2026-02-03 06:41:00,38.8,38.8,1150.0,920.0,960.6
12424,2026-02-03,CNB,PRYJ,2026-02-03 09:45:00,2026-02-03 09:45:00,2026-02-03 11:03:00,79.0,79.0,920.0,736.0,810.6
12424,2026-02-03,PRYJ,DDU,2026-02-03 14:07:00,2026-02-03 14:07:00,2026-02-03 16:07:00,120.2,120.2,690.0,552.0,672.8
12424,2026-02-03,DDU,PPTA,2026-02-03 19:11:00,2026-02-03 19:11:00,2026-02-03 21:08:00,117.9,117.9,429.2,343.4,455.2
12424,2026-02-03,PPTA,GHY,2026-02-04 00:12:00,2026-02-04 00:12:00,2026-02-04 02:23:00,131.1,131.1,84.5,67.6,194.2
12260,2026-02-03,NDLS,CNB,2026-02-03 05:56:00,2026-02-03 05:56:00,2026-02-03 06:08:00,12.6,12.6,1150.0,920.0,953.2
12260,2026-02-03,CNB,PRYJ,2026-02-03 09:58:00,2026-02-03 09:58:00,2026-02-03 10:10:00,12.2,12.2,862.5,690.0,725.3
12260,2026-02-03,PRYJ,DDU,2026-02-03 14:00:00,2026-02-03 14:00:00,2026-02-03 14:00:00,0.2,0.2,433.9,347.1,356.5
12260,2026-02-03,DDU,HWH,2026-02-03 17:50:00,2026-02-03 17:50:00,2026-02-03 17:56:00,6.8,6.8,54.8,43.8,59.4
12926,2026-02-03,BCT,BRC,2026-02-03 05:37:00,2026-02-03 05:37:00,2026-02-03 05:57:00,20.1,20.1,1150.0,920.0,942.7
12926,2026-02-03,BRC,RTM,2026-02-03 09:01:00,2026-02-03 09:01:00,2026-02-03 09:36:00,35.3,35.3,920.0,736.0,783.4
12926,2026-02-03,RTM,KOTA,2026-02-03 12:40:00,2026-02-03 12:40:00,2026-02-03 13:19:00,39.9,39.9,690.0,552.0,596.2
12926,2026-02-03,KOTA,NDLS,2026-02-03 16:23:00,2026-02-03 16:23:00,2026-02-03 17:15:00,52.4,52.4,220.4,176.3,239.5
12926,2026-02-03,NDLS,ASR,2026-02-03 20:19:00,2026-02-03 20:19:00,2026-02-03 21:55:00,96.9,96.9,159.5,127.6,219.1
12627,2026-02-03,SBC,DMM,2026-02-03 06:26:00,2026-02-03 06:26:00,2026-02-03 06:41:00,15.6,15.6,1150.0,920.0,952.1
12627,2026-02-03,DMM,GTL,2026-02-03 09:45:00,2026-02-03 09:45:00,2026-02-03 10:07:00,22.9,22.9,920.0,736.0,744.1
12627,2026-02-03,GTL,SC,2026-02-03 13:11:00,2026-02-03 13:11:00,2026-02-03 13:44:00,33.3,33.3,690.0,552.0,582.2
12627,2026-02-03,SC,NGP,2026-02-03 16:48:00,2026-02-03 16:48:00,2026-02-03 18:20:00,92.4,92.4,379.7,303.8,392.4
12627,2026-02-03,NGP,NDLS,2026-02-03 21:24:00,2026-02-03 21:24:00,2026-02-03 23:01:00,98.0,98.0,146.9,117.5,214.1
12301,2026-02-04,NDLS,CNB,2026-02-04 05:36:00,2026-02-04 05:36:00,2026-02-04 05:50:00,14.6,14.6,1150.0,920.0,947.2
12301,2026-02-04,CNB,PRYJ,2026-02-04 08:54:00,2026-02-04 08:54:00,2026-02-04 09:12:00,18.8,18.8,920.0,736.0,767.0
12301,2026-02-04,PRYJ,DDU,2026-02-04 12:16:00,2026-02-04 12:16:00,2026-02-04 12:54:00,38.2,38.2,690.0,552.0,597.0
12301,2026-02-04,DDU,GKP,2026-02-04 15:58:00,2026-02-04 15:58:00,2026-02-04 16:44:00,46.0,46.0,440.8,352.6,400.8
12301,2026-02-04,GKP,HWH,2026-02-04 19:48:00,2026-02-04 19:48:00,2026-02-04 20:39:00,51.1,51.1,78.3,62.6,123.4
12302,2026-02-04,HWH,GKP,2026-02-04 06:48:00,2026-02-04 06:48:00,2026-02-04 08:00:00,72.6,72.6,1150.0,920.0,993.5
12302,2026-02-04,GKP,DDU,2026-02-04 11:04:00,2026-02-04 11:04:00,2026-02-04 12:17:00,73.3,73.3,920.0,736.0,800.5
12302,2026-02-04,DDU,PRYJ,2026-02-04 15:21:00,2026-02-04 15:21:00,2026-02-04 17:20:00,119.8,119.8,690.0,552.0,668.9
12302,2026-02-04,PRYJ,CNB,2026-02-04 20:24:00,2026-02-04 20:24:00,2026-02-04 22:27:00,123.6,123.6,270.8,216.6,338.4
12302,2026-02-04,CNB,NDLS,2026-02-05 01:31:00,2026-02-05 01:31:00,2026-02-05 03:28:00,117.4,117.4,92.0,73.6,199.1
12951,2026-02-04,BCT,ST,2026-02-04 06:32:00,2026-02-04 06:32:00,2026-02-04 07:26:00,54.4,54.4,1150.0,920.0,967.2
12951,2026-02-04,ST,BRC,2026-02-04 10:30:00,2026-02-04 10:30:00,2026-02-04 11:13:00,43.1,43.1,920.0,736.0,802.1
12951,2026-02-04,BRC,RTM,2026-02-04 14:17:00,2026-02-04 14:17:00,2026-02-04 15:04:00,47.5,47.5,690.0,552.0,615.5
12951,2026-02-04,RTM,KOTA,2026-02-04 18:08:00,2026-02-04 18:08:00,2026-02-04 19:09:00,61.1,61.1,415.6,332.5,404.4
12951,2026-02-04,KOTA,NDLS,2026-02-04 22:13:00,2026-02-04 22:13:00,2026-02-04 23:14:00,61.2,61.2,165.3,132.2,200.4
12952,2026-02-04,NDLS,KOTA,2026-02-04 06:20:00,2026-02-04 06:20:00,2026-02-04 06:33:00,13.4,13.4,1150.0,920.0,960.1
12952,2026-02-04,KOTA,RTM,2026-02-04 09:37:00,2026-02-04 09:37:00,2026-02-04 09:56:00,19.9,19.9,920.0,736.0,779.3
12952,2026-02-04,RTM,BRC,2026-02-04 13:00:00,2026-02-04 13:00:00,2026-02-04 13:28:00,28.2,28.2,690.0,552.0,591.6
12952,2026-02-04,BRC,ST,2026-02-04 16:32:00,2026-02-04 16:32:00,2026-02-04 17:47:00,75.0,75.0,315.3,252.2,339.0
12952,2026-02-04,ST,BCT,2026-02-04 20:51:00,2026-02-04 20:51:00,2026-02-04 22:10:00,79.3,79.3,78.4,62.7,145.8
12004,2026-02-04,NDLS,GZB,2026-02-04 05:49:00,2026-02-04 05:49:00,2026-02-04 05:57:00,8.6,8.6,1150.0,920.0,943.4
12004,2026-02-04,GZB,ALJN,2026-02-04 09:01:00,2026-02-04 09:01:00,2026-02-04 09:57:00,56.9,56.9,920.0,736.0,781.0
12004,2026-02-04,ALJN,TDL,2026-02-04 13:01:00,2026-02-04 13:01:00,2026-02-04 14:56:00,115.9,115.9,690.0,552.0,668.3
12004,2026-02-04,TDL,CNB,2026-02-04 18:00:00,2026-02-04 18:00:00,2026-02-04 20:34:00,154.3,154.3,360.6,288.5,435.9
12004,2026-02-04,CNB,LKO,2026-02-04 23:38:00,2026-02-04 23:38:00,2026-02-05 02:23:00,165.3,165.3,127.5,102.0,258.5
12626,2026-02-04,NDLS,AGC,2026-02-04 06:42:00,2026-02-04 06:42:00,2026-02-04 07:21:00,39.3,39.3,1150.0,920.0,964.4
12626,2026-02-04,AGC,VGLJ,2026-02-04 10:25:00,2026-02-04 10:25:00,2026-02-04 11:17:00,52.1,52.1,920.0,736.0,791.5
12626,2026-02-04,VGLJ,BPL,2026-02-04 14:21:00,2026-02-04 14:21:00,2026-02-04 15:47:00,86.5,86.5,690.0,552.0,641.4
12626,2026-02-04,BPL,NGP,2026-02-04 18:51:00,2026-02-04 18:51:00,2026-02-04 20:29:00,98.5,98.5,461.6,369.3,465.0
12626,2026-02-04,NGP,MAS,2026-02-04 23:33:00,2026-02-04 23:33:00,2026-02-05 01:14:00,101.4,101.4,132.5,106.0,192.1
12424,2026-02-04,NDLS,CNB,2026-02-04 06:13:00,2026-02-04 06:13:00,2026-02-04 06:21:00,8.5,8.5,1150.0,920.0,939.5
12424,2026-02-04,CNB,PRYJ,2026-02-04 09:25:00,2026-02-04 09:25:00,2026-02-04 09:29:00,4.4,4.4,920.0,736.0,758.8
12424,2026-02-04,PRYJ,DDU,2026-02-04 12:33:00,2026-02-04 12:33:00,2026-02-04 12:44:00,11.9,11.9,690.0,552.0,580.1
12424,2026-02-04,DDU,PPTA,2026-02-04 15:48:00,2026-02-04 15:48:00,2026-02-04 16:28:00,40.7,40.7,230.6,184.5,222.5
12424,2026-02-04,PPTA,GHY,2026-02-04 19:32:00,2026-02-04 19:32:00,2026-02-04 20:21:00,49.5,49.5,147.3,117.8,181.6
12260,2026-02-04,NDLS,CNB,2026-02-04 06:12:00,2026-02-04 06:12:00,2026-02-04 06:33:00,21.7,21.7,1150.0,920.0,951.7
12260,2026-02-04,CNB,PRYJ,2026-02-04 10:23:00,2026-02-04 10:23:00,2026-02-04 11:46:00,83.7,83.7,862.5,690.0,779.8
12260,2026-02-04,PRYJ,DDU,2026-02-04 15:36:00,2026-02-04 15:36:00,2026-02-04 17:31:00,115.7,115.7,428.2,342.6,458.2
12260,2026-02-04,DDU,HWH,2026-02-04 21:21:00,2026-02-04 21:21:00,2026-02-04 23:24:00,123.1,123.1,167.8,134.2,238.4
12926,2026-02-04,BCT,BRC,2026-02-04 06:02:00,2026-02-04 06:02:00,2026-02-04 06:24:00,22.2,22.2,1150.0,920.0,949.3
12926,2026-02-04,BRC,RTM,2026-02-04 09:28:00,2026-02-04 09:28:00,2026-02-04 10:03:00,35.3,35.3,920.0,736.0,794.6
12926,2026-02-04,RTM,KOTA,2026-02-04 13:07:00,2026-02-04 13:07:00,2026-02-04 13:54:00,47.4,47.4,690.0,552.0,600.7
12926,2026-02-04,KOTA,NDLS,2026-02-04 16:58:00,2026-02-04 16:58:00,2026-02-04 17:46:00,48.9,48.9,255.2,204.2,262.0
12926,2026-02-04,NDLS,ASR,2026-02-04 20:50:00,2026-02-04 20:50:00,2026-02-04 21:46:00,56.2,56.2,138.4,110.7,174.3
12627,2026-02-04,SBC,DMM,2026-02-04 06:09:00,2026-02-04 06:09:00,2026-02-04 06:32:00,23.8,23.8,1150.0,920.0,961.3
12627,2026-02-04,DMM,GTL,2026-02-04 09:36:00,2026-02-04 09:36:00,2026-02-04 10:04:00,28.5,28.5,920.0,736.0,763.5
12627,2026-02-04,GTL,SC,2026-02-04 13:08:00,2026-02-04 13:08:00,2026-02-04 13:36:00,28.9,28.9,690.0,552.0,590.9
12627,2026-02-04,SC,NGP,2026-02-04 16:40:00,2026-02-04 16:40:00,2026-02-04 17:16:00,36.8,36.8,357.8,286.2,331.6
12627,2026-02-04,NGP,NDLS,2026-02-04 20:20:00,2026-02-04 20:20:00,2026-02-04 21:04:00,44.0,44.0,130.9,104.7,158.3
12301,2026-02-05,NDLS,CNB,2026-02-05 06:40:00,2026-02-05 06:40:00,2026-02-05 06:54:00,14.1,14.1,1150.0,920.0,946.8
12301,2026-02-05,CNB,PRYJ,2026-02-05 09:58:00,2026-02-05 09:58:00,2026-02-05 10:43:00,46.0,46.0,920.0,736.0,782.4
12301,2026-02-05,PRYJ,DDU,2026-02-05 13:47:00,2026-02-05 13:47:00,2026-02-05 14:36:00,49.3,49.3,690.0,552.0,617.5
12301,2026-02-05,DDU,GKP,2026-02-05 17:40:00,2026-02-05 17:40:00,2026-02-05 18:33:00,53.5,53.5,411.1,328.9,384.6
12301,2026-02-05,GKP,HWH,2026-02-05 21:37:00,2026-02-05 21:37:00,2026-02-05 22:27:00,50.3,50.3,69.5,55.6,103.1
12302,2026-02-05,HWH,GKP,2026-02-05 05:43:00,2026-02-05 05:43:00,2026-02-05 07:24:00,101.1,101.1,1150.0,920.0,1011.9
12302,2026-02-05,GKP,DDU,2026-02-05 10:28:00,2026-02-05 10:28:00,2026-02-05 12:01:00,93.9,93.9,920.0,736.0,824.9
12302,2026-02-05,DDU,PRYJ,2026-02-05 15:05:00,2026-02-05 15:05:00,2026-02-05 16:38:00,93.2,93.2,690.0,552.0,639.6
12302,2026-02-05,PRYJ,CNB,2026-02-05 19:42:00,2026-02-05 19:42:00,2026-02-05 21:38:00,116.9,116.9,252.3,201.8,299.5
12302,2026-02-05,CNB,NDLS,2026-02-06 00:42:00,2026-02-06 00:42:00,2026-02-06 03:08:00,146.6,146.6,90.4,72.3,212.2
12951,2026-02-05,BCT,ST,2026-02-05 06:56:00,2026-02-05 06:56:00,2026-02-05 08:20:00,84.9,84.9,1150.0,920.0,1005.3
12951,2026-02-05,ST,BRC,2026-02-05 11:24:00,2026-02-05 11:24:00,2026-02-05 13:43:00,139.3,139.3,920.0,736.0,862.0
12951,2026-02-05,BRC,RTM,2026-02-05 16:47:00,2026-02-05 16:47:00,2026-02-05 19:37:00,170.2,170.2,690.0,552.0,714.1
12951,2026-02-05,RTM,KOTA,2026-02-05 22:41:00,2026-02-05 22:41:00,2026-02-06 01:41:00,180.7,180.7,449.0,359.2,498.7
12951,2026-02-05,KOTA,NDLS,2026-02-06 04:45:00,2026-02-06 04:45:00,2026-02-06 08:00:00,195.1,195.1,131.0,104.8,271.4
12952,2026-02-05,NDLS,KOTA,2026-02-05 06:33:00,2026-02-05 06:33:00,2026-02-05 06:49:00,16.4,16.4,1150.0,920.0,936.7
12952,2026-02-05,KOTA,RTM,2026-02-05 09:53:00,2026-02-05 09:53:00,2026-02-05 10:56:00,63.3,63.3,920.0,736.0,802.2
12952,2026-02-05,RTM,BRC,2026-02-05 14:00:00,2026-02-05 14:00:00,2026-02-05 15:13:00,73.6,73.6,690.0,552.0,625.7
12952,2026-02-05,BRC,ST,2026-02-05 18:17:00,2026-02-05 18:17:00,2026-02-05 19:24:00,67.7,67.7,407.7,326.2,422.4
12952,2026-02-05,ST,BCT,2026-02-05 22:28:00,2026-02-05 22:28:00,2026-02-06 00:44:00,136.9,136.9,108.6,86.9,216.9
12004,2026-02-05,NDLS,GZB,2026-02-05 06:39:00,2026-02-05 06:39:00,2026-02-05 07:01:00,22.3,22.3,1150.0,920.0,956.9
12004,2026-02-05,GZB,ALJN,2026-02-05 10:05:00,2026-02-05 10:05:00,2026-02-05 10:48:00,43.6,43.6,920.0,736.0,785.9
12004,2026-02-05,ALJN,TDL,2026-02-05 13:52:00,2026-02-05 13:52:00,2026-02-05 14:42:00,50.6,50.6,690.0,552.0,609.0
12004,2026-02-05,TDL,CNB,2026-02-05 17:46:00,2026-02-05 17:46:00,2026-02-05 18:40:00,54.3,54.3,235.2,188.2,230.7
12004,2026-02-05,CNB,LKO,2026-02-05 21:44:00,2026-02-05 21:44:00,2026-02-05 23:45:00,121.2,121.2,179.2,143.4,247.8
12626,2026-02-05,NDLS,AGC,2026-02-05 06:00:00,2026-02-05 06:00:00,2026-02-05 06:47:00,47.8,47.8,1150.0,920.0,965.9
12626,2026-02-05,AGC,VGLJ,2026-02-05 09:51:00,2026-02-05 09:51:00,2026-02-05 11:26:00,95.7,95.7,920.0,736.0,823.9
12626,2026-02-05,VGLJ,BPL,2026-02-05 14:30:00,2026-02-05 14:30:00,2026-02-05 16:11:00,101.7,101.7,690.0,552.0,642.7
12626,2026-02-05,BPL,NGP,2026-02-05 19:15:00,2026-02-05 19:15:00,2026-02-05 21:31:00,136.1,136.1,307.5,246.0,374.6
12626,2026-02-05,NGP,MAS,2026-02-06 00:35:00,2026-02-06 00:35:00,2026-02-06 03:38:00,183.3,183.3,98.7,79.0,242.0
12424,2026-02-05,NDLS,CNB,2026-02-05 06:59:00,2026-02-05 06:59:00,2026-02-05 07:04:00,5.9,5.9,1150.0,920.0,950.9
12424,2026-02-05,CNB,PRYJ,2026-02-05 10:08:00,2026-02-05 10:08:00,2026-02-05 10:44:00,36.2,36.2,920.0,736.0,785.6
12424,2026-02-05,PRYJ,DDU,2026-02-05 13:48:00,2026-02-05 13:48:00,2026-02-05 14:25:00,38.0,38.0,690.0,552.0,600.0
12424,2026-02-05,DDU,PPTA,2026-02-05 17:29:00,2026-02-05 17:29:00,2026-02-05 18:14:00,45.7,45.7,429.6,343.7,412.8
12424,2026-02-05,PPTA,GHY,2026-02-05 21:18:00,2026-02-05 21:18:00,2026-02-05 22:05:00,47.0,47.0,66.5,53.2,92.1
12260,2026-02-05,NDLS,CNB,2026-02-05 06:38:00,2026-02-05 06:38:00,2026-02-05 08:01:00,83.4,83.4,1150.0,920.0,999.7
12260,2026-02-05,CNB,PRYJ,2026-02-05 11:51:00,2026-02-05 11:51:00,2026-02-05 13:27:00,96.8,96.8,862.5,690.0,790.8
12260,2026-02-05,PRYJ,DDU,2026-02-05 17:17:00,2026-02-05 17:17:00,2026-02-05 18:46:00,89.8,89.8,286.8,229.4,324.3
12260,2026-02-05,DDU,HWH,2026-02-05 22:36:00,2026-02-05 22:36:00,2026-02-06 00:16:00,100.2,100.2,97.0,77.6,189.8
12926,2026-02-05,BCT,BRC,2026-02-05 06:54:00,2026-02-05 06:54:00,2026-02-05 07:44:00,50.4,50.4,1150.0,920.0,959.4
12926,2026-02-05,BRC,RTM,2026-02-05 10:48:00,2026-02-05 10:48:00,2026-02-05 12:22:00,94.4,94.4,920.0,736.0,820.2
12926,2026-02-05,RTM,KOTA,2026-02-05 15:26:00,2026-02-05 15:26:00,2026-02-05 17:30:00,124.7,124.7,690.0,552.0,663.4
12926,2026-02-05,KOTA,NDLS,2026-02-05 20:34:00,2026-02-05 20:34:00,2026-02-05 22:48:00,134.7,134.7,508.4,406.7,551.0
12926,2026-02-05,NDLS,ASR,2026-02-06 01:52:00,2026-02-06 01:52:00,2026-02-06 04:11:00,139.5,139.5,128.2,102.6,226.8
12627,2026-02-05,SBC,DMM,2026-02-05 06:25:00,2026-02-05 06:25:00,2026-02-05 06:57:00,32.8,32.8,1150.0,920.0,959.3
12627,2026-02-05,DMM,GTL,2026-02-05 10:01:00,2026-02-05 10:01:00,2026-02-05 10:43:00,42.9,42.9,920.0,736.0,783.0
12627,2026-02-05,GTL,SC,2026-02-05 13:47:00,2026-02-05 13:47:00,2026-02-05 14:33:00,46.7,46.7,690.0,552.0,602.0
12627,2026-02-05,SC,NGP,2026-02-05 17:37:00,2026-02-05 17:37:00,2026-02-05 18:43:00,66.5,66.5,425.7,340.6,407.0
12627,2026-02-05,NGP,NDLS,2026-02-05 21:47:00,2026-02-05 21:47:00,2026-02-05 23:01:00,74.0,74.0,88.2,70.6,162.9
12301,2026-02-06,NDLS,CNB,2026-02-06 06:17:00,2026-02-06 06:17:00,2026-02-06 06:22:00,5.2,5.2,1150.0,920.0,946.3
12301,2026-02-06,CNB,PRYJ,2026-02-06 09:26:00,2026-02-06 09:26:00,2026-02-06 09:37:00,11.4,11.4,920.0,736.0,749.6
12301,2026-02-06,PRYJ,DDU,2026-02-06 12:41:00,2026-02-06 12:41:00,2026-02-06 13:02:00,21.7,21.7,690.0,552.0,590.6
12301,2026-02-06,DDU,GKP,2026-02-06 16:06:00,2026-02-06 16:06:00,2026-02-06 16:31:00,25.6,25.6,461.6,369.3,413.8
12301,2026-02-06,GKP,HWH,2026-02-06 19:35:00,2026-02-06 19:35:00,2026-02-06 20:09:00,34.5,34.5,106.1,84.9,129.7
12302,2026-02-06,HWH,GKP,2026-02-06 06:09:00,2026-02-06 06:09:00,2026-02-06 06:55:00,46.7,46.7,1150.0,920.0,983.8
12302,2026-02-06,GKP,DDU,2026-02-06 09:59:00,2026-02-06 09:59:00,2026-02-06 10:57:00,58.4,58.4,920.0,736.0,799.6
12302,2026-02-06,DDU,PRYJ,2026-02-06 14:01:00,2026-02-06 14:01:00,2026-02-06 14:59:00,58.7,58.7,690.0,552.0,603.0
12302,2026-02-06,PRYJ,CNB,2026-02-06 18:03:00,2026-02-06 18:03:00,2026-02-06 19:09:00,66.2,66.2,373.4,298.7,374.9
12302,2026-02-06,CNB,NDLS,2026-02-06 22:13:00,2026-02-06 22:13:00,2026-02-06 23:30:00,77.7,77.7,143.4,114.7,206.1
12951,2026-02-06,BCT,ST,2026-02-06 06:07:00,2026-02-06 06:07:00,2026-02-06 06:34:00,27.0,27.0,1150.0,920.0,958.2
12951,2026-02-06,ST,BRC,2026-02-06 09:38:00,2026-02-06 09:38:00,2026-02-06 09:58:00,20.6,20.6,920.0,736.0,757.9
12951,2026-02-06,BRC,RTM,2026-02-06 13:02:00,2026-02-06 13:02:00,2026-02-06 14:06:00,64.4,64.4,690.0,552.0,608.7
12951,2026-02-06,RTM,KOTA,2026-02-06 17:10:00,2026-02-06 17:10:00,2026-02-06 18:09:00,59.6,59.6,275.7,220.6,288.8
12951,2026-02-06,KOTA,NDLS,2026-02-06 21:13:00,2026-02-06 21:13:00,2026-02-06 22:12:00,59.4,59.4,149.8,119.8,171.7
12952,2026-02-06,NDLS,KOTA,2026-02-06 06:17:00,2026-02-06 06:17:00,2026-02-06 06:29:00,12.7,12.7,1150.0,920.0,939.6
12952,2026-02-06,KOTA,RTM,2026-02-06 09:33:00,2026-02-06 09:33:00,2026-02-06 09:47:00,14.3,14.3,920.0,736.0,781.1
12952,2026-02-06,RTM,BRC,2026-02-06 12:51:00,2026-02-06 12:51:00,2026-02-06 13:04:00,13.9,13.9,690.0,552.0,554.6
12952,2026-02-06,BRC,ST,2026-02-06 16:08:00,2026-02-06 16:08:00,2026-02-06 16:21:00,13.0,13.0,526.0,420.8,439.8
12952,2026-02-06,ST,BCT,2026-02-06 19:25:00,2026-02-06 19:25:00,2026-02-06 19:55:00,30.7,30.7,68.7,55.0,102.5
12004,2026-02-06,NDLS,GZB,2026-02-06 06:12:00,2026-02-06 06:12:00,2026-02-06 06:48:00,36.0,36.0,1150.0,920.0,970.2
12004,2026-02-06,GZB,ALJN,2026-02-06 09:52:00,2026-02-06 09:52:00,2026-02-06 10:35:00,43.1,43.1,920.0,736.0,784.2
12004,2026-02-06,ALJN,TDL,2026-02-06 13:39:00,2026-02-06 13:39:00,2026-02-06 14:21:00,42.1,42.1,690.0,552.0,605.5
12004,2026-02-06,TDL,CNB,2026-02-06 17:25:00,2026-02-06 17:25:00,2026-02-06 18:46:00,81.4,81.4,452.5,362.0,441.8
12004,2026-02-06,CNB,LKO,2026-02-06 21:50:00,2026-02-06 21:50:00,2026-02-06 23:16:00,86.5,86.5,58.0,46.4,131.4
12626,2026-02-06,NDLS,AGC,2026-02-06 05:42:00,2026-02-06 05:42:00,2026-02-06 06:13:00,31.6,31.6,1150.0,920.0,953.9
12626,2026-02-06,AGC,VGLJ,2026-02-06 09:17:00,2026-02-06 09:17:00,2026-02-06 09:44:00,28.0,28.0,920.0,736.0,782.8
12626,2026-02-06,VGLJ,BPL,2026-02-06 12:48:00,2026-02-06 12:48:00,2026-02-06 13:16:00,28.8,28.8,690.0,552.0,592.5
12626,2026-02-06,BPL,NGP,2026-02-06 16:20:00,2026-02-06 16:20:00,2026-02-06 16:46:00,26.5,26.5,301.5,241.2,290.5
12626,2026-02-06,NGP,MAS,2026-02-06 19:50:00,2026-02-06 19:50:00,2026-02-06 20:45:00,55.0,55.0,113.1,90.5,158.8
12424,2026-02-06,NDLS,CNB,2026-02-06 05:54:00,2026-02-06 05:54:00,2026-02-06 06:01:00,7.5,7.5,1150.0,920.0,949.2
12424,2026-02-06,CNB,PRYJ,2026-02-06 09:05:00,2026-02-06 09:05:00,2026-02-06 09:20:00,16.0,16.0,920.0,736.0,752.2
12424,2026-02-06,PRYJ,DDU,2026-02-06 12:24:00,2026-02-06 12:24:00,2026-02-06 12:47:00,23.6,23.6,690.0,552.0,585.5
12424,2026-02-06,DDU,PPTA,2026-02-06 15:51:00,2026-02-06 15:51:00,2026-02-06 16:31:00,40.8,40.8,466.9,373.5,420.4
12424,2026-02-06,PPTA,GHY,2026-02-06 19:35:00,2026-02-06 19:35:00,2026-02-06 20:21:00,46.2,46.2,84.3,67.4,112.9
12260,2026-02-06,NDLS,CNB,2026-02-06 06:00:00,2026-02-06 06:00:00,2026-02-06 06:12:00,12.3,12.3,1150.0,920.0,957.1
12260,2026-02-06,CNB,PRYJ,2026-02-06 10:02:00,2026-02-06 10:02:00,2026-02-06 10:17:00,15.2,15.2,862.5,690.0,717.0
12260,2026-02-06,PRYJ,DDU,2026-02-06 14:07:00,2026-02-06 14:07:00,2026-02-06 15:06:00,59.9,59.9,275.8,220.6,269.8
12260,2026-02-06,DDU,HWH,2026-02-06 18:56:00,2026-02-06 18:56:00,2026-02-06 20:14:00,78.9,78.9,138.5,110.8,191.4
12926,2026-02-06,BCT,BRC,2026-02-06 06:34:00,2026-02-06 06:34:00,2026-02-06 08:13:00,99.1,99.1,1150.0,920.0,1029.1
12926,2026-02-06,BRC,RTM,2026-02-06 11:17:00,2026-02-06 11:17:00,2026-02-06 13:53:00,156.0,156.0,920.0,736.0,886.7
12926,2026-02-06,RTM,KOTA,2026-02-06 16:57:00,2026-02-06 16:57:00,2026-02-06 20:27:00,210.6,210.6,690.0,552.0,754.9
12926,2026-02-06,KOTA,NDLS,2026-02-06 23:31:00,2026-02-06 23:31:00,2026-02-07 03:13:00,222.9,222.9,332.3,265.8,459.1
12926,2026-02-06,NDLS,ASR,2026-02-07 06:17:00,2026-02-07 06:17:00,2026-02-07 10:09:00,232.5,232.5,133.2,106.6,308.7
12627,2026-02-06,SBC,DMM,2026-02-06 06:21:00,2026-02-06 06:21:00,2026-02-06 06:41:00,20.4,20.4,1150.0,920.0,957.1
12627,2026-02-06,DMM,GTL,2026-02-06 09:45:00,2026-02-06 09:45:00,2026-02-06 10:52:00,67.8,67.8,920.0,736.0,810.7
12627,2026-02-06,GTL,SC,2026-02-06 13:56:00,2026-02-06 13:56:00,2026-02-06 15:06:00,70.2,70.2,690.0,552.0,614.9
12627,2026-02-06,SC,NGP,2026-02-06 18:10:00,2026-02-06 18:10:00,2026-02-06 20:22:00,132.2,132.2,414.7,331.8,463.4
12627,2026-02-06,NGP,NDLS,2026-02-06 23:26:00,2026-02-06 23:26:00,2026-02-07 01:51:00,145.8,145.8,78.5,62.8,193.5
12301,2026-02-07,NDLS,CNB,2026-02-07 06:42:00,2026-02-07 06:42:00,2026-02-07 06:54:00,12.6,12.6,1150.0,920.0,935.4
12301,2026-02-07,CNB,PRYJ,2026-02-07 09:58:00,2026-02-07 09:58:00,2026-02-07 10:36:00,38.7,38.7,920.0,736.0,781.5
12301,2026-02-07,PRYJ,DDU,2026-02-07 13:40:00,2026-02-07 13:40:00,2026-02-07 14:34:00,54.2,54.2,690.0,552.0,629.6
12301,2026-02-07,DDU,GKP,2026-02-07 17:38:00,2026-02-07 17:38:00,2026-02-07 19:01:00,83.8,83.8,521.5,417.2,491.3
12301,2026-02-07,GKP,HWH,2026-02-07 22:05:00,2026-02-07 22:05:00,2026-02-08 00:26:00,141.9,141.9,113.3,90.6,227.3
12302,2026-02-07,HWH,GKP,2026-02-07 05:54:00,2026-02-07 05:54:00,2026-02-07 06:10:00,16.8,16.8,1150.0,920.0,953.5
12302,2026-02-07,GKP,DDU,2026-02-07 09:14:00,2026-02-07 09:14:00,2026-02-07 09:40:00,26.1,26.1,920.0,736.0,770.3
12302,2026-02-07,DDU,PRYJ,2026-02-07 12:44:00,2026-02-07 12:44:00,2026-02-07 13:20:00,36.4,36.4,690.0,552.0,596.8
12302,2026-02-07,PRYJ,CNB,2026-02-07 16:24:00,2026-02-07 16:24:00,2026-02-07 16:59:00,35.7,35.7,470.1,376.1,422.4
12302,2026-02-07,CNB,NDLS,2026-02-07 20:03:00,2026-02-07 20:03:00,2026-02-07 21:12:00,69.3,69.3,52.4,41.9,115.2
12951,2026-02-07,BCT,ST,2026-02-07 05:45:00,2026-02-07 05:45:00,2026-02-07 06:10:00,25.2,25.2,1150.0,920.0,962.0
12951,2026-02-07,ST,BRC,2026-02-07 09:14:00,2026-02-07 09:14:00,2026-02-07 09:47:00,33.3,33.3,920.0,736.0,776.3
12951,2026-02-07,BRC,RTM,2026-02-07 12:51:00,2026-02-07 12:51:00,2026-02-07 13:31:00,40.0,40.0,690.0,552.0,593.6
12951,2026-02-07,RTM,KOTA,2026-02-07 16:35:00,2026-02-07 16:35:00,2026-02-07 17:25:00,50.9,50.9,269.3,215.4,284.3
12951,2026-02-07,KOTA,NDLS,2026-02-07 20:29:00,2026-02-07 20:29:00,2026-02-07 21:34:00,65.0,65.0,61.6,49.3,127.7
12952,2026-02-07,NDLS,KOTA,2026-02-07 06:19:00,2026-02-07 06:19:00,2026-02-07 06:32:00,13.1,13.1,1150.0,920.0,938.9
12952,2026-02-07,KOTA,RTM,2026-02-07 09:36:00,2026-02-07 09:36:00,2026-02-07 09:56:00,20.7,20.7,920.0,736.0,767.0
12952,2026-02-07,RTM,BRC,2026-02-07 13:00:00,2026-02-07 13:00:00,2026-02-07 13:47:00,47.9,47.9,690.0,552.0,605.7
12952,2026-02-07,BRC,ST,2026-02-07 16:51:00,2026-02-07 16:51:00,2026-02-07 17:42:00,51.6,51.6,422.0,337.6,396.5
12952,2026-02-07,ST,BCT,2026-02-07 20:46:00,2026-02-07 20:46:00,2026-02-07 21:38:00,52.2,52.2,167.6,134.1,188.9
12004,2026-02-07,NDLS,GZB,2026-02-07 05:48:00,2026-02-07 05:48:00,2026-02-07 06:38:00,51.0,51.0,1150.0,920.0,973.1
12004,2026-02-07,GZB,ALJN,2026-02-07 09:42:00,2026-02-07 09:42:00,2026-02-07 10:39:00,57.1,57.1,920.0,736.0,800.6
12004,2026-02-07,ALJN,TDL,2026-02-07 13:43:00,2026-02-07 13:43:00,2026-02-07 15:10:00,87.6,87.6,690.0,552.0,625.2
12004,2026-02-07,TDL,CNB,2026-02-07 18:14:00,2026-02-07 18:14:00,2026-02-07 19:56:00,102.2,102.2,292.4,233.9,317.2
12004,2026-02-07,CNB,LKO,2026-02-07 23:00:00,2026-02-07 23:00:00,2026-02-08 01:15:00,135.5,135.5,57.2,45.8,170.9
12626,2026-02-07,NDLS,AGC,2026-02-07 05:48:00,2026-02-07 05:48:00,2026-02-07 06:30:00,42.3,42.3,1150.0,920.0,982.3
12626,2026-02-07,AGC,VGLJ,2026-02-07 09:34:00,2026-02-07 09:34:00,2026-02-07 10:20:00,46.1,46.1,920.0,736.0,782.2
12626,2026-02-07,VGLJ,BPL,2026-02-07 13:24:00,2026-02-07 13:24:00,2026-02-07 14:15:00,51.7,51.7,690.0,552.0,602.5
12626,2026-02-07,BPL,NGP,2026-02-07 17:19:00,2026-02-07 17:19:00,2026-02-07 18:09:00,50.7,50.7,375.7,300.6,364.4
12626,2026-02-07,NGP,MAS,2026-02-07 21:13:00,2026-02-07 21:13:00,2026-02-07 22:09:00,56.3,56.3,160.5,128.4,184.4
12424,2026-02-07,NDLS,CNB,2026-02-07 06:15:00,2026-02-07 06:15:00,2026-02-07 06:20:00,5.7,5.7,1150.0,920.0,945.4
12424,2026-02-07,CNB,PRYJ,2026-02-07 09:24:00,2026-02-07 09:24:00,2026-02-07 09:37:00,13.9,13.9,920.0,736.0,769.9
12424,2026-02-07,PRYJ,DDU,2026-02-07 12:41:00,2026-02-07 12:41:00,2026-02-07 12:53:00,12.5,12.5,690.0,552.0,572.8
12424,2026-02-07,DDU,PPTA,2026-02-07 15:57:00,2026-02-07 15:57:00,2026-02-07 16:14:00,17.1,17.1,378.8,303.0,329.0
12424,2026-02-07,PPTA,GHY,2026-02-07 19:18:00,2026-02-07 19:18:00,2026-02-07 19:55:00,37.9,37.9,50.3,40.2,92.3
12260,2026-02-07,NDLS,CNB,2026-02-07 06:54:00,2026-02-07 06:54:00,2026-02-07 07:40:00,46.9,46.9,1150.0,920.0,967.2
12260,2026-02-07,CNB,PRYJ,2026-02-07 11:30:00,2026-02-07 11:30:00,2026-02-07 12:57:00,87.6,87.6,862.5,690.0,777.2
12260,2026-02-07,PRYJ,DDU,2026-02-07 16:47:00,2026-02-07 16:47:00,2026-02-07 18:22:00,95.0,95.0,380.4,304.3,395.8
12260,2026-02-07,DDU,HWH,2026-02-07 22:12:00,2026-02-07 22:12:00,2026-02-08 00:06:00,114.7,114.7,104.6,83.7,187.8
12926,2026-02-07,BCT,BRC,2026-02-07 06:20:00,2026-02-07 06:20:00,2026-02-07 06:20:00,0.0,0.0,1150.0,920.0,940.4
12926,2026-02-07,BRC,RTM,2026-02-07 09:24:00,2026-02-07 09:24:00,2026-02-07 09:30:00,6.2,6.2,920.0,736.0,776.3
12926,2026-02-07,RTM,KOTA,2026-02-07 12:34:00,2026-02-07 12:34:00,2026-02-07 13:00:00,26.9,26.9,690.0,552.0,591.0
12926,2026-02-07,KOTA,NDLS,2026-02-07 16:04:00,2026-02-07 16:04:00,2026-02-07 17:22:00,78.1,78.1,354.2,283.4,367.5
12926,2026-02-07,NDLS,ASR,2026-02-07 20:26:00,2026-02-07 20:26:00,2026-02-07 21:51:00,85.3,85.3,173.5,138.8,220.0
12627,2026-02-07,SBC,DMM,2026-02-07 06:58:00,2026-02-07 06:58:00,2026-02-07 07:16:00,18.4,18.4,1150.0,920.0,953.9
12627,2026-02-07,DMM,GTL,2026-02-07 10:20:00,2026-02-07 10:20:00,2026-02-07 10:48:00,28.8,28.8,920.0,736.0,768.6
12627,2026-02-07,GTL,SC,2026-02-07 13:52:00,2026-02-07 13:52:00,2026-02-07 14:22:00,30.2,30.2,690.0,552.0,588.7
12627,2026-02-07,SC,NGP,2026-02-07 17:26:00,2026-02-07 17:26:00,2026-02-07 17:56:00,30.7,30.7,331.5,265.2,301.5
12627,2026-02-07,NGP,NDLS,2026-02-07 21:00:00,2026-02-07 21:00:00,2026-02-07 21:37:00,37.2,37.2,149.3,119.4,169.5
12301,2026-02-08,NDLS,CNB,2026-02-08 06:07:00,2026-02-08 06:07:00,2026-02-08 06:54:00,47.3,47.3,1150.0,920.0,990.1
12301,2026-02-08,CNB,PRYJ,2026-02-08 09:58:00,2026-02-08 09:58:00,2026-02-08 10:46:00,48.4,48.4,920.0,736.0,785.4
12301,2026-02-08,PRYJ,DDU,2026-02-08 13:50:00,2026-02-08 13:50:00,2026-02-08 14:48:00,58.7,58.7,690.0,552.0,598.8
12301,2026-02-08,DDU,GKP,2026-02-08 17:52:00,2026-02-08 17:52:00,2026-02-08 18:55:00,64.0,64.0,507.3,405.8,465.3
12301,2026-02-08,GKP,HWH,2026-02-08 21:59:00,2026-02-08 21:59:00,2026-02-08 23:06:00,67.8,67.8,165.5,132.4,204.4
12302,2026-02-08,HWH,GKP,2026-02-08 06:07:00,2026-02-08 06:07:00,2026-02-08 06:56:00,49.2,49.2,1150.0,920.0,969.4
12302,2026-02-08,GKP,DDU,2026-02-08 10:00:00,2026-02-08 10:00:00,2026-02-08 10:51:00,51.5,51.5,920.0,736.0,794.1
12302,2026-02-08,DDU,PRYJ,2026-02-08 13:55:00,2026-02-08 13:55:00,2026-02-08 14:58:00,63.8,63.8,690.0,552.0,632.9
12302,2026-02-08,PRYJ,CNB,2026-02-08 18:02:00,2026-02-08 18:02:00,2026-02-08 19:17:00,75.1,75.1,489.8,391.8,473.0
12302,2026-02-08,CNB,NDLS,2026-02-08 22:21:00,2026-02-08 22:21:00,2026-02-09 00:29:00,128.8,128.8,103.0,82.4,204.2
12951,2026-02-08,BCT,ST,2026-02-08 06:23:00,2026-02-08 06:23:00,2026-02-08 06:43:00,20.1,20.1,1150.0,920.0,946.2
12951,2026-02-08,ST,BRC,2026-02-08 09:47:00,2026-02-08 09:47:00,2026-02-08 10:09:00,22.4,22.4,920.0,736.0,756.5
12951,2026-02-08,BRC,RTM,2026-02-08 13:13:00,2026-02-08 13:13:00,2026-02-08 14:26:00,73.9,73.9,690.0,552.0,621.4
12951,2026-02-08,RTM,KOTA,2026-02-08 17:30:00,2026-02-08 17:30:00,2026-02-08 18:49:00,80.0,80.0,353.7,283.0,364.0
12951,2026-02-08,KOTA,NDLS,2026-02-08 21:53:00,2026-02-08 21:53:00,2026-02-08 23:25:00,92.3,92.3,102.1,81.7,150.3
12952,2026-02-08,NDLS,KOTA,2026-02-08 06:14:00,2026-02-08 06:14:00,2026-02-08 07:35:00,81.2,81.2,1150.0,920.0,1014.3
12952,2026-02-08,KOTA,RTM,2026-02-08 10:39:00,2026-02-08 10:39:00,2026-02-08 12:09:00,90.7,90.7,920.0,736.0,829.4
12952,2026-02-08,RTM,BRC,2026-02-08 15:13:00,2026-02-08 15:13:00,2026-02-08 17:26:00,133.1,133.1,690.0,552.0,676.5
12952,2026-02-08,BRC,ST,2026-02-08 20:30:00,2026-02-08 20:30:00,2026-02-08 22:35:00,125.1,125.1,317.3,253.8,364.5
12952,2026-02-08,ST,BCT,2026-02-09 01:39:00,2026-02-09 01:39:00,2026-02-09 03:52:00,133.3,133.3,83.8,67.0,197.6
12004,2026-02-08,NDLS,GZB,2026-02-08 06:35:00,2026-02-08 06:35:00,2026-02-08 06:45:00,10.2,10.2,1150.0,920.0,935.9
12004,2026-02-08,GZB,ALJN,2026-02-08 09:49:00,2026-02-08 09:49:00,2026-02-08 09:56:00,7.3,7.3,920.0,736.0,747.7
12004,2026-02-08,ALJN,TDL,2026-02-08 13:00:00,2026-02-08 13:00:00,2026-02-08 13:14:00,14.4,14.4,690.0,552.0,587.2
12004,2026-02-08,TDL,CNB,2026-02-08 16:18:00,2026-02-08 16:18:00,2026-02-08 16:40:00,22.9,22.9,446.9,357.5,389.0
12004,2026-02-08,CNB,LKO,2026-02-08 19:44:00,2026-02-08 19:44:00,2026-02-08 20:13:00,29.4,29.4,72.4,57.9,79.4
12626,2026-02-08,NDLS,AGC,2026-02-08 05:54:00,2026-02-08 05:54:00,2026-02-08 06:54:00,60.1,60.1,1150.0,920.0,982.3
12626,2026-02-08,AGC,VGLJ,2026-02-08 09:58:00,2026-02-08 09:58:00,2026-02-08 11:09:00,71.1,71.1,920.0,736.0,802.9
12626,2026-02-08,VGLJ,BPL,2026-02-08 14:13:00,2026-02-08 14:13:00,2026-02-08 15:30:00,77.3,77.3,690.0,552.0,633.3
12626,2026-02-08,BPL,NGP,2026-02-08 18:34:00,2026-02-08 18:34:00,2026-02-08 20:00:00,86.8,86.8,377.6,302.1,372.9
12626,2026-02-08,NGP,MAS,2026-02-08 23:04:00,2026-02-08 23:04:00,2026-02-09 00:36:00,92.5,92.5,155.0,124.0,201.7
12424,2026-02-08,NDLS,CNB,2026-02-08 06:26:00,2026-02-08 06:26:00,2026-02-08 06:42:00,17.0,17.0,1150.0,920.0,957.3
12424,2026-02-08,CNB,PRYJ,2026-02-08 09:46:00,2026-02-08 09:46:00,2026-02-08 10:08:00,22.3,22.3,920.0,736.0,766.4
12424,2026-02-08,PRYJ,DDU,2026-02-08 13:12:00,2026-02-08 13:12:00,2026-02-08 13:51:00,39.6,39.6,690.0,552.0,604.2
12424,2026-02-08,DDU,PPTA,2026-02-08 16:55:00,2026-02-08 16:55:00,2026-02-08 17:40:00,45.2,45.2,345.5,276.4,333.5
12424,2026-02-08,PPTA,GHY,2026-02-08 20:44:00,2026-02-08 20:44:00,2026-02-08 22:16:00,92.2,92.2,93.4,74.7,148.8
12260,2026-02-08,NDLS,CNB,2026-02-08 06:41:00,2026-02-08 06:41:00,2026-02-08 06:49:00,8.7,8.7,1150.0,920.0,961.4
12260,2026-02-08,CNB,PRYJ,2026-02-08 10:39:00,2026-02-08 10:39:00,2026-02-08 10:49:00,10.7,10.7,862.5,690.0,715.6
12260,2026-02-08,PRYJ,DDU,2026-02-08 14:39:00,2026-02-08 14:39:00,2026-02-08 14:57:00,18.3,18.3,281.9,225.5,267.5
12260,2026-02-08,DDU,HWH,2026-02-08 18:47:00,2026-02-08 18:47:00,2026-02-08 19:50:00,63.6,63.6,146.2,117.0,164.3
12926,2026-02-08,BCT,BRC,2026-02-08 06:08:00,2026-02-08 06:08:00,2026-02-08 06:28:00,20.6,20.6,1150.0,920.0,959.5
12926,2026-02-08,BRC,RTM,2026-02-08 09:32:00,2026-02-08 09:32:00,2026-02-08 10:04:00,32.5,32.5,920.0,736.0,786.7
12926,2026-02-08,RTM,KOTA,2026-02-08 13:08:00,2026-02-08 13:08:00,2026-02-08 13:44:00,36.6,36.6,690.0,552.0,588.7
12926,2026-02-08,KOTA,NDLS,2026-02-08 16:48:00,2026-02-08 16:48:00,2026-02-08 17:21:00,33.5,33.5,231.4,185.1,228.1
12926,2026-02-08,NDLS,ASR,2026-02-08 20:25:00,2026-02-08 20:25:00,2026-02-08 21:33:00,68.5,68.5,81.0,64.8,146.3
12627,2026-02-08,SBC,DMM,2026-02-08 06:58:00,2026-02-08 06:58:00,2026-02-08 06:59:00,1.4,1.4,1150.0,920.0,934.3
12627,2026-02-08,DMM,GTL,2026-02-08 10:03:00,2026-02-08 10:03:00,2026-02-08 10:04:00,1.8,1.8,920.0,736.0,737.5
12627,2026-02-08,GTL,SC,2026-02-08 13:08:00,2026-02-08 13:08:00,2026-02-08 13:14:00,6.1,6.1,690.0,552.0,568.4
12627,2026-02-08,SC,NGP,2026-02-08 16:18:00,2026-02-08 16:18:00,2026-02-08 16:40:00,22.7,22.7,301.9,241.5,277.6
12627,2026-02-08,NGP,NDLS,2026-02-08 19:44:00,2026-02-08 19:44:00,2026-02-08 20:07:00,23.4,23.4,155.6,124.5,158.2
12301,2026-02-09,NDLS,CNB,2026-02-09 06:54:00,2026-02-09 06:54:00,2026-02-09 07:14:00,20.3,20.3,1150.0,920.0,948.1
12301,2026-02-09,CNB,PRYJ,2026-02-09 10:18:00,2026-02-09 10:18:00,2026-02-09 10:36:00,18.0,18.0,920.0,736.0,768.2
12301,2026-02-09,PRYJ,DDU,2026-02-09 13:40:00,2026-02-09 13:40:00,2026-02-09 14:16:00,36.1,36.1,690.0,552.0,585.1
12301,2026-02-09,DDU,GKP,2026-02-09 17:20:00,2026-02-09 17:20:00,2026-02-09 18:06:00,46.9,46.9,407.6,326.1,384.8
12301,2026-02-09,GKP,HWH,2026-02-09 21:10:00,2026-02-09 21:10:00,2026-02-09 21:51:00,41.7,41.7,103.0,82.4,118.7
12302,2026-02-09,HWH,GKP,2026-02-09 06:40:00,2026-02-09 06:40:00,2026-02-09 07:55:00,75.2,75.2,1150.0,920.0,999.7
12302,2026-02-09,GKP,DDU,2026-02-09 10:59:00,2026-02-09 10:59:00,2026-02-09 13:15:00,136.1,136.1,920.0,736.0,848.9
12302,2026-02-09,DDU,PRYJ,2026-02-09 16:19:00,2026-02-09 16:19:00,2026-02-09 18:43:00,144.4,144.4,690.0,552.0,693.1
12302,2026-02-09,PRYJ,CNB,2026-02-09 21:47:00,2026-02-09 21:47:00,2026-02-10 01:00:00,193.1,193.1,316.4,253.1,443.5
12302,2026-02-09,CNB,NDLS,2026-02-10 04:04:00,2026-02-10 04:04:00,2026-02-10 07:29:00,205.9,205.9,91.0,72.8,263.7
12951,2026-02-09,BCT,ST,2026-02-09 06:24:00,2026-02-09 06:24:00,2026-02-09 06:59:00,35.5,35.5,1150.0,920.0,967.7
12951,2026-02-09,ST,BRC,2026-02-09 10:03:00,2026-02-09 10:03:00,2026-02-09 11:08:00,65.2,65.2,920.0,736.0,794.2
12951,2026-02-09,BRC,RTM,2026-02-09 14:12:00,2026-02-09 14:12:00,2026-02-09 15:26:00,74.1,74.1,690.0,552.0,630.2
12951,2026-02-09,RTM,KOTA,2026-02-09 18:30:00,2026-02-09 18:30:00,2026-02-09 19:56:00,86.6,86.6,512.4,409.9,489.1
12951,2026-02-09,KOTA,NDLS,2026-02-09 23:00:00,2026-02-09 23:00:00,2026-02-10 00:28:00,88.3,88.3,83.8,67.0,151.5
12952,2026-02-09,NDLS,KOTA,2026-02-09 05:50:00,2026-02-09 05:50:00,2026-02-09 07:05:00,75.7,75.7,1150.0,920.0,997.0
12952,2026-02-09,KOTA,RTM,2026-02-09 10:09:00,2026-02-09 10:09:00,2026-02-09 11:34:00,85.1,85.1,920.0,736.0,826.4
12952,2026-02-09,RTM,BRC,2026-02-09 14:38:00,2026-02-09 14:38:00,2026-02-09 16:07:00,89.5,89.5,690.0,552.0,642.0
12952,2026-02-09,BRC,ST,2026-02-09 19:11:00,2026-02-09 19:11:00,2026-02-09 20:39:00,89.0,89.0,461.7,369.4,453.0
12952,2026-02-09,ST,BCT,2026-02-09 23:43:00,2026-02-09 23:43:00,2026-02-10 01:22:00,99.3,99.3,176.7,141.4,227.8
12004,2026-02-09,NDLS,GZB,2026-02-09 05:42:00,2026-02-09 05:42:00,2026-02-09 06:14:00,32.4,32.4,1150.0,920.0,960.2
12004,2026-02-09,GZB,ALJN,2026-02-09 09:18:00,2026-02-09 09:18:00,2026-02-09 09:55:00,37.2,37.2,920.0,736.0,786.0
12004,2026-02-09,ALJN,TDL,2026-02-09 12:59:00,2026-02-09 12:59:00,2026-02-09 13:46:00,47.8,47.8,690.0,552.0,605.5
12004,2026-02-09,TDL,CNB,2026-02-09 16:50:00,2026-02-09 16:50:00,2026-02-09 17:43:00,53.2,53.2,386.5,309.2,381.0
12004,2026-02-09,CNB,LKO,2026-02-09 20:47:00,2026-02-09 20:47:00,2026-02-09 21:59:00,72.7,72.7,52.2,41.8,115.0
12626,2026-02-09,NDLS,AGC,2026-02-09 05:38:00,2026-02-09 05:38:00,2026-02-09 06:45:00,67.9,67.9,1150.0,920.0,981.9
12626,2026-02-09,AGC,VGLJ,2026-02-09 09:49:00,2026-02-09 09:49:00,2026-02-09 11:56:00,127.9,127.9,920.0,736.0,836.0
12626,2026-02-09,VGLJ,BPL,2026-02-09 15:00:00,2026-02-09 15:00:00,2026-02-09 17:09:00,129.7,129.7,690.0,552.0,672.7
12626,2026-02-09,BPL,NGP,2026-02-09 20:13:00,2026-02-09 20:13:00,2026-02-09 23:03:00,170.8,170.8,339.5,271.6,418.8
12626,2026-02-09,NGP,MAS,2026-02-10 02:07:00,2026-02-10 02:07:00,2026-02-10 05:39:00,212.8,212.8,76.3,61.0,244.2
12424,2026-02-09,NDLS,CNB,2026-02-09 06:26:00,2026-02-09 06:26:00,2026-02-09 06:46:00,20.4,20.4,1150.0,920.0,960.5
12424,2026-02-09,CNB,PRYJ,2026-02-09 09:50:00,2026-02-09 09:50:00,2026-02-09 10:07:00,17.7,17.7,920.0,736.0,770.9
12424,2026-02-09,PRYJ,DDU,2026-02-09 13:11:00,2026-02-09 13:11:00,2026-02-09 14:26:00,75.1,75.1,690.0,552.0,615.7
12424,2026-02-09,DDU,PPTA,2026-02-09 17:30:00,2026-02-09 17:30:00,2026-02-09 19:41:00,131.7,131.7,448.4,358.7,462.5
12424,2026-02-09,PPTA,GHY,2026-02-09 22:45:00,2026-02-09 22:45:00,2026-02-10 01:26:00,161.3,161.3,71.5,57.2,207.8
12260,2026-02-09,NDLS,CNB,2026-02-09 06:29:00,2026-02-09 06:29:00,2026-02-09 08:10:00,101.8,101.8,1150.0,920.0,1018.3
12260,2026-02-09,CNB,PRYJ,2026-02-09 12:00:00,2026-02-09 12:00:00,2026-02-09 13:47:00,108.0,108.0,862.5,690.0,789.7
12260,2026-02-09,PRYJ,DDU,2026-02-09 17:37:00,2026-02-09 17:37:00,2026-02-09 19:43:00,126.8,126.8,367.4,293.9,429.4
12260,2026-02-09,DDU,HWH,2026-02-09 23:33:00,2026-02-09 23:33:00,2026-02-10 01:59:00,146.7,146.7,149.0,119.2,251.6
12926,2026-02-09,BCT,BRC,2026-02-09 06:51:00,2026-02-09 06:51:00,2026-02-09 07:09:00,18.3,18.3,1150.0,920.0,958.1
12926,2026-02-09,BRC,RTM,2026-02-09 10:13:00,2026-02-09 10:13:00,2026-02-09 10:41:00,28.0,28.0,920.0,736.0,769.2
12926,2026-02-09,RTM,KOTA,2026-02-09 13:45:00,2026-02-09 13:45:00,2026-02-09 14:20:00,35.2,35.2,690.0,552.0,610.6
12926,2026-02-09,KOTA,NDLS,2026-02-09 17:24:00,2026-02-09 17:24:00,2026-02-09 18:01:00,37.6,37.6,366.1,292.9,319.4
12926,2026-02-09,NDLS,ASR,2026-02-09 21:05:00,2026-02-09 21:05:00,2026-02-09 21:47:00,42.4,42.4,150.7,120.6,175.8
12627,2026-02-09,SBC,DMM,2026-02-09 05:39:00,2026-02-09 05:39:00,2026-02-09 06:17:00,38.9,38.9,1150.0,920.0,952.4
12627,2026-02-09,DMM,GTL,2026-02-09 09:21:00,2026-02-09 09:21:00,2026-02-09 10:04:00,43.9,43.9,920.0,736.0,796.1
12627,2026-02-09,GTL,SC,2026-02-09 13:08:00,2026-02-09 13:08:00,2026-02-09 13:59:00,51.2,51.2,690.0,552.0,600.5
12627,2026-02-09,SC,NGP,2026-02-09 17:03:00,2026-02-09 17:03:00,2026-02-09 18:01:00,58.5,58.5,220.6,176.5,251.4
12627,2026-02-09,NGP,NDLS,2026-02-09 21:05:00,2026-02-09 21:05:00,2026-02-09 22:10:00,65.1,65.1,170.7,136.6,205.5
12301,2026-02-10,NDLS,CNB,2026-02-10 06:17:00,2026-02-10 06:17:00,2026-02-10 06:22:00,5.8,5.8,1150.0,920.0,942.4
12301,2026-02-10,CNB,PRYJ,2026-02-10 09:26:00,2026-02-10 09:26:00,2026-02-10 09:39:00,13.4,13.4,920.0,736.0,766.8
12301,2026-02-10,PRYJ,DDU,2026-02-10 12:43:00,2026-02-10 12:43:00,2026-02-10 13:13:00,30.3,30.3,690.0,552.0,590.0
12301,2026-02-10,DDU,GKP,2026-02-10 16:17:00,2026-02-10 16:17:00,2026-02-10 16:54:00,38.0,38.0,399.4,319.5,374.7
12301,2026-02-10,GKP,HWH,2026-02-10 19:58:00,2026-02-10 19:58:00,2026-02-10 20:45:00,47.8,47.8,65.0,52.0,102.9
12302,2026-02-10,HWH,GKP,2026-02-10 05:49:00,2026-02-10 05:49:00,2026-02-10 06:02:00,13.9,13.9,1150.0,920.0,949.0
12302,2026-02-10,GKP,DDU,2026-02-10 09:06:00,2026-02-10 09:06:00,2026-02-10 09:45:00,39.2,39.2,920.0,736.0,772.4
12302,2026-02-10,DDU,PRYJ,2026-02-10 12:49:00,2026-02-10 12:49:00,2026-02-10 13:39:00,50.3,50.3,690.0,552.0,598.7
12302,2026-02-10,PRYJ,CNB,2026-02-10 16:43:00,2026-02-10 16:43:00,2026-02-10 17:41:00,58.9,58.9,252.2,201.8,269.0
12302,2026-02-10,CNB,NDLS,2026-02-10 20:45:00,2026-02-10 20:45:00,2026-02-10 21:49:00,64.9,64.9,68.8,55.0,122.2
12951,2026-02-10,BCT,ST,2026-02-10 05:57:00,2026-02-10 05:57:00,2026-02-10 06:26:00,29.5,29.5,1150.0,920.0,959.6
12951,2026-02-10,ST,BRC,2026-02-10 09:30:00,2026-02-10 09:30:00,2026-02-10 10:14:00,44.4,44.4,920.0,736.0,782.1
12951,2026-02-10,BRC,RTM,2026-02-10 13:18:00,2026-02-10 13:18:00,2026-02-10 14:05:00,47.8,47.8,690.0,552.0,619.9
12951,2026-02-10,RTM,KOTA,2026-02-10 17:09:00,2026-02-10 17:09:00,2026-02-10 18:04:00,55.1,55.1,406.2,325.0,384.5
12951,2026-02-10,KOTA,NDLS,2026-02-10 21:08:00,2026-02-10 21:08:00,2026-02-10 23:08:00,120.1,120.1,84.8,67.8,187.4
12952,2026-02-10,NDLS,KOTA,2026-02-10 06:54:00,2026-02-10 06:54:00,2026-02-10 07:01:00,8.0,8.0,1150.0,920.0,950.5
12952,2026-02-10,KOTA,RTM,2026-02-10 10:05:00,2026-02-10 10:05:00,2026-02-10 11:03:00,58.1,58.1,920.0,736.0,802.0
12952,2026-02-10,RTM,BRC,2026-02-10 14:07:00,2026-02-10 14:07:00,2026-02-10 15:33:00,86.6,86.6,690.0,552.0,645.4
12952,2026-02-10,BRC,ST,2026-02-10 18:37:00,2026-02-10 18:37:00,2026-02-10 20:09:00,92.5,92.5,416.9,333.5,419.5
12952,2026-02-10,ST,BCT,2026-02-10 23:13:00,2026-02-10 23:13:00,2026-02-11 00:48:00,95.5,95.5,72.0,57.6,154.7
12004,2026-02-10,NDLS,GZB,2026-02-10 06:16:00,2026-02-10 06:16:00,2026-02-10 06:33:00,17.3,17.3,1150.0,920.0,932.0
12004,2026-02-10,GZB,ALJN,2026-02-10 09:37:00,2026-02-10 09:37:00,2026-02-10 10:43:00,66.2,66.2,920.0,736.0,815.3
12004,2026-02-10,ALJN,TDL,2026-02-10 13:47:00,2026-02-10 13:47:00,2026-02-10 14:59:00,72.6,72.6,690.0,552.0,617.2
12004,2026-02-10,TDL,CNB,2026-02-10 18:03:00,2026-02-10 18:03:00,2026-02-10 20:09:00,126.5,126.5,344.8,275.8,387.4
12004,2026-02-10,CNB,LKO,2026-02-10 23:13:00,2026-02-10 23:13:00,2026-02-11 01:23:00,130.8,130.8,122.4,97.9,236.2
12626,2026-02-10,NDLS,AGC,2026-02-10 06:29:00,2026-02-10 06:29:00,2026-02-10 07:07:00,38.8,38.8,1150.0,920.0,968.8
12626,2026-02-10,AGC,VGLJ,2026-02-10 10:11:00,2026-02-10 10:11:00,2026-02-10 10:47:00,36.9,36.9,920.0,736.0,792.7
12626,2026-02-10,VGLJ,BPL,2026-02-10 13:51:00,2026-02-10 13:51:00,2026-02-10 15:01:00,70.4,70.4,690.0,552.0,620.0
12626,2026-02-10,BPL,NGP,2026-02-10 18:05:00,2026-02-10 18:05:00,2026-02-10 20:19:00,134.5,134.5,467.7,374.2,496.4
12626,2026-02-10,NGP,MAS,2026-02-10 23:23:00,2026-02-10 23:23:00,2026-02-11 01:39:00,136.2,136.2,81.9,65.5,189.6
12424,2026-02-10,NDLS,CNB,2026-02-10 06:47:00,2026-02-10 06:47:00,2026-02-10 06:54:00,7.9,7.9,1150.0,920.0,936.0
12424,2026-02-10,CNB,PRYJ,2026-02-10 09:58:00,2026-02-10 09:58:00,2026-02-10 10:27:00,29.4,29.4,920.0,736.0,781.4
12424,2026-02-10,PRYJ,DDU,2026-02-10 13:31:00,2026-02-10 13:31:00,2026-02-10 14:04:00,33.5,33.5,690.0,552.0,600.6
12424,2026-02-10,DDU,PPTA,2026-02-10 17:08:00,2026-02-10 17:08:00,2026-02-10 18:48:00,100.8,100.8,455.6,364.5,474.4
12424,2026-02-10,PPTA,GHY,2026-02-10 21:52:00,2026-02-10 21:52:00,2026-02-10 23:39:00,107.8,107.8,66.5,53.2,146.3
12260,2026-02-10,NDLS,CNB,2026-02-10 06:15:00,2026-02-10 06:15:00,2026-02-10 06:15:00,0.0,0.0,1150.0,920.0,929.6
12260,2026-02-10,CNB,PRYJ,2026-02-10 10:05:00,2026-02-10 10:05:00,2026-02-10 10:22:00,17.5,17.5,862.5,690.0,724.2
12260,2026-02-10,PRYJ,DDU,2026-02-10 14:12:00,2026-02-10 14:12:00,2026-02-10 14:26:00,14.8,14.8,322.6,258.1,281.7
12260,2026-02-10,DDU,HWH,2026-02-10 18:16:00,2026-02-10 18:16:00,2026-02-10 18:41:00,25.8,25.8,125.3,100.2,144.5
12926,2026-02-10,BCT,BRC,2026-02-10 06:06:00,2026-02-10 06:06:00,2026-02-10 06:58:00,52.1,52.1,1150.0,920.0,984.6
12926,2026-02-10,BRC,RTM,2026-02-10 10:02:00,2026-02-10 10:02:00,2026-02-10 11:12:00,70.9,70.9,920.0,736.0,828.5
12926,2026-02-10,RTM,KOTA,2026-02-10 14:16:00,2026-02-10 14:16:00,2026-02-10 15:35:00,79.3,79.3,690.0,552.0,624.7
12926,2026-02-10,KOTA,NDLS,2026-02-10 18:39:00,2026-02-10 18:39:00,2026-02-10 20:03:00,84.2,84.2,314.8,251.8,332.0
12926,2026-02-10,NDLS,ASR,2026-02-10 23:07:00,2026-02-10 23:07:00,2026-02-11 00:43:00,96.2,96.2,104.4,83.5,184.9
12627,2026-02-10,SBC,DMM,2026-02-10 06:43:00,2026-02-10 06:43:00,2026-02-10 06:58:00,15.8,15.8,1150.0,920.0,949.6
12627,2026-02-10,DMM,GTL,2026-02-10 10:02:00,2026-02-10 10:02:00,2026-02-10 11:14:00,72.4,72.4,920.0,736.0,807.4
12627,2026-02-10,GTL,SC,2026-02-10 14:18:00,2026-02-10 14:18:00,2026-02-10 16:00:00,102.3,102.3,690.0,552.0,637.1
12627,2026-02-10,SC,NGP,2026-02-10 19:04:00,2026-02-10 19:04:00,2026-02-10 20:57:00,113.6,113.6,434.4,347.5,459.1
12627,2026-02-10,NGP,NDLS,2026-02-11 00:01:00,2026-02-11 00:01:00,2026-02-11 02:30:00,149.8,149.8,91.6,73.3,210.0
12301,2026-02-11,NDLS,CNB,2026-02-11 05:41:00,2026-02-11 05:41:00,2026-02-11 06:46:00,65.3,65.3,1150.0,920.0,985.5
12301,2026-02-11,CNB,PRYJ,2026-02-11 09:50:00,2026-02-11 09:50:00,2026-02-11 11:01:00,71.6,71.6,920.0,736.0,808.4
12301,2026-02-11,PRYJ,DDU,2026-02-11 14:05:00,2026-02-11 14:05:00,2026-02-11 15:23:00,78.1,78.1,690.0,552.0,623.4
12301,2026-02-11,DDU,GKP,2026-02-11 18:27:00,2026-02-11 18:27:00,2026-02-11 20:25:00,118.6,118.6,429.4,343.5,436.0
12301,2026-02-11,GKP,HWH,2026-02-11 23:29:00,2026-02-11 23:29:00,2026-02-12 02:09:00,160.2,160.2,77.8,62.2,212.9
12302,2026-02-11,HWH,GKP,2026-02-11 06:25:00,2026-02-11 06:25:00,2026-02-11 06:39:00,14.8,14.8,1150.0,920.0,953.0
12302,2026-02-11,GKP,DDU,2026-02-11 09:43:00,2026-02-11 09:43:00,2026-02-11 10:45:00,62.4,62.4,920.0,736.0,804.9
12302,2026-02-11,DDU,PRYJ,2026-02-11 13:49:00,2026-02-11 13:49:00,2026-02-11 14:51:00,62.8,62.8,690.0,552.0,630.9
12302,2026-02-11,PRYJ,CNB,2026-02-11 17:55:00,2026-02-11 17:55:00,2026-02-11 19:15:00,80.4,80.4,359.1,287.3,368.2
12302,2026-02-11,CNB,NDLS,2026-02-11 22:19:00,2026-02-11 22:19:00,2026-02-11 23:47:00,88.7,88.7,178.6,142.9,238.8
12951,2026-02-11,BCT,ST,2026-02-11 05:45:00,2026-02-11 05:45:00,2026-02-11 05:50:00,5.6,5.6,1150.0,920.0,948.4
12951,2026-02-11,ST,BRC,2026-02-11 08:54:00,2026-02-11 08:54:00,2026-02-11 09:07:00,13.7,13.7,920.0,736.0,749.9
12951,2026-02-11,BRC,RTM,2026-02-11 12:11:00,2026-02-11 12:11:00,2026-02-11 12:31:00,20.5,20.5,690.0,552.0,575.1
12951,2026-02-11,RTM,KOTA,2026-02-11 15:35:00,2026-02-11 15:35:00,2026-02-11 16:07:00,32.1,32.1,382.6,306.1,351.3
12951,2026-02-11,KOTA,NDLS,2026-02-11 19:11:00,2026-02-11 19:11:00,2026-02-11 20:02:00,51.7,51.7,116.4,93.1,163.0
12952,2026-02-11,NDLS,KOTA,2026-02-11 06:51:00,2026-02-11 06:51:00,2026-02-11 06:55:00,4.2,4.2,1150.0,920.0,933.3
12952,2026-02-11,KOTA,RTM,2026-02-11 09:59:00,2026-02-11 09:59:00,2026-02-11 10:01:00,2.6,2.6,920.0,736.0,750.7
12952,2026-02-11,RTM,BRC,2026-02-11 13:05:00,2026-02-11 13:05:00,2026-02-11 14:01:00,56.6,56.6,690.0,552.0,595.8
12952,2026-02-11,BRC,ST,2026-02-11 17:05:00,2026-02-11 17:05:00,2026-02-11 18:02:00,57.3,57.3,365.2,292.2,343.2
12952,2026-02-11,ST,BCT,2026-02-11 21:06:00,2026-02-11 21:06:00,2026-02-11 22:03:00,57.1,57.1,138.6,110.9,187.4
12004,2026-02-11,NDLS,GZB,2026-02-11 06:22:00,2026-02-11 06:22:00,2026-02-11 07:45:00,83.2,83.2,1150.0,920.0,1004.4
12004,2026-02-11,GZB,ALJN,2026-02-11 10:49:00,2026-02-11 10:49:00,2026-02-11 12:16:00,87.2,87.2,920.0,736.0,843.5
12004,2026-02-11,ALJN,TDL,2026-02-11 15:20:00,2026-02-11 15:20:00,2026-02-11 17:47:00,147.7,147.7,690.0,552.0,696.1
12004,2026-02-11,TDL,CNB,2026-02-11 20:51:00,2026-02-11 20:51:00,2026-02-11 23:26:00,155.3,155.3,404.5,323.6,453.3
12004,2026-02-11,CNB,LKO,2026-02-12 02:30:00,2026-02-12 02:30:00,2026-02-12 05:10:00,160.4,160.4,109.9,87.9,227.2
12626,2026-02-11,NDLS,AGC,2026-02-11 06:36:00,2026-02-11 06:36:00,2026-02-11 06:40:00,4.7,4.7,1150.0,920.0,951.5
12626,2026-02-11,AGC,VGLJ,2026-02-11 09:44:00,2026-02-11 09:44:00,2026-02-11 09:46:00,2.3,2.3,920.0,736.0,757.1
12626,2026-02-11,VGLJ,BPL,2026-02-11 12:50:00,2026-02-11 12:50:00,2026-02-11 13:01:00,11.2,11.2,690.0,552.0,574.8
12626,2026-02-11,BPL,NGP,2026-02-11 16:05:00,2026-02-11 16:05:00,2026-02-11 16:30:00,25.6,25.6,371.8,297.4,332.2
12626,2026-02-11,NGP,MAS,2026-02-11 19:34:00,2026-02-11 19:34:00,2026-02-11 20:10:00,36.1,36.1,81.8,65.4,112.9
12424,2026-02-11,NDLS,CNB,2026-02-11 06:07:00,2026-02-11 06:07:00,2026-02-11 06:22:00,15.8,15.8,1150.0,920.0,941.8
12424,2026-02-11,CNB,PRYJ,2026-02-11 09:26:00,2026-02-11 09:26:00,2026-02-11 10:16:00,50.3,50.3,920.0,736.0,776.3
12424,2026-02-11,PRYJ,DDU,2026-02-11 13:20:00,2026-02-11 13:20:00,2026-02-11 14:24:00,64.2,64.2,690.0,552.0,616.4
12424,2026-02-11,DDU,PPTA,2026-02-11 17:28:00,2026-02-11 17:28:00,2026-02-11 19:29:00,121.7,121.7,290.2,232.2,335.7
12424,2026-02-11,PPTA,GHY,2026-02-11 22:33:00,2026-02-11 22:33:00,2026-02-12 01:26:00,174.0,174.0,172.3,137.8,284.2
12260,2026-02-11,NDLS,CNB,2026-02-11 06:07:00,2026-02-11 06:07:00,2026-02-11 07:36:00,89.6,89.6,1150.0,920.0,1001.8
12260,2026-02-11,CNB,PRYJ,2026-02-11 11:26:00,2026-02-11 11:26:00,2026-02-11 13:23:00,117.6,117.6,862.5,690.0,777.7
12260,2026-02-11,PRYJ,DDU,2026-02-11 17:13:00,2026-02-11 17:13:00,2026-02-11 19:17:00,124.0,124.0,387.0,309.6,432.8
12260,2026-02-11,DDU,HWH,2026-02-11 23:07:00,2026-02-11 23:07:00,2026-02-12 01:20:00,133.2,133.2,58.3,46.6,160.3
12926,2026-02-11,BCT,BRC,2026-02-11 06:31:00,2026-02-11 06:31:00,2026-02-11 07:21:00,50.2,50.2,1150.0,920.0,984.3
12926,2026-02-11,BRC,RTM,2026-02-11 10:25:00,2026-02-11 10:25:00,2026-02-11 11:22:00,57.8,57.8,920.0,736.0,780.4
12926,2026-02-11,RTM,KOTA,2026-02-11 14:26:00,2026-02-11 14:26:00,2026-02-11 15:23:00,57.6,57.6,690.0,552.0,608.7
12926,2026-02-11,KOTA,NDLS,2026-02-11 18:27:00,2026-02-11 18:27:00,2026-02-11 20:15:00,108.2,108.2,275.6,220.5,298.0
12926,2026-02-11,NDLS,ASR,2026-02-11 23:19:00,2026-02-11 23:19:00,2026-02-12 01:14:00,115.7,115.7,165.9,132.7,241.2
12627,2026-02-11,SBC,DMM,2026-02-11 06:53:00,2026-02-11 06:53:00,2026-02-11 07:21:00,28.8,28.8,1150.0,920.0,946.2
12627,2026-02-11,DMM,GTL,2026-02-11 10:25:00,2026-02-11 10:25:00,2026-02-11 11:03:00,38.6,38.6,920.0,736.0,781.1
12627,2026-02-11,GTL,SC,2026-02-11 14:07:00,2026-02-11 14:07:00,2026-02-11 14:51:00,44.8,44.8,690.0,552.0,601.7
12627,2026-02-11,SC,NGP,2026-02-11 17:55:00,2026-02-11 17:55:00,2026-02-11 18:44:00,49.8,49.8,534.5,427.6,471.8
12627,2026-02-11,NGP,NDLS,2026-02-11 21:48:00,2026-02-11 21:48:00,2026-02-11 22:38:00,50.8,50.8,82.6,66.1,126.0
12301,2026-02-12,NDLS,CNB,2026-02-12 06:08:00,2026-02-12 06:08:00,2026-02-12 07:22:00,74.6,74.6,1150.0,920.0,989.3
12301,2026-02-12,CNB,PRYJ,2026-02-12 10:26:00,2026-02-12 10:26:00,2026-02-12 12:10:00,104.5,104.5,920.0,736.0,840.5
12301,2026-02-12,PRYJ,DDU,2026-02-12 15:14:00,2026-02-12 15:14:00,2026-02-12 17:11:00,117.5,117.5,690.0,552.0,659.9
12301,2026-02-12,DDU,GKP,2026-02-12 20:15:00,2026-02-12 20:15:00,2026-02-12 22:12:00,117.0,117.0,513.4,410.7,533.8
12301,2026-02-12,GKP,HWH,2026-02-13 01:16:00,2026-02-13 01:16:00,2026-02-13 03:47:00,151.9,151.9,126.1,100.9,246.4
12302,2026-02-12,HWH,GKP,2026-02-12 06:33:00,2026-02-12 06:33:00,2026-02-12 07:06:00,34.0,34.0,1150.0,920.0,959.3
12302,2026-02-12,GKP,DDU,2026-02-12 10:10:00,2026-02-12 10:10:00,2026-02-12 10:38:00,28.5,28.5,920.0,736.0,773.7
12302,2026-02-12,DDU,PRYJ,2026-02-12 13:42:00,2026-02-12 13:42:00,2026-02-12 14:19:00,37.2,37.2,690.0,552.0,608.3
12302,2026-02-12,PRYJ,CNB,2026-02-12 17:23:00,2026-02-12 17:23:00,2026-02-12 18:42:00,79.9,79.9,467.1,373.7,453.9
12302,2026-02-12,CNB,NDLS,2026-02-12 21:46:00,2026-02-12 21:46:00,2026-02-12 23:00:00,74.5,74.5,147.3,117.8,197.0
12951,2026-02-12,BCT,ST,2026-02-12 05:50:00,2026-02-12 05:50:00,2026-02-12 06:02:00,12.3,12.3,1150.0,920.0,947.1
12951,2026-02-12,ST,BRC,2026-02-12 09:06:00,2026-02-12 09:06:00,2026-02-12 09:19:00,13.7,13.7,920.0,736.0,765.7
12951,2026-02-12,BRC,RTM,2026-02-12 12:23:00,2026-02-12 12:23:00,2026-02-12 12:34:00,11.3,11.3,690.0,552.0,583.2
12951,2026-02-12,RTM,KOTA,2026-02-12 15:38:00,2026-02-12 15:38:00,2026-02-12 16:06:00,29.0,29.0,310.2,248.2,273.1
12951,2026-02-12,KOTA,NDLS,2026-02-12 19:10:00,2026-02-12 19:10:00,2026-02-12 20:17:00,67.2,67.2,137.8,110.2,180.9
12952,2026-02-12,NDLS,KOTA,2026-02-12 06:36:00,2026-02-12 06:36:00,2026-02-12 06:42:00,6.6,6.6,1150.0,920.0,934.0
12952,2026-02-12,KOTA,RTM,2026-02-12 09:46:00,2026-02-12 09:46:00,2026-02-12 10:48:00,62.1,62.1,920.0,736.0,792.2
12952,2026-02-12,RTM,BRC,2026-02-12 13:52:00,2026-02-12 13:52:00,2026-02-12 14:58:00,66.7,66.7,690.0,552.0,622.1
12952,2026-02-12,BRC,ST,2026-02-12 18:02:00,2026-02-12 18:02:00,2026-02-12 19:09:00,67.9,67.9,301.7,241.4,307.4
12952,2026-02-12,ST,BCT,2026-02-12 22:13:00,2026-02-12 22:13:00,2026-02-12 23:35:00,82.1,82.1,77.5,62.0,137.2
12004,2026-02-12,NDLS,GZB,2026-02-12 05:55:00,2026-02-12 05:55:00,2026-02-12 06:08:00,13.0,13.0,1150.0,920.0,947.3
12004,2026-02-12,GZB,ALJN,2026-02-12 09:12:00,2026-02-12 09:12:00,2026-02-12 09:39:00,27.4,27.4,920.0,736.0,766.6
12004,2026-02-12,ALJN,TDL,2026-02-12 12:43:00,2026-02-12 12:43:00,2026-02-12 13:45:00,62.9,62.9,690.0,552.0,612.6
12004,2026-02-12,TDL,CNB,2026-02-12 16:49:00,2026-02-12 16:49:00,2026-02-12 17:58:00,69.2,69.2,480.3,384.2,453.0
12004,2026-02-12,CNB,LKO,2026-02-12 21:02:00,2026-02-12 21:02:00,2026-02-12 22:16:00,74.4,74.4,84.6,67.7,145.4
12626,2026-02-12,NDLS,AGC,2026-02-12 06:48:00,2026-02-12 06:48:00,2026-02-12 07:49:00,61.5,61.5,1150.0,920.0,992.5
12626,2026-02-12,AGC,VGLJ,2026-02-12 10:53:00,2026-02-12 10:53:00,2026-02-12 11:52:00,59.6,59.6,920.0,736.0,787.4
12626,2026-02-12,VGLJ,BPL,2026-02-12 14:56:00,2026-02-12 14:56:00,2026-02-12 15:56:00,60.4,60.4,690.0,552.0,609.0
12626,2026-02-12,BPL,NGP,2026-02-12 19:00:00,2026-02-12 19:00:00,2026-02-12 20:15:00,75.7,75.7,242.5,194.0,266.9
12626,2026-02-12,NGP,MAS,2026-02-12 23:19:00,2026-02-12 23:19:00,2026-02-13 00:39:00,80.7,80.7,58.8,47.0,118.4
12424,2026-02-12,NDLS,CNB,2026-02-12 06:50:00,2026-02-12 06:50:00,2026-02-12 07:17:00,27.0,27.0,1150.0,920.0,952.7
12424,2026-02-12,CNB,PRYJ,2026-02-12 10:21:00,2026-02-12 10:21:00,2026-02-12 10:57:00,36.9,36.9,920.0,736.0,787.5
12424,2026-02-12,PRYJ,DDU,2026-02-12 14:01:00,2026-02-12 14:01:00,2026-02-12 14:44:00,43.5,43.5,690.0,552.0,588.1
12424,2026-02-12,DDU,PPTA,2026-02-12 17:48:00,2026-02-12 17:48:00,2026-02-12 18:35:00,47.9,47.9,245.2,196.2,239.9
12424,2026-02-12,PPTA,GHY,2026-02-12 21:39:00,2026-02-12 21:39:00,2026-02-12 22:28:00,49.6,49.6,147.3,117.8,170.0
12260,2026-02-12,NDLS,CNB,2026-02-12 06:16:00,2026-02-12 06:16:00,2026-02-12 06:31:00,15.5,15.5,1150.0,920.0,938.5
12260,2026-02-12,CNB,PRYJ,2026-02-12 10:21:00,2026-02-12 10:21:00,2026-02-12 11:33:00,72.3,72.3,862.5,690.0,785.9
12260,2026-02-12,PRYJ,DDU,2026-02-12 15:23:00,2026-02-12 15:23:00,2026-02-12 16:35:00,72.7,72.7,314.6,251.7,337.0
12260,2026-02-12,DDU,HWH,2026-02-12 20:25:00,2026-02-12 20:25:00,2026-02-12 21:40:00,75.7,75.7,107.4,85.9,143.5
12926,2026-02-12,BCT,BRC,2026-02-12 05:33:00,2026-02-12 05:33:00,2026-02-12 06:00:00,27.7,27.7,1150.0,920.0,943.7
12926,2026-02-12,BRC,RTM,2026-02-12 09:04:00,2026-02-12 09:04:00,2026-02-12 10:15:00,71.1,71.1,920.0,736.0,813.8
12926,2026-02-12,RTM,KOTA,2026-02-12 13:19:00,2026-02-12 13:19:00,2026-02-12 15:19:00,120.9,120.9,690.0,552.0,678.1
12926,2026-02-12,KOTA,NDLS,2026-02-12 18:23:00,2026-02-12 18:23:00,2026-02-12 20:30:00,127.9,127.9,473.3,378.6,504.4
12926,2026-02-12,NDLS,ASR,2026-02-12 23:34:00,2026-02-12 23:34:00,2026-02-13 02:06:00,152.9,152.9,168.2,134.6,271.4
12627,2026-02-12,SBC,DMM,2026-02-12 05:33:00,2026-02-12 05:33:00,2026-02-12 06:13:00,40.3,40.3,1150.0,920.0,964.0
12627,2026-02-12,DMM,GTL,2026-02-12 09:17:00,2026-02-12 09:17:00,2026-02-12 10:24:00,67.5,67.5,920.0,736.0,795.0
12627,2026-02-12,GTL,SC,2026-02-12 13:28:00,2026-02-12 13:28:00,2026-02-12 14:36:00,69.0,69.0,690.0,552.0,618.3
12627,2026-02-12,SC,NGP,2026-02-12 17:40:00,2026-02-12 17:40:00,2026-02-12 19:00:00,80.5,80.5,257.3,205.8,283.1
12627,2026-02-12,NGP,NDLS,2026-02-12 22:04:00,2026-02-12 22:04:00,2026-02-12 23:21:00,77.5,77.5,143.6,114.9,199.3
12301,2026-02-13,NDLS,CNB,2026-02-13 05:50:00,2026-02-13 05:50:00,2026-02-13 06:07:00,17.8,17.8,1150.0,920.0,940.4
12301,2026-02-13,CNB,PRYJ,2026-02-13 09:11:00,2026-02-13 09:11:00,2026-02-13 09:27:00,16.3,16.3,920.0,736.0,765.4
12301,2026-02-13,PRYJ,DDU,2026-02-13 12:31:00,2026-02-13 12:31:00,2026-02-13 12:48:00,17.6,17.6,690.0,552.0,584.1
12301,2026-02-13,DDU,GKP,2026-02-13 15:52:00,2026-02-13 15:52:00,2026-02-13 16:18:00,26.7,26.7,447.6,358.1,411.2
12301,2026-02-13,GKP,HWH,2026-02-13 19:22:00,2026-02-13 19:22:00,2026-02-13 19:57:00,35.1,35.1,155.4,124.3,166.9
12302,2026-02-13,HWH,GKP,2026-02-13 06:24:00,2026-02-13 06:24:00,2026-02-13 06:41:00,17.5,17.5,1150.0,920.0,946.1
12302,2026-02-13,GKP,DDU,2026-02-13 09:45:00,2026-02-13 09:45:00,2026-02-13 10:01:00,16.2,16.2,920.0,736.0,765.0
12302,2026-02-13,DDU,PRYJ,2026-02-13 13:05:00,2026-02-13 13:05:00,2026-02-13 14:21:00,77.0,77.0,690.0,552.0,618.1
12302,2026-02-13,PRYJ,CNB,2026-02-13 17:25:00,2026-02-13 17:25:00,2026-02-13 18:53:00,88.6,88.6,475.3,380.2,459.4
12302,2026-02-13,CNB,NDLS,2026-02-13 21:57:00,2026-02-13 21:57:00,2026-02-14 00:13:00,136.4,136.4,176.2,141.0,272.5
12951,2026-02-13,BCT,ST,2026-02-13 06:18:00,2026-02-13 06:18:00,2026-02-13 06:48:00,30.5,30.5,1150.0,920.0,965.3
12951,2026-02-13,ST,BRC,2026-02-13 09:52:00,2026-02-13 09:52:00,2026-02-13 10:19:00,27.8,27.8,920.0,736.0,788.4
12951,2026-02-13,BRC,RTM,2026-02-13 13:23:00,2026-02-13 13:23:00,2026-02-13 13:56:00,33.6,33.6,690.0,552.0,585.9
12951,2026-02-13,RTM,KOTA,2026-02-13 17:00:00,2026-02-13 17:00:00,2026-02-13 17:49:00,49.1,49.1,401.2,321.0,381.5
12951,2026-02-13,KOTA,NDLS,2026-02-13 20:53:00,2026-02-13 20:53:00,2026-02-13 21:49:00,56.1,56.1,64.5,51.6,105.9
12952,2026-02-13,NDLS,KOTA,2026-02-13 06:37:00,2026-02-13 06:37:00,2026-02-13 07:41:00,64.1,64.1,1150.0,920.0,1003.3
12952,2026-02-13,KOTA,RTM,2026-02-13 10:45:00,2026-02-13 10:45:00,2026-02-13 11:57:00,72.4,72.4,920.0,736.0,816.8
12952,2026-02-13,RTM,BRC,2026-02-13 15:01:00,2026-02-13 15:01:00,2026-02-13 16:10:00,69.5,69.5,690.0,552.0,623.3
12952,2026-02-13,BRC,ST,2026-02-13 19:14:00,2026-02-13 19:14:00,2026-02-13 20:27:00,73.2,73.2,416.1,332.9,414.6
12952,2026-02-13,ST,BCT,2026-02-13 23:31:00,2026-02-13 23:31:00,2026-02-14 00:54:00,83.3,83.3,87.5,70.0,181.5
12004,2026-02-13,NDLS,GZB,2026-02-13 05:50:00,2026-02-13 05:50:00,2026-02-13 06:20:00,30.8,30.8,1150.0,920.0,959.3
12004,2026-02-13,GZB,ALJN,2026-02-13 09:24:00,2026-02-13 09:24:00,2026-02-13 10:17:00,53.8,53.8,920.0,736.0,785.7
12004,2026-02-13,ALJN,TDL,2026-02-13 13:21:00,2026-02-13 13:21:00,2026-02-13 14:17:00,56.0,56.0,690.0,552.0,609.1
12004,2026-02-13,TDL,CNB,2026-02-13 17:21:00,2026-02-13 17:21:00,2026-02-13 18:25:00,64.3,64.3,468.1,374.5,464.4
12004,2026-02-13,CNB,LKO,2026-02-13 21:29:00,2026-02-13 21:29:00,2026-02-13 22:35:00,66.2,66.2,94.7,75.8,131.8
12626,2026-02-13,NDLS,AGC,2026-02-13 06:49:00,2026-02-13 06:49:00,2026-02-13 07:03:00,14.1,14.1,1150.0,920.0,967.0
12626,2026-02-13,AGC,VGLJ,2026-02-13 10:07:00,2026-02-13 10:07:00,2026-02-13 10:35:00,28.3,28.3,920.0,736.0,756.7
12626,2026-02-13,VGLJ,BPL,2026-02-13 13:39:00,2026-02-13 13:39:00,2026-02-13 14:08:00,29.8,29.8,690.0,552.0,582.5
12626,2026-02-13,BPL,NGP,2026-02-13 17:12:00,2026-02-13 17:12:00,2026-02-13 17:54:00,42.9,42.9,275.6,220.5,273.7
12626,2026-02-13,NGP,MAS,2026-02-13 20:58:00,2026-02-13 20:58:00,2026-02-13 22:50:00,112.2,112.2,137.9,110.3,225.0
12424,2026-02-13,NDLS,CNB,2026-02-13 06:41:00,2026-02-13 06:41:00,2026-02-13 07:36:00,55.3,55.3,1150.0,920.0,979.5
12424,2026-02-13,CNB,PRYJ,2026-02-13 10:40:00,2026-02-13 10:40:00,2026-02-13 12:00:00,81.0,81.0,920.0,736.0,816.7
12424,2026-02-13,PRYJ,DDU,2026-02-13 15:04:00,2026-02-13 15:04:00,2026-02-13 16:32:00,88.6,88.6,690.0,552.0,643.0
12424,2026-02-13,DDU,PPTA,2026-02-13 19:36:00,2026-02-13 19:36:00,2026-02-13 22:04:00,148.2,148.2,513.0,410.4,548.6
12424,2026-02-13,PPTA,GHY,2026-02-14 01:08:00,2026-02-14 01:08:00,2026-02-14 03:47:00,159.1,159.1,125.5,100.4,244.5
12260,2026-02-13,NDLS,CNB,2026-02-13 05:31:00,2026-02-13 05:31:00,2026-02-13 05:36:00,5.2,5.2,1150.0,920.0,933.5
12260,2026-02-13,CNB,PRYJ,2026-02-13 09:26:00,2026-02-13 09:26:00,2026-02-13 09:37:00,11.1,11.1,862.5,690.0,720.8
12260,2026-02-13,PRYJ,DDU,2026-02-13 13:27:00,2026-02-13 13:27:00,2026-02-13 13:39:00,12.8,12.8,476.3,381.0,410.3
12260,2026-02-13,DDU,HWH,2026-02-13 17:29:00,2026-02-13 17:29:00,2026-02-13 18:14:00,45.7,45.7,155.8,124.6,181.4
12926,2026-02-13,BCT,BRC,2026-02-13 05:46:00,2026-02-13 05:46:00,2026-02-13 05:53:00,7.2,7.2,1150.0,920.0,932.2
12926,2026-02-13,BRC,RTM,2026-02-13 08:57:00,2026-02-13 08:57:00,2026-02-13 09:20:00,23.9,23.9,920.0,736.0,774.6
12926,2026-02-13,RTM,KOTA,2026-02-13 12:24:00,2026-02-13 12:24:00,2026-02-13 12:50:00,26.8,26.8,690.0,552.0,591.6
12926,2026-02-13,KOTA,NDLS,2026-02-13 15:54:00,2026-02-13 15:54:00,2026-02-13 16:26:00,32.6,32.6,504.2,403.4,438.9
12926,2026-02-13,NDLS,ASR,2026-02-13 19:30:00,2026-02-13 19:30:00,2026-02-13 20:07:00,37.2,37.2,67.3,53.8,96.8
12627,2026-02-13,SBC,DMM,2026-02-13 06:18:00,2026-02-13 06:18:00,2026-02-13 06:52:00,34.5,34.5,1150.0,920.0,956.4
12627,2026-02-13,DMM,GTL,2026-02-13 09:56:00,2026-02-13 09:56:00,2026-02-13 10:38:00,42.6,42.6,920.0,736.0,765.3
12627,2026-02-13,GTL,SC,2026-02-13 13:42:00,2026-02-13 13:42:00,2026-02-13 14:45:00,63.6,63.6,690.0,552.0,632.2
12627,2026-02-13,SC,NGP,2026-02-13 17:49:00,2026-02-13 17:49:00,2026-02-13 18:55:00,66.3,66.3,268.0,214.4,302.1
12627,2026-02-13,NGP,NDLS,2026-02-13 21:59:00,2026-02-13 21:59:00,2026-02-13 23:13:00,74.3,74.3,172.6,138.1,214.1
12301,2026-02-14,NDLS,CNB,2026-02-14 06:03:00,2026-02-14 06:03:00,2026-02-14 06:17:00,14.3,14.3,1150.0,920.0,959.8
12301,2026-02-14,CNB,PRYJ,2026-02-14 09:21:00,2026-02-14 09:21:00,2026-02-14 09:39:00,18.3,18.3,920.0,736.0,751.5
12301,2026-02-14,PRYJ,DDU,2026-02-14 12:43:00,2026-02-14 12:43:00,2026-02-14 13:07:00,24.6,24.6,690.0,552.0,581.5
12301,2026-02-14,DDU,GKP,2026-02-14 16:11:00,2026-02-14 16:11:00,2026-02-14 16:42:00,31.1,31.1,537.2,429.8,489.5
12301,2026-02-14,GKP,HWH,2026-02-14 19:46:00,2026-02-14 19:46:00,2026-02-14 20:29:00,43.1,43.1,82.6,66.1,127.7
12302,2026-02-14,HWH,GKP,2026-02-14 06:21:00,2026-02-14 06:21:00,2026-02-14 06:22:00,1.7,1.7,1150.0,920.0,924.5
12302,2026-02-14,GKP,DDU,2026-02-14 09:26:00,2026-02-14 09:26:00,2026-02-14 10:01:00,35.1,35.1,920.0,736.0,767.9
12302,2026-02-14,DDU,PRYJ,2026-02-14 13:05:00,2026-02-14 13:05:00,2026-02-14 14:09:00,64.6,64.6,690.0,552.0,613.7
12302,2026-02-14,PRYJ,CNB,2026-02-14 17:13:00,2026-02-14 17:13:00,2026-02-14 19:11:00,118.6,118.6,356.6,285.3,396.9
12302,2026-02-14,CNB,NDLS,2026-02-14 22:15:00,2026-02-14 22:15:00,2026-02-15 00:22:00,127.2,127.2,95.5,76.4,203.3
12951,2026-02-14,BCT,ST,2026-02-14 06:56:00,2026-02-14 06:56:00,2026-02-14 07:01:00,5.3,5.3,1150.0,920.0,939.7
12951,2026-02-14,ST,BRC,2026-02-14 10:05:00,2026-02-14 10:05:00,2026-02-14 10:11:00,6.3,6.3,920.0,736.0,754.0
12951,2026-02-14,BRC,RTM,2026-02-14 13:15:00,2026-02-14 13:15:00,2026-02-14 13:18:00,3.0,3.0,690.0,552.0,573.3
12951,2026-02-14,RTM,KOTA,2026-02-14 16:22:00,2026-02-14 16:22:00,2026-02-14 16:37:00,16.0,16.0,509.4,407.5,437.8
12951,2026-02-14,KOTA,NDLS,2026-02-14 19:41:00,2026-02-14 19:41:00,2026-02-14 19:51:00,10.5,10.5,136.2,109.0,137.3
12952,2026-02-14,NDLS,KOTA,2026-02-14 05:45:00,2026-02-14 05:45:00,2026-02-14 06:58:00,73.1,73.1,1150.0,920.0,996.2
12952,2026-02-14,KOTA,RTM,2026-02-14 10:02:00,2026-02-14 10:02:00,2026-02-14 11:13:00,71.6,71.6,920.0,736.0,802.3
12952,2026-02-14,RTM,BRC,2026-02-14 14:17:00,2026-02-14 14:17:00,2026-02-14 15:35:00,78.5,78.5,690.0,552.0,638.4
12952,2026-02-14,BRC,ST,2026-02-14 18:39:00,2026-02-14 18:39:00,2026-02-14 20:05:00,86.2,86.2,415.6,332.5,412.9
12952,2026-02-14,ST,BCT,2026-02-14 23:09:00,2026-02-14 23:09:00,2026-02-15 00:35:00,86.9,86.9,125.9,100.7,166.3
12004,2026-02-14,NDLS,GZB,2026-02-14 06:11:00,2026-02-14 06:11:00,2026-02-14 06:17:00,6.9,6.9,1150.0,920.0,928.3
12004,2026-02-14,GZB,ALJN,2026-02-14 09:21:00,2026-02-14 09:21:00,2026-02-14 09:55:00,34.8,34.8,920.0,736.0,773.6
12004,2026-02-14,ALJN,TDL,2026-02-14 12:59:00,2026-02-14 12:59:00,2026-02-14 13:37:00,38.6,38.6,690.0,552.0,612.5
12004,2026-02-14,TDL,CNB,2026-02-14 16:41:00,2026-02-14 16:41:00,2026-02-14 17:36:00,55.9,55.9,228.5,182.8,261.8
12004,2026-02-14,CNB,LKO,2026-02-14 20:40:00,2026-02-14 20:40:00,2026-02-14 21:53:00,73.6,73.6,96.3,77.0,152.3
12626,2026-02-14,NDLS,AGC,2026-02-14 06:47:00,2026-02-14 06:47:00,2026-02-14 07:33:00,46.2,46.2,1150.0,920.0,968.5
12626,2026-02-14,AGC,VGLJ,2026-02-14 10:37:00,2026-02-14 10:37:00,2026-02-14 11:31:00,54.4,54.4,920.0,736.0,796.0
12626,2026-02-14,VGLJ,BPL,2026-02-14 14:35:00,2026-02-14 14:35:00,2026-02-14 15:32:00,57.5,57.5,690.0,552.0,627.0
12626,2026-02-14,BPL,NGP,2026-02-14 18:36:00,2026-02-14 18:36:00,2026-02-14 20:22:00,106.1,106.1,411.9,329.5,412.9
12626,2026-02-14,NGP,MAS,2026-02-14 23:26:00,2026-02-14 23:26:00,2026-02-15 01:21:00,115.7,115.7,145.7,116.6,225.3
12424,2026-02-14,NDLS,CNB,2026-02-14 06:14:00,2026-02-14 06:14:00,2026-02-14 07:13:00,59.5,59.5,1150.0,920.0,981.1
12424,2026-02-14,CNB,PRYJ,2026-02-14 10:17:00,2026-02-14 10:17:00,2026-02-14 11:27:00,70.1,70.1,920.0,736.0,818.7
12424,2026-02-14,PRYJ,DDU,2026-02-14 14:31:00,2026-02-14 14:31:00,2026-02-14 15:52:00,81.2,81.2,690.0,552.0,638.4
12424,2026-02-14,DDU,PPTA,2026-02-14 18:56:00,2026-02-14 18:56:00,2026-02-14 20:29:00,93.6,93.6,256.1,204.9,308.6
12424,2026-02-14,PPTA,GHY,2026-02-14 23:33:00,2026-02-14 23:33:00,2026-02-15 01:25:00,112.6,112.6,121.6,97.3,215.4
12260,2026-02-14,NDLS,CNB,2026-02-14 05:30:00,2026-02-14 05:30:00,2026-02-14 05:42:00,13.0,13.0,1150.0,920.0,951.3
12260,2026-02-14,CNB,PRYJ,2026-02-14 09:32:00,2026-02-14 09:32:00,2026-02-14 09:39:00,7.2,7.2,862.5,690.0,722.4
12260,2026-02-14,PRYJ,DDU,2026-02-14 13:29:00,2026-02-14 13:29:00,2026-02-14 13:44:00,15.5,15.5,501.6,401.3,434.5
12260,2026-02-14,DDU,HWH,2026-02-14 17:34:00,2026-02-14 17:34:00,2026-02-14 17:51:00,17.2,17.2,50.4,40.3,81.5
12926,2026-02-14,BCT,BRC,2026-02-14 06:53:00,2026-02-14 06:53:00,2026-02-14 06:53:00,0.8,0.8,1150.0,920.0,940.2
12926,2026-02-14,BRC,RTM,2026-02-14 09:57:00,2026-02-14 09:57:00,2026-02-14 10:15:00,18.1,18.1,920.0,736.0,756.7
12926,2026-02-14,RTM,KOTA,2026-02-14 13:19:00,2026-02-14 13:19:00,2026-02-14 13:40:00,21.1,21.1,690.0,552.0,587.6
12926,2026-02-14,KOTA,NDLS,2026-02-14 16:44:00,2026-02-14 16:44:00,2026-02-14 17:23:00,39.9,39.9,367.2,293.8,335.4
12926,2026-02-14,NDLS,ASR,2026-02-14 20:27:00,2026-02-14 20:27:00,2026-02-14 21:52:00,85.4,85.4,88.1,70.5,163.3
12627,2026-02-14,SBC,DMM,2026-02-14 05:54:00,2026-02-14 05:54:00,2026-02-14 06:00:00,6.6,6.6,1150.0,920.0,956.8
12627,2026-02-14,DMM,GTL,2026-02-14 09:04:00,2026-02-14 09:04:00,2026-02-14 09:18:00,14.3,14.3,920.0,736.0,749.6
12627,2026-02-14,GTL,SC,2026-02-14 12:22:00,2026-02-14 12:22:00,2026-02-14 13:27:00,65.7,65.7,690.0,552.0,617.2
12627,2026-02-14,SC,NGP,2026-02-14 16:31:00,2026-02-14 16:31:00,2026-02-14 17:37:00,66.7,66.7,482.4,385.9,450.4
12627,2026-02-14,NGP,NDLS,2026-02-14 20:41:00,2026-02-14 20:41:00,2026-02-14 22:49:00,128.9,128.9,176.3,141.0,266.6
12301,2026-02-15,NDLS,CNB,2026-02-15 06:02:00,2026-02-15 06:02:00,2026-02-15 07:15:00,73.9,73.9,1150.0,920.0,986.9
12301,2026-02-15,CNB,PRYJ,2026-02-15 10:19:00,2026-02-15 10:19:00,2026-02-15 11:54:00,95.4,95.4,920.0,736.0,836.3
12301,2026-02-15,PRYJ,DDU,2026-02-15 14:58:00,2026-02-15 14:58:00,2026-02-15 16:43:00,105.9,105.9,690.0,552.0,636.6
12301,2026-02-15,DDU,GKP,2026-02-15 19:47:00,2026-02-15 19:47:00,2026-02-15 21:29:00,102.7,102.7,386.7,309.4,426.9
12301,2026-02-15,GKP,HWH,2026-02-16 00:33:00,2026-02-16 00:33:00,2026-02-16 03:06:00,153.6,153.6,118.4,94.7,232.9
12302,2026-02-15,HWH,GKP,2026-02-15 06:41:00,2026-02-15 06:41:00,2026-02-15 07:48:00,67.0,67.0,1150.0,920.0,977.6
12302,2026-02-15,GKP,DDU,2026-02-15 10:52:00,2026-02-15 10:52:00,2026-02-15 12:06:00,74.8,74.8,920.0,736.0,818.5
12302,2026-02-15,DDU,PRYJ,2026-02-15 15:10:00,2026-02-15 15:10:00,2026-02-15 16:23:00,73.5,73.5,690.0,552.0,622.8
12302,2026-02-15,PRYJ,CNB,2026-02-15 19:27:00,2026-02-15 19:27:00,2026-02-15 20:52:00,85.5,85.5,401.0,320.8,397.5
12302,2026-02-15,CNB,NDLS,2026-02-15 23:56:00,2026-02-15 23:56:00,2026-02-16 01:27:00,91.2,91.2,133.1,106.5,189.0
12951,2026-02-15,BCT,ST,2026-02-15 06:56:00,2026-02-15 06:56:00,2026-02-15 08:05:00,69.9,69.9,1150.0,920.0,1000.6
12951,2026-02-15,ST,BRC,2026-02-15 11:09:00,2026-02-15 11:09:00,2026-02-15 12:35:00,86.6,86.6,920.0,736.0,814.1
12951,2026-02-15,BRC,RTM,2026-02-15 15:39:00,2026-02-15 15:39:00,2026-02-15 17:19:00,100.1,100.1,690.0,552.0,654.8
12951,2026-02-15,RTM,KOTA,2026-02-15 20:23:00,2026-02-15 20:23:00,2026-02-15 22:10:00,107.4,107.4,264.5,211.6,307.9
12951,2026-02-15,KOTA,NDLS,2026-02-16 01:14:00,2026-02-16 01:14:00,2026-02-16 03:02:00,108.8,108.8,122.7,98.2,194.8
12952,2026-02-15,NDLS,KOTA,2026-02-15 06:12:00,2026-02-15 06:12:00,2026-02-15 06:57:00,45.8,45.8,1150.0,920.0,961.0
12952,2026-02-15,KOTA,RTM,2026-02-15 10:01:00,2026-02-15 10:01:00,2026-02-15 10:50:00,49.7,49.7,920.0,736.0,792.1
12952,2026-02-15,RTM,BRC,2026-02-15 13:54:00,2026-02-15 13:54:00,2026-02-15 14:47:00,53.4,53.4,690.0,552.0,617.3
12952,2026-02-15,BRC,ST,2026-02-15 17:51:00,2026-02-15 17:51:00,2026-02-15 19:32:00,101.5,101.5,427.1,341.7,437.2
12952,2026-02-15,ST,BCT,2026-02-15 22:36:00,2026-02-15 22:36:00,2026-02-16 01:05:00,149.9,149.9,153.7,123.0,244.6
12004,2026-02-15,NDLS,GZB,2026-02-15 05:40:00,2026-02-15 05:40:00,2026-02-15 05:40:00,0.0,0.0,1150.0,920.0,920.2
12004,2026-02-15,GZB,ALJN,2026-02-15 08:44:00,2026-02-15 08:44:00,2026-02-15 08:51:00,7.6,7.6,920.0,736.0,747.4
12004,2026-02-15,ALJN,TDL,2026-02-15 11:55:00,2026-02-15 11:55:00,2026-02-15 12:17:00,22.1,22.1,690.0,552.0,589.1
12004,2026-02-15,TDL,CNB,2026-02-15 15:21:00,2026-02-15 15:21:00,2026-02-15 15:43:00,22.2,22.2,268.4,214.7,243.1
12004,2026-02-15,CNB,LKO,2026-02-15 18:47:00,2026-02-15 18:47:00,2026-02-15 19:21:00,35.0,35.0,126.1,100.9,145.7
12626,2026-02-15,NDLS,AGC,2026-02-15 05:56:00,2026-02-15 05:56:00,2026-02-15 06:08:00,12.8,12.8,1150.0,920.0,934.4
12626,2026-02-15,AGC,VGLJ,2026-02-15 09:12:00,2026-02-15 09:12:00,2026-02-15 09:37:00,25.1,25.1,920.0,736.0,765.5
12626,2026-02-15,VGLJ,BPL,2026-02-15 12:41:00,2026-02-15 12:41:00,2026-02-15 13:22:00,41.3,41.3,690.0,552.0,611.8
12626,2026-02-15,BPL,NGP,2026-02-15 16:26:00,2026-02-15 16:26:00,2026-02-15 17:03:00,37.0,37.0,457.2,365.8,414.8
12626,2026-02-15,NGP,MAS,2026-02-15 20:07:00,2026-02-15 20:07:00,2026-02-15 20:47:00,40.9,40.9,158.9,127.1,173.6
12424,2026-02-15,NDLS,CNB,2026-02-15 05:55:00,2026-02-15 05:55:00,2026-02-15 06:38:00,43.2,43.2,1150.0,920.0,971.5
12424,2026-02-15,CNB,PRYJ,2026-02-15 09:42:00,2026-02-15 09:42:00,2026-02-15 10:33:00,51.9,51.9,920.0,736.0,795.6
12424,2026-02-15,PRYJ,DDU,2026-02-15 13:37:00,2026-02-15 13:37:00,2026-02-15 14:27:00,50.2,50.2,690.0,552.0,622.6
12424,2026-02-15,DDU,PPTA,2026-02-15 17:31:00,2026-02-15 17:31:00,2026-02-15 18:18:00,47.2,47.2,317.8,254.2,310.5
12424,2026-02-15,PPTA,GHY,2026-02-15 21:22:00,2026-02-15 21:22:00,2026-02-15 22:17:00,55.1,55.1,61.1,48.9,109.5
12260,2026-02-15,NDLS,CNB,2026-02-15 06:41:00,2026-02-15 06:41:00,2026-02-15 07:16:00,35.3,35.3,1150.0,920.0,956.9
12260,2026-02-15,CNB,PRYJ,2026-02-15 11:06:00,2026-02-15 11:06:00,2026-02-15 12:28:00,82.9,82.9,862.5,690.0,773.2
12260,2026-02-15,PRYJ,DDU,2026-02-15 16:18:00,2026-02-15 16:18:00,2026-02-15 17:49:00,92.0,92.0,420.8,336.6,414.8
12260,2026-02-15,DDU,HWH,2026-02-15 21:39:00,2026-02-15 21:39:00,2026-02-15 23:21:00,102.6,102.6,139.0,111.2,213.0
12926,2026-02-15,BCT,BRC,2026-02-15 06:04:00,2026-02-15 06:04:00,2026-02-15 06:59:00,55.9,55.9,1150.0,920.0,975.7
12926,2026-02-15,BRC,RTM,2026-02-15 10:03:00,2026-02-15 10:03:00,2026-02-15 11:02:00,59.2,59.2,920.0,736.0,793.5
12926,2026-02-15,RTM,KOTA,2026-02-15 14:06:00,2026-02-15 14:06:00,2026-02-15 15:02:00,56.9,56.9,690.0,552.0,606.4
12926,2026-02-15,KOTA,NDLS,2026-02-15 18:06:00,2026-02-15 18:06:00,2026-02-15 19:18:00,72.2,72.2,439.8,351.8,425.6
12926,2026-02-15,NDLS,ASR,2026-02-15 22:22:00,2026-02-15 22:22:00,2026-02-16 00:08:00,106.1,106.1,83.7,67.0,168.2
12627,2026-02-15,SBC,DMM,2026-02-15 06:17:00,2026-02-15 06:17:00,2026-02-15 07:15:00,58.6,58.6,1150.0,920.0,979.1
12627,2026-02-15,DMM,GTL,2026-02-15 10:19:00,2026-02-15 10:19:00,2026-02-15 11:27:00,68.1,68.1,920.0,736.0,823.2
12627,2026-02-15,GTL,SC,2026-02-15 14:31:00,2026-02-15 14:31:00,2026-02-15 16:25:00,114.2,114.2,690.0,552.0,664.2
12627,2026-02-15,SC,NGP,2026-02-15 19:29:00,2026-02-15 19:29:00,2026-02-15 22:40:00,191.1,191.1,466.9,373.5,551.2
12627,2026-02-15,NGP,NDLS,2026-02-16 01:44:00,2026-02-16 01:44:00,2026-02-16 04:58:00,194.5,194.5,123.2,98.6,263.8
12301,2026-02-16,NDLS,CNB,2026-02-16 06:45:00,2026-02-16 06:45:00,2026-02-16 06:55:00,10.3,10.3,1150.0,920.0,955.8
12301,2026-02-16,CNB,PRYJ,2026-02-16 09:59:00,2026-02-16 09:59:00,2026-02-16 10:19:00,20.7,20.7,920.0,736.0,757.1
12301,2026-02-16,PRYJ,DDU,2026-02-16 13:23:00,2026-02-16 13:23:00,2026-02-16 13:59:00,36.3,36.3,690.0,552.0,600.8
12301,2026-02-16,DDU,GKP,2026-02-16 17:03:00,2026-02-16 17:03:00,2026-02-16 17:53:00,50.7,50.7,394.7,315.8,381.3
12301,2026-02-16,GKP,HWH,2026-02-16 20:57:00,2026-02-16 20:57:00,2026-02-16 22:41:00,104.5,104.5,160.0,128.0,207.9
12302,2026-02-16,HWH,GKP,2026-02-16 05:48:00,2026-02-16 05:48:00,2026-02-16 06:03:00,15.9,15.9,1150.0,920.0,942.9
12302,2026-02-16,GKP,DDU,2026-02-16 09:07:00,2026-02-16 09:07:00,2026-02-16 09:24:00,17.8,17.8,920.0,736.0,776.8
12302,2026-02-16,DDU,PRYJ,2026-02-16 12:28:00,2026-02-16 12:28:00,2026-02-16 12:46:00,18.9,18.9,690.0,552.0,584.3
12302,2026-02-16,PRYJ,CNB,2026-02-16 15:50:00,2026-02-16 15:50:00,2026-02-16 16:08:00,18.5,18.5,484.7,387.8,409.9
12302,2026-02-16,CNB,NDLS,2026-02-16 19:12:00,2026-02-16 19:12:00,2026-02-16 19:46:00,34.8,34.8,164.4,131.5,176.3
12951,2026-02-16,BCT,ST,2026-02-16 06:42:00,2026-02-16 06:42:00,2026-02-16 07:02:00,20.2,20.2,1150.0,920.0,935.4
12951,2026-02-16,ST,BRC,2026-02-16 10:06:00,2026-02-16 10:06:00,2026-02-16 11:03:00,57.4,57.4,920.0,736.0,779.5
12951,2026-02-16,BRC,RTM,2026-02-16 14:07:00,2026-02-16 14:07:00,2026-02-16 15:06:00,59.4,59.4,690.0,552.0,594.2
12951,2026-02-16,RTM,KOTA,2026-02-16 18:10:00,2026-02-16 18:10:00,2026-02-16 19:14:00,64.4,64.4,279.8,223.8,291.9
12951,2026-02-16,KOTA,NDLS,2026-02-16 22:18:00,2026-02-16 22:18:00,2026-02-16 23:27:00,69.5,69.5,175.9,140.7,210.8
12952,2026-02-16,NDLS,KOTA,2026-02-16 06:02:00,2026-02-16 06:02:00,2026-02-16 06:11:00,9.3,9.3,1150.0,920.0,951.5
12952,2026-02-16,KOTA,RTM,2026-02-16 09:15:00,2026-02-16 09:15:00,2026-02-16 09:56:00,41.6,41.6,920.0,736.0,792.9
12952,2026-02-16,RTM,BRC,2026-02-16 13:00:00,2026-02-16 13:00:00,2026-02-16 13:40:00,40.1,40.1,690.0,552.0,594.6
12952,2026-02-16,BRC,ST,2026-02-16 16:44:00,2026-02-16 16:44:00,2026-02-16 17:40:00,56.2,56.2,461.7,369.4,443.2
12952,2026-02-16,ST,BCT,2026-02-16 20:44:00,2026-02-16 20:44:00,2026-02-16 21:43:00,59.8,59.8,161.9,129.5,185.8
12004,2026-02-16,NDLS,GZB,2026-02-16 05:55:00,2026-02-16 05:55:00,2026-02-16 06:01:00,6.3,6.3,1150.0,920.0,932.7
12004,2026-02-16,GZB,ALJN,2026-02-16 09:05:00,2026-02-16 09:05:00,2026-02-16 10:12:00,67.5,67.5,920.0,736.0,822.9
12004,2026-02-16,ALJN,TDL,2026-02-16 13:16:00,2026-02-16 13:16:00,2026-02-16 15:25:00,129.8,129.8,690.0,552.0,660.2
12004,2026-02-16,TDL,CNB,2026-02-16 18:29:00,2026-02-16 18:29:00,2026-02-16 20:43:00,134.8,134.8,261.7,209.4,334.5
12004,2026-02-16,CNB,LKO,2026-02-16 23:47:00,2026-02-16 23:47:00,2026-02-17 02:57:00,190.0,190.0,130.8,104.6,288.3
12626,2026-02-16,NDLS,AGC,2026-02-16 06:07:00,2026-02-16 06:07:00,2026-02-16 06:46:00,39.4,39.4,1150.0,920.0,970.7
12626,2026-02-16,AGC,VGLJ,2026-02-16 09:50:00,2026-02-16 09:50:00,2026-02-16 11:37:00,107.3,107.3,920.0,736.0,827.2
12626,2026-02-16,VGLJ,BPL,2026-02-16 14:41:00,2026-02-16 14:41:00,2026-02-16 17:10:00,149.9,149.9,690.0,552.0,687.6
12626,2026-02-16,BPL,NGP,2026-02-16 20:14:00,2026-02-16 20:14:00,2026-02-16 22:57:00,163.1,163.1,425.5,340.4,492.5
12626,2026-02-16,NGP,MAS,2026-02-17 02:01:00,2026-02-17 02:01:00,2026-02-17 05:46:00,225.3,225.3,151.1,120.9,326.5
12424,2026-02-16,NDLS,CNB,2026-02-16 06:02:00,2026-02-16 06:02:00,2026-02-16 06:14:00,12.5,12.5,1150.0,920.0,932.5
12424,2026-02-16,CNB,PRYJ,2026-02-16 09:18:00,2026-02-16 09:18:00,2026-02-16 09:41:00,23.0,23.0,920.0,736.0,774.3
12424,2026-02-16,PRYJ,DDU,2026-02-16 12:45:00,2026-02-16 12:45:00,2026-02-16 13:20:00,35.7,35.7,690.0,552.0,597.1
12424,2026-02-16,DDU,PPTA,2026-02-16 16:24:00,2026-02-16 16:24:00,2026-02-16 17:36:00,72.0,72.0,423.1,338.5,409.9
12424,2026-02-16,PPTA,GHY,2026-02-16 20:40:00,2026-02-16 20:40:00,2026-02-16 21:48:00,68.7,68.7,156.9,125.5,187.4
12260,2026-02-16,NDLS,CNB,2026-02-16 05:40:00,2026-02-16 05:40:00,2026-02-16 06:10:00,30.4,30.4,1150.0,920.0,960.9
12260,2026-02-16,CNB,PRYJ,2026-02-16 10:00:00,2026-02-16 10:00:00,2026-02-16 11:15:00,75.9,75.9,862.5,690.0,768.6
12260,2026-02-16,PRYJ,DDU,2026-02-16 15:05:00,2026-02-16 15:05:00,2026-02-16 16:17:00,72.4,72.4,242.6,194.1,278.4
12260,2026-02-16,DDU,HWH,2026-02-16 20:07:00,2026-02-16 20:07:00,2026-02-16 21:22:00,75.6,75.6,102.3,81.8,157.2
12926,2026-02-16,BCT,BRC,2026-02-16 06:18:00,2026-02-16 06:18:00,2026-02-16 07:30:00,72.8,72.8,1150.0,920.0,983.3
12926,2026-02-16,BRC,RTM,2026-02-16 10:34:00,2026-02-16 10:34:00,2026-02-16 12:58:00,144.7,144.7,920.0,736.0,872.5
12926,2026-02-16,RTM,KOTA,2026-02-16 16:02:00,2026-02-16 16:02:00,2026-02-16 19:31:00,209.4,209.4,690.0,552.0,746.4
12926,2026-02-16,KOTA,NDLS,2026-02-16 22:35:00,2026-02-16 22:35:00,2026-02-17 02:09:00,214.2,214.2,375.5,300.4,499.0
12926,2026-02-16,NDLS,ASR,2026-02-17 05:13:00,2026-02-17 05:13:00,2026-02-17 09:29:00,256.9,256.9,70.7,56.6,284.9
12627,2026-02-16,SBC,DMM,2026-02-16 06:46:00,2026-02-16 06:46:00,2026-02-16 07:18:00,32.5,32.5,1150.0,920.0,941.5
12627,2026-02-16,DMM,GTL,2026-02-16 10:22:00,2026-02-16 10:22:00,2026-02-16 11:00:00,38.6,38.6,920.0,736.0,770.4
12627,2026-02-16,GTL,SC,2026-02-16 14:04:00,2026-02-16 14:04:00,2026-02-16 14:48:00,44.8,44.8,690.0,552.0,598.0
12627,2026-02-16,SC,NGP,2026-02-16 17:52:00,2026-02-16 17:52:00,2026-02-16 18:49:00,57.4,57.4,254.6,203.7,259.4
12627,2026-02-16,NGP,NDLS,2026-02-16 21:53:00,2026-02-16 21:53:00,2026-02-16 23:03:00,70.8,70.8,116.1,92.9,163.8
12301,2026-02-17,NDLS,CNB,2026-02-17 06:33:00,2026-02-17 06:33:00,2026-02-17 07:10:00,37.2,37.2,1150.0,920.0,980.8
12301,2026-02-17,CNB,PRYJ,2026-02-17 10:14:00,2026-02-17 10:14:00,2026-02-17 11:09:00,55.4,55.4,920.0,736.0,816.1
12301,2026-02-17,PRYJ,DDU,2026-02-17 14:13:00,2026-02-17 14:13:00,2026-02-17 15:04:00,51.9,51.9,690.0,552.0,600.2
12301,2026-02-17,DDU,GKP,2026-02-17 18:08:00,2026-02-17 18:08:00,2026-02-17 19:55:00,107.1,107.1,263.2,210.6,320.3
12301,2026-02-17,GKP,HWH,2026-02-17 22:59:00,2026-02-17 22:59:00,2026-02-18 00:41:00,103.0,103.0,142.7,114.2,209.6
12302,2026-02-17,HWH,GKP,2026-02-17 06:06:00,2026-02-17 06:06:00,2026-02-17 06:13:00,7.3,7.3,1150.0,920.0,958.2
12302,2026-02-17,GKP,DDU,2026-02-17 09:17:00,2026-02-17 09:17:00,2026-02-17 09:29:00,12.6,12.6,920.0,736.0,770.5
12302,2026-02-17,DDU,PRYJ,2026-02-17 12:33:00,2026-02-17 12:33:00,2026-02-17 12:52:00,19.9,19.9,690.0,552.0,578.5
12302,2026-02-17,PRYJ,CNB,2026-02-17 15:56:00,2026-02-17 15:56:00,2026-02-17 16:22:00,26.8,26.8,277.6,222.1,255.9
12302,2026-02-17,CNB,NDLS,2026-02-17 19:26:00,2026-02-17 19:26:00,2026-02-17 19:59:00,33.4,33.4,100.2,80.2,113.4
12951,2026-02-17,BCT,ST,2026-02-17 05:49:00,2026-02-17 05:49:00,2026-02-17 06:01:00,12.5,12.5,1150.0,920.0,946.3
12951,2026-02-17,ST,BRC,2026-02-17 09:05:00,2026-02-17 09:05:00,2026-02-17 09:26:00,21.2,21.2,920.0,736.0,762.3
12951,2026-02-17,BRC,RTM,2026-02-17 12:30:00,2026-02-17 12:30:00,2026-02-17 12:56:00,26.9,26.9,690.0,552.0,579.5
12951,2026-02-17,RTM,KOTA,2026-02-17 16:00:00,2026-02-17 16:00:00,2026-02-17 16:33:00,33.2,33.2,390.5,312.4,362.3
12951,2026-02-17,KOTA,NDLS,2026-02-17 19:37:00,2026-02-17 19:37:00,2026-02-17 20:14:00,37.5,37.5,104.2,83.4,115.2
12952,2026-02-17,NDLS,KOTA,2026-02-17 06:19:00,2026-02-17 06:19:00,2026-02-17 06:22:00,3.6,3.6,1150.0,920.0,943.7
12952,2026-02-17,KOTA,RTM,2026-02-17 09:26:00,2026-02-17 09:26:00,2026-02-17 10:07:00,41.3,41.3,920.0,736.0,772.5
12952,2026-02-17,RTM,BRC,2026-02-17 13:11:00,2026-02-17 13:11:00,2026-02-17 14:39:00,88.6,88.6,690.0,552.0,633.0
12952,2026-02-17,BRC,ST,2026-02-17 17:43:00,2026-02-17 17:43:00,2026-02-17 19:19:00,96.9,96.9,361.9,289.5,387.5
12952,2026-02-17,ST,BCT,2026-02-17 22:23:00,2026-02-17 22:23:00,2026-02-18 00:15:00,112.0,112.0,172.0,137.6,249.8
12004,2026-02-17,NDLS,GZB,2026-02-17 06:18:00,2026-02-17 06:18:00,2026-02-17 07:32:00,74.3,74.3,1150.0,920.0,1019.6
12004,2026-02-17,GZB,ALJN,2026-02-17 10:36:00,2026-02-17 10:36:00,2026-02-17 12:00:00,84.8,84.8,920.0,736.0,824.1
12004,2026-02-17,ALJN,TDL,2026-02-17 15:04:00,2026-02-17 15:04:00,2026-02-17 17:17:00,133.5,133.5,690.0,552.0,675.9
12004,2026-02-17,TDL,CNB,2026-02-17 20:21:00,2026-02-17 20:21:00,2026-02-17 22:39:00,138.3,138.3,308.7,247.0,368.8
12004,2026-02-17,CNB,LKO,2026-02-18 01:43:00,2026-02-18 01:43:00,2026-02-18 04:11:00,148.8,148.8,84.3,67.4,206.1
12626,2026-02-17,NDLS,AGC,2026-02-17 06:00:00,2026-02-17 06:00:00,2026-02-17 06:42:00,42.6,42.6,1150.0,920.0,983.0
12626,2026-02-17,AGC,VGLJ,2026-02-17 09:46:00,2026-02-17 09:46:00,2026-02-17 10:44:00,58.1,58.1,920.0,736.0,792.9
12626,2026-02-17,VGLJ,BPL,2026-02-17 13:48:00,2026-02-17 13:48:00,2026-02-17 14:53:00,65.9,65.9,690.0,552.0,637.0
12626,2026-02-17,BPL,NGP,2026-02-17 17:57:00,2026-02-17 17:57:00,2026-02-17 19:15:00,78.7,78.7,425.9,340.7,422.0
12626,2026-02-17,NGP,MAS,2026-02-17 22:19:00,2026-02-17 22:19:00,2026-02-18 00:34:00,135.4,135.4,135.5,108.4,237.0
12424,2026-02-17,NDLS,CNB,2026-02-17 06:42:00,2026-02-17 06:42:00,2026-02-17 07:58:00,76.2,76.2,1150.0,920.0,992.8
12424,2026-02-17,CNB,PRYJ,2026-02-17 11:02:00,2026-02-17 11:02:00,2026-02-17 13:21:00,139.8,139.8,920.0,736.0,858.0
12424,2026-02-17,PRYJ,DDU,2026-02-17 16:25:00,2026-02-17 16:25:00,2026-02-17 18:47:00,142.3,142.3,690.0,552.0,677.9
12424,2026-02-17,DDU,PPTA,2026-02-17 21:51:00,2026-02-17 21:51:00,2026-02-18 00:22:00,151.2,151.2,258.4,206.7,360.8
12424,2026-02-17,PPTA,GHY,2026-02-18 03:26:00,2026-02-18 03:26:00,2026-02-18 06:11:00,165.4,165.4,79.0,63.2,210.6
12260,2026-02-17,NDLS,CNB,2026-02-17 05:39:00,2026-02-17 05:39:00,2026-02-17 06:12:00,33.2,33.2,1150.0,920.0,975.8
12260,2026-02-17,CNB,PRYJ,2026-02-17 10:02:00,2026-02-17 10:02:00,2026-02-17 10:37:00,35.2,35.2,862.5,690.0,742.2
12260,2026-02-17,PRYJ,DDU,2026-02-17 14:27:00,2026-02-17 14:27:00,2026-02-17 16:07:00,101.0,101.0,272.5,218.0,312.1
12260,2026-02-17,DDU,HWH,2026-02-17 19:57:00,2026-02-17 19:57:00,2026-02-17 21:32:00,96.0,96.0,145.6,116.5,207.4
12926,2026-02-17,BCT,BRC,2026-02-17 06:57:00,2026-02-17 06:57:00,2026-02-17 07:22:00,25.3,25.3,1150.0,920.0,950.8
12926,2026-02-17,BRC,RTM,2026-02-17 10:26:00,2026-02-17 10:26:00,2026-02-17 11:11:00,45.5,45.5,920.0,736.0,790.2
12926,2026-02-17,RTM,KOTA,2026-02-17 14:15:00,2026-02-17 14:15:00,2026-02-17 15:18:00,63.5,63.5,690.0,552.0,622.3
12926,2026-02-17,KOTA,NDLS,2026-02-17 18:22:00,2026-02-17 18:22:00,2026-02-17 19:28:00,66.2,66.2,245.1,196.1,273.6
12926,2026-02-17,NDLS,ASR,2026-02-17 22:32:00,2026-02-17 22:32:00,2026-02-17 23:54:00,83.0,83.0,96.0,76.8,173.1
12627,2026-02-17,SBC,DMM,2026-02-17 06:54:00,2026-02-17 06:54:00,2026-02-17 07:23:00,29.4,29.4,1150.0,920.0,957.6
12627,2026-02-17,DMM,GTL,2026-02-17 10:27:00,2026-02-17 10:27:00,2026-02-17 11:03:00,36.9,36.9,920.0,736.0,796.3
12627,2026-02-17,GTL,SC,2026-02-17 14:07:00,2026-02-17 14:07:00,2026-02-17 14:46:00,39.3,39.3,690.0,552.0,598.4
12627,2026-02-17,SC,NGP,2026-02-17 17:50:00,2026-02-17 17:50:00,2026-02-17 18:19:00,29.8,29.8,476.4,381.1,421.2
12627,2026-02-17,NGP,NDLS,2026-02-17 21:23:00,2026-02-17 21:23:00,2026-02-17 22:00:00,37.2,37.2,88.3,70.6,112.5
12301,2026-02-18,NDLS,CNB,2026-02-18 06:58:00,2026-02-18 06:58:00,2026-02-18 08:02:00,64.2,64.2,1150.0,920.0,978.3
12301,2026-02-18,CNB,PRYJ,2026-02-18 11:06:00,2026-02-18 11:06:00,2026-02-18 12:09:00,63.2,63.2,920.0,736.0,817.1
12301,2026-02-18,PRYJ,DDU,2026-02-18 15:13:00,2026-02-18 15:13:00,2026-02-18 16:06:00,53.7,53.7,690.0,552.0,617.3
12301,2026-02-18,DDU,GKP,2026-02-18 19:10:00,2026-02-18 19:10:00,2026-02-18 20:17:00,67.2,67.2,240.5,192.4,259.5
12301,2026-02-18,GKP,HWH,2026-02-18 23:21:00,2026-02-18 23:21:00,2026-02-19 00:37:00,76.2,76.2,55.1,44.1,124.3
12302,2026-02-18,HWH,GKP,2026-02-18 06:58:00,2026-02-18 06:58:00,2026-02-18 07:43:00,45.2,45.2,1150.0,920.0,971.6
12302,2026-02-18,GKP,DDU,2026-02-18 10:47:00,2026-02-18 10:47:00,2026-02-18 11:46:00,59.4,59.4,920.0,736.0,792.4
12302,2026-02-18,DDU,PRYJ,2026-02-18 14:50:00,2026-02-18 14:50:00,2026-02-18 15:55:00,65.3,65.3,690.0,552.0,627.1
12302,2026-02-18,PRYJ,CNB,2026-02-18 18:59:00,2026-02-18 18:59:00,2026-02-18 20:09:00,71.0,71.0,277.7,222.2,274.6
12302,2026-02-18,CNB,NDLS,2026-02-18 23:13:00,2026-02-18 23:13:00,2026-02-19 00:51:00,98.4,98.4,123.4,98.7,207.5
12951,2026-02-18,BCT,ST,2026-02-18 05:40:00,2026-02-18 05:40:00,2026-02-18 05:45:00,5.7,5.7,1150.0,920.0,926.5
12951,2026-02-18,ST,BRC,2026-02-18 08:49:00,2026-02-18 08:49:00,2026-02-18 08:49:00,0.0,0.0,920.0,736.0,758.3
12951,2026-02-18,BRC,RTM,2026-02-18 11:53:00,2026-02-18 11:53:00,2026-02-18 12:50:00,57.8,57.8,690.0,552.0,627.3
12951,2026-02-18,RTM,KOTA,2026-02-18 15:54:00,2026-02-18 15:54:00,2026-02-18 17:00:00,66.6,66.6,337.6,270.1,351.8
12951,2026-02-18,KOTA,NDLS,2026-02-18 20:04:00,2026-02-18 20:04:00,2026-02-18 22:14:00,130.5,130.5,164.0,131.2,240.9
12952,2026-02-18,NDLS,KOTA,2026-02-18 05:56:00,2026-02-18 05:56:00,2026-02-18 06:05:00,9.1,9.1,1150.0,920.0,943.6
12952,2026-02-18,KOTA,RTM,2026-02-18 09:09:00,2026-02-18 09:09:00,2026-02-18 09:26:00,17.5,17.5,920.0,736.0,786.4
12952,2026-02-18,RTM,BRC,2026-02-18 12:30:00,2026-02-18 12:30:00,2026-02-18 13:10:00,40.8,40.8,690.0,552.0,593.5
12952,2026-02-18,BRC,ST,2026-02-18 16:14:00,2026-02-18 16:14:00,2026-02-18 16:55:00,41.8,41.8,357.5,286.0,348.7
12952,2026-02-18,ST,BCT,2026-02-18 19:59:00,2026-02-18 19:59:00,2026-02-18 21:19:00,80.8,80.8,88.5,70.8,150.9
12004,2026-02-18,NDLS,GZB,2026-02-18 05:34:00,2026-02-18 05:34:00,2026-02-18 07:19:00,106.0,106.0,1150.0,920.0,1033.2
12004,2026-02-18,GZB,ALJN,2026-02-18 10:23:00,2026-02-18 10:23:00,2026-02-18 12:20:00,117.2,117.2,920.0,736.0,850.7
12004,2026-02-18,ALJN,TDL,2026-02-18 15:24:00,2026-02-18 15:24:00,2026-02-18 18:21:00,177.1,177.1,690.0,552.0,705.7
12004,2026-02-18,TDL,CNB,2026-02-18 21:25:00,2026-02-18 21:25:00,2026-02-19 00:32:00,187.4,187.4,224.3,179.4,354.9
12004,2026-02-18,CNB,LKO,2026-02-19 03:36:00,2026-02-19 03:36:00,2026-02-19 06:53:00,197.3,197.3,53.8,43.0,220.0
12626,2026-02-18,NDLS,AGC,2026-02-18 06:09:00,2026-02-18 06:09:00,2026-02-18 06:32:00,23.1,23.1,1150.0,920.0,944.6
12626,2026-02-18,AGC,VGLJ,2026-02-18 09:36:00,2026-02-18 09:36:00,2026-02-18 10:49:00,73.0,73.0,920.0,736.0,827.0
12626,2026-02-18,VGLJ,BPL,2026-02-18 13:53:00,2026-02-18 13:53:00,2026-02-18 15:11:00,78.1,78.1,690.0,552.0,632.5
12626,2026-02-18,BPL,NGP,2026-02-18 18:15:00,2026-02-18 18:15:00,2026-02-18 19:41:00,86.5,86.5,231.6,185.3,274.2
12626,2026-02-18,NGP,MAS,2026-02-18 22:45:00,2026-02-18 22:45:00,2026-02-19 00:19:00,94.6,94.6,95.6,76.5,158.9
12424,2026-02-18,NDLS,CNB,2026-02-18 06:37:00,2026-02-18 06:37:00,2026-02-18 07:03:00,26.1,26.1,1150.0,920.0,960.8
12424,2026-02-18,CNB,PRYJ,2026-02-18 10:07:00,2026-02-18 10:07:00,2026-02-18 10:32:00,25.8,25.8,920.0,736.0,771.6
12424,2026-02-18,PRYJ,DDU,2026-02-18 13:36:00,2026-02-18 13:36:00,2026-02-18 14:36:00,60.8,60.8,690.0,552.0,616.1
12424,2026-02-18,DDU,PPTA,2026-02-18 17:40:00,2026-02-18 17:40:00,2026-02-18 18:41:00,61.1,61.1,335.3,268.2,346.7
12424,2026-02-18,PPTA,GHY,2026-02-18 21:45:00,2026-02-18 21:45:00,2026-02-18 22:59:00,74.6,74.6,124.4,99.5,165.4
12260,2026-02-18,NDLS,CNB,2026-02-18 06:25:00,2026-02-18 06:25:00,2026-02-18 06:35:00,10.8,10.8,1150.0,920.0,961.5
12260,2026-02-18,CNB,PRYJ,2026-02-18 10:25:00,2026-02-18 10:25:00,2026-02-18 10:49:00,24.1,24.1,862.5,690.0,723.5
12260,2026-02-18,PRYJ,DDU,2026-02-18 14:39:00,2026-02-18 14:39:00,2026-02-18 15:05:00,26.8,26.8,449.2,359.4,388.9
12260,2026-02-18,DDU,HWH,2026-02-18 18:55:00,2026-02-18 18:55:00,2026-02-18 19:32:00,37.7,37.7,75.2,60.2,104.5
12926,2026-02-18,BCT,BRC,2026-02-18 05:57:00,2026-02-18 05:57:00,2026-02-18 06:54:00,57.7,57.7,1150.0,920.0,985.4
12926,2026-02-18,BRC,RTM,2026-02-18 09:58:00,2026-02-18 09:58:00,2026-02-18 11:07:00,69.7,69.7,920.0,736.0,804.1
12926,2026-02-18,RTM,KOTA,2026-02-18 14:11:00,2026-02-18 14:11:00,2026-02-18 15:22:00,71.7,71.7,690.0,552.0,641.6
12926,2026-02-18,KOTA,NDLS,2026-02-18 18:26:00,2026-02-18 18:26:00,2026-02-18 19:42:00,76.2,76.2,468.6,374.9,452.5
12926,2026-02-18,NDLS,ASR,2026-02-18 22:46:00,2026-02-18 22:46:00,2026-02-19 00:17:00,91.9,91.9,175.0,140.0,236.0
12627,2026-02-18,SBC,DMM,2026-02-18 06:29:00,2026-02-18 06:29:00,2026-02-18 06:32:00,3.0,3.0,1150.0,920.0,927.7
12627,2026-02-18,DMM,GTL,2026-02-18 09:36:00,2026-02-18 09:36:00,2026-02-18 10:23:00,47.6,47.6,920.0,736.0,779.5
12627,2026-02-18,GTL,SC,2026-02-18 13:27:00,2026-02-18 13:27:00,2026-02-18 14:50:00,84.0,84.0,690.0,552.0,645.9
12627,2026-02-18,SC,NGP,2026-02-18 17:54:00,2026-02-18 17:54:00,2026-02-18 19:29:00,95.7,95.7,330.7,264.6,355.3
12627,2026-02-18,NGP,NDLS,2026-02-18 22:33:00,2026-02-18 22:33:00,2026-02-19 01:09:00,156.6,156.6,156.6,125.3,272.9
12301,2026-02-19,NDLS,CNB,2026-02-19 06:19:00,2026-02-19 06:19:00,2026-02-19 06:46:00,28.0,28.0,1150.0,920.0,955.6
12301,2026-02-19,CNB,PRYJ,2026-02-19 09:50:00,2026-02-19 09:50:00,2026-02-19 10:20:00,30.1,30.1,920.0,736.0,776.5
12301,2026-02-19,PRYJ,DDU,2026-02-19 13:24:00,2026-02-19 13:24:00,2026-02-19 14:03:00,40.0,40.0,690.0,552.0,595.8
12301,2026-02-19,DDU,GKP,2026-02-19 17:07:00,2026-02-19 17:07:00,2026-02-19 17:49:00,42.9,42.9,240.2,192.2,232.5
12301,2026-02-19,GKP,HWH,2026-02-19 20:53:00,2026-02-19 20:53:00,2026-02-19 21:39:00,46.5,46.5,107.7,86.2,127.7
12302,2026-02-19,HWH,GKP,2026-02-19 06:59:00,2026-02-19 06:59:00,2026-02-19 07:11:00,12.1,12.1,1150.0,920.0,960.7
12302,2026-02-19,GKP,DDU,2026-02-19 10:15:00,2026-02-19 10:15:00,2026-02-19 10:54:00,39.2,39.2,920.0,736.0,788.4
12302,2026-02-19,DDU,PRYJ,2026-02-19 13:58:00,2026-02-19 13:58:00,2026-02-19 14:45:00,47.7,47.7,690.0,552.0,598.8
12302,2026-02-19,PRYJ,CNB,2026-02-19 17:49:00,2026-02-19 17:49:00,2026-02-19 19:25:00,96.0,96.0,363.9,291.1,389.8
12302,2026-02-19,CNB,NDLS,2026-02-19 22:29:00,2026-02-19 22:29:00,2026-02-20 00:33:00,124.1,124.1,74.7,59.8,164.4
12951,2026-02-19,BCT,ST,2026-02-19 06:02:00,2026-02-19 06:02:00,2026-02-19 06:06:00,4.2,4.2,1150.0,920.0,951.3
12951,2026-02-19,ST,BRC,2026-02-19 09:10:00,2026-02-19 09:10:00,2026-02-19 09:16:00,6.0,6.0,920.0,736.0,767.0
12951,2026-02-19,BRC,RTM,2026-02-19 12:20:00,2026-02-19 12:20:00,2026-02-19 12:36:00,17.0,17.0,690.0,552.0,568.9
12951,2026-02-19,RTM,KOTA,2026-02-19 15:40:00,2026-02-19 15:40:00,2026-02-19 16:03:00,24.0,24.0,376.8,301.4,336.3
12951,2026-02-19,KOTA,NDLS,2026-02-19 19:07:00,2026-02-19 19:07:00,2026-02-19 19:37:00,30.0,30.0,120.5,96.4,136.4
12952,2026-02-19,NDLS,KOTA,2026-02-19 05:59:00,2026-02-19 05:59:00,2026-02-19 06:02:00,3.7,3.7,1150.0,920.0,938.1
12952,2026-02-19,KOTA,RTM,2026-02-19 09:06:00,2026-02-19 09:06:00,2026-02-19 09:20:00,14.4,14.4,920.0,736.0,753.0
12952,2026-02-19,RTM,BRC,2026-02-19 12:24:00,2026-02-19 12:24:00,2026-02-19 12:41:00,17.4,17.4,690.0,552.0,584.0
12952,2026-02-19,BRC,ST,2026-02-19 15:45:00,2026-02-19 15:45:00,2026-02-19 16:08:00,23.9,23.9,298.2,238.6,267.0
12952,2026-02-19,ST,BCT,2026-02-19 19:12:00,2026-02-19 19:12:00,2026-02-19 20:27:00,75.9,75.9,148.7,119.0,197.4
12004,2026-02-19,NDLS,GZB,2026-02-19 06:09:00,2026-02-19 06:09:00,2026-02-19 07:14:00,65.8,65.8,1150.0,920.0,1003.4
12004,2026-02-19,GZB,ALJN,2026-02-19 10:18:00,2026-02-19 10:18:00,2026-02-19 11:33:00,75.5,75.5,920.0,736.0,814.7
12004,2026-02-19,ALJN,TDL,2026-02-19 14:37:00,2026-02-19 14:37:00,2026-02-19 15:54:00,77.5,77.5,690.0,552.0,627.2
12004,2026-02-19,TDL,CNB,2026-02-19 18:58:00,2026-02-19 18:58:00,2026-02-19 20:18:00,80.9,80.9,507.2,405.8,492.6
12004,2026-02-19,CNB,LKO,2026-02-19 23:22:00,2026-02-19 23:22:00,2026-02-20 01:29:00,127.5,127.5,123.9,99.1,211.6
12626,2026-02-19,NDLS,AGC,2026-02-19 06:17:00,2026-02-19 06:17:00,2026-02-19 06:43:00,26.7,26.7,1150.0,920.0,966.0
12626,2026-02-19,AGC,VGLJ,2026-02-19 09:47:00,2026-02-19 09:47:00,2026-02-19 10:21:00,34.2,34.2,920.0,736.0,767.9
12626,2026-02-19,VGLJ,BPL,2026-02-19 13:25:00,2026-02-19 13:25:00,2026-02-19 14:14:00,49.2,49.2,690.0,552.0,584.5
12626,2026-02-19,BPL,NGP,2026-02-19 17:18:00,2026-02-19 17:18:00,2026-02-19 18:21:00,63.1,63.1,298.2,238.6,315.4
12626,2026-02-19,NGP,MAS,2026-02-19 21:25:00,2026-02-19 21:25:00,2026-02-19 22:31:00,66.5,66.5,161.1,128.9,191.7
12424,2026-02-19,NDLS,CNB,2026-02-19 06:52:00,2026-02-19 06:52:00,2026-02-19 07:11:00,19.3,19.3,1150.0,920.0,946.3
12424,2026-02-19,CNB,PRYJ,2026-02-19 10:15:00,2026-02-19 10:15:00,2026-02-19 10:39:00,24.7,24.7,920.0,736.0,780.9
12424,2026-02-19,PRYJ,DDU,2026-02-19 13:43:00,2026-02-19 13:43:00,2026-02-19 14:07:00,24.8,24.8,690.0,552.0,589.1
12424,2026-02-19,DDU,PPTA,2026-02-19 17:11:00,2026-02-19 17:11:00,2026-02-19 17:37:00,26.1,26.1,457.3,365.8,407.9
12424,2026-02-19,PPTA,GHY,2026-02-19 20:41:00,2026-02-19 20:41:00,2026-02-19 21:57:00,76.4,76.4,164.4,131.5,232.4
12260,2026-02-19,NDLS,CNB,2026-02-19 06:10:00,2026-02-19 06:10:00,2026-02-19 06:29:00,19.6,19.6,1150.0,920.0,955.5
12260,2026-02-19,CNB,PRYJ,2026-02-19 10:19:00,2026-02-19 10:19:00,2026-02-19 10:49:00,31.0,31.0,862.5,690.0,723.3
12260,2026-02-19,PRYJ,DDU,2026-02-19 14:39:00,2026-02-19 14:39:00,2026-02-19 15:13:00,34.1,34.1,522.4,417.9,457.3
12260,2026-02-19,DDU,HWH,2026-02-19 19:03:00,2026-02-19 19:03:00,2026-02-19 19:56:00,53.5,53.5,119.6,95.7,148.0
12926,2026-02-19,BCT,BRC,2026-02-19 06:42:00,2026-02-19 06:42:00,2026-02-19 06:51:00,9.9,9.9,1150.0,920.0,948.6
12926,2026-02-19,BRC,RTM,2026-02-19 09:55:00,2026-02-19 09:55:00,2026-02-19 10:45:00,50.8,50.8,920.0,736.0,793.8
12926,2026-02-19,RTM,KOTA,2026-02-19 13:49:00,2026-02-19 13:49:00,2026-02-19 14:49:00,60.0,60.0,690.0,552.0,627.8
12926,2026-02-19,KOTA,NDLS,2026-02-19 17:53:00,2026-02-19 17:53:00,2026-02-19 19:40:00,107.4,107.4,456.5,365.2,467.2
12926,2026-02-19,NDLS,ASR,2026-02-19 22:44:00,2026-02-19 22:44:00,2026-02-20 00:20:00,96.1,96.1,153.3,122.6,190.6
12627,2026-02-19,SBC,DMM,2026-02-19 05:58:00,2026-02-19 05:58:00,2026-02-19 06:43:00,45.8,45.8,1150.0,920.0,979.9
12627,2026-02-19,DMM,GTL,2026-02-19 09:47:00,2026-02-19 09:47:00,2026-02-19 10:36:00,49.4,49.4,920.0,736.0,786.3
12627,2026-02-19,GTL,SC,2026-02-19 13:40:00,2026-02-19 13:40:00,2026-02-19 14:45:00,65.3,65.3,690.0,552.0,616.1
12627,2026-02-19,SC,NGP,2026-02-19 17:49:00,2026-02-19 17:49:00,2026-02-19 19:02:00,73.6,73.6,478.8,383.0,470.9
12627,2026-02-19,NGP,NDLS,2026-02-19 22:06:00,2026-02-19 22:06:00,2026-02-19 23:27:00,81.2,81.2,127.4,101.9,187.4
12301,2026-02-20,NDLS,CNB,2026-02-20 05:41:00,2026-02-20 05:41:00,2026-02-20 06:40:00,59.7,59.7,1150.0,920.0,971.4
12301,2026-02-20,CNB,PRYJ,2026-02-20 09:44:00,2026-02-20 09:44:00,2026-02-20 10:39:00,55.9,55.9,920.0,736.0,799.0
12301,2026-02-20,PRYJ,DDU,2026-02-20 13:43:00,2026-02-20 13:43:00,2026-02-20 14:42:00,59.7,59.7,690.0,552.0,624.2
12301,2026-02-20,DDU,GKP,2026-02-20 17:46:00,2026-02-20 17:46:00,2026-02-20 19:02:00,76.3,76.3,346.5,277.2,367.5
12301,2026-02-20,GKP,HWH,2026-02-20 22:06:00,2026-02-20 22:06:00,2026-02-20 23:21:00,76.0,76.0,71.7,57.4,141.7
12302,2026-02-20,HWH,GKP,2026-02-20 06:25:00,2026-02-20 06:25:00,2026-02-20 06:40:00,15.4,15.4,1150.0,920.0,956.9
12302,2026-02-20,GKP,DDU,2026-02-20 09:44:00,2026-02-20 09:44:00,2026-02-20 09:59:00,15.3,15.3,920.0,736.0,774.6
12302,2026-02-20,DDU,PRYJ,2026-02-20 13:03:00,2026-02-20 13:03:00,2026-02-20 13:49:00,46.9,46.9,690.0,552.0,592.8
12302,2026-02-20,PRYJ,CNB,2026-02-20 16:53:00,2026-02-20 16:53:00,2026-02-20 17:43:00,50.7,50.7,412.5,330.0,379.0
12302,2026-02-20,CNB,NDLS,2026-02-20 20:47:00,2026-02-20 20:47:00,2026-02-20 21:48:00,61.3,61.3,160.5,128.4,203.3
12951,2026-02-20,BCT,ST,2026-02-20 05:38:00,2026-02-20 05:38:00,2026-02-20 05:42:00,4.8,4.8,1150.0,920.0,929.1
12951,2026-02-20,ST,BRC,2026-02-20 08:46:00,2026-02-20 08:46:00,2026-02-20 08:59:00,13.3,13.3,920.0,736.0,765.1
12951,2026-02-20,BRC,RTM,2026-02-20 12:03:00,2026-02-20 12:03:00,2026-02-20 12:22:00,19.9,19.9,690.0,552.0,585.2
12951,2026-02-20,RTM,KOTA,2026-02-20 15:26:00,2026-02-20 15:26:00,2026-02-20 15:43:00,17.3,17.3,322.3,257.8,272.0
12951,2026-02-20,KOTA,NDLS,2026-02-20 18:47:00,2026-02-20 18:47:00,2026-02-20 19:59:00,72.6,72.6,69.2,55.4,143.8
12952,2026-02-20,NDLS,KOTA,2026-02-20 06:30:00,2026-02-20 06:30:00,2026-02-20 06:59:00,29.5,29.5,1150.0,920.0,961.0
12952,2026-02-20,KOTA,RTM,2026-02-20 10:03:00,2026-02-20 10:03:00,2026-02-20 10:45:00,42.7,42.7,920.0,736.0,793.2
12952,2026-02-20,RTM,BRC,2026-02-20 13:49:00,2026-02-20 13:49:00,2026-02-20 14:45:00,56.6,56.6,690.0,552.0,603.0
12952,2026-02-20,BRC,ST,2026-02-20 17:49:00,2026-02-20 17:49:00,2026-02-20 18:37:00,48.9,48.9,470.6,376.5,424.5
12952,2026-02-20,ST,BCT,2026-02-20 21:41:00,2026-02-20 21:41:00,2026-02-20 22:29:00,48.2,48.2,93.5,74.8,111.8
12004,2026-02-20,NDLS,GZB,2026-02-20 06:27:00,2026-02-20 06:27:00,2026-02-20 07:54:00,87.9,87.9,1150.0,920.0,1005.6
12004,2026-02-20,GZB,ALJN,2026-02-20 10:58:00,2026-02-20 10:58:00,2026-02-20 12:33:00,95.1,95.1,920.0,736.0,825.7
12004,2026-02-20,ALJN,TDL,2026-02-20 15:37:00,2026-02-20 15:37:00,2026-02-20 17:08:00,91.8,91.8,690.0,552.0,644.9
12004,2026-02-20,TDL,CNB,2026-02-20 20:12:00,2026-02-20 20:12:00,2026-02-20 21:43:00,92.0,92.0,477.6,382.1,477.8
12004,2026-02-20,CNB,LKO,2026-02-21 00:47:00,2026-02-21 00:47:00,2026-02-21 02:25:00,98.7,98.7,68.3,54.6,141.4
12626,2026-02-20,NDLS,AGC,2026-02-20 06:55:00,2026-02-20 06:55:00,2026-02-20 07:03:00,8.6,8.6,1150.0,920.0,953.2
12626,2026-02-20,AGC,VGLJ,2026-02-20 10:07:00,2026-02-20 10:07:00,2026-02-20 10:28:00,21.6,21.6,920.0,736.0,770.7
12626,2026-02-20,VGLJ,BPL,2026-02-20 13:32:00,2026-02-20 13:32:00,2026-02-20 13:55:00,23.1,23.1,690.0,552.0,579.9
12626,2026-02-20,BPL,NGP,2026-02-20 16:59:00,2026-02-20 16:59:00,2026-02-20 17:26:00,27.2,27.2,418.0,334.4,383.6
12626,2026-02-20,NGP,MAS,2026-02-20 20:30:00,2026-02-20 20:30:00,2026-02-20 20:59:00,29.3,29.3,172.9,138.3,185.1
12424,2026-02-20,NDLS,CNB,2026-02-20 06:59:00,2026-02-20 06:59:00,2026-02-20 08:23:00,84.8,84.8,1150.0,920.0,1002.5
12424,2026-02-20,CNB,PRYJ,2026-02-20 11:27:00,2026-02-20 11:27:00,2026-02-20 13:00:00,93.8,93.8,920.0,736.0,821.7
12424,2026-02-20,PRYJ,DDU,2026-02-20 16:04:00,2026-02-20 16:04:00,2026-02-20 17:49:00,105.8,105.8,690.0,552.0,666.8
12424,2026-02-20,DDU,PPTA,2026-02-20 20:53:00,2026-02-20 20:53:00,2026-02-20 22:46:00,113.2,113.2,286.9,229.5,343.8
12424,2026-02-20,PPTA,GHY,2026-02-21 01:50:00,2026-02-21 01:50:00,2026-02-21 03:44:00,114.5,114.5,67.3,53.8,166.7
12260,2026-02-20,NDLS,CNB,2026-02-20 06:08:00,2026-02-20 06:08:00,2026-02-20 06:14:00,6.9,6.9,1150.0,920.0,935.9
12260,2026-02-20,CNB,PRYJ,2026-02-20 10:04:00,2026-02-20 10:04:00,2026-02-20 10:30:00,26.1,26.1,862.5,690.0,721.3
12260,2026-02-20,PRYJ,DDU,2026-02-20 14:20:00,2026-02-20 14:20:00,2026-02-20 14:56:00,36.6,36.6,458.6,366.9,415.2
12260,2026-02-20,DDU,HWH,2026-02-20 18:46:00,2026-02-20 18:46:00,2026-02-20 19:38:00,52.8,52.8,55.0,44.0,118.8
12926,2026-02-20,BCT,BRC,2026-02-20 05:49:00,2026-02-20 05:49:00,2026-02-20 05:49:00,0.0,0.0,1150.0,920.0,932.1
12926,2026-02-20,BRC,RTM,2026-02-20 08:53:00,2026-02-20 08:53:00,2026-02-20 09:59:00,66.0,66.0,920.0,736.0,798.6
12926,2026-02-20,RTM,KOTA,2026-02-20 13:03:00,2026-02-20 13:03:00,2026-02-20 14:19:00,76.1,76.1,690.0,552.0,631.5
12926,2026-02-20,KOTA,NDLS,2026-02-20 17:23:00,2026-02-20 17:23:00,2026-02-20 19:28:00,125.6,125.6,525.0,420.0,559.5
12926,2026-02-20,NDLS,ASR,2026-02-20 22:32:00,2026-02-20 22:32:00,2026-02-21 00:45:00,133.5,133.5,111.1,88.9,188.5
12627,2026-02-20,SBC,DMM,2026-02-20 06:49:00,2026-02-20 06:49:00,2026-02-20 07:28:00,39.0,39.0,1150.0,920.0,962.0
12627,2026-02-20,DMM,GTL,2026-02-20 10:32:00,2026-02-20 10:32:00,2026-02-20 11:11:00,40.0,40.0,920.0,736.0,780.7
12627,2026-02-20,GTL,SC,2026-02-20 14:15:00,2026-02-20 14:15:00,2026-02-20 15:04:00,49.1,49.1,690.0,552.0,607.1
12627,2026-02-20,SC,NGP,2026-02-20 18:08:00,2026-02-20 18:08:00,2026-02-20 19:40:00,92.4,92.4,240.4,192.3,283.1
12627,2026-02-20,NGP,NDLS,2026-02-20 22:44:00,2026-02-20 22:44:00,2026-02-21 00:30:00,106.9,106.9,55.6,44.5,131.9
12301,2026-02-21,NDLS,CNB,2026-02-21 05:52:00,2026-02-21 05:52:00,2026-02-21 05:56:00,4.6,4.6,1150.0,920.0,942.1
12301,2026-02-21,CNB,PRYJ,2026-02-21 09:00:00,2026-02-21 09:00:00,2026-02-21 09:14:00,14.7,14.7,920.0,736.0,757.7
12301,2026-02-21,PRYJ,DDU,2026-02-21 12:18:00,2026-02-21 12:18:00,2026-02-21 12:38:00,20.1,20.1,690.0,552.0,595.1
12301,2026-02-21,DDU,GKP,2026-02-21 15:42:00,2026-02-21 15:42:00,2026-02-21 16:41:00,59.7,59.7,533.6,426.9,493.8
12301,2026-02-21,GKP,HWH,2026-02-21 19:45:00,2026-02-21 19:45:00,2026-02-21 20:51:00,66.2,66.2,121.0,96.8,160.0
12302,2026-02-21,HWH,GKP,2026-02-21 06:10:00,2026-02-21 06:10:00,2026-02-21 06:18:00,8.2,8.2,1150.0,920.0,950.3
12302,2026-02-21,GKP,DDU,2026-02-21 09:22:00,2026-02-21 09:22:00,2026-02-21 09:37:00,15.6,15.6,920.0,736.0,751.2
12302,2026-02-21,DDU,PRYJ,2026-02-21 12:41:00,2026-02-21 12:41:00,2026-02-21 13:35:00,54.8,54.8,690.0,552.0,603.0
12302,2026-02-21,PRYJ,CNB,2026-02-21 16:39:00,2026-02-21 16:39:00,2026-02-21 18:09:00,90.6,90.6,236.0,188.8,279.1
12302,2026-02-21,CNB,NDLS,2026-02-21 21:13:00,2026-02-21 21:13:00,2026-02-21 22:44:00,91.3,91.3,127.2,101.8,196.9
12951,2026-02-21,BCT,ST,2026-02-21 05:38:00,2026-02-21 05:38:00,2026-02-21 06:22:00,44.5,44.5,1150.0,920.0,966.9
12951,2026-02-21,ST,BRC,2026-02-21 09:26:00,2026-02-21 09:26:00,2026-02-21 10:30:00,64.0,64.0,920.0,736.0,810.8
12951,2026-02-21,BRC,RTM,2026-02-21 13:34:00,2026-02-21 13:34:00,2026-02-21 14:49:00,75.3,75.3,690.0,552.0,629.9
12951,2026-02-21,RTM,KOTA,2026-02-21 17:53:00,2026-02-21 17:53:00,2026-02-21 19:02:00,69.2,69.2,308.1,246.5,323.8
12951,2026-02-21,KOTA,NDLS,2026-02-21 22:06:00,2026-02-21 22:06:00,2026-02-21 23:21:00,75.2,75.2,143.3,114.6,184.7
12952,2026-02-21,NDLS,KOTA,2026-02-21 06:14:00,2026-02-21 06:14:00,2026-02-21 06:21:00,7.3,7.3,1150.0,920.0,933.6
12952,2026-02-21,KOTA,RTM,2026-02-21 09:25:00,2026-02-21 09:25:00,2026-02-21 09:36:00,11.0,11.0,920.0,736.0,763.6
12952,2026-02-21,RTM,BRC,2026-02-21 12:40:00,2026-02-21 12:40:00,2026-02-21 13:13:00,33.1,33.1,690.0,552.0,587.2
12952,2026-02-21,BRC,ST,2026-02-21 16:17:00,2026-02-21 16:17:00,2026-02-21 17:48:00,91.8,91.8,294.8,235.8,331.1
12952,2026-02-21,ST,BCT,2026-02-21 20:52:00,2026-02-21 20:52:00,2026-02-21 22:35:00,103.5,103.5,71.9,57.5,155.2
12004,2026-02-21,NDLS,GZB,2026-02-21 06:16:00,2026-02-21 06:16:00,2026-02-21 06:53:00,37.4,37.4,1150.0,920.0,971.1
12004,2026-02-21,GZB,ALJN,2026-02-21 09:57:00,2026-02-21 09:57:00,2026-02-21 10:38:00,41.8,41.8,920.0,736.0,771.0
12004,2026-02-21,ALJN,TDL,2026-02-21 13:42:00,2026-02-21 13:42:00,2026-02-21 15:21:00,99.6,99.6,690.0,552.0,646.2
12004,2026-02-21,TDL,CNB,2026-02-21 18:25:00,2026-02-21 18:25:00,2026-02-21 20:03:00,98.6,98.6,336.4,269.1,367.1
12004,2026-02-21,CNB,LKO,2026-02-21 23:07:00,2026-02-21 23:07:00,2026-02-22 01:21:00,134.6,134.6,153.6,122.9,232.5
12626,2026-02-21,NDLS,AGC,2026-02-21 06:17:00,2026-02-21 06:17:00,2026-02-21 07:20:00,63.4,63.4,1150.0,920.0,986.5
12626,2026-02-21,AGC,VGLJ,2026-02-21 10:24:00,2026-02-21 10:24:00,2026-02-21 11:28:00,65.0,65.0,920.0,736.0,797.2
12626,2026-02-21,VGLJ,BPL,2026-02-21 14:32:00,2026-02-21 14:32:00,2026-02-21 15:45:00,73.6,73.6,690.0,552.0,615.4
12626,2026-02-21,BPL,NGP,2026-02-21 18:49:00,2026-02-21 18:49:00,2026-02-21 20:59:00,130.9,130.9,301.2,241.0,375.3
12626,2026-02-21,NGP,MAS,2026-02-22 00:03:00,2026-02-22 00:03:00,2026-02-22 02:16:00,133.7,133.7,147.9,118.3,236.0
12424,2026-02-21,NDLS,CNB,2026-02-21 06:37:00,2026-02-21 06:37:00,2026-02-21 07:47:00,71.0,71.0,1150.0,920.0,996.4
12424,2026-02-21,CNB,PRYJ,2026-02-21 10:51:00,2026-02-21 10:51:00,2026-02-21 12:08:00,77.1,77.1,920.0,736.0,817.5
12424,2026-02-21,PRYJ,DDU,2026-02-21 15:12:00,2026-02-21 15:12:00,2026-02-21 16:36:00,84.6,84.6,690.0,552.0,642.0
12424,2026-02-21,DDU,PPTA,2026-02-21 19:40:00,2026-02-21 19:40:00,2026-02-21 21:16:00,96.9,96.9,308.1,246.5,350.6
12424,2026-02-21,PPTA,GHY,2026-02-22 00:20:00,2026-02-22 00:20:00,2026-02-22 02:41:00,141.9,141.9,62.7,50.2,186.3
12260,2026-02-21,NDLS,CNB,2026-02-21 06:52:00,2026-02-21 06:52:00,2026-02-21 07:44:00,52.2,52.2,1150.0,920.0,978.6
12260,2026-02-21,CNB,PRYJ,2026-02-21 11:34:00,2026-02-21 11:34:00,2026-02-21 12:24:00,50.7,50.7,862.5,690.0,750.2
12260,2026-02-21,PRYJ,DDU,2026-02-21 16:14:00,2026-02-21 16:14:00,2026-02-21 16:52:00,38.9,38.9,232.4,185.9,255.9
12260,2026-02-21,DDU,HWH,2026-02-21 20:42:00,2026-02-21 20:42:00,2026-02-21 21:18:00,36.4,36.4,96.1,76.9,104.7
12926,2026-02-21,BCT,BRC,2026-02-21 06:52:00,2026-02-21 06:52:00,2026-02-21 07:34:00,42.3,42.3,1150.0,920.0,971.8
12926,2026-02-21,BRC,RTM,2026-02-21 10:38:00,2026-02-21 10:38:00,2026-02-21 11:19:00,41.3,41.3,920.0,736.0,776.2
12926,2026-02-21,RTM,KOTA,2026-02-21 14:23:00,2026-02-21 14:23:00,2026-02-21 15:00:00,37.7,37.7,690.0,552.0,590.9
12926,2026-02-21,KOTA,NDLS,2026-02-21 18:04:00,2026-02-21 18:04:00,2026-02-21 18:59:00,55.1,55.1,418.1,334.5,409.3
12926,2026-02-21,NDLS,ASR,2026-02-21 22:03:00,2026-02-21 22:03:00,2026-02-21 23:04:00,62.0,62.0,145.8,116.6,179.7
12627,2026-02-21,SBC,DMM,2026-02-21 06:49:00,2026-02-21 06:49:00,2026-02-21 07:57:00,68.5,68.5,1150.0,920.0,1005.8
12627,2026-02-21,DMM,GTL,2026-02-21 11:01:00,2026-02-21 11:01:00,2026-02-21 13:03:00,122.4,122.4,920.0,736.0,854.8
12627,2026-02-21,GTL,SC,2026-02-21 16:07:00,2026-02-21 16:07:00,2026-02-21 18:24:00,137.5,137.5,690.0,552.0,677.5
12627,2026-02-21,SC,NGP,2026-02-21 21:28:00,2026-02-21 21:28:00,2026-02-21 23:59:00,151.0,151.0,395.0,316.0,454.9
12627,2026-02-21,NGP,NDLS,2026-02-22 03:03:00,2026-02-22 03:03:00,2026-02-22 05:38:00,155.3,155.3,106.4,85.1,206.2
12301,2026-02-22,NDLS,CNB,2026-02-22 06:00:00,2026-02-22 06:00:00,2026-02-22 07:35:00,95.9,95.9,1150.0,920.0,1009.0
12301,2026-02-22,CNB,PRYJ,2026-02-22 10:39:00,2026-02-22 10:39:00,2026-02-22 12:24:00,105.4,105.4,920.0,736.0,846.7
12301,2026-02-22,PRYJ,DDU,2026-02-22 15:28:00,2026-02-22 15:28:00,2026-02-22 17:18:00,110.3,110.3,690.0,552.0,642.7
12301,2026-02-22,DDU,GKP,2026-02-22 20:22:00,2026-02-22 20:22:00,2026-02-22 22:28:00,126.7,126.7,435.3,348.2,452.6
12301,2026-02-22,GKP,HWH,2026-02-23 01:32:00,2026-02-23 01:32:00,2026-02-23 03:47:00,135.7,135.7,95.9,76.7,217.6
12302,2026-02-22,HWH,GKP,2026-02-22 05:51:00,2026-02-22 05:51:00,2026-02-22 06:14:00,23.3,23.3,1150.0,920.0,956.8
12302,2026-02-22,GKP,DDU,2026-02-22 09:18:00,2026-02-22 09:18:00,2026-02-22 09:38:00,20.0,20.0,920.0,736.0,771.9
12302,2026-02-22,DDU,PRYJ,2026-02-22 12:42:00,2026-02-22 12:42:00,2026-02-22 13:02:00,20.7,20.7,690.0,552.0,581.0
12302,2026-02-22,PRYJ,CNB,2026-02-22 16:06:00,2026-02-22 16:06:00,2026-02-22 16:41:00,35.9,35.9,417.1,333.7,397.0
12302,2026-02-22,CNB,NDLS,2026-02-22 19:45:00,2026-02-22 19:45:00,2026-02-22 20:25:00,40.2,40.2,112.3,89.8,122.8
12951,2026-02-22,BCT,ST,2026-02-22 06:24:00,2026-02-22 06:24:00,2026-02-22 07:00:00,36.4,36.4,1150.0,920.0,951.6
12951,2026-02-22,ST,BRC,2026-02-22 10:04:00,2026-02-22 10:04:00,2026-02-22 11:35:00,91.2,91.2,920.0,736.0,819.2
12951,2026-02-22,BRC,RTM,2026-02-22 14:39:00,2026-02-22 14:39:00,2026-02-22 16:57:00,138.1,138.1,690.0,552.0,674.2
12951,2026-02-22,RTM,KOTA,2026-02-22 20:01:00,2026-02-22 20:01:00,2026-02-22 22:24:00,143.2,143.2,228.5,182.8,311.9
12951,2026-02-22,KOTA,NDLS,2026-02-23 01:28:00,2026-02-23 01:28:00,2026-02-23 04:13:00,165.8,165.8,91.5,73.2,233.1
12952,2026-02-22,NDLS,KOTA,2026-02-22 06:38:00,2026-02-22 06:38:00,2026-02-22 06:46:00,8.7,8.7,1150.0,920.0,940.4
12952,2026-02-22,KOTA,RTM,2026-02-22 09:50:00,2026-02-22 09:50:00,2026-02-22 10:05:00,15.9,15.9,920.0,736.0,748.4
12952,2026-02-22,RTM,BRC,2026-02-22 13:09:00,2026-02-22 13:09:00,2026-02-22 13:31:00,22.6,22.6,690.0,552.0,586.4
12952,2026-02-22,BRC,ST,2026-02-22 16:35:00,2026-02-22 16:35:00,2026-02-22 17:01:00,26.8,26.8,307.3,245.8,282.8
12952,2026-02-22,ST,BCT,2026-02-22 20:05:00,2026-02-22 20:05:00,2026-02-22 20:30:00,25.9,25.9,119.4,95.5,150.3
12004,2026-02-22,NDLS,GZB,2026-02-22 05:31:00,2026-02-22 05:31:00,2026-02-22 06:02:00,31.2,31.2,1150.0,920.0,964.0
12004,2026-02-22,GZB,ALJN,2026-02-22 09:06:00,2026-02-22 09:06:00,2026-02-22 09:37:00,31.3,31.3,920.0,736.0,770.9
12004,2026-02-22,ALJN,TDL,2026-02-22 12:41:00,2026-02-22 12:41:00,2026-02-22 13:19:00,38.3,38.3,690.0,552.0,599.5
12004,2026-02-22,TDL,CNB,2026-02-22 16:23:00,2026-02-22 16:23:00,2026-02-22 17:14:00,51.4,51.4,374.8,299.8,355.5
12004,2026-02-22,CNB,LKO,2026-02-22 20:18:00,2026-02-22 20:18:00,2026-02-22 21:14:00,56.3,56.3,173.2,138.6,187.7
12626,2026-02-22,NDLS,AGC,2026-02-22 05:48:00,2026-02-22 05:48:00,2026-02-22 06:04:00,16.7,16.7,1150.0,920.0,960.8
12626,2026-02-22,AGC,VGLJ,2026-02-22 09:08:00,2026-02-22 09:08:00,2026-02-22 09:33:00,25.6,25.6,920.0,736.0,773.1
12626,2026-02-22,VGLJ,BPL,2026-02-22 12:37:00,2026-02-22 12:37:00,2026-02-22 13:11:00,34.5,34.5,690.0,552.0,591.4
12626,2026-02-22,BPL,NGP,2026-02-22 16:15:00,2026-02-22 16:15:00,2026-02-22 17:00:00,46.0,46.0,283.3,226.6,282.9
12626,2026-02-22,NGP,MAS,2026-02-22 20:04:00,2026-02-22 20:04:00,2026-02-22 20:59:00,55.7,55.7,156.4,125.1,194.2
12424,2026-02-22,NDLS,CNB,2026-02-22 06:52:00,2026-02-22 06:52:00,2026-02-22 07:45:00,53.9,53.9,1150.0,920.0,979.9
12424,2026-02-22,CNB,PRYJ,2026-02-22 10:49:00,2026-02-22 10:49:00,2026-02-22 11:38:00,49.8,49.8,920.0,736.0,786.1
12424,2026-02-22,PRYJ,DDU,2026-02-22 14:42:00,2026-02-22 14:42:00,2026-02-22 15:35:00,53.8,53.8,690.0,552.0,616.2
12424,2026-02-22,DDU,PPTA,2026-02-22 18:39:00,2026-02-22 18:39:00,2026-02-22 19:39:00,60.5,60.5,500.3,400.2,461.0
12424,2026-02-22,PPTA,GHY,2026-02-22 22:43:00,2026-02-22 22:43:00,2026-02-22 23:50:00,67.1,67.1,117.6,94.1,165.4
12260,2026-02-22,NDLS,CNB,2026-02-22 06:34:00,2026-02-22 06:34:00,2026-02-22 07:36:00,62.5,62.5,1150.0,920.0,989.6
12260,2026-02-22,CNB,PRYJ,2026-02-22 11:26:00,2026-02-22 11:26:00,2026-02-22 12:37:00,71.3,71.3,862.5,690.0,757.6
12260,2026-02-22,PRYJ,DDU,2026-02-22 16:27:00,2026-02-22 16:27:00,2026-02-22 17:48:00,81.4,81.4,527.5,422.0,503.4
12260,2026-02-22,DDU,HWH,2026-02-22 21:38:00,2026-02-22 21:38:00,2026-02-22 22:59:00,81.6,81.6,158.2,126.6,223.8
12926,2026-02-22,BCT,BRC,2026-02-22 06:41:00,2026-02-22 06:41:00,2026-02-22 07:00:00,19.7,19.7,1150.0,920.0,953.4
12926,2026-02-22,BRC,RTM,2026-02-22 10:04:00,2026-02-22 10:04:00,2026-02-22 10:30:00,26.4,26.4,920.0,736.0,781.8
12926,2026-02-22,RTM,KOTA,2026-02-22 13:34:00,2026-02-22 13:34:00,2026-02-22 14:44:00,70.9,70.9,690.0,552.0,629.6
12926,2026-02-22,KOTA,NDLS,2026-02-22 17:48:00,2026-02-22 17:48:00,2026-02-22 19:09:00,81.3,81.3,542.9,434.3,519.2
12926,2026-02-22,NDLS,ASR,2026-02-22 22:13:00,2026-02-22 22:13:00,2026-02-22 23:32:00,79.0,79.0,166.2,133.0,195.0
12627,2026-02-22,SBC,DMM,2026-02-22 06:24:00,2026-02-22 06:24:00,2026-02-22 06:38:00,14.3,14.3,1150.0,920.0,945.3
12627,2026-02-22,DMM,GTL,2026-02-22 09:42:00,2026-02-22 09:42:00,2026-02-22 10:13:00,31.2,31.2,920.0,736.0,773.9
12627,2026-02-22,GTL,SC,2026-02-22 13:17:00,2026-02-22 13:17:00,2026-02-22 14:52:00,95.2,95.2,690.0,552.0,653.3
12627,2026-02-22,SC,NGP,2026-02-22 17:56:00,2026-02-22 17:56:00,2026-02-22 19:30:00,94.3,94.3,298.0,238.4,341.0
12627,2026-02-22,NGP,NDLS,2026-02-22 22:34:00,2026-02-22 22:34:00,2026-02-23 00:36:00,122.3,122.3,170.8,136.6,243.8
12301,2026-02-23,NDLS,CNB,2026-02-23 06:04:00,2026-02-23 06:04:00,2026-02-23 06:12:00,8.5,8.5,1150.0,920.0,945.5
12301,2026-02-23,CNB,PRYJ,2026-02-23 09:16:00,2026-02-23 09:16:00,2026-02-23 09:37:00,21.3,21.3,920.0,736.0,754.2
12301,2026-02-23,PRYJ,DDU,2026-02-23 12:41:00,2026-02-23 12:41:00,2026-02-23 13:03:00,22.1,22.1,690.0,552.0,576.4
12301,2026-02-23,DDU,GKP,2026-02-23 16:07:00,2026-02-23 16:07:00,2026-02-23 16:45:00,38.3,38.3,371.6,297.3,362.5
12301,2026-02-23,GKP,HWH,2026-02-23 19:49:00,2026-02-23 19:49:00,2026-02-23 20:29:00,40.3,40.3,174.3,139.4,183.4
12302,2026-02-23,HWH,GKP,2026-02-23 05:46:00,2026-02-23 05:46:00,2026-02-23 05:59:00,13.2,13.2,1150.0,920.0,942.6
12302,2026-02-23,GKP,DDU,2026-02-23 09:03:00,2026-02-23 09:03:00,2026-02-23 10:23:00,80.4,80.4,920.0,736.0,816.7
12302,2026-02-23,DDU,PRYJ,2026-02-23 13:27:00,2026-02-23 13:27:00,2026-02-23 15:21:00,114.7,114.7,690.0,552.0,650.9
12302,2026-02-23,PRYJ,CNB,2026-02-23 18:25:00,2026-02-23 18:25:00,2026-02-23 20:21:00,116.3,116.3,271.7,217.4,341.5
12302,2026-02-23,CNB,NDLS,2026-02-23 23:25:00,2026-02-23 23:25:00,2026-02-24 01:31:00,126.6,126.6,175.9,140.7,261.6
12951,2026-02-23,BCT,ST,2026-02-23 05:31:00,2026-02-23 05:31:00,2026-02-23 05:31:00,0.0,0.0,1150.0,920.0,945.6
12951,2026-02-23,ST,BRC,2026-02-23 08:35:00,2026-02-23 08:35:00,2026-02-23 08:46:00,12.0,12.0,920.0,736.0,770.1
12951,2026-02-23,BRC,RTM,2026-02-23 11:50:00,2026-02-23 11:50:00,2026-02-23 12:12:00,22.5,22.5,690.0,552.0,587.8
12951,2026-02-23,RTM,KOTA,2026-02-23 15:16:00,2026-02-23 15:16:00,2026-02-23 15:40:00,24.2,24.2,521.8,417.4,444.7
12951,2026-02-23,KOTA,NDLS,2026-02-23 18:44:00,2026-02-23 18:44:00,2026-02-23 19:13:00,29.8,29.8,113.8,91.0,138.7
12952,2026-02-23,NDLS,KOTA,2026-02-23 06:02:00,2026-02-23 06:02:00,2026-02-23 07:19:00,77.7,77.7,1150.0,920.0,995.6
12952,2026-02-23,KOTA,RTM,2026-02-23 10:23:00,2026-02-23 10:23:00,2026-02-23 11:43:00,80.9,80.9,920.0,736.0,816.5
12952,2026-02-23,RTM,BRC,2026-02-23 14:47:00,2026-02-23 14:47:00,2026-02-23 16:12:00,85.3,85.3,690.0,552.0,635.8
12952,2026-02-23,BRC,ST,2026-02-23 19:16:00,2026-02-23 19:16:00,2026-02-23 21:23:00,127.2,127.2,506.2,405.0,526.7
12952,2026-02-23,ST,BCT,2026-02-24 00:27:00,2026-02-24 00:27:00,2026-02-24 02:39:00,132.3,132.3,160.0,128.0,257.3
12004,2026-02-23,NDLS,GZB,2026-02-23 05:33:00,2026-02-23 05:33:00,2026-02-23 06:06:00,33.4,33.4,1150.0,920.0,968.1
12004,2026-02-23,GZB,ALJN,2026-02-23 09:10:00,2026-02-23 09:10:00,2026-02-23 09:54:00,44.5,44.5,920.0,736.0,807.4
12004,2026-02-23,ALJN,TDL,2026-02-23 12:58:00,2026-02-23 12:58:00,2026-02-23 13:46:00,48.3,48.3,690.0,552.0,603.4
12004,2026-02-23,TDL,CNB,2026-02-23 16:50:00,2026-02-23 16:50:00,2026-02-23 17:42:00,52.6,52.6,368.0,294.4,355.7
12004,2026-02-23,CNB,LKO,2026-02-23 20:46:00,2026-02-23 20:46:00,2026-02-23 22:31:00,105.8,105.8,87.1,69.7,172.1
12626,2026-02-23,NDLS,AGC,2026-02-23 05:42:00,2026-02-23 05:42:00,2026-02-23 06:35:00,53.1,53.1,1150.0,920.0,959.4
12626,2026-02-23,AGC,VGLJ,2026-02-23 09:39:00,2026-02-23 09:39:00,2026-02-23 11:15:00,97.0,97.0,920.0,736.0,828.7
12626,2026-02-23,VGLJ,BPL,2026-02-23 14:19:00,2026-02-23 14:19:00,2026-02-23 16:07:00,108.8,108.8,690.0,552.0,648.1
12626,2026-02-23,BPL,NGP,2026-02-23 19:11:00,2026-02-23 19:11:00,2026-02-23 21:07:00,116.5,116.5,386.7,309.4,411.2
12626,2026-02-23,NGP,MAS,2026-02-24 00:11:00,2026-02-24 00:11:00,2026-02-24 02:52:00,161.5,161.5,51.5,41.2,180.9
12424,2026-02-23,NDLS,CNB,2026-02-23 06:28:00,2026-02-23 06:28:00,2026-02-23 07:14:00,46.1,46.1,1150.0,920.0,981.3
12424,2026-02-23,CNB,PRYJ,2026-02-23 10:18:00,2026-02-23 10:18:00,2026-02-23 11:06:00,48.8,48.8,920.0,736.0,781.5
12424,2026-02-23,PRYJ,DDU,2026-02-23 14:10:00,2026-02-23 14:10:00,2026-02-23 15:04:00,54.4,54.4,690.0,552.0,604.1
12424,2026-02-23,DDU,PPTA,2026-02-23 18:08:00,2026-02-23 18:08:00,2026-02-23 19:14:00,66.8,66.8,465.4,372.3,445.3
12424,2026-02-23,PPTA,GHY,2026-02-23 22:18:00,2026-02-23 22:18:00,2026-02-24 00:26:00,128.3,128.3,133.2,106.6,208.0
12260,2026-02-23,NDLS,CNB,2026-02-23 06:59:00,2026-02-23 06:59:00,2026-02-23 07:09:00,10.8,10.8,1150.0,920.0,942.9
12260,2026-02-23,CNB,PRYJ,2026-02-23 10:59:00,2026-02-23 10:59:00,2026-02-23 11:16:00,17.3,17.3,862.5,690.0,712.5
12260,2026-02-23,PRYJ,DDU,2026-02-23 15:06:00,2026-02-23 15:06:00,2026-02-23 15:33:00,27.0,27.0,240.1,192.1,227.7
12260,2026-02-23,DDU,HWH,2026-02-23 19:23:00,2026-02-23 19:23:00,2026-02-23 19:55:00,32.8,32.8,134.7,107.8,153.5
12926,2026-02-23,BCT,BRC,2026-02-23 06:35:00,2026-02-23 06:35:00,2026-02-23 06:50:00,15.4,15.4,1150.0,920.0,941.6
12926,2026-02-23,BRC,RTM,2026-02-23 09:54:00,2026-02-23 09:54:00,2026-02-23 10:12:00,18.8,18.8,920.0,736.0,778.0
12926,2026-02-23,RTM,KOTA,2026-02-23 13:16:00,2026-02-23 13:16:00,2026-02-23 14:25:00,69.4,69.4,690.0,552.0,634.8
12926,2026-02-23,KOTA,NDLS,2026-02-23 17:29:00,2026-02-23 17:29:00,2026-02-23 18:46:00,78.0,78.0,526.3,421.0,491.5
12926,2026-02-23,NDLS,ASR,2026-02-23 21:50:00,2026-02-23 21:50:00,2026-02-24 00:05:00,135.6,135.6,102.3,81.8,198.7
12627,2026-02-23,SBC,DMM,2026-02-23 05:30:00,2026-02-23 05:30:00,2026-02-23 06:47:00,77.9,77.9,1150.0,920.0,996.3
12627,2026-02-23,DMM,GTL,2026-02-23 09:51:00,2026-02-23 09:51:00,2026-02-23 11:11:00,80.5,80.5,920.0,736.0,822.5
12627,2026-02-23,GTL,SC,2026-02-23 14:15:00,2026-02-23 14:15:00,2026-02-23 15:51:00,97.0,97.0,690.0,552.0,631.6
12627,2026-02-23,SC,NGP,2026-02-23 18:55:00,2026-02-23 18:55:00,2026-02-23 20:40:00,105.6,105.6,508.9,407.1,522.4
12627,2026-02-23,NGP,NDLS,2026-02-23 23:44:00,2026-02-23 23:44:00,2026-02-24 01:39:00,115.5,115.5,109.2,87.4,197.6
12301,2026-02-24,NDLS,CNB,2026-02-24 06:10:00,2026-02-24 06:10:00,2026-02-24 06:27:00,17.4,17.4,1150.0,920.0,948.8
12301,2026-02-24,CNB,PRYJ,2026-02-24 09:31:00,2026-02-24 09:31:00,2026-02-24 09:50:00,19.7,19.7,920.0,736.0,766.1
12301,2026-02-24,PRYJ,DDU,2026-02-24 12:54:00,2026-02-24 12:54:00,2026-02-24 13:21:00,27.3,27.3,690.0,552.0,599.5
12301,2026-02-24,DDU,GKP,2026-02-24 16:25:00,2026-02-24 16:25:00,2026-02-24 17:23:00,58.8,58.8,426.6,341.3,417.1
12301,2026-02-24,GKP,HWH,2026-02-24 20:27:00,2026-02-24 20:27:00,2026-02-24 21:30:00,63.3,63.3,136.1,108.9,157.1
12302,2026-02-24,HWH,GKP,2026-02-24 06:54:00,2026-02-24 06:54:00,2026-02-24 08:28:00,94.7,94.7,1150.0,920.0,1017.5
12302,2026-02-24,GKP,DDU,2026-02-24 11:32:00,2026-02-24 11:32:00,2026-02-24 13:12:00,100.6,100.6,920.0,736.0,843.1
12302,2026-02-24,DDU,PRYJ,2026-02-24 16:16:00,2026-02-24 16:16:00,2026-02-24 18:49:00,153.5,153.5,690.0,552.0,691.6
12302,2026-02-24,PRYJ,CNB,2026-02-24 21:53:00,2026-02-24 21:53:00,2026-02-25 01:10:00,197.5,197.5,400.3,320.2,501.7
12302,2026-02-24,CNB,NDLS,2026-02-25 04:14:00,2026-02-25 04:14:00,2026-02-25 07:35:00,201.2,201.2,127.3,101.8,290.2
12951,2026-02-24,BCT,ST,2026-02-24 06:16:00,2026-02-24 06:16:00,2026-02-24 06:23:00,7.2,7.2,1150.0,920.0,927.2
12951,2026-02-24,ST,BRC,2026-02-24 09:27:00,2026-02-24 09:27:00,2026-02-24 10:13:00,46.9,46.9,920.0,736.0,801.9
12951,2026-02-24,BRC,RTM,2026-02-24 13:17:00,2026-02-24 13:17:00,2026-02-24 14:09:00,52.1,52.1,690.0,552.0,603.0
12951,2026-02-24,RTM,KOTA,2026-02-24 17:13:00,2026-02-24 17:13:00,2026-02-24 18:17:00,64.5,64.5,243.4,194.7,251.0
12951,2026-02-24,KOTA,NDLS,2026-02-24 21:21:00,2026-02-24 21:21:00,2026-02-24 22:49:00,88.5,88.5,124.0,99.2,184.9
12952,2026-02-24,NDLS,KOTA,2026-02-24 05:57:00,2026-02-24 05:57:00,2026-02-24 06:04:00,7.7,7.7,1150.0,920.0,930.5
12952,2026-02-24,KOTA,RTM,2026-02-24 09:08:00,2026-02-24 09:08:00,2026-02-24 09:22:00,14.7,14.7,920.0,736.0,760.5
12952,2026-02-24,RTM,BRC,2026-02-24 12:26:00,2026-02-24 12:26:00,2026-02-24 12:43:00,17.9,17.9,690.0,552.0,552.8
12952,2026-02-24,BRC,ST,2026-02-24 15:47:00,2026-02-24 15:47:00,2026-02-24 16:34:00,47.8,47.8,261.7,209.4,258.0
12952,2026-02-24,ST,BCT,2026-02-24 19:38:00,2026-02-24 19:38:00,2026-02-24 20:35:00,57.7,57.7,116.2,93.0,156.9
12004,2026-02-24,NDLS,GZB,2026-02-24 05:44:00,2026-02-24 05:44:00,2026-02-24 06:26:00,42.5,42.5,1150.0,920.0,947.0
12004,2026-02-24,GZB,ALJN,2026-02-24 09:30:00,2026-02-24 09:30:00,2026-02-24 10:12:00,42.1,42.1,920.0,736.0,783.5
12004,2026-02-24,ALJN,TDL,2026-02-24 13:16:00,2026-02-24 13:16:00,2026-02-24 14:08:00,52.7,52.7,690.0,552.0,604.8
12004,2026-02-24,TDL,CNB,2026-02-24 17:12:00,2026-02-24 17:12:00,2026-02-24 18:12:00,60.2,60.2,498.2,398.6,454.9
12004,2026-02-24,CNB,LKO,2026-02-24 21:16:00,2026-02-24 21:16:00,2026-02-24 22:22:00,66.3,66.3,157.9,126.3,200.7
12626,2026-02-24,NDLS,AGC,2026-02-24 06:30:00,2026-02-24 06:30:00,2026-02-24 07:04:00,34.5,34.5,1150.0,920.0,968.4
12626,2026-02-24,AGC,VGLJ,2026-02-24 10:08:00,2026-02-24 10:08:00,2026-02-24 10:48:00,40.3,40.3,920.0,736.0,782.6
12626,2026-02-24,VGLJ,BPL,2026-02-24 13:52:00,2026-02-24 13:52:00,2026-02-24 14:37:00,45.8,45.8,690.0,552.0,593.1
12626,2026-02-24,BPL,NGP,2026-02-24 17:41:00,2026-02-24 17:41:00,2026-02-24 18:24:00,43.3,43.3,477.0,381.6,447.7
12626,2026-02-24,NGP,MAS,2026-02-24 21:28:00,2026-02-24 21:28:00,2026-02-24 22:21:00,53.8,53.8,164.6,131.7,195.8
12424,2026-02-24,NDLS,CNB,2026-02-24 06:47:00,2026-02-24 06:47:00,2026-02-24 07:12:00,25.0,25.0,1150.0,920.0,961.0
12424,2026-02-24,CNB,PRYJ,2026-02-24 10:16:00,2026-02-24 10:16:00,2026-02-24 10:51:00,35.8,35.8,920.0,736.0,780.5
12424,2026-02-24,PRYJ,DDU,2026-02-24 13:55:00,2026-02-24 13:55:00,2026-02-24 14:36:00,42.0,42.0,690.0,552.0,594.0
12424,2026-02-24,DDU,PPTA,2026-02-24 17:40:00,2026-02-24 17:40:00,2026-02-24 19:19:00,99.3,99.3,372.7,298.2,386.6
12424,2026-02-24,PPTA,GHY,2026-02-24 22:23:00,2026-02-24 22:23:00,2026-02-25 00:08:00,105.4,105.4,55.4,44.3,158.2
12260,2026-02-24,NDLS,CNB,2026-02-24 06:35:00,2026-02-24 06:35:00,2026-02-24 07:01:00,26.8,26.8,1150.0,920.0,964.3
12260,2026-02-24,CNB,PRYJ,2026-02-24 10:51:00,2026-02-24 10:51:00,2026-02-24 12:04:00,73.5,73.5,862.5,690.0,757.4
12260,2026-02-24,PRYJ,DDU,2026-02-24 15:54:00,2026-02-24 15:54:00,2026-02-24 17:11:00,77.8,77.8,477.4,381.9,464.8
12260,2026-02-24,DDU,HWH,2026-02-24 21:01:00,2026-02-24 21:01:00,2026-02-24 22:28:00,87.2,87.2,174.4,139.5,221.2
12926,2026-02-24,BCT,BRC,2026-02-24 06:51:00,2026-02-24 06:51:00,2026-02-24 07:00:00,9.6,9.6,1150.0,920.0,937.8
12926,2026-02-24,BRC,RTM,2026-02-24 10:04:00,2026-02-24 10:04:00,2026-02-24 10:22:00,18.3,18.3,920.0,736.0,782.1
12926,2026-02-24,RTM,KOTA,2026-02-24 13:26:00,2026-02-24 13:26:00,2026-02-24 13:56:00,31.0,31.0,690.0,552.0,598.5
12926,2026-02-24,KOTA,NDLS,2026-02-24 17:00:00,2026-02-24 17:00:00,2026-02-24 17:41:00,41.6,41.6,424.0,339.2,376.3
12926,2026-02-24,NDLS,ASR,2026-02-24 20:45:00,2026-02-24 20:45:00,2026-02-24 21:23:00,38.4,38.4,163.8,131.0,169.2
12627,2026-02-24,SBC,DMM,2026-02-24 06:12:00,2026-02-24 06:12:00,2026-02-24 07:06:00,55.0,55.0,1150.0,920.0,977.9
12627,2026-02-24,DMM,GTL,2026-02-24 10:10:00,2026-02-24 10:10:00,2026-02-24 11:24:00,74.9,74.9,920.0,736.0,811.9
12627,2026-02-24,GTL,SC,2026-02-24 14:28:00,2026-02-24 14:28:00,2026-02-24 15:49:00,81.1,81.1,690.0,552.0,630.9
12627,2026-02-24,SC,NGP,2026-02-24 18:53:00,2026-02-24 18:53:00,2026-02-24 20:10:00,78.0,78.0,276.5,221.2,293.5
12627,2026-02-24,NGP,NDLS,2026-02-24 23:14:00,2026-02-24 23:14:00,2026-02-25 01:36:00,142.6,142.6,126.3,101.0,231.7
12301,2026-02-25,NDLS,CNB,2026-02-25 05:47:00,2026-02-25 05:47:00,2026-02-25 07:16:00,89.4,89.4,1150.0,920.0,1022.0
12301,2026-02-25,CNB,PRYJ,2026-02-25 10:20:00,2026-02-25 10:20:00,2026-02-25 11:53:00,93.3,93.3,920.0,736.0,814.5
12301,2026-02-25,PRYJ,DDU,2026-02-25 14:57:00,2026-02-25 14:57:00,2026-02-25 16:37:00,100.5,100.5,690.0,552.0,662.0
12301,2026-02-25,DDU,GKP,2026-02-25 19:41:00,2026-02-25 19:41:00,2026-02-25 21:35:00,114.6,114.6,392.6,314.1,426.6
12301,2026-02-25,GKP,HWH,2026-02-26 00:39:00,2026-02-26 00:39:00,2026-02-26 02:26:00,107.4,107.4,81.0,64.8,172.8
12302,2026-02-25,HWH,GKP,2026-02-25 06:26:00,2026-02-25 06:26:00,2026-02-25 06:43:00,17.7,17.7,1150.0,920.0,952.2
12302,2026-02-25,GKP,DDU,2026-02-25 09:47:00,2026-02-25 09:47:00,2026-02-25 10:07:00,20.0,20.0,920.0,736.0,760.6
12302,2026-02-25,DDU,PRYJ,2026-02-25 13:11:00,2026-02-25 13:11:00,2026-02-25 13:34:00,23.9,23.9,690.0,552.0,581.0
12302,2026-02-25,PRYJ,CNB,2026-02-25 16:38:00,2026-02-25 16:38:00,2026-02-25 16:59:00,21.0,21.0,221.1,176.9,217.6
12302,2026-02-25,CNB,NDLS,2026-02-25 20:03:00,2026-02-25 20:03:00,2026-02-25 21:21:00,78.1,78.1,161.1,128.9,213.7
12951,2026-02-25,BCT,ST,2026-02-25 05:59:00,2026-02-25 05:59:00,2026-02-25 06:20:00,21.1,21.1,1150.0,920.0,957.8
12951,2026-02-25,ST,BRC,2026-02-25 09:24:00,2026-02-25 09:24:00,2026-02-25 09:46:00,22.9,22.9,920.0,736.0,766.9
12951,2026-02-25,BRC,RTM,2026-02-25 12:50:00,2026-02-25 12:50:00,2026-02-25 13:18:00,28.6,28.6,690.0,552.0,587.0
12951,2026-02-25,RTM,KOTA,2026-02-25 16:22:00,2026-02-25 16:22:00,2026-02-25 17:04:00,42.9,42.9,405.9,324.7,375.5
12951,2026-02-25,KOTA,NDLS,2026-02-25 20:08:00,2026-02-25 20:08:00,2026-02-25 21:12:00,64.6,64.6,120.4,96.3,171.5
12952,2026-02-25,NDLS,KOTA,2026-02-25 06:31:00,2026-02-25 06:31:00,2026-02-25 06:43:00,12.4,12.4,1150.0,920.0,955.3
12952,2026-02-25,KOTA,RTM,2026-02-25 09:47:00,2026-02-25 09:47:00,2026-02-25 10:04:00,17.5,17.5,920.0,736.0,750.4
12952,2026-02-25,RTM,BRC,2026-02-25 13:08:00,2026-02-25 13:08:00,2026-02-25 13:21:00,13.2,13.2,690.0,552.0,582.8
12952,2026-02-25,BRC,ST,2026-02-25 16:25:00,2026-02-25 16:25:00,2026-02-25 16:38:00,13.6,13.6,414.0,331.2,331.0
12952,2026-02-25,ST,BCT,2026-02-25 19:42:00,2026-02-25 19:42:00,2026-02-25 20:08:00,26.3,26.3,61.5,49.2,74.0
12004,2026-02-25,NDLS,GZB,2026-02-25 06:31:00,2026-02-25 06:31:00,2026-02-25 06:48:00,17.4,17.4,1150.0,920.0,962.3
12004,2026-02-25,GZB,ALJN,2026-02-25 09:52:00,2026-02-25 09:52:00,2026-02-25 10:20:00,28.8,28.8,920.0,736.0,758.0
12004,2026-02-25,ALJN,TDL,2026-02-25 13:24:00,2026-02-25 13:24:00,2026-02-25 14:01:00,37.9,37.9,690.0,552.0,595.9
12004,2026-02-25,TDL,CNB,2026-02-25 17:05:00,2026-02-25 17:05:00,2026-02-25 18:01:00,56.8,56.8,324.0,259.2,335.3
12004,2026-02-25,CNB,LKO,2026-02-25 21:05:00,2026-02-25 21:05:00,2026-02-25 22:14:00,69.9,69.9,105.5,84.4,165.9
12626,2026-02-25,NDLS,AGC,2026-02-25 06:19:00,2026-02-25 06:19:00,2026-02-25 06:30:00,11.4,11.4,1150.0,920.0,916.1
12626,2026-02-25,AGC,VGLJ,2026-02-25 09:34:00,2026-02-25 09:34:00,2026-02-25 09:47:00,13.8,13.8,920.0,736.0,761.0
12626,2026-02-25,VGLJ,BPL,2026-02-25 12:51:00,2026-02-25 12:51:00,2026-02-25 13:12:00,21.2,21.2,690.0,552.0,582.4
12626,2026-02-25,BPL,NGP,2026-02-25 16:16:00,2026-02-25 16:16:00,2026-02-25 17:25:00,69.5,69.5,548.6,438.9,513.9
12626,2026-02-25,NGP,MAS,2026-02-25 20:29:00,2026-02-25 20:29:00,2026-02-25 21:50:00,81.2,81.2,78.8,63.0,160.0
12424,2026-02-25,NDLS,CNB,2026-02-25 06:50:00,2026-02-25 06:50:00,2026-02-25 07:40:00,50.3,50.3,1150.0,920.0,975.5
12424,2026-02-25,CNB,PRYJ,2026-02-25 10:44:00,2026-02-25 10:44:00,2026-02-25 11:49:00,65.8,65.8,920.0,736.0,797.9
12424,2026-02-25,PRYJ,DDU,2026-02-25 14:53:00,2026-02-25 14:53:00,2026-02-25 16:20:00,87.5,87.5,690.0,552.0,634.1
12424,2026-02-25,DDU,PPTA,2026-02-25 19:24:00,2026-02-25 19:24:00,2026-02-25 20:51:00,87.8,87.8,310.4,248.3,336.5
12424,2026-02-25,PPTA,GHY,2026-02-25 23:55:00,2026-02-25 23:55:00,2026-02-26 01:29:00,94.4,94.4,95.9,76.7,185.4
12260,2026-02-25,NDLS,CNB,2026-02-25 06:47:00,2026-02-25 06:47:00,2026-02-25 06:50:00,3.4,3.4,1150.0,920.0,934.3
12260,2026-02-25,CNB,PRYJ,2026-02-25 10:40:00,2026-02-25 10:40:00,2026-02-25 10:54:00,14.7,14.7,862.5,690.0,714.9
12260,2026-02-25,PRYJ,DDU,2026-02-25 14:44:00,2026-02-25 14:44:00,2026-02-25 14:58:00,14.0,14.0,309.1,247.3,284.7
12260,2026-02-25,DDU,HWH,2026-02-25 18:48:00,2026-02-25 18:48:00,2026-02-25 19:13:00,25.1,25.1,55.3,44.2,95.2
12926,2026-02-25,BCT,BRC,2026-02-25 06:01:00,2026-02-25 06:01:00,2026-02-25 06:23:00,22.2,22.2,1150.0,920.0,967.5
12926,2026-02-25,BRC,RTM,2026-02-25 09:27:00,2026-02-25 09:27:00,2026-02-25 10:04:00,37.2,37.2,920.0,736.0,779.9
12926,2026-02-25,RTM,KOTA,2026-02-25 13:08:00,2026-02-25 13:08:00,2026-02-25 13:47:00,40.0,40.0,690.0,552.0,618.5
12926,2026-02-25,KOTA,NDLS,2026-02-25 16:51:00,2026-02-25 16:51:00,2026-02-25 17:52:00,61.3,61.3,454.0,363.2,419.1
12926,2026-02-25,NDLS,ASR,2026-02-25 20:56:00,2026-02-25 20:56:00,2026-02-25 21:58:00,62.9,62.9,119.3,95.4,165.9
12627,2026-02-25,SBC,DMM,2026-02-25 06:06:00,2026-02-25 06:06:00,2026-02-25 06:10:00,4.9,4.9,1150.0,920.0,957.4
12627,2026-02-25,DMM,GTL,2026-02-25 09:14:00,2026-02-25 09:14:00,2026-02-25 09:22:00,8.5,8.5,920.0,736.0,766.8
12627,2026-02-25,GTL,SC,2026-02-25 12:26:00,2026-02-25 12:26:00,2026-02-25 12:29:00,3.1,3.1,690.0,552.0,555.1
12627,2026-02-25,SC,NGP,2026-02-25 15:33:00,2026-02-25 15:33:00,2026-02-25 15:36:00,3.7,3.7,233.0,186.4,209.8
12627,2026-02-25,NGP,NDLS,2026-02-25 18:40:00,2026-02-25 18:40:00,2026-02-25 19:30:00,50.4,50.4,99.9,79.9,133.6
12301,2026-02-26,NDLS,CNB,2026-02-26 06:35:00,2026-02-26 06:35:00,2026-02-26 07:36:00,61.6,61.6,1150.0,920.0,976.5
12301,2026-02-26,CNB,PRYJ,2026-02-26 10:40:00,2026-02-26 10:40:00,2026-02-26 11:45:00,65.8,65.8,920.0,736.0,811.8
12301,2026-02-26,PRYJ,DDU,2026-02-26 14:49:00,2026-02-26 14:49:00,2026-02-26 16:54:00,125.9,125.9,690.0,552.0,670.4
12301,2026-02-26,DDU,GKP,2026-02-26 19:58:00,2026-02-26 19:58:00,2026-02-26 22:43:00,165.5,165.5,537.6,430.1,583.4
12301,2026-02-26,GKP,HWH,2026-02-27 01:47:00,2026-02-27 01:47:00,2026-02-27 04:58:00,191.7,191.7,53.9,43.1,213.8
12302,2026-02-26,HWH,GKP,2026-02-26 06:45:00,2026-02-26 06:45:00,2026-02-26 07:48:00,63.4,63.4,1150.0,920.0,983.5
12302,2026-02-26,GKP,DDU,2026-02-26 10:52:00,2026-02-26 10:52:00,2026-02-26 12:09:00,77.8,77.8,920.0,736.0,810.4
12302,2026-02-26,DDU,PRYJ,2026-02-26 15:13:00,2026-02-26 15:13:00,2026-02-26 17:33:00,140.1,140.1,690.0,552.0,680.0
12302,2026-02-26,PRYJ,CNB,2026-02-26 20:37:00,2026-02-26 20:37:00,2026-02-26 22:50:00,133.6,133.6,344.3,275.4,394.7
12302,2026-02-26,CNB,NDLS,2026-02-27 01:54:00,2026-02-27 01:54:00,2026-02-27 04:17:00,143.2,143.2,113.9,91.1,230.3
12951,2026-02-26,BCT,ST,2026-02-26 05:32:00,2026-02-26 05:32:00,2026-02-26 05:48:00,16.0,16.0,1150.0,920.0,952.6
12951,2026-02-26,ST,BRC,2026-02-26 08:52:00,2026-02-26 08:52:00,2026-02-26 09:38:00,46.2,46.2,920.0,736.0,786.8
12951,2026-02-26,BRC,RTM,2026-02-26 12:42:00,2026-02-26 12:42:00,2026-02-26 13:35:00,53.7,53.7,690.0,552.0,597.0
12951,2026-02-26,RTM,KOTA,2026-02-26 16:39:00,2026-02-26 16:39:00,2026-02-26 17:33:00,54.7,54.7,495.1,396.1,462.6
12951,2026-02-26,KOTA,NDLS,2026-02-26 20:37:00,2026-02-26 20:37:00,2026-02-26 21:33:00,56.8,56.8,177.0,141.6,198.3
12952,2026-02-26,NDLS,KOTA,2026-02-26 06:17:00,2026-02-26 06:17:00,2026-02-26 06:28:00,11.0,11.0,1150.0,920.0,947.7
12952,2026-02-26,KOTA,RTM,2026-02-26 09:32:00,2026-02-26 09:32:00,2026-02-26 09:51:00,20.0,20.0,920.0,736.0,757.8
12952,2026-02-26,RTM,BRC,2026-02-26 12:55:00,2026-02-26 12:55:00,2026-02-26 13:20:00,25.5,25.5,690.0,552.0,595.8
12952,2026-02-26,BRC,ST,2026-02-26 16:24:00,2026-02-26 16:24:00,2026-02-26 17:28:00,64.5,64.5,246.8,197.4,271.8
12952,2026-02-26,ST,BCT,2026-02-26 20:32:00,2026-02-26 20:32:00,2026-02-26 22:19:00,107.4,107.4,77.1,61.7,166.5
12004,2026-02-26,NDLS,GZB,2026-02-26 06:25:00,2026-02-26 06:25:00,2026-02-26 07:21:00,56.9,56.9,1150.0,920.0,974.9
12004,2026-02-26,GZB,ALJN,2026-02-26 10:25:00,2026-02-26 10:25:00,2026-02-26 11:55:00,90.1,90.1,920.0,736.0,826.6
12004,2026-02-26,ALJN,TDL,2026-02-26 14:59:00,2026-02-26 14:59:00,2026-02-26 17:09:00,130.3,130.3,690.0,552.0,674.6
12004,2026-02-26,TDL,CNB,2026-02-26 20:13:00,2026-02-26 20:13:00,2026-02-26 22:21:00,128.8,128.8,280.5,224.4,366.6
12004,2026-02-26,CNB,LKO,2026-02-27 01:25:00,2026-02-27 01:25:00,2026-02-27 03:32:00,127.6,127.6,96.3,77.0,188.6
12626,2026-02-26,NDLS,AGC,2026-02-26 05:31:00,2026-02-26 05:31:00,2026-02-26 05:31:00,0.0,0.0,1150.0,920.0,929.0
12626,2026-02-26,AGC,VGLJ,2026-02-26 08:35:00,2026-02-26 08:35:00,2026-02-26 08:51:00,16.9,16.9,920.0,736.0,760.2
12626,2026-02-26,VGLJ,BPL,2026-02-26 11:55:00,2026-02-26 11:55:00,2026-02-26 12:14:00,19.9,19.9,690.0,552.0,587.9
12626,2026-02-26,BPL,NGP,2026-02-26 15:18:00,2026-02-26 15:18:00,2026-02-26 16:07:00,49.3,49.3,249.7,199.8,250.5
12626,2026-02-26,NGP,MAS,2026-02-26 19:11:00,2026-02-26 19:11:00,2026-02-26 20:12:00,61.4,61.4,64.5,51.6,108.6
12424,2026-02-26,NDLS,CNB,2026-02-26 05:38:00,2026-02-26 05:38:00,2026-02-26 05:54:00,16.7,16.7,1150.0,920.0,940.9
12424,2026-02-26,CNB,PRYJ,2026-02-26 08:58:00,2026-02-26 08:58:00,2026-02-26 09:15:00,17.8,17.8,920.0,736.0,765.2
12424,2026-02-26,PRYJ,DDU,2026-02-26 12:19:00,2026-02-26 12:19:00,2026-02-26 12:43:00,24.6,24.6,690.0,552.0,587.0
12424,2026-02-26,DDU,PPTA,2026-02-26 15:47:00,2026-02-26 15:47:00,2026-02-26 17:20:00,93.6,93.6,258.7,207.0,298.1
12424,2026-02-26,PPTA,GHY,2026-02-26 20:24:00,2026-02-26 20:24:00,2026-02-26 22:24:00,120.8,120.8,104.7,83.8,196.9
12260,2026-02-26,NDLS,CNB,2026-02-26 06:03:00,2026-02-26 06:03:00,2026-02-26 06:46:00,43.4,43.4,1150.0,920.0,971.7
12260,2026-02-26,CNB,PRYJ,2026-02-26 10:36:00,2026-02-26 10:36:00,2026-02-26 11:29:00,53.6,53.6,862.5,690.0,750.2
12260,2026-02-26,PRYJ,DDU,2026-02-26 15:19:00,2026-02-26 15:19:00,2026-02-26 16:26:00,67.5,67.5,524.2,419.4,485.0
12260,2026-02-26,DDU,HWH,2026-02-26 20:16:00,2026-02-26 20:16:00,2026-02-26 21:57:00,101.0,101.0,179.2,143.4,232.0
12926,2026-02-26,BCT,BRC,2026-02-26 06:59:00,2026-02-26 06:59:00,2026-02-26 07:55:00,56.8,56.8,1150.0,920.0,978.8
12926,2026-02-26,BRC,RTM,2026-02-26 10:59:00,2026-02-26 10:59:00,2026-02-26 12:00:00,61.6,61.6,920.0,736.0,810.6
12926,2026-02-26,RTM,KOTA,2026-02-26 15:04:00,2026-02-26 15:04:00,2026-02-26 16:16:00,72.4,72.4,690.0,552.0,626.0
12926,2026-02-26,KOTA,NDLS,2026-02-26 19:20:00,2026-02-26 19:20:00,2026-02-26 20:44:00,84.3,84.3,412.2,329.8,404.9
12926,2026-02-26,NDLS,ASR,2026-02-26 23:48:00,2026-02-26 23:48:00,2026-02-27 01:34:00,106.5,106.5,63.5,50.8,151.8
12627,2026-02-26,SBC,DMM,2026-02-26 06:04:00,2026-02-26 06:04:00,2026-02-26 06:21:00,17.3,17.3,1150.0,920.0,943.4
12627,2026-02-26,DMM,GTL,2026-02-26 09:25:00,2026-02-26 09:25:00,2026-02-26 09:48:00,23.8,23.8,920.0,736.0,781.0
12627,2026-02-26,GTL,SC,2026-02-26 12:52:00,2026-02-26 12:52:00,2026-02-26 13:15:00,23.1,23.1,690.0,552.0,569.1
12627,2026-02-26,SC,NGP,2026-02-26 16:19:00,2026-02-26 16:19:00,2026-02-26 17:07:00,49.0,49.0,414.3,331.4,390.5
12627,2026-02-26,NGP,NDLS,2026-02-26 20:11:00,2026-02-26 20:11:00,2026-02-26 21:00:00,50.0,50.0,61.7,49.4,103.5
12301,2026-02-27,NDLS,CNB,2026-02-27 05:49:00,2026-02-27 05:49:00,2026-02-27 05:49:00,0.2,0.2,1150.0,920.0,933.0
12301,2026-02-27,CNB,PRYJ,2026-02-27 08:53:00,2026-02-27 08:53:00,2026-02-27 09:05:00,12.5,12.5,920.0,736.0,763.8
12301,2026-02-27,PRYJ,DDU,2026-02-27 12:09:00,2026-02-27 12:09:00,2026-02-27 12:30:00,21.0,21.0,690.0,552.0,583.1
12301,2026-02-27,DDU,GKP,2026-02-27 15:34:00,2026-02-27 15:34:00,2026-02-27 16:01:00,27.8,27.8,515.8,412.6,450.8
12301,2026-02-27,GKP,HWH,2026-02-27 19:05:00,2026-02-27 19:05:00,2026-02-27 19:42:00,37.2,37.2,130.0,104.0,155.8
12302,2026-02-27,HWH,GKP,2026-02-27 06:53:00,2026-02-27 06:53:00,2026-02-27 07:00:00,7.4,7.4,1150.0,920.0,932.8
12302,2026-02-27,GKP,DDU,2026-02-27 10:04:00,2026-02-27 10:04:00,2026-02-27 10:54:00,50.7,50.7,920.0,736.0,799.4
12302,2026-02-27,DDU,PRYJ,2026-02-27 13:58:00,2026-02-27 13:58:00,2026-02-27 15:02:00,65.0,65.0,690.0,552.0,596.4
12302,2026-02-27,PRYJ,CNB,2026-02-27 18:06:00,2026-02-27 18:06:00,2026-02-27 20:22:00,136.7,136.7,356.0,284.8,413.1
12302,2026-02-27,CNB,NDLS,2026-02-27 23:26:00,2026-02-27 23:26:00,2026-02-28 01:42:00,136.8,136.8,169.7,135.8,260.7
12951,2026-02-27,BCT,ST,2026-02-27 06:02:00,2026-02-27 06:02:00,2026-02-27 06:49:00,47.8,47.8,1150.0,920.0,972.2
12951,2026-02-27,ST,BRC,2026-02-27 09:53:00,2026-02-27 09:53:00,2026-02-27 11:35:00,102.3,102.3,920.0,736.0,839.9
12951,2026-02-27,BRC,RTM,2026-02-27 14:39:00,2026-02-27 14:39:00,2026-02-27 16:23:00,104.7,104.7,690.0,552.0,642.3
12951,2026-02-27,RTM,KOTA,2026-02-27 19:27:00,2026-02-27 19:27:00,2026-02-27 21:54:00,147.6,147.6,479.3,383.4,507.6
12951,2026-02-27,KOTA,NDLS,2026-02-28 00:58:00,2026-02-28 00:58:00,2026-02-28 03:38:00,160.4,160.4,107.2,85.8,211.9
12952,2026-02-27,NDLS,KOTA,2026-02-27 05:57:00,2026-02-27 05:57:00,2026-02-27 06:10:00,13.5,13.5,1150.0,920.0,940.8
12952,2026-02-27,KOTA,RTM,2026-02-27 09:14:00,2026-02-27 09:14:00,2026-02-27 09:47:00,33.1,33.1,920.0,736.0,779.7
12952,2026-02-27,RTM,BRC,2026-02-27 12:51:00,2026-02-27 12:51:00,2026-02-27 13:27:00,36.6,36.6,690.0,552.0,595.7
12952,2026-02-27,BRC,ST,2026-02-27 16:31:00,2026-02-27 16:31:00,2026-02-27 17:22:00,52.0,52.0,473.1,378.5,433.6
12952,2026-02-27,ST,BCT,2026-02-27 20:26:00,2026-02-27 20:26:00,2026-02-27 22:06:00,100.9,100.9,89.2,71.4,172.9
12004,2026-02-27,NDLS,GZB,2026-02-27 06:38:00,2026-02-27 06:38:00,2026-02-27 07:06:00,29.0,29.0,1150.0,920.0,958.1
12004,2026-02-27,GZB,ALJN,2026-02-27 10:10:00,2026-02-27 10:10:00,2026-02-27 11:15:00,65.4,65.4,920.0,736.0,809.6
12004,2026-02-27,ALJN,TDL,2026-02-27 14:19:00,2026-02-27 14:19:00,2026-02-27 16:32:00,133.9,133.9,690.0,552.0,674.9
12004,2026-02-27,TDL,CNB,2026-02-27 19:36:00,2026-02-27 19:36:00,2026-02-27 23:01:00,205.8,205.8,271.3,217.0,408.3
12004,2026-02-27,CNB,LKO,2026-02-28 02:05:00,2026-02-28 02:05:00,2026-02-28 06:12:00,247.5,247.5,91.8,73.4,286.5
12626,2026-02-27,NDLS,AGC,2026-02-27 06:09:00,2026-02-27 06:09:00,2026-02-27 06:27:00,18.5,18.5,1150.0,920.0,946.1
12626,2026-02-27,AGC,VGLJ,2026-02-27 09:31:00,2026-02-27 09:31:00,2026-02-27 10:36:00,65.5,65.5,920.0,736.0,803.6
12626,2026-02-27,VGLJ,BPL,2026-02-27 13:40:00,2026-02-27 13:40:00,2026-02-27 14:51:00,71.2,71.2,690.0,552.0,612.3
12626,2026-02-27,BPL,NGP,2026-02-27 17:55:00,2026-02-27 17:55:00,2026-02-27 19:15:00,80.4,80.4,494.2,395.4,473.8
12626,2026-02-27,NGP,MAS,2026-02-27 22:19:00,2026-02-27 22:19:00,2026-02-28 00:45:00,146.9,146.9,65.9,52.7,191.8
12424,2026-02-27,NDLS,CNB,2026-02-27 06:27:00,2026-02-27 06:27:00,2026-02-27 06:30:00,3.5,3.5,1150.0,920.0,941.8
12424,2026-02-27,CNB,PRYJ,2026-02-27 09:34:00,2026-02-27 09:34:00,2026-02-27 09:34:00,0.0,0.0,920.0,736.0,750.1
12424,2026-02-27,PRYJ,DDU,2026-02-27 12:38:00,2026-02-27 12:38:00,2026-02-27 12:39:00,1.9,1.9,690.0,552.0,557.9
12424,2026-02-27,DDU,PPTA,2026-02-27 15:43:00,2026-02-27 15:43:00,2026-02-27 15:54:00,11.2,11.2,445.1,356.1,371.3
12424,2026-02-27,PPTA,GHY,2026-02-27 18:58:00,2026-02-27 18:58:00,2026-02-27 19:56:00,58.3,58.3,92.3,73.8,148.2
12260,2026-02-27,NDLS,CNB,2026-02-27 06:10:00,2026-02-27 06:10:00,2026-02-27 06:26:00,16.0,16.0,1150.0,920.0,958.2
12260,2026-02-27,CNB,PRYJ,2026-02-27 10:16:00,2026-02-27 10:16:00,2026-02-27 10:55:00,39.3,39.3,862.5,690.0,746.2
12260,2026-02-27,PRYJ,DDU,2026-02-27 14:45:00,2026-02-27 14:45:00,2026-02-27 15:31:00,46.2,46.2,510.6,408.5,456.2
12260,2026-02-27,DDU,HWH,2026-02-27 19:21:00,2026-02-27 19:21:00,2026-02-27 20:05:00,44.3,44.3,121.4,97.1,152.2
12926,2026-02-27,BCT,BRC,2026-02-27 06:05:00,2026-02-27 06:05:00,2026-02-27 07:44:00,99.8,99.8,1150.0,920.0,1017.4
12926,2026-02-27,BRC,RTM,2026-02-27 10:48:00,2026-02-27 10:48:00,2026-02-27 12:30:00,102.1,102.1,920.0,736.0,831.2
12926,2026-02-27,RTM,KOTA,2026-02-27 15:34:00,2026-02-27 15:34:00,2026-02-27 17:12:00,98.1,98.1,690.0,552.0,650.3
12926,2026-02-27,KOTA,NDLS,2026-02-27 20:16:00,2026-02-27 20:16:00,2026-02-27 22:00:00,104.1,104.1,519.0,415.2,515.4
12926,2026-02-27,NDLS,ASR,2026-02-28 01:04:00,2026-02-28 01:04:00,2026-02-28 03:47:00,163.1,163.1,50.9,40.7,197.7
12627,2026-02-27,SBC,DMM,2026-02-27 06:39:00,2026-02-27 06:39:00,2026-02-27 06:56:00,17.4,17.4,1150.0,920.0,954.7
12627,2026-02-27,DMM,GTL,2026-02-27 10:00:00,2026-02-27 10:00:00,2026-02-27 10:27:00,27.8,27.8,920.0,736.0,797.2
12627,2026-02-27,GTL,SC,2026-02-27 13:31:00,2026-02-27 13:31:00,2026-02-27 14:01:00,30.3,30.3,690.0,552.0,585.0
12627,2026-02-27,SC,NGP,2026-02-27 17:05:00,2026-02-27 17:05:00,2026-02-27 17:43:00,38.1,38.1,395.8,316.6,359.4
12627,2026-02-27,NGP,NDLS,2026-02-27 20:47:00,2026-02-27 20:47:00,2026-02-27 21:30:00,44.0,44.0,77.9,62.3,83.4
