station_code,date,rainfall_mm,temperature_c,humidity,wind_speed
NDLS,2025-10-01,0.0,8.2,61.5,16.1
CNB,2025-10-01,0.6,7.3,57.8,14.0
PRYJ,2025-10-01,35.0,9.6,50.3,12.2
DDU,2025-10-01,3.6,7.4,28.9,13.8
BSB,2025-10-01,0.0,7.9,50.7,7.0
GKP,2025-10-01,0.0,8.2,48.7,12.4
HWH,2025-10-01,0.0,8.8,56.2,7.9
BCT,2025-10-01,29.7,7.4,49.0,8.8
BRC,2025-10-01,0.0,9.5,54.9,5.8
RTM,2025-10-01,0.0,6.9,63.2,5.1
KOTA,2025-10-01,0.0,8.0,41.7,10.8
ST,2025-10-01,0.0,10.6,62.4,10.7
GZB,2025-10-01,0.5,7.1,44.9,3.7
ALJN,2025-10-01,0.0,7.8,41.5,6.5
TDL,2025-10-01,16.2,8.9,48.2,12.4
LKO,2025-10-01,0.0,6.7,65.3,13.7
AGC,2025-10-01,4.4,9.8,39.9,14.4
VGLJ,2025-10-01,0.0,7.0,66.8,6.4
BPL,2025-10-01,0.0,9.3,44.6,9.7
NGP,2025-10-01,0.0,9.6,70.0,11.4
MAS,2025-10-01,0.0,8.7,51.0,9.8
PPTA,2025-10-01,10.1,7.2,55.9,2.0
GHY,2025-10-01,5.3,10.4,47.1,13.0
ASR,2025-10-01,1.8,7.0,64.2,11.3
SBC,2025-10-01,22.3,9.9,68.7,10.7
DMM,2025-10-01,0.0,10.3,52.4,8.5
GTL,2025-10-01,0.0,8.4,28.4,11.4
SC,2025-10-01,4.1,7.6,53.4,11.6
NDLS,2025-10-02,0.0,8.6,57.6,9.7
CNB,2025-10-02,6.9,10.4,44.3,6.0
PRYJ,2025-10-02,0.0,6.7,48.4,10.0
DDU,2025-10-02,0.0,7.6,49.3,8.3
BSB,2025-10-02,0.0,8.5,62.7,5.4
GKP,2025-10-02,13.0,9.6,69.0,4.4
HWH,2025-10-02,0.0,9.1,45.1,7.7
BCT,2025-10-02,0.0,6.7,39.5,10.3
BRC,2025-10-02,11.7,9.1,61.2,9.4
RTM,2025-10-02,0.0,7.1,51.4,12.2
KOTA,2025-10-02,0.0,9.2,68.6,20.2
ST,2025-10-02,22.8,7.5,57.6,13.1
GZB,2025-10-02,0.0,7.9,60.2,11.2
ALJN,2025-10-02,0.0,10.1,48.2,10.9
TDL,2025-10-02,0.0,7.2,57.9,7.1
LKO,2025-10-02,8.0,6.6,65.5,15.3
AGC,2025-10-02,0.0,7.4,47.5,5.5
VGLJ,2025-10-02,0.0,9.5,59.2,13.8
BPL,2025-10-02,4.6,8.8,46.1,6.7
NGP,2025-10-02,0.0,10.4,57.8,13.3
MAS,2025-10-02,0.0,9.7,52.4,20.9
PPTA,2025-10-02,0.0,7.3,44.3,11.9
GHY,2025-10-02,0.0,10.3,52.8,12.9
ASR,2025-10-02,0.0,6.6,59.7,9.7
SBC,2025-10-02,0.0,10.4,46.5,3.9
DMM,2025-10-02,0.0,9.9,57.1,5.0
GTL,2025-10-02,0.0,10.3,46.2,10.6
SC,2025-10-02,0.0,9.0,55.6,5.4
NDLS,2025-10-03,0.0,9.9,65.8,14.2
CNB,2025-10-03,16.6,7.8,58.0,11.0
PRYJ,2025-10-03,0.0,10.0,69.4,10.0
DDU,2025-10-03,0.0,9.0,57.3,10.7
BSB,2025-10-03,0.0,7.7,56.7,6.6
GKP,2025-10-03,0.0,6.5,37.1,11.4
HWH,2025-10-03,0.4,8.8,50.3,14.4
BCT,2025-10-03,0.0,6.9,47.8,12.7
BRC,2025-10-03,0.5,8.9,78.9,17.4
RTM,2025-10-03,0.0,8.9,55.2,11.8
KOTA,2025-10-03,0.0,7.7,50.6,3.3
ST,2025-10-03,32.9,6.7,60.0,13.5
GZB,2025-10-03,1.7,8.0,58.2,3.6
ALJN,2025-10-03,0.0,9.3,58.8,16.6
TDL,2025-10-03,0.0,8.8,47.7,4.9
LKO,2025-10-03,1.2,9.4,59.4,13.1
AGC,2025-10-03,6.8,8.3,42.1,9.6
VGLJ,2025-10-03,0.0,8.1,70.4,15.3
BPL,2025-10-03,0.0,6.6,55.6,19.4
NGP,2025-10-03,0.0,9.8,53.0,10.2
MAS,2025-10-03,0.0,8.7,36.0,15.1
PPTA,2025-10-03,0.0,9.0,61.9,10.3
GHY,2025-10-03,0.0,7.9,50.1,10.8
ASR,2025-10-03,0.0,7.7,48.8,8.6
SBC,2025-10-03,0.0,9.2,58.6,12.3
DMM,2025-10-03,2.0,9.6,62.5,12.4
GTL,2025-10-03,0.0,10.4,67.8,7.6
SC,2025-10-03,0.0,7.8,52.8,14.4
NDLS,2025-10-04,0.0,10.5,68.1,10.1
CNB,2025-10-04,0.0,8.8,58.2,9.5
PRYJ,2025-10-04,0.0,11.3,46.8,18.4
DDU,2025-10-04,0.0,8.7,66.6,13.2
BSB,2025-10-04,0.0,10.7,54.9,6.4
GKP,2025-10-04,0.0,7.8,64.8,9.4
HWH,2025-10-04,1.5,8.9,61.1,15.4
BCT,2025-10-04,12.1,7.9,50.3,10.9
BRC,2025-10-04,0.0,7.9,40.5,4.4
RTM,2025-10-04,0.0,10.8,47.8,9.1
KOTA,2025-10-04,0.0,10.6,63.6,9.4
ST,2025-10-04,0.0,8.0,54.8,8.8
GZB,2025-10-04,1.3,7.8,67.7,13.1
ALJN,2025-10-04,0.0,9.9,40.5,6.6
TDL,2025-10-04,33.0,11.0,57.2,10.1
LKO,2025-10-04,0.0,7.8,55.2,12.0
AGC,2025-10-04,0.0,10.1,76.5,6.9
VGLJ,2025-10-04,0.0,9.9,76.9,6.8
BPL,2025-10-04,6.2,8.6,65.3,2.8
NGP,2025-10-04,0.0,7.8,35.9,11.4
MAS,2025-10-04,0.0,10.8,62.4,15.9
PPTA,2025-10-04,0.0,9.2,54.3,8.9
GHY,2025-10-04,0.0,10.8,58.0,5.6
ASR,2025-10-04,0.0,9.1,57.8,11.1
SBC,2025-10-04,0.0,9.4,53.9,9.8
DMM,2025-10-04,0.0,11.0,70.2,11.2
GTL,2025-10-04,0.0,11.3,51.9,3.6
SC,2025-10-04,0.0,8.0,41.3,12.1
NDLS,2025-10-05,0.0,12.0,46.7,8.8
CNB,2025-10-05,0.0,12.0,56.1,16.2
PRYJ,2025-10-05,0.0,12.7,65.3,10.7
DDU,2025-10-05,0.3,10.9,61.5,15.5
BSB,2025-10-05,1.5,12.1,37.7,15.8
GKP,2025-10-05,0.0,11.1,57.0,2.0
HWH,2025-10-05,0.0,12.5,64.8,11.3
BCT,2025-10-05,26.1,13.1,38.0,9.8
BRC,2025-10-05,0.0,11.2,34.3,9.6
RTM,2025-10-05,0.8,11.9,44.0,12.0
KOTA,2025-10-05,0.0,10.7,75.6,8.7
ST,2025-10-05,0.4,10.0,49.7,6.8
GZB,2025-10-05,1.3,10.0,40.7,9.2
ALJN,2025-10-05,0.0,10.8,54.0,10.2
TDL,2025-10-05,0.0,12.5,63.5,7.5
LKO,2025-10-05,2.3,12.3,52.2,2.0
AGC,2025-10-05,0.0,11.8,71.4,9.0
VGLJ,2025-10-05,12.5,9.5,55.3,13.9
BPL,2025-10-05,5.9,11.4,38.9,10.8
NGP,2025-10-05,0.0,10.4,48.5,5.7
MAS,2025-10-05,0.0,9.8,71.9,13.5
PPTA,2025-10-05,0.0,12.5,55.8,6.6
GHY,2025-10-05,0.0,11.7,44.6,9.2
ASR,2025-10-05,0.0,10.5,64.3,17.6
SBC,2025-10-05,0.0,10.7,41.0,12.3
DMM,2025-10-05,2.8,9.7,51.2,8.3
GTL,2025-10-05,22.7,10.5,55.5,6.7
SC,2025-10-05,0.0,11.0,52.6,6.4
NDLS,2025-10-06,0.0,13.8,49.2,13.0
CNB,2025-10-06,0.0,10.6,56.0,13.0
PRYJ,2025-10-06,14.7,12.2,49.4,6.0
DDU,2025-10-06,0.0,11.6,50.4,8.8
BSB,2025-10-06,8.7,12.4,54.3,5.2
GKP,2025-10-06,4.1,12.1,49.0,13.0
HWH,2025-10-06,0.0,12.7,47.8,19.7
BCT,2025-10-06,0.0,11.6,56.7,10.4
BRC,2025-10-06,13.5,10.7,66.7,11.0
RTM,2025-10-06,0.0,10.5,50.1,8.3
KOTA,2025-10-06,0.0,10.6,57.9,18.3
ST,2025-10-06,0.0,11.4,67.0,8.4
GZB,2025-10-06,0.0,11.7,36.3,8.6
ALJN,2025-10-06,0.0,12.9,58.3,9.1
TDL,2025-10-06,0.0,11.5,57.4,13.1
LKO,2025-10-06,0.0,10.4,40.2,14.6
AGC,2025-10-06,0.0,10.5,61.3,19.1
VGLJ,2025-10-06,0.0,13.5,50.4,6.6
BPL,2025-10-06,0.0,10.9,55.7,8.1
NGP,2025-10-06,0.0,13.0,65.4,8.0
MAS,2025-10-06,0.0,10.4,52.3,6.1
PPTA,2025-10-06,2.6,13.1,64.6,13.9
GHY,2025-10-06,0.0,12.5,38.7,11.1
ASR,2025-10-06,23.9,11.3,37.2,16.0
SBC,2025-10-06,0.0,11.8,57.8,5.5
DMM,2025-10-06,0.0,12.0,56.1,12.9
GTL,2025-10-06,0.0,12.7,47.1,11.9
SC,2025-10-06,0.0,12.2,70.9,8.0
NDLS,2025-10-07,0.0,13.8,45.1,9.5
CNB,2025-10-07,0.0,14.0,55.6,14.4
PRYJ,2025-10-07,0.0,12.4,53.4,8.3
DDU,2025-10-07,4.1,13.2,63.5,2.0
BSB,2025-10-07,0.0,13.7,67.7,6.7
GKP,2025-10-07,6.0,11.8,52.5,8.9
HWH,2025-10-07,0.0,12.0,52.7,12.8
BCT,2025-10-07,0.0,12.3,52.3,5.6
BRC,2025-10-07,0.0,10.4,80.7,10.2
RTM,2025-10-07,0.0,10.3,57.0,9.4
KOTA,2025-10-07,0.4,10.8,80.7,5.6
ST,2025-10-07,0.0,10.3,68.9,2.0
GZB,2025-10-07,0.0,11.8,43.2,10.8
ALJN,2025-10-07,0.0,10.8,53.5,12.1
TDL,2025-10-07,0.0,11.1,51.4,9.7
LKO,2025-10-07,0.0,10.6,54.1,10.1
AGC,2025-10-07,11.1,10.9,49.8,12.0
VGLJ,2025-10-07,1.0,12.6,63.1,6.2
BPL,2025-10-07,0.0,13.4,71.5,6.0
NGP,2025-10-07,22.7,10.8,58.3,5.0
MAS,2025-10-07,0.0,11.7,49.8,14.2
PPTA,2025-10-07,0.0,11.1,39.4,12.4
GHY,2025-10-07,0.0,12.5,34.2,16.8
ASR,2025-10-07,0.0,11.2,49.6,11.6
SBC,2025-10-07,0.0,13.5,56.1,10.6
DMM,2025-10-07,3.1,11.7,76.6,12.7
GTL,2025-10-07,18.0,11.1,55.2,11.4
SC,2025-10-07,0.2,10.7,38.7,12.2
NDLS,2025-10-08,0.0,14.2,50.3,12.1
CNB,2025-10-08,23.0,12.1,57.6,13.9
PRYJ,2025-10-08,0.0,14.4,36.6,4.9
DDU,2025-10-08,1.8,14.1,51.5,10.8
BSB,2025-10-08,4.9,14.4,45.8,4.6
GKP,2025-10-08,8.4,14.9,75.8,8.8
HWH,2025-10-08,0.0,15.8,61.1,3.9
BCT,2025-10-08,0.0,12.2,38.1,13.9
BRC,2025-10-08,0.8,15.1,54.7,17.1
RTM,2025-10-08,0.0,14.8,62.1,7.8
KOTA,2025-10-08,0.0,15.2,61.2,3.7
ST,2025-10-08,24.9,13.5,41.8,9.1
GZB,2025-10-08,0.0,14.2,63.2,12.5
ALJN,2025-10-08,0.0,14.7,50.5,12.5
TDL,2025-10-08,44.0,14.0,59.3,10.8
LKO,2025-10-08,0.0,12.7,44.2,14.2
AGC,2025-10-08,0.0,15.7,54.6,12.7
VGLJ,2025-10-08,0.0,15.5,64.4,7.9
BPL,2025-10-08,0.0,12.2,50.7,8.8
NGP,2025-10-08,0.0,12.3,67.6,6.4
MAS,2025-10-08,0.0,12.3,69.5,10.8
PPTA,2025-10-08,0.0,13.3,57.7,13.6
GHY,2025-10-08,20.4,13.0,62.1,10.2
ASR,2025-10-08,0.0,15.2,67.2,7.3
SBC,2025-10-08,0.0,13.6,64.2,11.3
DMM,2025-10-08,0.0,16.0,38.2,3.0
GTL,2025-10-08,1.2,15.0,41.6,6.3
SC,2025-10-08,0.4,13.2,35.7,5.2
NDLS,2025-10-09,29.9,13.7,64.8,9.1
CNB,2025-10-09,0.0,14.7,43.8,11.5
PRYJ,2025-10-09,28.6,14.9,66.7,16.5
DDU,2025-10-09,1.9,13.0,48.8,7.8
BSB,2025-10-09,0.0,14.1,69.2,7.7
GKP,2025-10-09,16.9,13.8,47.9,7.2
HWH,2025-10-09,0.0,13.1,46.6,10.7
BCT,2025-10-09,1.4,14.5,57.9,11.3
BRC,2025-10-09,0.0,13.6,53.2,6.8
RTM,2025-10-09,12.9,12.5,46.6,10.0
KOTA,2025-10-09,0.0,11.9,20.2,6.5
ST,2025-10-09,0.0,13.3,68.2,5.5
GZB,2025-10-09,21.1,13.2,60.9,14.4
ALJN,2025-10-09,0.0,14.4,63.2,12.0
TDL,2025-10-09,0.0,13.8,68.8,12.6
LKO,2025-10-09,0.0,11.6,53.3,10.6
AGC,2025-10-09,0.0,12.3,58.7,8.4
VGLJ,2025-10-09,0.0,14.3,56.9,10.2
BPL,2025-10-09,10.1,13.5,70.0,10.9
NGP,2025-10-09,0.0,11.4,60.4,10.2
MAS,2025-10-09,0.0,12.3,56.8,11.6
PPTA,2025-10-09,0.0,11.2,51.4,10.7
GHY,2025-10-09,0.0,13.3,50.2,10.5
ASR,2025-10-09,0.0,14.5,58.7,7.9
SBC,2025-10-09,3.9,11.1,70.7,9.7
DMM,2025-10-09,0.0,13.7,40.5,2.0
GTL,2025-10-09,0.0,11.6,44.8,12.8
SC,2025-10-09,0.0,11.3,42.2,13.5
NDLS,2025-10-10,5.7,15.2,53.9,12.5
CNB,2025-10-10,0.0,14.0,64.0,9.2
PRYJ,2025-10-10,0.3,12.4,42.5,15.8
DDU,2025-10-10,0.0,14.9,58.4,11.8
BSB,2025-10-10,0.0,14.5,61.4,15.3
GKP,2025-10-10,25.4,12.0,67.5,12.0
HWH,2025-10-10,1.3,13.4,48.2,17.2
BCT,2025-10-10,0.0,12.2,56.3,7.3
BRC,2025-10-10,0.0,12.5,50.5,2.4
RTM,2025-10-10,5.0,11.5,79.7,8.0
KOTA,2025-10-10,0.0,12.6,58.7,11.9
ST,2025-10-10,0.0,11.6,52.4,8.4
GZB,2025-10-10,6.9,15.4,70.0,13.5
ALJN,2025-10-10,4.0,13.7,46.2,10.2
TDL,2025-10-10,0.8,12.8,45.0,8.9
LKO,2025-10-10,0.0,13.7,49.3,12.3
AGC,2025-10-10,10.1,12.1,73.1,11.4
VGLJ,2025-10-10,0.0,14.9,49.2,14.4
BPL,2025-10-10,22.5,14.7,68.2,10.8
NGP,2025-10-10,0.0,13.2,72.4,10.8
MAS,2025-10-10,2.8,11.8,44.7,7.9
PPTA,2025-10-10,0.0,14.6,84.7,9.6
GHY,2025-10-10,56.1,14.3,55.4,10.5
ASR,2025-10-10,0.0,12.2,52.4,3.3
SBC,2025-10-10,0.0,14.9,50.2,16.3
DMM,2025-10-10,0.0,12.8,57.2,14.2
GTL,2025-10-10,0.0,13.2,65.8,9.8
SC,2025-10-10,0.0,15.0,61.5,3.7
NDLS,2025-10-11,9.8,15.7,68.8,13.1
CNB,2025-10-11,0.0,12.6,58.2,8.8
PRYJ,2025-10-11,20.5,14.0,62.7,2.0
DDU,2025-10-11,0.0,13.5,51.4,5.5
BSB,2025-10-11,10.7,15.9,66.1,7.2
GKP,2025-10-11,0.0,12.6,39.4,8.9
HWH,2025-10-11,7.3,12.3,65.0,8.0
BCT,2025-10-11,9.6,13.8,46.6,12.1
BRC,2025-10-11,13.3,12.7,51.8,18.3
RTM,2025-10-11,0.0,15.4,65.3,11.0
KOTA,2025-10-11,3.1,12.9,55.5,7.2
ST,2025-10-11,1.3,15.8,62.3,9.7
GZB,2025-10-11,0.0,13.3,64.2,11.4
ALJN,2025-10-11,0.0,13.9,75.9,9.4
TDL,2025-10-11,3.7,12.6,45.6,12.6
LKO,2025-10-11,0.0,14.7,57.8,7.4
AGC,2025-10-11,0.0,13.8,60.5,6.3
VGLJ,2025-10-11,0.0,15.4,54.7,18.0
BPL,2025-10-11,0.0,14.5,50.5,10.3
NGP,2025-10-11,0.0,15.8,44.2,12.7
MAS,2025-10-11,0.0,14.7,47.3,11.2
PPTA,2025-10-11,0.0,14.7,65.1,9.0
GHY,2025-10-11,0.0,15.2,60.6,11.4
ASR,2025-10-11,0.0,13.7,65.5,12.3
SBC,2025-10-11,0.0,15.1,67.9,9.0
DMM,2025-10-11,0.0,12.5,42.2,3.4
GTL,2025-10-11,0.0,14.8,39.5,8.8
SC,2025-10-11,0.8,13.5,71.4,14.0
NDLS,2025-10-12,0.0,13.0,64.8,8.7
CNB,2025-10-12,0.0,12.6,41.1,3.4
PRYJ,2025-10-12,0.0,12.9,68.8,12.3
DDU,2025-10-12,0.0,13.8,62.6,11.1
BSB,2025-10-12,0.0,11.5,47.5,8.9
GKP,2025-10-12,3.4,12.5,64.7,7.5
HWH,2025-10-12,0.0,12.7,70.1,13.1
BCT,2025-10-12,0.0,11.6,53.7,9.4
BRC,2025-10-12,7.4,13.3,49.0,11.3
RTM,2025-10-12,32.9,12.8,69.0,9.7
KOTA,2025-10-12,10.0,12.7,56.2,12.2
ST,2025-10-12,0.0,13.8,48.0,7.3
GZB,2025-10-12,0.0,13.0,42.6,7.2
ALJN,2025-10-12,17.3,13.7,73.2,6.7
TDL,2025-10-12,0.0,10.9,77.2,5.0
LKO,2025-10-12,0.0,11.2,51.5,11.8
AGC,2025-10-12,10.3,10.9,64.6,18.8
VGLJ,2025-10-12,0.0,11.5,54.1,20.3
BPL,2025-10-12,11.9,14.5,40.6,2.3
NGP,2025-10-12,0.0,13.4,58.0,7.9
MAS,2025-10-12,0.8,12.8,49.2,5.9
PPTA,2025-10-12,0.0,11.4,55.3,6.9
GHY,2025-10-12,0.0,10.8,57.3,3.8
ASR,2025-10-12,0.0,14.1,35.1,11.5
SBC,2025-10-12,0.0,11.9,71.7,11.7
DMM,2025-10-12,8.3,12.4,45.1,12.5
GTL,2025-10-12,6.0,12.7,47.6,14.9
SC,2025-10-12,0.0,13.2,44.1,8.7
NDLS,2025-10-13,0.0,12.8,67.1,10.6
CNB,2025-10-13,0.0,11.0,56.9,8.8
PRYJ,2025-10-13,0.0,9.4,62.1,13.8
DDU,2025-10-13,0.0,9.0,47.1,4.7
BSB,2025-10-13,0.0,9.2,36.6,12.0
GKP,2025-10-13,0.0,10.5,58.9,20.0
HWH,2025-10-13,0.0,12.6,55.8,9.6
BCT,2025-10-13,0.0,10.4,57.7,11.3
BRC,2025-10-13,0.0,12.0,53.3,7.0
RTM,2025-10-13,0.0,9.6,55.3,10.0
KOTA,2025-10-13,0.0,11.4,54.7,13.3
ST,2025-10-13,0.0,11.3,55.1,4.8
GZB,2025-10-13,4.6,10.5,60.1,10.2
ALJN,2025-10-13,0.0,10.6,26.1,11.2
TDL,2025-10-13,0.0,9.3,60.4,4.9
LKO,2025-10-13,0.6,11.5,52.9,16.0
AGC,2025-10-13,0.0,9.1,56.5,8.7
VGLJ,2025-10-13,1.5,12.8,51.3,7.2
BPL,2025-10-13,0.0,9.3,55.2,7.1
NGP,2025-10-13,0.0,12.9,39.7,13.6
MAS,2025-10-13,0.0,11.4,44.6,9.2
PPTA,2025-10-13,0.0,12.4,49.9,5.3
GHY,2025-10-13,0.0,10.5,63.8,13.0
ASR,2025-10-13,0.0,8.9,51.1,9.9
SBC,2025-10-13,0.0,9.9,56.1,5.5
DMM,2025-10-13,2.8,9.7,54.8,12.3
GTL,2025-10-13,0.0,9.3,67.0,9.4
SC,2025-10-13,0.0,9.3,50.6,6.5
NDLS,2025-10-14,0.0,10.9,41.3,3.5
CNB,2025-10-14,0.0,9.8,48.3,14.2
PRYJ,2025-10-14,0.0,10.7,61.8,8.0
DDU,2025-10-14,0.0,8.1,76.6,7.6
BSB,2025-10-14,0.0,10.6,68.0,16.2
GKP,2025-10-14,0.0,8.2,59.6,7.3
HWH,2025-10-14,0.0,10.0,51.3,10.7
BCT,2025-10-14,31.4,8.2,47.0,15.2
BRC,2025-10-14,0.0,9.1,61.8,14.6
RTM,2025-10-14,1.0,8.7,66.9,12.9
KOTA,2025-10-14,0.9,9.0,61.1,15.2
ST,2025-10-14,1.3,9.5,68.3,12.2
GZB,2025-10-14,0.0,10.5,48.6,13.7
ALJN,2025-10-14,0.0,11.9,70.3,12.0
TDL,2025-10-14,0.0,11.2,51.4,6.6
LKO,2025-10-14,4.7,11.7,37.6,2.2
AGC,2025-10-14,0.0,10.4,50.2,8.7
VGLJ,2025-10-14,0.0,8.7,41.6,13.7
BPL,2025-10-14,0.0,11.2,63.4,6.7
NGP,2025-10-14,0.0,9.8,63.9,12.9
MAS,2025-10-14,7.9,10.6,59.0,7.4
PPTA,2025-10-14,7.0,11.2,59.9,12.9
GHY,2025-10-14,0.0,10.1,36.0,10.3
ASR,2025-10-14,0.0,10.2,58.3,13.6
SBC,2025-10-14,6.2,11.0,52.9,6.6
DMM,2025-10-14,8.1,11.2,62.2,15.8
GTL,2025-10-14,0.0,8.7,57.8,15.8
SC,2025-10-14,0.0,8.0,40.5,5.6
NDLS,2025-10-15,0.0,9.9,46.8,2.0
CNB,2025-10-15,0.0,12.2,38.0,15.8
PRYJ,2025-10-15,0.0,11.0,66.7,7.7
DDU,2025-10-15,0.0,9.7,77.1,8.8
BSB,2025-10-15,0.0,9.6,73.6,17.5
GKP,2025-10-15,0.0,11.7,48.8,13.3
HWH,2025-10-15,0.0,12.6,66.2,7.4
BCT,2025-10-15,0.0,12.2,27.3,13.2
BRC,2025-10-15,0.0,9.9,46.6,9.5
RTM,2025-10-15,0.0,10.2,56.9,12.3
KOTA,2025-10-15,0.0,11.0,51.5,11.0
ST,2025-10-15,0.0,11.0,67.0,2.3
GZB,2025-10-15,4.5,11.7,56.4,2.9
ALJN,2025-10-15,0.0,10.5,50.3,3.6
TDL,2025-10-15,0.0,12.8,60.1,7.9
LKO,2025-10-15,0.0,11.2,54.7,17.1
AGC,2025-10-15,0.0,11.1,49.0,11.9
VGLJ,2025-10-15,13.9,11.8,58.5,10.5
BPL,2025-10-15,3.3,9.6,46.2,6.7
NGP,2025-10-15,3.2,13.0,52.0,16.3
MAS,2025-10-15,6.7,12.4,30.8,13.5
PPTA,2025-10-15,0.0,10.7,55.7,12.1
GHY,2025-10-15,5.4,13.1,63.8,6.3
ASR,2025-10-15,10.6,13.3,57.9,4.6
SBC,2025-10-15,0.0,11.2,38.8,14.7
DMM,2025-10-15,2.6,9.8,61.3,8.2
GTL,2025-10-15,0.0,11.6,52.0,10.6
SC,2025-10-15,0.0,12.2,54.2,6.7
NDLS,2025-10-16,29.1,11.2,59.4,13.6
CNB,2025-10-16,0.0,11.1,61.2,18.2
PRYJ,2025-10-16,0.0,9.5,53.2,15.5
DDU,2025-10-16,0.0,9.5,48.5,6.8
BSB,2025-10-16,0.0,9.9,56.2,16.5
GKP,2025-10-16,0.0,10.1,52.1,3.7
HWH,2025-10-16,0.0,13.2,63.8,9.7
BCT,2025-10-16,0.0,11.4,58.0,7.0
BRC,2025-10-16,0.0,12.5,56.1,4.2
RTM,2025-10-16,0.0,10.4,73.7,14.3
KOTA,2025-10-16,0.0,12.4,55.7,13.4
ST,2025-10-16,0.0,9.9,48.6,14.1
GZB,2025-10-16,0.0,12.7,51.7,8.4
ALJN,2025-10-16,0.0,10.0,45.4,11.7
TDL,2025-10-16,0.0,11.0,55.2,15.6
LKO,2025-10-16,0.0,13.1,44.4,11.7
AGC,2025-10-16,0.0,12.8,66.9,20.4
VGLJ,2025-10-16,0.0,12.1,56.9,8.6
BPL,2025-10-16,0.0,10.0,56.7,15.3
NGP,2025-10-16,0.0,12.1,68.2,9.5
MAS,2025-10-16,0.0,11.1,68.0,9.9
PPTA,2025-10-16,12.4,10.6,49.3,8.4
GHY,2025-10-16,0.0,10.6,62.6,15.0
ASR,2025-10-16,0.0,11.7,54.0,14.9
SBC,2025-10-16,0.0,13.2,58.7,6.8
DMM,2025-10-16,0.0,10.6,51.0,12.1
GTL,2025-10-16,10.3,12.6,56.3,17.8
SC,2025-10-16,0.3,10.5,65.3,4.7
NDLS,2025-10-17,0.0,12.1,62.2,12.7
CNB,2025-10-17,23.8,11.0,61.7,17.6
PRYJ,2025-10-17,0.0,8.8,66.1,9.5
DDU,2025-10-17,0.0,10.5,49.6,9.6
BSB,2025-10-17,0.0,11.3,62.1,8.3
GKP,2025-10-17,0.0,9.5,62.4,12.5
HWH,2025-10-17,0.0,8.4,45.6,14.3
BCT,2025-10-17,20.6,11.6,58.4,7.4
BRC,2025-10-17,2.8,10.5,54.8,8.8
RTM,2025-10-17,0.0,9.5,44.5,5.7
KOTA,2025-10-17,23.3,11.3,59.3,13.6
ST,2025-10-17,0.0,10.7,62.3,7.4
GZB,2025-10-17,0.0,8.5,47.7,10.1
ALJN,2025-10-17,0.0,11.7,57.7,12.6
TDL,2025-10-17,0.0,11.6,61.5,20.8
LKO,2025-10-17,0.0,10.1,69.7,8.6
AGC,2025-10-17,0.0,10.7,76.1,5.5
VGLJ,2025-10-17,0.0,10.9,44.9,13.1
BPL,2025-10-17,4.9,10.4,76.7,9.3
NGP,2025-10-17,0.0,12.1,55.4,16.8
MAS,2025-10-17,2.9,10.9,50.6,2.0
PPTA,2025-10-17,3.2,8.5,40.9,9.7
GHY,2025-10-17,2.3,10.8,53.0,10.0
ASR,2025-10-17,0.4,8.4,51.9,7.0
SBC,2025-10-17,0.0,11.5,36.2,10.5
DMM,2025-10-17,0.0,12.1,57.1,7.0
GTL,2025-10-17,0.0,8.8,65.8,10.1
SC,2025-10-17,0.0,10.3,47.9,3.9
NDLS,2025-10-18,0.0,6.1,57.7,12.0
CNB,2025-10-18,0.0,6.8,50.2,10.6
PRYJ,2025-10-18,9.3,5.4,47.9,11.4
DDU,2025-10-18,0.0,5.9,46.1,8.8
BSB,2025-10-18,0.0,6.0,60.1,9.3
GKP,2025-10-18,0.0,7.0,66.8,3.1
HWH,2025-10-18,0.0,4.4,57.1,13.0
BCT,2025-10-18,0.0,7.9,55.6,7.0
BRC,2025-10-18,5.5,4.9,53.7,2.5
RTM,2025-10-18,1.3,6.7,35.4,12.9
KOTA,2025-10-18,0.0,7.3,59.7,13.4
ST,2025-10-18,0.0,6.1,45.6,5.6
GZB,2025-10-18,0.0,7.5,60.3,12.0
ALJN,2025-10-18,0.0,7.8,36.8,7.2
TDL,2025-10-18,0.0,6.7,70.9,13.1
LKO,2025-10-18,0.0,7.1,52.5,5.1
AGC,2025-10-18,0.0,4.9,45.4,8.3
VGLJ,2025-10-18,0.0,4.5,40.9,14.9
BPL,2025-10-18,0.0,4.7,66.1,5.3
NGP,2025-10-18,0.0,6.8,73.9,8.2
MAS,2025-10-18,0.0,4.9,55.1,8.1
PPTA,2025-10-18,0.0,8.2,44.0,8.6
GHY,2025-10-18,0.0,4.5,37.0,8.6
ASR,2025-10-18,31.2,8.0,62.0,8.7
SBC,2025-10-18,0.0,6.8,53.9,11.8
DMM,2025-10-18,0.0,5.9,43.1,10.6
GTL,2025-10-18,0.0,6.6,61.4,12.0
SC,2025-10-18,0.0,6.1,47.1,7.5
NDLS,2025-10-19,0.0,3.3,35.2,13.0
CNB,2025-10-19,5.9,5.4,52.9,19.3
PRYJ,2025-10-19,0.0,4.6,57.9,13.6
DDU,2025-10-19,0.0,5.3,50.5,4.9
BSB,2025-10-19,0.0,3.2,39.8,11.0
GKP,2025-10-19,0.0,6.9,57.7,17.1
HWH,2025-10-19,15.6,6.5,57.7,8.6
BCT,2025-10-19,0.0,4.1,58.8,9.9
BRC,2025-10-19,0.0,5.0,37.3,15.0
RTM,2025-10-19,14.3,4.2,57.4,2.0
KOTA,2025-10-19,0.0,5.0,66.9,8.7
ST,2025-10-19,0.0,6.1,66.7,9.2
GZB,2025-10-19,21.5,6.6,60.9,2.0
ALJN,2025-10-19,0.0,5.5,54.8,8.4
TDL,2025-10-19,0.0,5.8,47.3,11.6
LKO,2025-10-19,0.0,4.2,48.7,13.4
AGC,2025-10-19,0.0,3.9,64.5,12.1
VGLJ,2025-10-19,13.4,4.2,60.2,12.9
BPL,2025-10-19,0.0,3.6,62.0,14.7
NGP,2025-10-19,0.0,6.1,47.3,10.8
MAS,2025-10-19,5.2,5.0,48.2,9.4
PPTA,2025-10-19,16.5,4.4,55.3,12.4
GHY,2025-10-19,6.9,4.2,61.6,13.8
ASR,2025-10-19,5.2,3.2,45.0,6.9
SBC,2025-10-19,0.0,4.2,53.5,12.8
DMM,2025-10-19,0.0,6.7,39.6,9.5
GTL,2025-10-19,0.0,5.6,38.5,14.8
SC,2025-10-19,22.0,5.6,24.8,10.7
NDLS,2025-10-20,0.0,8.6,57.1,8.0
CNB,2025-10-20,0.0,7.2,59.8,12.0
PRYJ,2025-10-20,0.0,8.4,58.9,8.0
DDU,2025-10-20,0.0,7.3,48.1,8.4
BSB,2025-10-20,13.8,8.7,48.7,10.1
GKP,2025-10-20,0.0,7.3,46.4,14.5
HWH,2025-10-20,0.0,6.6,62.3,8.0
BCT,2025-10-20,0.0,7.5,53.4,13.8
BRC,2025-10-20,0.0,9.9,54.3,17.9
RTM,2025-10-20,0.0,7.8,60.2,6.7
KOTA,2025-10-20,0.0,8.9,44.4,14.2
ST,2025-10-20,0.0,6.6,50.6,10.6
GZB,2025-10-20,0.0,7.7,26.7,10.1
ALJN,2025-10-20,4.6,8.0,49.9,9.4
TDL,2025-10-20,0.0,9.3,58.3,11.2
LKO,2025-10-20,0.0,7.1,65.4,9.7
AGC,2025-10-20,0.0,7.1,39.5,13.3
VGLJ,2025-10-20,0.0,6.8,46.3,14.5
BPL,2025-10-20,0.0,8.8,46.0,12.6
NGP,2025-10-20,4.6,9.8,37.6,10.5
MAS,2025-10-20,4.8,9.6,52.7,6.0
PPTA,2025-10-20,0.0,8.2,79.1,13.1
GHY,2025-10-20,0.0,6.3,55.2,12.2
ASR,2025-10-20,0.0,8.9,62.2,12.9
SBC,2025-10-20,0.0,8.3,61.7,12.4
DMM,2025-10-20,0.2,6.7,64.8,7.0
GTL,2025-10-20,0.0,8.3,64.9,4.6
SC,2025-10-20,0.0,10.1,61.7,12.7
NDLS,2025-10-21,0.0,11.6,51.0,9.3
CNB,2025-10-21,6.6,10.6,53.2,16.6
PRYJ,2025-10-21,0.0,10.0,55.2,10.9
DDU,2025-10-21,4.6,13.6,48.4,7.6
BSB,2025-10-21,0.0,10.3,58.9,15.7
GKP,2025-10-21,0.0,10.3,42.0,16.3
HWH,2025-10-21,4.2,12.4,52.7,11.9
BCT,2025-10-21,0.0,11.6,51.8,10.6
BRC,2025-10-21,10.0,10.3,44.1,9.4
RTM,2025-10-21,0.0,13.6,55.0,3.5
KOTA,2025-10-21,3.2,12.4,53.2,15.5
ST,2025-10-21,0.0,11.9,40.8,8.9
GZB,2025-10-21,0.0,9.9,50.7,12.4
ALJN,2025-10-21,30.2,13.6,55.5,11.3
TDL,2025-10-21,0.0,10.8,47.8,10.6
LKO,2025-10-21,0.0,12.2,60.5,7.7
AGC,2025-10-21,0.0,13.4,55.3,12.3
VGLJ,2025-10-21,0.0,13.6,54.2,5.0
BPL,2025-10-21,10.2,12.6,45.4,11.9
NGP,2025-10-21,0.0,12.0,51.9,10.0
MAS,2025-10-21,0.0,9.8,42.5,12.4
PPTA,2025-10-21,0.0,11.0,50.3,11.1
GHY,2025-10-21,6.6,11.4,47.0,11.4
ASR,2025-10-21,0.0,10.9,41.6,3.6
SBC,2025-10-21,0.0,12.7,56.0,12.4
DMM,2025-10-21,0.0,11.2,59.1,3.7
GTL,2025-10-21,0.0,11.2,47.9,7.6
SC,2025-10-21,7.1,13.4,50.9,12.7
NDLS,2025-10-22,0.0,14.0,74.8,3.7
CNB,2025-10-22,0.0,12.3,46.0,4.7
PRYJ,2025-10-22,0.0,13.8,53.1,13.7
DDU,2025-10-22,0.0,13.3,40.5,10.0
BSB,2025-10-22,4.0,12.6,51.3,11.8
GKP,2025-10-22,28.3,10.5,29.0,10.8
HWH,2025-10-22,0.0,13.4,67.4,5.7
BCT,2025-10-22,0.0,13.3,37.2,11.3
BRC,2025-10-22,1.4,11.9,61.9,2.0
RTM,2025-10-22,0.0,10.4,47.7,5.9
KOTA,2025-10-22,0.0,11.4,61.8,5.4
ST,2025-10-22,0.0,13.2,37.7,7.3
GZB,2025-10-22,0.0,11.5,50.4,11.8
ALJN,2025-10-22,0.0,11.7,49.0,15.7
TDL,2025-10-22,0.0,12.6,55.9,6.8
LKO,2025-10-22,15.2,13.0,60.7,10.4
AGC,2025-10-22,9.2,10.4,65.5,6.0
VGLJ,2025-10-22,7.2,13.2,31.9,10.6
BPL,2025-10-22,0.0,13.9,65.8,14.0
NGP,2025-10-22,0.0,12.0,65.9,13.7
MAS,2025-10-22,16.5,13.6,49.4,5.6
PPTA,2025-10-22,0.0,11.5,59.4,13.1
GHY,2025-10-22,0.0,13.1,54.9,12.7
ASR,2025-10-22,15.4,11.7,47.9,15.8
SBC,2025-10-22,0.0,10.3,54.4,11.8
DMM,2025-10-22,0.0,11.1,56.9,15.3
GTL,2025-10-22,7.0,14.1,62.0,11.7
SC,2025-10-22,0.0,10.9,33.5,14.4
NDLS,2025-10-23,0.0,11.2,50.2,6.5
CNB,2025-10-23,0.0,11.8,65.6,12.5
PRYJ,2025-10-23,0.0,11.6,67.1,11.0
DDU,2025-10-23,11.2,14.3,55.7,7.4
BSB,2025-10-23,0.0,11.8,67.5,3.9
GKP,2025-10-23,0.0,12.0,48.1,9.4
HWH,2025-10-23,5.7,13.8,43.8,14.9
BCT,2025-10-23,0.0,10.9,56.6,12.0
BRC,2025-10-23,0.0,13.3,51.4,4.7
RTM,2025-10-23,3.3,13.6,49.9,3.3
KOTA,2025-10-23,7.3,14.6,52.7,6.3
ST,2025-10-23,0.0,13.6,36.5,6.3
GZB,2025-10-23,2.3,12.2,37.5,9.5
ALJN,2025-10-23,0.0,11.8,55.9,11.6
TDL,2025-10-23,30.2,11.0,49.5,8.9
LKO,2025-10-23,0.0,13.0,42.0,13.3
AGC,2025-10-23,0.0,10.7,63.1,5.4
VGLJ,2025-10-23,0.0,13.5,43.8,6.3
BPL,2025-10-23,0.0,13.0,60.5,11.4
NGP,2025-10-23,0.0,11.5,65.5,14.7
MAS,2025-10-23,8.7,12.3,51.7,3.5
PPTA,2025-10-23,0.0,14.5,51.1,11.7
GHY,2025-10-23,0.0,13.3,46.4,9.4
ASR,2025-10-23,0.0,13.6,38.9,8.2
SBC,2025-10-23,0.0,12.4,55.2,9.7
DMM,2025-10-23,0.0,13.1,63.1,6.1
GTL,2025-10-23,21.0,11.0,47.2,7.2
SC,2025-10-23,0.6,11.7,72.1,8.8
NDLS,2025-10-24,0.0,10.8,59.1,11.8
CNB,2025-10-24,0.0,11.7,41.0,10.8
PRYJ,2025-10-24,0.0,10.9,56.5,16.8
DDU,2025-10-24,0.0,8.7,56.5,13.1
BSB,2025-10-24,4.6,10.6,58.0,12.9
GKP,2025-10-24,0.0,11.6,41.6,12.8
HWH,2025-10-24,0.0,11.2,74.9,6.9
BCT,2025-10-24,17.4,12.2,50.2,2.9
BRC,2025-10-24,0.0,8.5,48.1,10.0
RTM,2025-10-24,0.0,10.4,57.5,8.5
KOTA,2025-10-24,0.0,10.1,48.0,8.0
ST,2025-10-24,2.1,9.1,62.9,11.4
GZB,2025-10-24,0.0,11.7,51.7,7.6
ALJN,2025-10-24,7.2,9.7,33.6,12.1
TDL,2025-10-24,0.0,9.8,48.3,14.0
LKO,2025-10-24,0.0,12.1,43.5,4.5
AGC,2025-10-24,0.0,10.4,65.6,2.0
VGLJ,2025-10-24,19.6,10.4,64.2,11.9
BPL,2025-10-24,0.0,11.8,75.6,5.5
NGP,2025-10-24,0.0,9.1,60.6,6.3
MAS,2025-10-24,1.8,9.3,56.1,17.0
PPTA,2025-10-24,0.2,9.1,47.9,5.0
GHY,2025-10-24,7.3,8.8,40.8,12.4
ASR,2025-10-24,0.0,8.6,47.6,7.2
SBC,2025-10-24,0.0,12.3,34.1,15.7
DMM,2025-10-24,0.0,10.1,65.9,14.2
GTL,2025-10-24,0.0,9.1,65.2,9.0
SC,2025-10-24,0.0,10.9,57.5,6.3
NDLS,2025-10-25,0.0,7.7,59.3,6.8
CNB,2025-10-25,0.0,8.0,53.7,10.7
PRYJ,2025-10-25,0.0,9.2,54.5,6.9
DDU,2025-10-25,0.0,9.5,44.0,13.4
BSB,2025-10-25,0.0,7.2,67.4,10.5
GKP,2025-10-25,0.0,10.5,34.1,9.3
HWH,2025-10-25,0.0,10.4,58.3,8.8
BCT,2025-10-25,0.0,10.7,53.2,7.2
BRC,2025-10-25,0.0,10.4,52.2,13.8
RTM,2025-10-25,0.0,9.4,56.9,7.8
KOTA,2025-10-25,0.0,7.5,52.1,15.4
ST,2025-10-25,0.0,11.2,44.2,7.2
GZB,2025-10-25,0.0,8.6,53.1,7.5
ALJN,2025-10-25,0.0,9.1,67.9,13.9
TDL,2025-10-25,10.8,7.2,53.0,10.0
LKO,2025-10-25,0.0,10.4,47.7,10.3
AGC,2025-10-25,0.0,10.3,62.0,13.2
VGLJ,2025-10-25,0.0,10.4,59.1,6.6
BPL,2025-10-25,0.0,9.7,50.6,8.1
NGP,2025-10-25,0.0,10.8,57.0,11.2
MAS,2025-10-25,0.0,9.6,56.9,13.8
PPTA,2025-10-25,6.4,9.7,45.1,13.7
GHY,2025-10-25,0.0,8.0,47.4,7.3
ASR,2025-10-25,0.0,8.9,41.3,10.1
SBC,2025-10-25,0.0,7.5,66.6,8.3
DMM,2025-10-25,0.0,9.8,64.3,5.6
GTL,2025-10-25,0.0,8.3,40.8,14.4
SC,2025-10-25,11.9,8.3,59.6,4.5
NDLS,2025-10-26,0.0,6.8,60.5,12.5
CNB,2025-10-26,0.9,8.8,45.5,15.7
PRYJ,2025-10-26,3.0,7.4,58.5,3.7
DDU,2025-10-26,0.0,5.9,61.8,8.8
BSB,2025-10-26,0.0,9.3,58.4,11.3
GKP,2025-10-26,0.0,6.7,62.6,12.4
HWH,2025-10-26,0.0,9.1,44.8,9.0
BCT,2025-10-26,0.0,5.8,58.3,15.7
BRC,2025-10-26,0.0,7.0,61.2,15.3
RTM,2025-10-26,18.1,8.8,65.7,18.1
KOTA,2025-10-26,0.0,8.2,71.3,17.0
ST,2025-10-26,0.0,9.7,72.7,8.0
GZB,2025-10-26,9.1,7.3,58.7,2.0
ALJN,2025-10-26,0.0,6.6,61.3,13.5
TDL,2025-10-26,6.1,8.1,66.9,14.7
LKO,2025-10-26,0.0,7.2,55.0,4.9
AGC,2025-10-26,0.0,8.5,41.9,13.5
VGLJ,2025-10-26,0.0,6.3,42.9,11.5
BPL,2025-10-26,0.0,8.5,64.5,11.9
NGP,2025-10-26,15.1,6.4,70.5,13.4
MAS,2025-10-26,0.0,9.1,55.4,12.2
PPTA,2025-10-26,0.0,7.7,57.4,5.4
GHY,2025-10-26,0.0,6.8,72.6,16.3
ASR,2025-10-26,0.3,7.1,46.9,9.4
SBC,2025-10-26,0.0,8.1,58.3,13.2
DMM,2025-10-26,0.0,6.6,53.3,10.8
GTL,2025-10-26,16.2,8.7,57.5,13.3
SC,2025-10-26,0.0,9.6,49.8,9.2
NDLS,2025-10-27,0.0,8.9,52.9,7.0
CNB,2025-10-27,2.6,5.3,37.7,9.1
PRYJ,2025-10-27,1.6,5.4,54.4,11.9
DDU,2025-10-27,0.0,6.2,43.0,5.8
BSB,2025-10-27,3.0,6.0,68.7,5.4
GKP,2025-10-27,16.6,5.3,50.9,6.3
HWH,2025-10-27,0.9,8.5,35.8,9.4
BCT,2025-10-27,0.0,7.3,57.4,5.7
BRC,2025-10-27,9.8,7.1,54.0,2.9
RTM,2025-10-27,0.0,5.4,64.2,7.8
KOTA,2025-10-27,0.0,5.3,72.4,8.7
ST,2025-10-27,0.0,7.3,59.8,11.5
GZB,2025-10-27,0.0,6.3,52.2,13.4
ALJN,2025-10-27,0.0,5.8,54.5,16.8
TDL,2025-10-27,0.0,7.0,64.5,8.5
LKO,2025-10-27,0.0,6.7,70.6,8.9
AGC,2025-10-27,30.3,5.5,57.6,5.0
VGLJ,2025-10-27,0.0,7.4,42.7,12.6
BPL,2025-10-27,0.0,7.2,46.1,11.6
NGP,2025-10-27,3.3,7.3,48.9,7.8
MAS,2025-10-27,26.2,8.3,55.7,11.8
PPTA,2025-10-27,0.0,5.6,49.7,14.8
GHY,2025-10-27,0.0,5.4,59.0,11.9
ASR,2025-10-27,0.0,5.7,48.2,7.3
SBC,2025-10-27,3.1,8.5,60.3,14.9
DMM,2025-10-27,6.1,8.0,47.9,9.0
GTL,2025-10-27,0.0,7.0,48.4,7.1
SC,2025-10-27,0.0,8.7,70.9,9.2
NDLS,2025-10-28,0.0,7.2,74.4,4.4
CNB,2025-10-28,0.0,10.6,66.7,8.5
PRYJ,2025-10-28,2.3,7.3,56.4,2.0
DDU,2025-10-28,0.0,9.1,60.1,25.7
BSB,2025-10-28,8.0,6.8,67.0,9.1
GKP,2025-10-28,6.0,7.2,49.3,11.3
HWH,2025-10-28,1.9,9.0,67.2,8.1
BCT,2025-10-28,0.0,8.2,58.3,8.2
BRC,2025-10-28,0.0,7.5,62.4,10.5
RTM,2025-10-28,0.2,8.1,56.0,15.2
KOTA,2025-10-28,4.2,9.7,60.1,10.8
ST,2025-10-28,0.0,7.7,43.3,14.6
GZB,2025-10-28,0.0,10.0,58.3,12.1
ALJN,2025-10-28,33.1,7.7,63.8,15.9
TDL,2025-10-28,0.0,10.6,49.0,9.1
LKO,2025-10-28,4.2,8.4,50.3,5.4
AGC,2025-10-28,1.0,10.3,58.2,5.4
VGLJ,2025-10-28,0.0,7.2,55.9,2.0
BPL,2025-10-28,0.0,7.6,67.1,13.1
NGP,2025-10-28,0.0,9.6,45.5,17.0
MAS,2025-10-28,0.0,8.2,66.4,5.6
PPTA,2025-10-28,2.0,7.7,46.6,2.5
GHY,2025-10-28,13.3,9.9,36.8,11.1
ASR,2025-10-28,9.1,8.6,42.9,9.0
SBC,2025-10-28,0.0,7.1,52.2,12.9
DMM,2025-10-28,0.0,9.5,74.1,13.2
GTL,2025-10-28,0.0,10.2,59.7,12.0
SC,2025-10-28,0.0,7.0,44.7,9.6
NDLS,2025-10-29,0.7,12.1,70.2,12.4
CNB,2025-10-29,0.0,8.3,45.5,10.3
PRYJ,2025-10-29,0.0,8.9,58.3,9.4
DDU,2025-10-29,0.0,11.5,35.9,6.6
BSB,2025-10-29,11.8,8.4,39.8,9.1
GKP,2025-10-29,8.6,10.7,65.8,8.1
HWH,2025-10-29,0.0,11.5,42.1,4.4
BCT,2025-10-29,0.0,11.4,39.8,2.0
BRC,2025-10-29,4.8,11.6,59.8,11.8
RTM,2025-10-29,0.0,9.8,59.1,9.3
KOTA,2025-10-29,0.0,8.7,58.4,17.8
ST,2025-10-29,0.0,8.3,43.5,8.8
GZB,2025-10-29,0.0,10.8,72.2,12.0
ALJN,2025-10-29,0.0,8.5,57.7,6.4
TDL,2025-10-29,0.0,12.0,52.8,7.5
LKO,2025-10-29,0.0,10.4,59.0,11.7
AGC,2025-10-29,0.0,10.7,50.3,8.8
VGLJ,2025-10-29,0.0,9.6,66.6,15.1
BPL,2025-10-29,0.0,8.5,51.2,8.6
NGP,2025-10-29,5.4,11.5,39.9,11.3
MAS,2025-10-29,0.0,10.2,57.3,12.8
PPTA,2025-10-29,0.0,10.7,57.0,16.5
GHY,2025-10-29,0.0,10.9,62.8,12.2
ASR,2025-10-29,0.0,8.8,67.0,10.6
SBC,2025-10-29,0.0,9.9,53.1,11.2
DMM,2025-10-29,0.0,11.6,35.5,10.6
GTL,2025-10-29,0.0,10.5,54.1,11.7
SC,2025-10-29,0.0,11.1,65.4,12.3
NDLS,2025-10-30,0.0,11.9,47.9,13.4
CNB,2025-10-30,9.3,12.1,67.8,14.4
PRYJ,2025-10-30,0.0,8.6,59.4,5.4
DDU,2025-10-30,0.0,9.0,32.5,15.0
BSB,2025-10-30,5.4,8.8,58.9,11.0
GKP,2025-10-30,0.0,8.5,65.5,16.6
HWH,2025-10-30,0.2,8.8,51.3,8.0
BCT,2025-10-30,0.0,11.6,49.1,9.6
BRC,2025-10-30,0.0,8.3,51.4,9.7
RTM,2025-10-30,15.5,10.5,54.1,9.8
KOTA,2025-10-30,0.0,10.5,55.4,11.8
ST,2025-10-30,0.0,9.3,59.7,8.9
GZB,2025-10-30,0.0,9.7,54.0,7.6
ALJN,2025-10-30,0.0,11.5,47.9,7.2
TDL,2025-10-30,0.0,11.4,53.9,6.4
LKO,2025-10-30,0.0,9.5,25.9,8.5
AGC,2025-10-30,0.0,9.5,42.6,10.4
VGLJ,2025-10-30,0.0,10.4,48.9,11.8
BPL,2025-10-30,4.5,8.8,72.0,6.5
NGP,2025-10-30,5.0,8.4,45.5,12.4
MAS,2025-10-30,21.7,10.7,51.9,12.4
PPTA,2025-10-30,0.0,9.1,62.6,5.4
GHY,2025-10-30,0.0,11.5,51.2,14.7
ASR,2025-10-30,0.0,8.8,69.0,5.4
SBC,2025-10-30,49.0,9.2,63.9,17.3
DMM,2025-10-30,6.3,11.6,41.9,17.1
GTL,2025-10-30,0.0,9.9,66.4,10.8
SC,2025-10-30,0.0,9.0,64.3,12.2
NDLS,2025-10-31,0.0,8.2,61.6,7.1
CNB,2025-10-31,0.0,7.0,50.5,13.6
PRYJ,2025-10-31,0.0,8.6,71.2,13.7
DDU,2025-10-31,0.0,8.2,64.2,6.9
BSB,2025-10-31,0.0,6.8,61.2,4.7
GKP,2025-10-31,0.6,8.9,57.8,6.0
HWH,2025-10-31,13.2,9.3,52.1,2.0
BCT,2025-10-31,0.0,9.7,51.8,9.9
BRC,2025-10-31,0.3,6.3,44.3,17.6
RTM,2025-10-31,3.5,8.1,57.2,10.3
KOTA,2025-10-31,0.0,6.1,71.2,17.8
ST,2025-10-31,0.9,7.9,38.3,14.2
GZB,2025-10-31,0.0,9.6,59.4,7.1
ALJN,2025-10-31,0.0,7.1,61.0,11.2
TDL,2025-10-31,0.0,9.1,58.7,10.6
LKO,2025-10-31,3.2,7.1,61.5,5.4
AGC,2025-10-31,0.0,8.5,66.7,5.0
VGLJ,2025-10-31,0.0,8.2,47.4,11.1
BPL,2025-10-31,0.0,7.5,51.2,11.1
NGP,2025-10-31,0.0,5.9,42.0,7.0
MAS,2025-10-31,0.0,6.0,61.1,21.1
PPTA,2025-10-31,0.0,6.3,69.2,3.6
GHY,2025-10-31,1.0,7.5,48.7,8.8
ASR,2025-10-31,0.0,6.6,69.2,2.0
SBC,2025-10-31,0.0,9.4,67.8,11.4
DMM,2025-10-31,0.0,7.2,71.8,6.2
GTL,2025-10-31,0.0,8.7,58.4,6.2
SC,2025-10-31,0.0,6.5,66.0,14.2
NDLS,2025-11-01,0.0,11.8,72.6,10.0
CNB,2025-11-01,0.0,11.2,75.9,5.9
PRYJ,2025-11-01,0.0,12.2,54.5,6.1
DDU,2025-11-01,0.0,11.1,57.0,6.4
BSB,2025-11-01,0.0,10.9,66.0,11.9
GKP,2025-11-01,0.0,8.9,44.1,13.3
HWH,2025-11-01,0.0,10.0,70.9,12.3
BCT,2025-11-01,0.0,10.2,41.3,9.4
BRC,2025-11-01,0.0,11.6,62.1,9.0
RTM,2025-11-01,0.0,8.8,44.7,14.9
KOTA,2025-11-01,0.0,11.5,52.2,16.4
ST,2025-11-01,0.0,10.4,49.8,8.6
GZB,2025-11-01,0.0,11.1,49.1,9.3
ALJN,2025-11-01,0.0,10.1,59.6,6.1
TDL,2025-11-01,0.0,12.7,43.5,3.3
LKO,2025-11-01,0.0,9.2,37.1,4.6
AGC,2025-11-01,0.0,11.4,49.7,10.7
VGLJ,2025-11-01,0.0,12.0,59.0,10.5
BPL,2025-11-01,0.0,9.4,69.5,17.2
NGP,2025-11-01,0.0,10.4,52.2,6.1
MAS,2025-11-01,0.0,9.4,76.7,14.8
PPTA,2025-11-01,0.0,12.2,66.1,7.7
GHY,2025-11-01,0.0,10.9,63.6,10.6
ASR,2025-11-01,0.0,10.3,54.3,9.7
SBC,2025-11-01,0.0,10.5,60.1,16.0
DMM,2025-11-01,0.0,12.1,77.7,8.4
GTL,2025-11-01,0.0,12.1,57.0,9.6
SC,2025-11-01,0.0,9.3,59.4,2.0
NDLS,2025-11-02,0.0,11.1,52.8,18.2
CNB,2025-11-02,0.0,12.0,48.3,8.4
PRYJ,2025-11-02,0.0,10.5,49.5,9.4
DDU,2025-11-02,0.0,11.1,42.1,7.9
BSB,2025-11-02,17.2,10.5,58.3,14.8
GKP,2025-11-02,0.0,10.2,67.7,10.9
HWH,2025-11-02,0.0,11.3,39.8,17.0
BCT,2025-11-02,0.0,12.6,41.6,12.0
BRC,2025-11-02,0.0,11.3,69.0,12.2
RTM,2025-11-02,0.0,10.8,49.1,10.9
KOTA,2025-11-02,0.0,10.5,49.8,7.8
ST,2025-11-02,0.0,10.3,57.9,2.0
GZB,2025-11-02,0.0,10.7,53.0,10.8
ALJN,2025-11-02,0.0,10.8,56.3,7.1
TDL,2025-11-02,0.0,11.0,60.5,10.3
LKO,2025-11-02,0.0,8.9,76.0,12.4
AGC,2025-11-02,0.0,8.9,50.1,13.3
VGLJ,2025-11-02,0.0,9.1,38.6,10.5
BPL,2025-11-02,0.0,10.2,58.2,10.5
NGP,2025-11-02,0.0,9.3,47.1,10.4
MAS,2025-11-02,0.0,8.8,43.9,17.1
PPTA,2025-11-02,0.0,10.7,56.1,12.0
GHY,2025-11-02,0.0,11.7,41.1,7.7
ASR,2025-11-02,0.0,9.1,61.2,14.2
SBC,2025-11-02,0.0,10.9,46.0,4.8
DMM,2025-11-02,0.0,11.9,60.0,8.6
GTL,2025-11-02,0.0,12.1,39.7,3.2
SC,2025-11-02,0.0,12.7,49.0,14.3
NDLS,2025-11-03,0.0,10.6,67.0,11.1
CNB,2025-11-03,0.0,10.9,56.6,8.5
PRYJ,2025-11-03,0.0,8.2,32.9,14.4
DDU,2025-11-03,0.0,9.8,59.0,6.7
BSB,2025-11-03,0.0,9.3,68.7,5.3
GKP,2025-11-03,0.0,9.6,66.4,3.1
HWH,2025-11-03,0.0,10.0,80.7,4.6
BCT,2025-11-03,0.0,10.0,67.0,7.5
BRC,2025-11-03,0.0,9.9,61.1,17.1
RTM,2025-11-03,0.0,10.9,52.4,19.8
KOTA,2025-11-03,0.0,8.2,73.1,4.1
ST,2025-11-03,0.0,9.7,55.0,9.1
GZB,2025-11-03,0.0,8.8,55.6,8.6
ALJN,2025-11-03,0.0,11.4,46.1,9.8
TDL,2025-11-03,0.0,10.2,60.8,2.0
LKO,2025-11-03,0.0,11.3,64.4,10.7
AGC,2025-11-03,0.0,10.1,70.6,8.2
VGLJ,2025-11-03,0.0,11.3,49.3,6.8
BPL,2025-11-03,0.0,8.5,60.2,2.7
NGP,2025-11-03,0.0,10.0,47.7,10.8
MAS,2025-11-03,0.0,8.0,40.1,10.4
PPTA,2025-11-03,0.0,8.8,68.4,14.7
GHY,2025-11-03,0.0,10.9,53.9,14.0
ASR,2025-11-03,0.0,9.9,59.8,10.8
SBC,2025-11-03,0.0,11.7,61.5,8.5
DMM,2025-11-03,0.0,7.9,52.2,11.8
GTL,2025-11-03,0.0,8.6,55.0,14.6
SC,2025-11-03,0.0,10.4,62.9,13.1
NDLS,2025-11-04,0.0,9.6,60.6,10.8
CNB,2025-11-04,0.0,9.6,62.6,14.2
PRYJ,2025-11-04,0.0,12.2,58.8,6.7
DDU,2025-11-04,0.0,11.3,55.2,4.2
BSB,2025-11-04,0.0,9.6,67.9,13.1
GKP,2025-11-04,0.0,9.3,46.7,7.4
HWH,2025-11-04,0.0,11.5,68.4,7.2
BCT,2025-11-04,0.0,12.0,39.9,5.4
BRC,2025-11-04,0.0,8.6,52.1,8.2
RTM,2025-11-04,0.0,9.7,51.2,12.9
KOTA,2025-11-04,0.0,11.8,49.4,11.7
ST,2025-11-04,0.0,11.1,43.7,14.9
GZB,2025-11-04,0.0,10.4,44.5,10.1
ALJN,2025-11-04,0.0,9.6,53.7,11.4
TDL,2025-11-04,0.0,11.0,63.2,8.3
LKO,2025-11-04,0.0,8.9,63.5,14.6
AGC,2025-11-04,0.0,9.4,53.0,17.2
VGLJ,2025-11-04,0.0,11.8,58.4,8.7
BPL,2025-11-04,0.0,10.6,55.9,17.2
NGP,2025-11-04,0.0,10.8,58.8,11.5
MAS,2025-11-04,0.0,11.2,59.7,13.7
PPTA,2025-11-04,0.0,11.2,58.6,12.4
GHY,2025-11-04,0.0,8.8,55.7,10.7
ASR,2025-11-04,0.0,10.9,65.0,7.1
SBC,2025-11-04,0.0,10.0,55.2,8.9
DMM,2025-11-04,0.0,12.3,41.3,5.0
GTL,2025-11-04,0.0,10.5,55.2,14.2
SC,2025-11-04,0.0,10.4,57.1,7.8
NDLS,2025-11-05,0.0,9.8,69.0,8.5
CNB,2025-11-05,0.0,8.2,45.0,17.3
PRYJ,2025-11-05,0.0,9.2,55.8,16.6
DDU,2025-11-05,0.0,8.7,55.0,10.1
BSB,2025-11-05,0.0,11.1,40.9,8.4
GKP,2025-11-05,0.0,7.4,59.8,12.7
HWH,2025-11-05,0.0,8.0,56.5,8.8
BCT,2025-11-05,0.0,11.1,55.3,5.8
BRC,2025-11-05,0.0,8.8,69.6,13.2
RTM,2025-11-05,51.7,7.8,67.5,8.2
KOTA,2025-11-05,0.0,8.7,56.0,18.2
ST,2025-11-05,0.0,10.8,57.8,9.9
GZB,2025-11-05,0.0,9.3,46.9,13.3
ALJN,2025-11-05,0.0,9.5,45.2,15.2
TDL,2025-11-05,0.0,7.4,61.6,7.8
LKO,2025-11-05,0.0,8.7,47.2,7.0
AGC,2025-11-05,0.0,7.6,37.3,11.9
VGLJ,2025-11-05,0.0,9.0,34.2,9.7
BPL,2025-11-05,0.0,7.8,53.5,8.7
NGP,2025-11-05,0.0,8.6,59.6,7.8
MAS,2025-11-05,0.0,7.9,56.8,15.2
PPTA,2025-11-05,0.0,7.7,60.9,8.4
GHY,2025-11-05,0.0,8.0,55.1,8.7
ASR,2025-11-05,0.0,10.4,53.4,10.8
SBC,2025-11-05,0.0,8.5,41.1,3.6
DMM,2025-11-05,0.0,9.5,46.1,12.1
GTL,2025-11-05,0.0,8.6,61.5,13.2
SC,2025-11-05,0.0,10.0,46.4,10.4
NDLS,2025-11-06,0.0,8.0,51.2,9.5
CNB,2025-11-06,0.0,7.2,51.0,11.1
PRYJ,2025-11-06,0.0,10.4,48.3,14.7
DDU,2025-11-06,0.0,9.0,66.8,11.9
BSB,2025-11-06,0.0,6.7,65.4,4.3
GKP,2025-11-06,0.0,7.9,67.4,11.5
HWH,2025-11-06,0.0,8.0,48.9,7.2
BCT,2025-11-06,0.0,7.6,71.1,13.3
BRC,2025-11-06,0.0,7.9,53.5,4.3
RTM,2025-11-06,0.0,9.6,68.0,5.6
KOTA,2025-11-06,0.0,6.5,51.3,9.4
ST,2025-11-06,0.0,8.9,47.8,9.2
GZB,2025-11-06,0.0,7.0,54.9,9.1
ALJN,2025-11-06,0.0,6.9,58.2,16.6
TDL,2025-11-06,0.0,10.0,41.1,10.6
LKO,2025-11-06,0.0,7.1,44.0,4.1
AGC,2025-11-06,0.0,9.5,64.5,11.0
VGLJ,2025-11-06,0.0,6.6,39.7,9.2
BPL,2025-11-06,0.0,9.4,36.6,6.4
NGP,2025-11-06,0.0,10.3,33.0,9.4
MAS,2025-11-06,0.0,10.1,61.9,12.3
PPTA,2025-11-06,0.0,7.8,51.1,14.0
GHY,2025-11-06,0.0,9.6,68.9,12.8
ASR,2025-11-06,0.0,9.7,49.4,9.5
SBC,2025-11-06,0.0,8.1,71.1,8.7
DMM,2025-11-06,0.0,7.9,60.9,7.1
GTL,2025-11-06,0.0,8.6,65.1,6.6
SC,2025-11-06,0.0,8.4,54.1,12.2
NDLS,2025-11-07,0.0,7.2,73.6,10.9
CNB,2025-11-07,0.0,6.3,52.4,8.7
PRYJ,2025-11-07,37.8,5.3,62.5,5.3
DDU,2025-11-07,0.0,8.7,59.7,7.1
BSB,2025-11-07,0.0,7.7,36.4,13.5
GKP,2025-11-07,0.0,7.9,65.1,7.8
HWH,2025-11-07,0.0,7.7,66.6,9.7
BCT,2025-11-07,0.0,6.7,56.0,9.4
BRC,2025-11-07,0.0,8.7,42.9,9.0
RTM,2025-11-07,0.0,8.2,43.3,12.1
KOTA,2025-11-07,3.9,6.2,66.2,10.7
ST,2025-11-07,0.0,8.0,55.5,13.1
GZB,2025-11-07,0.0,6.4,48.9,11.5
ALJN,2025-11-07,0.0,6.5,75.2,15.2
TDL,2025-11-07,0.0,6.0,58.5,10.3
LKO,2025-11-07,0.0,8.2,60.1,15.8
AGC,2025-11-07,0.0,6.1,68.6,16.6
VGLJ,2025-11-07,0.0,7.3,57.4,2.0
BPL,2025-11-07,0.0,6.1,74.2,6.9
NGP,2025-11-07,0.0,7.1,35.2,13.0
MAS,2025-11-07,0.0,9.1,34.3,10.1
PPTA,2025-11-07,6.4,8.3,61.0,9.1
GHY,2025-11-07,0.0,5.4,53.9,16.8
ASR,2025-11-07,0.0,5.7,78.9,11.5
SBC,2025-11-07,0.0,6.3,47.4,9.5
DMM,2025-11-07,0.0,5.8,47.8,7.6
GTL,2025-11-07,0.0,7.4,56.2,7.3
SC,2025-11-07,0.5,5.8,54.2,7.7
NDLS,2025-11-08,0.0,5.8,49.8,9.6
CNB,2025-11-08,0.0,4.2,36.5,13.1
PRYJ,2025-11-08,0.0,3.6,47.2,9.0
DDU,2025-11-08,0.0,5.5,71.0,13.2
BSB,2025-11-08,0.0,3.5,43.5,2.0
GKP,2025-11-08,0.0,5.4,60.2,9.1
HWH,2025-11-08,0.0,2.6,57.0,13.1
BCT,2025-11-08,0.0,4.6,64.3,8.3
BRC,2025-11-08,0.0,4.6,54.0,11.6
RTM,2025-11-08,0.0,4.8,59.6,10.8
KOTA,2025-11-08,0.0,4.7,69.6,11.8
ST,2025-11-08,0.0,4.0,62.5,11.1
GZB,2025-11-08,0.0,4.9,45.1,7.5
ALJN,2025-11-08,0.0,6.0,43.1,14.2
TDL,2025-11-08,0.0,3.1,39.6,9.4
LKO,2025-11-08,3.9,4.9,43.3,9.6
AGC,2025-11-08,0.0,6.3,52.1,8.6
VGLJ,2025-11-08,0.0,5.5,51.4,10.2
BPL,2025-11-08,0.0,2.5,55.8,10.3
NGP,2025-11-08,0.0,2.7,52.9,13.0
MAS,2025-11-08,0.0,5.7,56.7,11.7
PPTA,2025-11-08,0.0,3.8,45.9,5.1
GHY,2025-11-08,0.0,5.2,61.5,13.2
ASR,2025-11-08,0.0,2.6,45.2,5.6
SBC,2025-11-08,0.0,6.3,67.1,8.0
DMM,2025-11-08,0.0,4.1,48.2,5.6
GTL,2025-11-08,0.0,5.4,44.2,18.5
SC,2025-11-08,0.0,5.4,53.5,8.7
NDLS,2025-11-09,0.0,4.8,43.4,3.3
CNB,2025-11-09,0.0,3.2,71.8,14.0
PRYJ,2025-11-09,0.0,4.6,56.4,2.0
DDU,2025-11-09,0.0,3.0,52.2,10.4
BSB,2025-11-09,0.0,4.4,55.7,2.0
GKP,2025-11-09,0.0,6.6,68.4,11.5
HWH,2025-11-09,0.0,6.4,31.4,7.9
BCT,2025-11-09,0.0,6.8,47.3,9.9
BRC,2025-11-09,0.0,5.1,52.5,11.3
RTM,2025-11-09,0.0,6.2,36.4,10.4
KOTA,2025-11-09,0.0,4.8,45.5,7.6
ST,2025-11-09,0.0,3.4,53.5,16.0
GZB,2025-11-09,0.0,3.8,59.6,9.3
ALJN,2025-11-09,0.0,4.3,41.7,9.8
TDL,2025-11-09,0.0,6.5,45.3,13.9
LKO,2025-11-09,0.2,3.7,50.2,11.4
AGC,2025-11-09,0.0,4.8,50.8,9.7
VGLJ,2025-11-09,14.4,6.1,53.4,13.7
BPL,2025-11-09,0.0,5.1,63.9,9.0
NGP,2025-11-09,0.0,6.5,61.8,10.7
MAS,2025-11-09,0.0,6.8,37.6,8.5
PPTA,2025-11-09,0.0,6.8,38.5,12.4
GHY,2025-11-09,0.0,4.0,47.1,10.6
ASR,2025-11-09,0.0,3.5,38.0,10.3
SBC,2025-11-09,0.0,4.2,53.4,11.7
DMM,2025-11-09,0.0,5.2,51.8,10.1
GTL,2025-11-09,0.0,4.0,65.9,13.6
SC,2025-11-09,0.0,6.9,74.9,19.1
NDLS,2025-11-10,0.0,7.3,80.1,9.8
CNB,2025-11-10,0.0,6.6,56.5,17.7
PRYJ,2025-11-10,0.0,9.6,67.9,7.6
DDU,2025-11-10,0.0,6.4,46.5,2.4
BSB,2025-11-10,0.0,8.8,58.6,15.5
GKP,2025-11-10,0.0,7.1,47.4,7.1
HWH,2025-11-10,0.0,7.7,26.0,12.4
BCT,2025-11-10,0.0,9.6,65.6,10.8
BRC,2025-11-10,0.0,8.0,47.4,9.0
RTM,2025-11-10,0.0,7.5,51.2,12.2
KOTA,2025-11-10,0.0,9.6,47.5,5.0
ST,2025-11-10,0.0,9.3,36.1,7.6
GZB,2025-11-10,0.0,7.8,64.4,6.4
ALJN,2025-11-10,4.9,5.9,41.4,5.7
TDL,2025-11-10,0.0,7.7,49.0,6.1
LKO,2025-11-10,0.0,9.6,75.9,4.0
AGC,2025-11-10,0.0,9.6,66.6,13.9
VGLJ,2025-11-10,0.0,8.1,50.4,10.7
BPL,2025-11-10,0.0,8.1,60.1,8.3
NGP,2025-11-10,0.0,5.8,40.2,9.2
MAS,2025-11-10,0.0,6.2,67.1,3.9
PPTA,2025-11-10,0.0,7.9,45.2,6.8
GHY,2025-11-10,0.0,6.5,45.3,12.8
ASR,2025-11-10,0.0,7.2,48.7,12.9
SBC,2025-11-10,0.0,6.0,55.4,3.0
DMM,2025-11-10,0.0,8.8,50.9,14.0
GTL,2025-11-10,0.0,8.4,56.5,8.7
SC,2025-11-10,0.0,5.7,67.2,5.7
NDLS,2025-11-11,0.0,7.7,49.0,13.6
CNB,2025-11-11,0.0,6.4,61.8,5.4
PRYJ,2025-11-11,0.0,7.1,59.7,7.4
DDU,2025-11-11,0.0,6.9,34.4,8.7
BSB,2025-11-11,0.0,6.9,74.5,14.1
GKP,2025-11-11,0.0,6.7,54.5,3.7
HWH,2025-11-11,0.0,5.9,34.6,10.2
BCT,2025-11-11,0.0,5.7,59.0,12.9
BRC,2025-11-11,0.0,5.1,60.9,12.7
RTM,2025-11-11,0.0,5.1,57.8,14.8
KOTA,2025-11-11,0.0,7.2,49.7,10.1
ST,2025-11-11,0.0,7.2,37.6,7.8
GZB,2025-11-11,0.0,6.8,64.9,12.6
ALJN,2025-11-11,0.0,5.3,31.3,18.2
TDL,2025-11-11,0.0,5.1,56.6,10.7
LKO,2025-11-11,0.0,7.1,48.9,8.4
AGC,2025-11-11,0.0,5.7,56.5,12.3
VGLJ,2025-11-11,0.0,8.0,58.2,7.9
BPL,2025-11-11,0.0,5.7,46.0,6.1
NGP,2025-11-11,11.9,8.4,62.6,12.0
MAS,2025-11-11,0.0,8.5,68.3,15.3
PPTA,2025-11-11,0.0,5.1,49.6,9.7
GHY,2025-11-11,0.0,6.1,51.3,17.4
ASR,2025-11-11,0.0,4.8,62.8,9.8
SBC,2025-11-11,0.0,7.2,47.5,10.2
DMM,2025-11-11,0.0,8.5,33.1,8.7
GTL,2025-11-11,0.0,7.4,45.1,13.7
SC,2025-11-11,0.0,5.9,51.8,10.4
NDLS,2025-11-12,0.0,8.3,53.7,13.9
CNB,2025-11-12,0.0,7.7,65.0,12.1
PRYJ,2025-11-12,0.0,6.9,58.1,3.7
DDU,2025-11-12,0.0,6.6,52.9,14.7
BSB,2025-11-12,0.0,7.2,57.0,8.7
GKP,2025-11-12,0.0,8.2,50.1,8.1
HWH,2025-11-12,0.0,6.1,56.0,7.6
BCT,2025-11-12,0.0,9.2,65.9,3.2
BRC,2025-11-12,13.3,7.0,66.9,17.4
RTM,2025-11-12,0.0,8.8,49.2,5.4
KOTA,2025-11-12,0.0,6.4,63.5,11.7
ST,2025-11-12,0.0,9.7,58.2,15.1
GZB,2025-11-12,0.0,8.3,63.5,12.1
ALJN,2025-11-12,0.0,6.1,50.4,13.0
TDL,2025-11-12,0.0,8.4,43.1,11.1
LKO,2025-11-12,0.0,8.7,54.7,3.6
AGC,2025-11-12,0.0,9.5,59.2,7.7
VGLJ,2025-11-12,0.0,7.9,59.0,6.2
BPL,2025-11-12,0.0,6.8,63.6,16.7
NGP,2025-11-12,0.0,8.9,33.3,5.2
MAS,2025-11-12,0.0,9.8,45.4,4.6
PPTA,2025-11-12,0.0,8.1,52.9,11.5
GHY,2025-11-12,0.0,9.5,61.9,11.1
ASR,2025-11-12,0.0,6.5,61.6,9.7
SBC,2025-11-12,0.0,8.6,49.1,6.3
DMM,2025-11-12,0.0,6.2,53.2,6.3
GTL,2025-11-12,0.0,9.1,58.5,6.4
SC,2025-11-12,0.0,6.7,50.1,14.3
NDLS,2025-11-13,0.0,11.6,66.8,14.6
CNB,2025-11-13,0.0,11.5,54.5,7.8
PRYJ,2025-11-13,0.0,12.6,60.0,6.5
DDU,2025-11-13,0.0,11.7,62.4,7.4
BSB,2025-11-13,0.0,9.5,52.8,13.1
GKP,2025-11-13,0.0,11.5,36.8,7.6
HWH,2025-11-13,0.0,12.1,58.7,12.3
BCT,2025-11-13,0.0,10.0,59.1,9.1
BRC,2025-11-13,0.0,11.6,63.7,6.1
RTM,2025-11-13,0.0,9.1,44.9,11.4
KOTA,2025-11-13,0.0,12.3,44.3,16.9
ST,2025-11-13,0.0,11.4,62.9,7.7
GZB,2025-11-13,0.0,13.0,63.5,5.1
ALJN,2025-11-13,0.0,12.9,69.5,10.1
TDL,2025-11-13,0.0,9.6,49.0,8.8
LKO,2025-11-13,0.0,10.1,47.5,9.1
AGC,2025-11-13,0.0,10.4,43.2,17.3
VGLJ,2025-11-13,0.0,9.7,49.3,13.3
BPL,2025-11-13,0.0,9.3,57.1,6.1
NGP,2025-11-13,0.0,12.7,53.1,14.8
MAS,2025-11-13,0.0,11.9,50.4,5.7
PPTA,2025-11-13,0.0,11.6,60.5,2.0
GHY,2025-11-13,0.0,13.0,52.2,15.2
ASR,2025-11-13,0.0,12.2,52.8,13.7
SBC,2025-11-13,0.0,11.4,44.1,9.0
DMM,2025-11-13,20.7,9.4,47.7,7.3
GTL,2025-11-13,0.0,12.0,42.5,10.1
SC,2025-11-13,0.0,12.9,52.3,14.1
NDLS,2025-11-14,0.0,10.5,43.3,19.1
CNB,2025-11-14,5.5,9.5,50.5,16.9
PRYJ,2025-11-14,0.0,10.4,58.6,15.0
DDU,2025-11-14,0.0,8.3,66.0,11.7
BSB,2025-11-14,0.0,9.1,58.9,13.4
GKP,2025-11-14,0.0,9.2,60.2,5.1
HWH,2025-11-14,0.0,8.9,34.8,2.0
BCT,2025-11-14,0.0,9.7,52.7,15.6
BRC,2025-11-14,0.0,10.3,41.1,9.9
RTM,2025-11-14,0.0,9.3,52.5,12.5
KOTA,2025-11-14,0.0,11.3,62.0,18.6
ST,2025-11-14,0.0,8.0,57.5,6.8
GZB,2025-11-14,0.0,9.2,49.3,8.1
ALJN,2025-11-14,0.0,9.1,48.6,16.7
TDL,2025-11-14,0.0,9.5,61.5,3.5
LKO,2025-11-14,0.0,7.9,59.8,5.8
AGC,2025-11-14,0.0,8.4,61.9,14.4
VGLJ,2025-11-14,0.0,9.9,52.7,7.7
BPL,2025-11-14,0.0,8.4,69.7,7.2
NGP,2025-11-14,0.0,10.2,47.0,6.2
MAS,2025-11-14,0.0,9.1,54.2,11.0
PPTA,2025-11-14,11.4,8.8,52.1,11.1
GHY,2025-11-14,0.0,8.1,50.2,10.5
ASR,2025-11-14,0.0,9.9,67.9,7.5
SBC,2025-11-14,0.0,10.7,53.8,12.4
DMM,2025-11-14,0.0,10.5,59.9,12.2
GTL,2025-11-14,0.0,8.3,50.4,13.1
SC,2025-11-14,1.6,11.3,78.9,14.7
NDLS,2025-11-15,32.3,5.7,55.4,8.9
CNB,2025-11-15,0.0,6.9,34.7,18.4
PRYJ,2025-11-15,0.0,5.1,55.3,18.0
DDU,2025-11-15,0.0,6.2,59.1,6.2
BSB,2025-11-15,0.0,3.8,44.2,11.4
GKP,2025-11-15,0.0,7.0,56.9,7.4
HWH,2025-11-15,0.0,4.1,24.0,10.5
BCT,2025-11-15,0.0,6.1,75.0,18.1
BRC,2025-11-15,0.0,3.5,60.8,8.5
RTM,2025-11-15,0.0,3.6,57.5,6.8
KOTA,2025-11-15,0.0,4.6,61.6,4.9
ST,2025-11-15,0.0,4.1,57.6,14.1
GZB,2025-11-15,0.0,3.6,60.0,6.6
ALJN,2025-11-15,0.0,6.2,68.6,10.1
TDL,2025-11-15,0.0,6.9,55.5,12.5
LKO,2025-11-15,0.0,4.7,22.2,6.7
AGC,2025-11-15,0.0,5.1,51.6,14.7
VGLJ,2025-11-15,0.0,4.5,39.9,11.7
BPL,2025-11-15,0.0,6.3,47.7,8.8
NGP,2025-11-15,0.0,4.1,46.2,7.9
MAS,2025-11-15,0.0,5.0,54.5,9.5
PPTA,2025-11-15,0.0,5.3,47.5,2.0
GHY,2025-11-15,0.0,7.0,46.4,6.8
ASR,2025-11-15,0.0,5.0,61.6,6.3
SBC,2025-11-15,0.0,3.2,48.2,14.6
DMM,2025-11-15,0.0,5.4,51.4,11.7
GTL,2025-11-15,0.0,6.6,45.6,14.6
SC,2025-11-15,0.0,6.8,54.7,4.7
NDLS,2025-11-16,0.0,4.6,61.8,9.2
CNB,2025-11-16,0.0,6.4,65.1,15.1
PRYJ,2025-11-16,0.0,8.2,51.2,10.6
DDU,2025-11-16,75.3,4.7,60.9,12.5
BSB,2025-11-16,0.0,6.3,50.3,7.0
GKP,2025-11-16,0.0,5.7,46.9,10.3
HWH,2025-11-16,0.0,4.3,61.9,9.4
BCT,2025-11-16,0.0,6.8,33.2,7.9
BRC,2025-11-16,0.0,4.7,49.4,11.9
RTM,2025-11-16,0.0,6.3,60.3,10.6
KOTA,2025-11-16,0.0,6.6,63.7,13.8
ST,2025-11-16,0.0,4.8,50.2,6.7
GZB,2025-11-16,0.0,5.2,54.2,3.3
ALJN,2025-11-16,0.0,5.9,56.5,7.9
TDL,2025-11-16,0.0,4.5,85.8,15.4
LKO,2025-11-16,0.0,6.5,48.9,5.9
AGC,2025-11-16,0.0,6.6,48.2,13.9
VGLJ,2025-11-16,0.0,4.8,64.9,15.5
BPL,2025-11-16,0.0,7.4,46.5,11.9
NGP,2025-11-16,0.0,5.2,47.3,16.4
MAS,2025-11-16,0.0,7.9,46.8,5.1
PPTA,2025-11-16,0.0,5.9,44.4,10.0
GHY,2025-11-16,0.0,5.8,61.7,12.4
ASR,2025-11-16,0.0,4.9,44.7,8.5
SBC,2025-11-16,0.0,7.4,50.0,5.4
DMM,2025-11-16,0.0,4.7,49.8,15.3
GTL,2025-11-16,0.0,6.6,42.3,10.8
SC,2025-11-16,0.0,5.8,68.5,15.2
NDLS,2025-11-17,0.0,4.4,71.6,11.2
CNB,2025-11-17,0.0,4.0,59.5,8.0
PRYJ,2025-11-17,0.0,3.8,42.1,9.4
DDU,2025-11-17,5.1,2.3,76.5,13.6
BSB,2025-11-17,0.0,3.6,51.3,8.9
GKP,2025-11-17,0.0,4.4,58.9,10.0
HWH,2025-11-17,0.0,1.3,41.1,15.1
BCT,2025-11-17,0.0,4.7,77.1,14.8
BRC,2025-11-17,0.0,3.6,65.2,8.4
RTM,2025-11-17,0.0,1.7,70.3,11.5
KOTA,2025-11-17,0.0,3.8,65.6,10.8
ST,2025-11-17,0.0,2.7,43.7,9.4
GZB,2025-11-17,0.0,2.5,63.0,8.4
ALJN,2025-11-17,0.0,4.5,57.2,8.4
TDL,2025-11-17,0.0,2.2,47.7,2.0
LKO,2025-11-17,0.0,4.1,34.3,6.2
AGC,2025-11-17,0.0,2.4,49.9,14.6
VGLJ,2025-11-17,0.0,3.0,45.7,6.2
BPL,2025-11-17,0.0,4.7,73.6,13.9
NGP,2025-11-17,0.0,1.1,85.1,12.5
MAS,2025-11-17,0.0,2.4,46.2,2.0
PPTA,2025-11-17,12.6,1.2,62.1,22.5
GHY,2025-11-17,0.0,1.9,50.8,8.2
ASR,2025-11-17,0.0,2.8,62.3,4.9
SBC,2025-11-17,0.0,3.5,47.7,9.4
DMM,2025-11-17,0.0,2.0,71.0,12.9
GTL,2025-11-17,0.0,1.0,55.8,8.0
SC,2025-11-17,0.0,4.6,34.0,18.2
NDLS,2025-11-18,0.0,4.9,54.4,7.1
CNB,2025-11-18,0.0,2.1,77.8,5.1
PRYJ,2025-11-18,0.0,2.5,67.9,10.1
DDU,2025-11-18,0.0,3.7,62.3,12.2
BSB,2025-11-18,0.0,5.0,62.2,19.6
GKP,2025-11-18,0.0,1.2,76.9,7.3
HWH,2025-11-18,0.0,3.3,60.0,3.2
BCT,2025-11-18,0.0,1.4,63.3,14.3
BRC,2025-11-18,0.0,5.1,34.3,9.9
RTM,2025-11-18,0.0,2.9,62.3,11.4
KOTA,2025-11-18,0.0,1.9,42.8,5.5
ST,2025-11-18,0.0,3.1,53.6,8.3
GZB,2025-11-18,0.0,4.5,51.6,4.6
ALJN,2025-11-18,0.0,2.6,55.3,16.4
TDL,2025-11-18,0.0,5.0,43.2,9.1
LKO,2025-11-18,0.0,4.9,61.1,3.8
AGC,2025-11-18,0.0,4.0,55.4,14.1
VGLJ,2025-11-18,0.0,4.2,45.1,10.5
BPL,2025-11-18,0.0,1.6,64.6,19.3
NGP,2025-11-18,0.0,5.0,55.8,7.1
MAS,2025-11-18,0.0,4.5,36.8,7.2
PPTA,2025-11-18,0.0,4.7,41.1,16.8
GHY,2025-11-18,0.0,1.3,63.9,5.5
ASR,2025-11-18,0.0,4.9,47.3,10.3
SBC,2025-11-18,0.0,4.8,65.3,12.0
DMM,2025-11-18,0.0,3.7,59.0,10.8
GTL,2025-11-18,0.0,3.2,44.3,10.3
SC,2025-11-18,0.0,3.5,54.6,4.4
NDLS,2025-11-19,0.0,4.8,71.7,7.6
CNB,2025-11-19,0.0,3.4,41.2,8.3
PRYJ,2025-11-19,0.0,4.9,52.4,9.7
DDU,2025-11-19,0.0,1.9,52.3,9.9
BSB,2025-11-19,0.0,1.4,56.5,10.4
GKP,2025-11-19,0.0,4.4,58.9,11.8
HWH,2025-11-19,0.0,3.1,59.8,12.9
BCT,2025-11-19,0.0,4.9,48.1,7.4
BRC,2025-11-19,0.0,4.2,65.3,8.4
RTM,2025-11-19,0.0,3.2,53.8,9.2
KOTA,2025-11-19,0.0,3.7,77.8,6.6
ST,2025-11-19,0.0,1.8,46.3,10.0
GZB,2025-11-19,0.0,3.3,53.2,5.5
ALJN,2025-11-19,0.0,2.4,54.1,10.1
TDL,2025-11-19,0.0,4.1,50.0,9.4
LKO,2025-11-19,0.0,4.0,47.3,5.5
AGC,2025-11-19,0.0,1.8,50.9,6.0
VGLJ,2025-11-19,0.0,3.8,42.0,2.6
BPL,2025-11-19,0.8,3.3,59.6,10.9
NGP,2025-11-19,0.0,2.1,64.9,10.7
MAS,2025-11-19,0.0,4.8,57.5,7.5
PPTA,2025-11-19,0.0,2.7,52.7,15.8
GHY,2025-11-19,0.0,2.2,59.4,12.5
ASR,2025-11-19,0.0,2.1,57.6,9.4
SBC,2025-11-19,0.0,3.4,37.9,14.9
DMM,2025-11-19,0.0,4.3,62.2,10.2
GTL,2025-11-19,0.0,2.3,47.3,13.2
SC,2025-11-19,0.0,1.2,46.6,12.6
NDLS,2025-11-20,0.0,1.1,49.3,11.3
CNB,2025-11-20,0.0,1.2,68.2,10.7
PRYJ,2025-11-20,0.0,0.3,60.3,17.3
DDU,2025-11-20,0.0,2.4,59.0,6.5
BSB,2025-11-20,0.0,1.7,61.8,8.9
GKP,2025-11-20,0.0,1.9,70.8,8.8
HWH,2025-11-20,0.0,2.7,52.0,12.0
BCT,2025-11-20,0.0,1.2,58.1,12.6
BRC,2025-11-20,0.0,3.0,51.0,13.3
RTM,2025-11-20,0.0,0.3,39.7,8.0
KOTA,2025-11-20,0.0,0.8,61.1,3.1
ST,2025-11-20,0.0,1.3,59.6,11.2
GZB,2025-11-20,0.0,2.6,48.4,11.8
ALJN,2025-11-20,0.0,0.1,48.9,12.9
TDL,2025-11-20,0.0,-0.2,58.6,13.9
LKO,2025-11-20,0.0,0.6,76.1,11.5
AGC,2025-11-20,0.0,0.5,66.1,5.6
VGLJ,2025-11-20,0.0,-0.4,61.1,2.0
BPL,2025-11-20,0.0,-0.1,61.8,5.7
NGP,2025-11-20,0.0,2.8,63.2,14.9
MAS,2025-11-20,0.0,1.0,61.0,3.1
PPTA,2025-11-20,0.0,2.5,51.1,2.5
GHY,2025-11-20,0.0,2.8,75.1,12.2
ASR,2025-11-20,0.0,3.2,62.6,6.1
SBC,2025-11-20,0.0,2.9,46.8,9.3
DMM,2025-11-20,0.0,1.3,64.7,7.0
GTL,2025-11-20,0.0,-0.1,74.1,4.3
SC,2025-11-20,0.0,-0.1,53.2,15.5
NDLS,2025-11-21,0.0,-2.6,45.2,8.2
CNB,2025-11-21,0.0,-1.2,56.8,6.1
PRYJ,2025-11-21,0.0,-0.0,38.9,7.2
DDU,2025-11-21,0.0,-1.2,67.3,9.3
BSB,2025-11-21,0.0,-1.2,44.9,6.1
GKP,2025-11-21,0.0,-2.8,64.1,7.3
HWH,2025-11-21,0.0,0.2,59.4,8.8
BCT,2025-11-21,0.0,-2.2,58.4,13.7
BRC,2025-11-21,0.0,-2.8,65.0,6.4
RTM,2025-11-21,0.0,-1.7,53.4,8.1
KOTA,2025-11-21,0.0,-1.5,66.4,6.3
ST,2025-11-21,0.0,0.0,59.1,11.4
GZB,2025-11-21,0.0,-1.3,46.7,3.6
ALJN,2025-11-21,0.0,-2.2,48.7,8.8
TDL,2025-11-21,0.0,-1.4,52.6,8.7
LKO,2025-11-21,0.0,-1.6,61.4,13.2
AGC,2025-11-21,0.0,-1.8,65.7,7.1
VGLJ,2025-11-21,15.9,-3.3,44.0,9.7
BPL,2025-11-21,0.0,-2.5,59.3,13.0
NGP,2025-11-21,0.0,-1.5,61.1,7.8
MAS,2025-11-21,0.0,-2.7,45.9,16.7
PPTA,2025-11-21,0.0,0.3,63.4,10.1
GHY,2025-11-21,0.0,0.1,68.5,3.9
ASR,2025-11-21,0.0,-2.8,41.7,2.0
SBC,2025-11-21,0.0,-1.1,56.0,10.6
DMM,2025-11-21,0.0,-3.4,40.9,13.2
GTL,2025-11-21,0.0,0.2,36.1,11.2
SC,2025-11-21,0.0,-1.9,60.3,10.4
NDLS,2025-11-22,0.0,-2.1,39.7,14.6
CNB,2025-11-22,0.0,-0.7,49.7,7.9
PRYJ,2025-11-22,0.0,-1.0,47.9,12.6
DDU,2025-11-22,0.0,-2.8,49.3,5.3
BSB,2025-11-22,0.0,-3.5,64.3,9.6
GKP,2025-11-22,0.0,-0.4,64.6,9.9
HWH,2025-11-22,3.9,-0.9,40.4,8.3
BCT,2025-11-22,10.3,-3.3,61.9,7.5
BRC,2025-11-22,0.0,-0.7,58.4,9.8
RTM,2025-11-22,0.0,-3.3,46.5,7.8
KOTA,2025-11-22,0.0,-2.6,41.5,17.1
ST,2025-11-22,2.4,-0.4,75.0,14.6
GZB,2025-11-22,0.0,-3.9,68.4,14.0
ALJN,2025-11-22,0.0,-1.5,53.5,6.6
TDL,2025-11-22,0.0,-3.6,35.2,8.9
LKO,2025-11-22,0.0,-1.0,64.6,7.7
AGC,2025-11-22,0.0,-0.6,55.9,7.7
VGLJ,2025-11-22,0.0,-1.0,59.1,8.8
BPL,2025-11-22,0.0,-4.0,28.8,4.8
NGP,2025-11-22,0.0,-4.1,61.2,2.0
MAS,2025-11-22,0.0,-1.4,55.4,12.4
PPTA,2025-11-22,0.0,-2.5,41.3,13.9
GHY,2025-11-22,0.0,-3.6,69.1,5.2
ASR,2025-11-22,0.0,-2.2,48.7,10.6
SBC,2025-11-22,0.0,-2.4,70.8,8.4
DMM,2025-11-22,0.0,-0.8,62.4,10.2
GTL,2025-11-22,0.0,-0.8,48.7,3.0
SC,2025-11-22,0.0,-2.2,47.1,6.9
NDLS,2025-11-23,0.0,-4.7,73.0,13.4
CNB,2025-11-23,0.0,-1.4,50.8,10.4
PRYJ,2025-11-23,0.0,-4.3,48.1,14.9
DDU,2025-11-23,0.0,-3.5,48.3,6.9
BSB,2025-11-23,0.0,-1.8,55.2,4.4
GKP,2025-11-23,0.0,-1.6,52.8,7.4
HWH,2025-11-23,0.0,-2.1,59.6,15.2
BCT,2025-11-23,41.6,-3.1,44.4,8.6
BRC,2025-11-23,0.0,-2.4,71.9,16.7
RTM,2025-11-23,0.0,-3.3,51.3,3.3
KOTA,2025-11-23,0.0,-2.9,50.1,15.3
ST,2025-11-23,0.0,-2.5,53.3,12.6
GZB,2025-11-23,2.3,-2.1,65.5,9.9
ALJN,2025-11-23,0.0,-2.9,36.6,2.0
TDL,2025-11-23,0.0,-4.6,59.0,9.0
LKO,2025-11-23,0.0,-1.4,75.2,10.9
AGC,2025-11-23,0.0,-1.9,50.7,10.4
VGLJ,2025-11-23,0.0,-3.1,50.2,5.5
BPL,2025-11-23,0.0,-3.3,55.1,6.8
NGP,2025-11-23,0.0,-4.3,63.4,18.1
MAS,2025-11-23,0.0,-2.1,51.2,16.0
PPTA,2025-11-23,0.0,-3.1,39.8,13.8
GHY,2025-11-23,0.0,-4.7,57.2,12.0
ASR,2025-11-23,0.0,-4.5,66.6,11.3
SBC,2025-11-23,0.0,-4.9,40.6,12.7
DMM,2025-11-23,2.8,-4.8,52.9,13.9
GTL,2025-11-23,0.0,-2.2,42.3,8.5
SC,2025-11-23,0.0,-3.0,61.6,17.1
NDLS,2025-11-24,0.0,1.8,65.4,10.4
CNB,2025-11-24,0.0,-0.2,53.3,8.7
PRYJ,2025-11-24,0.0,-0.5,51.8,2.9
DDU,2025-11-24,0.0,0.9,72.2,9.6
BSB,2025-11-24,0.0,1.7,46.9,11.5
GKP,2025-11-24,0.0,2.0,47.6,13.5
HWH,2025-11-24,0.0,1.9,47.2,12.8
BCT,2025-11-24,0.0,-0.0,51.6,10.9
BRC,2025-11-24,0.0,2.0,62.9,7.8
RTM,2025-11-24,0.0,0.3,62.6,3.0
KOTA,2025-11-24,0.0,1.1,69.5,13.8
ST,2025-11-24,0.0,1.0,53.7,14.5
GZB,2025-11-24,0.0,-0.8,65.1,9.8
ALJN,2025-11-24,0.0,-0.3,54.5,6.3
TDL,2025-11-24,0.0,2.2,55.1,4.1
LKO,2025-11-24,0.0,-0.9,61.9,12.9
AGC,2025-11-24,0.0,-0.9,37.7,15.3
VGLJ,2025-11-24,0.0,0.2,48.6,21.3
BPL,2025-11-24,0.0,0.2,56.8,15.4
NGP,2025-11-24,0.0,-1.3,45.5,8.6
MAS,2025-11-24,0.0,0.3,49.4,4.0
PPTA,2025-11-24,0.0,-0.3,42.3,9.3
GHY,2025-11-24,0.0,-0.7,58.3,5.8
ASR,2025-11-24,0.0,0.5,51.0,7.0
SBC,2025-11-24,0.0,1.8,54.0,12.5
DMM,2025-11-24,0.0,-1.8,55.6,7.6
GTL,2025-11-24,0.0,-0.4,64.7,11.2
SC,2025-11-24,0.0,0.8,55.9,5.9
NDLS,2025-11-25,11.0,0.5,53.7,10.6
CNB,2025-11-25,0.0,2.7,52.8,11.5
PRYJ,2025-11-25,0.0,3.0,48.7,10.3
DDU,2025-11-25,0.0,-0.4,38.8,8.5
BSB,2025-11-25,0.0,0.2,51.8,2.0
GKP,2025-11-25,0.0,0.8,56.0,11.3
HWH,2025-11-25,0.0,-0.5,51.2,12.9
BCT,2025-11-25,0.0,-0.2,67.9,17.8
BRC,2025-11-25,0.0,-0.4,42.5,12.1
RTM,2025-11-25,0.0,1.4,56.2,9.8
KOTA,2025-11-25,0.0,2.8,42.6,9.9
ST,2025-11-25,0.0,3.3,32.3,9.2
GZB,2025-11-25,0.0,2.0,38.4,8.0
ALJN,2025-11-25,24.5,3.0,49.8,13.4
TDL,2025-11-25,34.1,2.6,36.0,11.0
LKO,2025-11-25,0.0,0.9,47.7,17.9
AGC,2025-11-25,0.0,3.2,39.4,21.3
VGLJ,2025-11-25,0.0,2.2,49.3,7.5
BPL,2025-11-25,0.0,2.4,40.9,11.5
NGP,2025-11-25,0.0,2.9,33.2,11.1
MAS,2025-11-25,3.1,0.3,59.6,18.4
PPTA,2025-11-25,0.0,3.2,53.9,17.8
GHY,2025-11-25,0.0,1.5,38.7,2.0
ASR,2025-11-25,0.0,2.2,52.2,9.6
SBC,2025-11-25,0.0,1.4,60.1,7.4
DMM,2025-11-25,0.0,3.3,58.0,9.0
GTL,2025-11-25,0.0,2.2,66.8,10.5
SC,2025-11-25,0.0,1.3,82.0,9.1
NDLS,2025-11-26,0.0,0.1,66.0,15.8
CNB,2025-11-26,0.0,-0.3,30.6,12.7
PRYJ,2025-11-26,0.0,1.7,42.5,8.9
DDU,2025-11-26,0.0,3.3,43.9,14.8
BSB,2025-11-26,0.0,-0.3,49.0,3.3
GKP,2025-11-26,16.6,1.9,37.4,11.2
HWH,2025-11-26,0.0,-0.4,58.1,12.7
BCT,2025-11-26,0.0,0.3,61.7,17.1
BRC,2025-11-26,0.0,0.9,61.6,5.6
RTM,2025-11-26,0.0,3.2,40.4,17.5
KOTA,2025-11-26,0.0,1.1,54.4,15.2
ST,2025-11-26,0.0,1.5,46.1,12.5
GZB,2025-11-26,0.0,2.1,46.0,2.0
ALJN,2025-11-26,0.0,0.8,65.8,5.0
TDL,2025-11-26,0.0,2.0,41.2,9.3
LKO,2025-11-26,22.7,0.2,48.4,7.2
AGC,2025-11-26,0.0,0.4,48.6,10.8
VGLJ,2025-11-26,0.0,-0.1,67.7,6.1
BPL,2025-11-26,0.0,1.6,46.8,11.3
NGP,2025-11-26,0.0,1.5,61.7,4.0
MAS,2025-11-26,0.0,2.8,40.2,16.7
PPTA,2025-11-26,0.0,0.2,32.3,8.6
GHY,2025-11-26,0.0,3.0,41.0,3.9
ASR,2025-11-26,0.0,2.7,39.3,14.3
SBC,2025-11-26,20.5,2.6,30.0,11.3
DMM,2025-11-26,0.0,1.3,35.1,7.3
GTL,2025-11-26,0.0,-0.1,29.4,9.6
SC,2025-11-26,0.0,2.0,56.0,11.9
NDLS,2025-11-27,0.0,3.7,38.5,5.8
CNB,2025-11-27,0.0,2.7,51.0,11.9
PRYJ,2025-11-27,0.0,3.1,56.6,5.7
DDU,2025-11-27,0.0,4.2,65.0,3.5
BSB,2025-11-27,0.0,4.2,57.5,6.4
GKP,2025-11-27,0.0,3.7,62.5,7.3
HWH,2025-11-27,0.0,0.7,83.9,11.1
BCT,2025-11-27,0.0,3.4,68.6,17.2
BRC,2025-11-27,0.0,2.6,51.5,9.2
RTM,2025-11-27,0.0,0.9,67.4,10.0
KOTA,2025-11-27,0.0,3.3,44.0,3.1
ST,2025-11-27,0.0,2.0,56.3,7.4
GZB,2025-11-27,0.0,4.4,62.0,7.9
ALJN,2025-11-27,0.0,3.3,72.3,6.1
TDL,2025-11-27,0.0,2.3,41.6,9.1
LKO,2025-11-27,0.0,2.5,61.0,13.2
AGC,2025-11-27,0.0,3.1,55.0,17.2
VGLJ,2025-11-27,0.0,4.0,53.9,8.5
BPL,2025-11-27,0.0,2.6,57.9,5.2
NGP,2025-11-27,0.0,3.3,65.1,14.8
MAS,2025-11-27,1.3,2.0,74.9,11.6
PPTA,2025-11-27,0.0,2.1,47.0,10.2
GHY,2025-11-27,0.0,1.2,60.4,11.2
ASR,2025-11-27,0.0,0.9,45.0,12.1
SBC,2025-11-27,0.0,2.8,66.5,5.1
DMM,2025-11-27,0.0,1.2,43.9,7.5
GTL,2025-11-27,0.0,1.7,52.9,13.3
SC,2025-11-27,0.0,1.4,66.4,6.7
NDLS,2025-11-28,0.0,6.8,57.0,14.4
CNB,2025-11-28,0.0,3.6,76.8,10.8
PRYJ,2025-11-28,0.0,6.5,57.5,11.6
DDU,2025-11-28,0.0,4.9,51.8,10.5
BSB,2025-11-28,0.0,4.2,35.3,7.7
GKP,2025-11-28,0.0,4.7,60.0,6.4
HWH,2025-11-28,0.0,5.0,63.6,3.2
BCT,2025-11-28,0.0,3.2,63.2,13.3
BRC,2025-11-28,0.0,5.8,77.0,8.6
RTM,2025-11-28,0.0,3.1,55.0,16.1
KOTA,2025-11-28,0.0,4.4,68.8,14.1
ST,2025-11-28,0.0,6.4,58.4,16.0
GZB,2025-11-28,0.0,6.5,81.4,12.4
ALJN,2025-11-28,0.0,5.9,55.5,12.9
TDL,2025-11-28,0.0,5.4,56.8,8.9
LKO,2025-11-28,0.0,5.9,63.7,8.0
AGC,2025-11-28,0.0,3.2,60.8,4.0
VGLJ,2025-11-28,0.0,6.7,72.1,6.9
BPL,2025-11-28,0.0,4.3,41.6,15.3
NGP,2025-11-28,8.1,3.1,57.3,16.3
MAS,2025-11-28,4.6,6.3,51.9,3.8
PPTA,2025-11-28,0.0,3.2,57.6,9.8
GHY,2025-11-28,0.0,5.2,53.4,6.5
ASR,2025-11-28,0.0,6.7,43.6,10.3
SBC,2025-11-28,0.0,2.9,57.3,7.1
DMM,2025-11-28,0.0,6.6,49.1,10.9
GTL,2025-11-28,0.0,5.4,46.0,14.3
SC,2025-11-28,0.0,4.8,60.3,7.1
NDLS,2025-11-29,0.0,5.4,59.8,6.5
CNB,2025-11-29,0.0,4.7,63.2,6.7
PRYJ,2025-11-29,0.0,5.3,53.9,10.6
DDU,2025-11-29,0.0,6.7,70.3,6.9
BSB,2025-11-29,0.0,6.9,46.8,4.2
GKP,2025-11-29,0.0,4.6,73.7,10.1
HWH,2025-11-29,0.0,5.2,65.9,7.7
BCT,2025-11-29,0.0,7.8,50.2,9.8
BRC,2025-11-29,29.0,7.7,33.6,9.4
RTM,2025-11-29,8.7,7.9,40.2,11.0
KOTA,2025-11-29,0.0,5.9,47.3,6.5
ST,2025-11-29,0.0,4.4,62.2,11.8
GZB,2025-11-29,2.5,5.2,40.2,8.5
ALJN,2025-11-29,0.0,6.3,35.6,13.6
TDL,2025-11-29,0.0,5.7,51.4,16.8
LKO,2025-11-29,0.0,7.6,62.1,2.3
AGC,2025-11-29,0.0,4.6,41.6,8.4
VGLJ,2025-11-29,0.0,7.7,77.4,6.2
BPL,2025-11-29,0.0,7.0,56.9,14.2
NGP,2025-11-29,0.0,6.0,68.2,9.4
MAS,2025-11-29,0.0,6.7,44.6,9.9
PPTA,2025-11-29,0.0,4.3,64.8,12.7
GHY,2025-11-29,0.0,5.4,37.0,3.7
ASR,2025-11-29,0.0,5.1,40.2,14.1
SBC,2025-11-29,0.0,8.1,42.4,4.5
DMM,2025-11-29,0.0,4.3,55.9,13.9
GTL,2025-11-29,0.0,6.4,70.8,5.2
SC,2025-11-29,0.0,4.4,76.6,2.6
NDLS,2025-11-30,0.0,7.6,50.0,12.2
CNB,2025-11-30,0.0,5.6,44.1,8.8
PRYJ,2025-11-30,0.0,6.0,50.4,2.0
DDU,2025-11-30,0.0,7.4,38.0,9.7
BSB,2025-11-30,0.0,7.6,47.8,6.5
GKP,2025-11-30,48.4,7.2,57.9,8.5
HWH,2025-11-30,0.0,5.6,52.8,13.9
BCT,2025-11-30,0.0,6.2,62.9,5.5
BRC,2025-11-30,0.0,4.5,72.7,5.7
RTM,2025-11-30,0.0,6.9,61.6,8.2
KOTA,2025-11-30,0.0,7.5,58.9,8.4
ST,2025-11-30,0.0,7.1,42.7,6.6
GZB,2025-11-30,0.0,4.5,37.0,14.4
ALJN,2025-11-30,0.0,5.9,62.6,11.1
TDL,2025-11-30,0.0,4.7,58.4,6.0
LKO,2025-11-30,0.0,6.9,56.5,7.4
AGC,2025-11-30,0.0,4.2,75.4,11.4
VGLJ,2025-11-30,0.0,7.3,47.3,8.5
BPL,2025-11-30,0.0,5.9,54.2,8.2
NGP,2025-11-30,0.0,7.6,44.6,11.7
MAS,2025-11-30,0.0,7.6,63.1,13.6
PPTA,2025-11-30,0.0,6.9,61.7,5.9
GHY,2025-11-30,0.0,4.9,61.7,12.7
ASR,2025-11-30,0.0,5.8,59.5,14.0
SBC,2025-11-30,0.0,4.9,47.8,8.6
DMM,2025-11-30,0.0,5.1,63.8,9.6
GTL,2025-11-30,0.0,4.4,48.8,11.1
SC,2025-11-30,0.0,7.7,68.0,7.2
NDLS,2025-12-01,0.0,2.2,99.0,6.9
CNB,2025-12-01,0.0,2.0,83.5,16.2
PRYJ,2025-12-01,0.0,3.6,84.9,13.9
DDU,2025-12-01,0.0,4.5,70.7,8.1
BSB,2025-12-01,0.0,2.7,86.4,3.8
GKP,2025-12-01,0.0,4.3,72.2,12.9
HWH,2025-12-01,0.0,1.6,82.2,8.0
BCT,2025-12-01,0.0,4.5,80.7,17.2
BRC,2025-12-01,0.0,1.5,94.7,12.5
RTM,2025-12-01,0.0,2.7,83.8,3.7
KOTA,2025-12-01,0.0,3.3,84.9,8.6
ST,2025-12-01,0.0,2.5,67.7,17.6
GZB,2025-12-01,0.0,2.8,94.1,12.0
ALJN,2025-12-01,0.0,2.1,66.9,14.7
TDL,2025-12-01,0.0,3.1,81.3,8.2
LKO,2025-12-01,0.0,1.5,89.0,10.6
AGC,2025-12-01,21.6,4.0,83.3,14.4
VGLJ,2025-12-01,0.0,3.5,94.1,10.3
BPL,2025-12-01,0.0,1.5,99.0,4.2
NGP,2025-12-01,0.0,4.4,79.8,9.5
MAS,2025-12-01,0.0,4.3,84.8,4.3
PPTA,2025-12-01,0.0,4.1,65.6,10.0
GHY,2025-12-01,0.0,5.0,69.1,7.3
ASR,2025-12-01,0.0,4.0,86.2,4.9
SBC,2025-12-01,0.0,2.3,88.3,6.7
DMM,2025-12-01,1.4,2.3,92.4,7.2
GTL,2025-12-01,0.0,3.6,99.0,5.9
SC,2025-12-01,0.0,1.4,85.4,12.1
NDLS,2025-12-02,0.0,-0.0,94.7,15.4
CNB,2025-12-02,0.0,0.3,82.7,12.2
PRYJ,2025-12-02,0.0,-0.2,90.7,6.6
DDU,2025-12-02,0.0,0.4,82.8,5.9
BSB,2025-12-02,0.0,0.7,80.1,9.4
GKP,2025-12-02,0.0,1.6,90.2,8.0
HWH,2025-12-02,0.0,2.0,94.6,4.4
BCT,2025-12-02,0.0,-0.0,80.6,7.6
BRC,2025-12-02,0.0,2.6,94.0,8.7
RTM,2025-12-02,0.0,0.4,79.8,5.0
KOTA,2025-12-02,0.0,0.1,91.2,3.3
ST,2025-12-02,0.0,-0.9,91.6,9.4
GZB,2025-12-02,0.0,0.3,79.4,8.5
ALJN,2025-12-02,0.0,-0.9,81.7,8.6
TDL,2025-12-02,8.2,1.9,86.3,2.0
LKO,2025-12-02,0.0,1.1,95.4,6.4
AGC,2025-12-02,0.0,2.3,91.9,2.0
VGLJ,2025-12-02,0.0,0.3,92.0,20.0
BPL,2025-12-02,0.0,-0.4,89.0,15.3
NGP,2025-12-02,0.0,-0.8,94.6,12.7
MAS,2025-12-02,0.0,1.3,95.0,14.7
PPTA,2025-12-02,0.0,-1.1,97.3,5.2
GHY,2025-12-02,0.0,-0.3,95.7,9.0
ASR,2025-12-02,0.0,-0.2,97.7,12.0
SBC,2025-12-02,0.0,-0.8,72.8,15.7
DMM,2025-12-02,0.0,1.3,77.4,8.8
GTL,2025-12-02,0.0,-0.9,99.0,10.6
SC,2025-12-02,0.0,0.9,81.5,9.7
NDLS,2025-12-03,0.0,1.5,81.3,13.2
CNB,2025-12-03,0.0,2.5,81.6,9.8
PRYJ,2025-12-03,0.0,0.4,90.8,11.8
DDU,2025-12-03,0.0,2.6,78.1,13.3
BSB,2025-12-03,0.0,3.0,79.8,5.9
GKP,2025-12-03,0.0,1.8,67.5,9.3
HWH,2025-12-03,0.0,0.2,69.2,6.7
BCT,2025-12-03,0.0,3.6,84.8,14.6
BRC,2025-12-03,0.0,0.6,82.2,4.4
RTM,2025-12-03,0.0,0.4,83.9,14.4
KOTA,2025-12-03,0.0,3.1,82.0,15.4
ST,2025-12-03,0.0,3.3,84.8,12.8
GZB,2025-12-03,0.0,2.0,87.2,15.2
ALJN,2025-12-03,0.0,0.8,99.0,8.1
TDL,2025-12-03,19.1,3.4,71.2,10.9
LKO,2025-12-03,0.0,1.4,78.5,10.2
AGC,2025-12-03,0.0,0.8,81.3,8.0
VGLJ,2025-12-03,0.0,1.9,81.9,16.2
BPL,2025-12-03,0.0,3.3,64.7,5.0
NGP,2025-12-03,0.0,3.1,73.6,8.4
MAS,2025-12-03,0.0,1.0,90.2,2.0
PPTA,2025-12-03,0.0,0.8,80.5,12.6
GHY,2025-12-03,0.0,2.1,94.7,3.2
ASR,2025-12-03,0.0,0.5,94.2,12.7
SBC,2025-12-03,0.0,2.9,96.3,9.4
DMM,2025-12-03,0.0,3.9,86.4,12.8
GTL,2025-12-03,0.0,2.3,85.6,3.5
SC,2025-12-03,0.0,1.6,74.1,9.4
NDLS,2025-12-04,0.0,-0.1,99.0,11.6
CNB,2025-12-04,0.0,0.3,76.8,7.0
PRYJ,2025-12-04,0.0,-0.2,77.9,8.6
DDU,2025-12-04,0.0,3.7,82.2,8.6
BSB,2025-12-04,19.8,2.1,81.0,9.8
GKP,2025-12-04,0.0,2.3,76.5,7.3
HWH,2025-12-04,0.0,2.3,90.5,6.3
BCT,2025-12-04,0.0,2.0,87.6,8.6
BRC,2025-12-04,11.9,2.4,91.5,9.7
RTM,2025-12-04,0.0,0.3,89.7,9.5
KOTA,2025-12-04,0.0,1.0,82.2,11.9
ST,2025-12-04,0.0,2.9,80.9,3.6
GZB,2025-12-04,0.0,1.8,80.5,3.1
ALJN,2025-12-04,0.0,0.4,80.0,11.0
TDL,2025-12-04,0.0,2.3,86.4,9.7
LKO,2025-12-04,0.0,3.4,82.3,10.7
AGC,2025-12-04,0.0,1.8,89.8,8.0
VGLJ,2025-12-04,0.0,0.3,72.5,10.8
BPL,2025-12-04,0.0,1.0,73.9,6.1
NGP,2025-12-04,0.0,3.6,92.7,10.7
MAS,2025-12-04,0.0,0.9,98.1,13.7
PPTA,2025-12-04,0.0,2.5,84.2,13.2
GHY,2025-12-04,0.0,3.1,73.4,9.0
ASR,2025-12-04,0.0,1.4,84.5,8.4
SBC,2025-12-04,0.0,2.8,92.3,11.0
DMM,2025-12-04,0.0,-0.2,87.1,15.8
GTL,2025-12-04,0.0,1.0,84.2,14.0
SC,2025-12-04,0.0,3.2,95.3,12.4
NDLS,2025-12-05,0.0,3.9,99.0,10.3
CNB,2025-12-05,0.0,2.7,87.5,7.2
PRYJ,2025-12-05,0.0,2.9,80.3,10.8
DDU,2025-12-05,0.0,3.6,81.2,11.5
BSB,2025-12-05,0.0,4.8,84.6,14.1
GKP,2025-12-05,0.0,3.4,83.8,13.7
HWH,2025-12-05,0.0,2.3,69.9,6.8
BCT,2025-12-05,0.0,2.3,87.0,8.0
BRC,2025-12-05,0.0,1.9,84.1,9.3
RTM,2025-12-05,0.0,4.3,83.0,4.0
KOTA,2025-12-05,0.0,3.1,85.8,16.4
ST,2025-12-05,0.0,3.9,85.0,10.0
GZB,2025-12-05,0.0,4.9,99.0,19.9
ALJN,2025-12-05,0.0,2.6,75.5,17.2
TDL,2025-12-05,0.0,4.1,83.3,5.2
LKO,2025-12-05,0.0,2.9,92.3,4.8
AGC,2025-12-05,0.0,4.8,82.5,8.5
VGLJ,2025-12-05,0.0,5.0,85.1,4.7
BPL,2025-12-05,9.3,4.6,91.8,8.3
NGP,2025-12-05,0.0,2.4,74.0,12.7
MAS,2025-12-05,0.0,1.4,93.9,7.6
PPTA,2025-12-05,0.0,4.4,99.0,16.3
GHY,2025-12-05,0.0,4.6,75.5,6.4
ASR,2025-12-05,0.0,3.4,76.4,9.5
SBC,2025-12-05,0.0,4.1,81.2,4.8
DMM,2025-12-05,0.0,2.2,76.6,2.0
GTL,2025-12-05,0.0,3.4,65.4,4.1
SC,2025-12-05,0.0,1.4,99.0,17.3
NDLS,2025-12-06,0.0,3.2,92.5,7.6
CNB,2025-12-06,0.0,4.2,70.0,10.0
PRYJ,2025-12-06,0.0,0.6,89.4,7.0
DDU,2025-12-06,0.0,2.5,88.9,5.3
BSB,2025-12-06,0.0,1.8,79.2,9.0
GKP,2025-12-06,0.0,1.3,99.0,6.6
HWH,2025-12-06,7.3,1.5,89.4,10.4
BCT,2025-12-06,0.0,2.8,92.4,10.5
BRC,2025-12-06,0.0,3.7,77.1,6.5
RTM,2025-12-06,0.0,2.4,77.4,10.0
KOTA,2025-12-06,0.0,3.3,94.7,5.0
ST,2025-12-06,0.0,2.1,85.9,14.8
GZB,2025-12-06,0.0,3.2,65.2,9.8
ALJN,2025-12-06,0.0,3.4,94.9,8.8
TDL,2025-12-06,0.0,3.3,79.0,5.2
LKO,2025-12-06,0.0,1.5,76.4,13.4
AGC,2025-12-06,0.0,2.2,84.5,10.8
VGLJ,2025-12-06,8.9,0.7,70.2,17.2
BPL,2025-12-06,7.3,2.1,73.1,10.1
NGP,2025-12-06,0.0,0.8,87.3,6.6
MAS,2025-12-06,0.0,1.2,80.9,12.2
PPTA,2025-12-06,0.0,1.7,81.0,10.0
GHY,2025-12-06,0.0,3.1,90.7,12.4
ASR,2025-12-06,0.0,0.9,79.7,7.2
SBC,2025-12-06,0.0,1.5,90.9,9.5
DMM,2025-12-06,0.0,0.9,92.3,7.1
GTL,2025-12-06,0.0,1.8,80.7,13.2
SC,2025-12-06,0.0,3.0,80.0,2.0
NDLS,2025-12-07,11.0,6.8,89.3,7.1
CNB,2025-12-07,0.0,5.6,85.2,5.5
PRYJ,2025-12-07,0.0,4.4,77.2,13.4
DDU,2025-12-07,0.0,5.8,93.8,11.9
BSB,2025-12-07,0.0,5.6,80.7,4.8
GKP,2025-12-07,0.0,7.3,98.0,13.8
HWH,2025-12-07,0.0,6.2,66.6,13.6
BCT,2025-12-07,0.0,4.2,81.3,12.8
BRC,2025-12-07,0.0,6.5,70.4,7.3
RTM,2025-12-07,0.0,5.3,85.9,17.2
KOTA,2025-12-07,7.0,7.7,92.7,10.6
ST,2025-12-07,0.0,4.1,80.7,12.4
GZB,2025-12-07,13.2,7.4,87.0,12.1
ALJN,2025-12-07,25.3,5.6,80.2,9.9
TDL,2025-12-07,0.0,6.7,82.1,8.5
LKO,2025-12-07,0.0,4.1,86.1,19.5
AGC,2025-12-07,0.0,7.2,77.8,16.8
VGLJ,2025-12-07,0.0,6.2,91.5,9.1
BPL,2025-12-07,0.0,4.4,73.7,4.1
NGP,2025-12-07,0.0,4.7,80.0,9.8
MAS,2025-12-07,0.0,5.2,96.1,13.8
PPTA,2025-12-07,0.0,6.7,82.2,8.0
GHY,2025-12-07,0.0,7.2,82.2,10.0
ASR,2025-12-07,0.0,4.5,77.5,10.6
SBC,2025-12-07,0.0,7.7,85.5,10.3
DMM,2025-12-07,0.0,6.9,99.0,15.4
GTL,2025-12-07,0.0,6.4,89.4,11.3
SC,2025-12-07,6.6,4.8,97.9,10.2
NDLS,2025-12-08,0.0,10.1,79.4,10.1
CNB,2025-12-08,0.0,10.7,88.1,5.5
PRYJ,2025-12-08,0.0,10.7,71.4,7.9
DDU,2025-12-08,0.0,9.0,99.0,14.9
BSB,2025-12-08,0.0,8.6,69.3,6.3
GKP,2025-12-08,0.0,10.1,92.7,8.3
HWH,2025-12-08,0.0,11.4,89.6,3.9
BCT,2025-12-08,0.0,9.4,85.1,9.6
BRC,2025-12-08,0.0,9.6,94.7,11.6
RTM,2025-12-08,0.0,10.7,86.4,3.1
KOTA,2025-12-08,8.1,10.1,94.8,16.9
ST,2025-12-08,0.0,11.2,69.5,12.7
GZB,2025-12-08,0.0,8.6,65.7,12.4
ALJN,2025-12-08,0.0,11.2,96.8,6.9
TDL,2025-12-08,0.0,10.9,82.4,10.1
LKO,2025-12-08,0.0,11.1,69.9,12.1
AGC,2025-12-08,0.0,9.1,66.3,9.1
VGLJ,2025-12-08,0.0,10.3,99.0,10.8
BPL,2025-12-08,0.0,10.0,72.2,5.9
NGP,2025-12-08,0.0,10.6,68.4,12.5
MAS,2025-12-08,0.5,9.8,82.8,9.5
PPTA,2025-12-08,0.0,8.7,86.0,8.8
GHY,2025-12-08,0.0,9.4,65.7,9.4
ASR,2025-12-08,0.0,10.4,75.2,10.7
SBC,2025-12-08,0.0,12.3,98.1,6.2
DMM,2025-12-08,0.0,9.7,99.0,8.5
GTL,2025-12-08,0.0,8.7,76.6,12.7
SC,2025-12-08,0.0,8.9,80.2,9.8
NDLS,2025-12-09,0.0,10.4,85.2,12.5
CNB,2025-12-09,0.0,12.1,84.3,9.3
PRYJ,2025-12-09,0.0,11.2,81.1,12.1
DDU,2025-12-09,0.0,9.7,79.7,15.4
BSB,2025-12-09,0.0,10.9,85.3,3.3
GKP,2025-12-09,0.0,9.0,88.1,11.9
HWH,2025-12-09,0.0,10.5,98.7,7.0
BCT,2025-12-09,0.0,12.0,76.2,12.6
BRC,2025-12-09,0.0,10.2,96.7,6.9
RTM,2025-12-09,0.0,10.2,87.7,9.8
KOTA,2025-12-09,0.0,9.8,77.6,9.5
ST,2025-12-09,0.0,10.8,95.9,10.2
GZB,2025-12-09,27.6,10.0,96.9,2.4
ALJN,2025-12-09,0.0,12.0,78.0,11.7
TDL,2025-12-09,0.0,10.0,79.3,12.5
LKO,2025-12-09,0.0,11.7,99.0,17.0
AGC,2025-12-09,0.0,10.7,99.0,7.7
VGLJ,2025-12-09,0.0,12.8,99.0,8.3
BPL,2025-12-09,0.0,12.4,84.1,12.0
NGP,2025-12-09,0.0,11.3,86.4,16.7
MAS,2025-12-09,0.0,9.9,99.0,12.6
PPTA,2025-12-09,0.0,10.1,71.2,16.8
GHY,2025-12-09,0.0,9.6,99.0,10.3
ASR,2025-12-09,0.0,10.5,68.8,3.4
SBC,2025-12-09,0.0,11.0,73.8,10.0
DMM,2025-12-09,0.0,10.8,99.0,14.3
GTL,2025-12-09,0.0,10.5,97.6,12.6
SC,2025-12-09,0.0,10.3,88.2,11.2
NDLS,2025-12-10,0.0,8.8,75.0,6.3
CNB,2025-12-10,0.8,11.5,76.5,7.4
PRYJ,2025-12-10,0.0,9.0,83.8,10.1
DDU,2025-12-10,0.0,9.8,88.4,7.1
BSB,2025-12-10,0.0,10.9,92.2,17.3
GKP,2025-12-10,0.0,11.8,79.2,19.8
HWH,2025-12-10,7.0,11.8,95.2,12.6
BCT,2025-12-10,0.0,10.4,81.8,9.7
BRC,2025-12-10,0.0,9.4,93.7,19.7
RTM,2025-12-10,0.0,9.1,83.4,12.8
KOTA,2025-12-10,0.0,11.6,83.3,16.9
ST,2025-12-10,0.0,8.6,99.0,8.7
GZB,2025-12-10,1.1,9.5,99.0,9.8
ALJN,2025-12-10,0.0,9.4,95.8,14.2
TDL,2025-12-10,0.0,10.0,55.5,7.4
LKO,2025-12-10,0.0,8.9,86.2,8.3
AGC,2025-12-10,0.0,9.1,77.8,14.5
VGLJ,2025-12-10,0.0,9.0,80.4,11.4
BPL,2025-12-10,0.0,9.9,95.2,15.7
NGP,2025-12-10,3.5,11.3,77.7,8.2
MAS,2025-12-10,0.0,9.2,99.0,11.1
PPTA,2025-12-10,0.0,9.6,72.5,6.1
GHY,2025-12-10,0.8,10.2,91.4,9.5
ASR,2025-12-10,18.7,11.0,92.0,15.9
SBC,2025-12-10,0.0,11.3,85.7,3.9
DMM,2025-12-10,0.0,10.3,91.2,10.4
GTL,2025-12-10,0.0,11.7,82.3,8.1
SC,2025-12-10,0.0,10.0,99.0,10.1
NDLS,2025-12-11,0.0,6.9,77.6,12.1
CNB,2025-12-11,0.0,7.7,98.2,6.2
PRYJ,2025-12-11,0.0,7.8,99.0,4.9
DDU,2025-12-11,0.0,9.2,87.7,13.6
BSB,2025-12-11,0.0,8.0,78.8,5.6
GKP,2025-12-11,0.0,9.6,81.6,16.1
HWH,2025-12-11,0.0,9.2,90.6,5.1
BCT,2025-12-11,0.0,10.2,99.0,8.2
BRC,2025-12-11,0.0,8.5,88.7,13.6
RTM,2025-12-11,4.3,9.8,82.5,11.3
KOTA,2025-12-11,0.0,6.6,81.8,11.3
ST,2025-12-11,0.0,9.7,97.8,10.3
GZB,2025-12-11,0.0,8.0,85.4,2.7
ALJN,2025-12-11,0.0,8.5,88.8,15.5
TDL,2025-12-11,0.0,9.5,83.9,9.3
LKO,2025-12-11,0.0,9.1,81.2,12.8
AGC,2025-12-11,0.0,6.4,66.2,14.7
VGLJ,2025-12-11,0.0,8.5,82.7,11.6
BPL,2025-12-11,0.0,8.2,92.8,6.4
NGP,2025-12-11,0.1,7.8,76.0,2.0
MAS,2025-12-11,0.0,6.4,90.1,2.9
PPTA,2025-12-11,0.0,7.5,70.8,8.0
GHY,2025-12-11,0.0,8.5,72.7,10.1
ASR,2025-12-11,0.0,9.0,84.2,6.0
SBC,2025-12-11,0.0,6.6,87.0,3.1
DMM,2025-12-11,0.0,8.4,99.0,15.2
GTL,2025-12-11,0.0,7.9,77.7,13.8
SC,2025-12-11,0.0,9.7,89.0,11.6
NDLS,2025-12-12,0.0,3.2,74.8,5.8
CNB,2025-12-12,0.0,3.6,76.8,12.2
PRYJ,2025-12-12,0.0,2.8,80.3,2.0
DDU,2025-12-12,0.0,2.6,75.3,14.7
BSB,2025-12-12,0.0,3.7,74.9,11.4
GKP,2025-12-12,0.0,3.2,78.1,4.4
HWH,2025-12-12,0.0,5.9,97.9,5.6
BCT,2025-12-12,0.0,2.5,98.7,9.8
BRC,2025-12-12,0.0,6.2,85.3,13.6
RTM,2025-12-12,0.0,3.8,92.0,11.4
KOTA,2025-12-12,0.0,3.2,81.4,12.5
ST,2025-12-12,3.4,2.8,97.3,11.8
GZB,2025-12-12,0.0,6.0,82.4,6.9
ALJN,2025-12-12,4.3,4.4,89.9,5.7
TDL,2025-12-12,0.0,4.3,90.6,9.6
LKO,2025-12-12,0.0,3.3,89.0,16.6
AGC,2025-12-12,0.0,6.1,76.3,9.7
VGLJ,2025-12-12,0.0,4.8,86.6,5.1
BPL,2025-12-12,12.0,4.5,73.2,11.9
NGP,2025-12-12,0.0,4.3,61.2,12.7
MAS,2025-12-12,0.0,3.7,86.8,11.8
PPTA,2025-12-12,0.0,2.7,95.2,8.4
GHY,2025-12-12,0.0,4.1,97.6,12.5
ASR,2025-12-12,0.0,2.5,79.7,5.7
SBC,2025-12-12,0.0,3.8,77.6,8.8
DMM,2025-12-12,6.4,3.0,98.9,15.3
GTL,2025-12-12,7.0,5.7,92.4,16.7
SC,2025-12-12,11.7,5.7,62.4,12.5
NDLS,2025-12-13,0.0,5.1,84.9,14.0
CNB,2025-12-13,0.0,7.0,83.6,7.9
PRYJ,2025-12-13,0.0,5.1,77.8,6.4
DDU,2025-12-13,0.0,5.9,79.9,12.0
BSB,2025-12-13,0.0,5.3,85.5,15.9
GKP,2025-12-13,0.0,4.2,70.1,7.4
HWH,2025-12-13,0.0,5.2,72.9,7.0
BCT,2025-12-13,14.8,5.3,96.9,12.7
BRC,2025-12-13,0.0,7.0,91.6,6.7
RTM,2025-12-13,0.0,6.5,89.0,10.7
KOTA,2025-12-13,0.0,6.6,77.4,9.6
ST,2025-12-13,0.0,5.3,69.3,5.8
GZB,2025-12-13,0.0,6.1,83.7,8.0
ALJN,2025-12-13,0.0,4.4,88.1,7.1
TDL,2025-12-13,0.0,4.9,81.2,9.8
LKO,2025-12-13,0.0,5.7,76.9,8.4
AGC,2025-12-13,0.0,5.2,86.6,16.0
VGLJ,2025-12-13,0.0,6.1,77.0,8.0
BPL,2025-12-13,0.0,4.7,99.0,13.4
NGP,2025-12-13,0.0,7.5,96.0,12.0
MAS,2025-12-13,0.0,6.0,95.7,6.6
PPTA,2025-12-13,0.0,3.9,94.7,12.8
GHY,2025-12-13,0.0,5.5,74.0,8.6
ASR,2025-12-13,0.0,5.3,64.3,10.4
SBC,2025-12-13,3.8,5.8,87.2,15.2
DMM,2025-12-13,0.0,5.5,76.3,4.0
GTL,2025-12-13,0.0,7.1,64.5,5.3
SC,2025-12-13,0.0,7.1,69.8,11.2
NDLS,2025-12-14,0.0,5.4,90.7,12.5
CNB,2025-12-14,0.0,3.3,79.3,14.5
PRYJ,2025-12-14,6.0,3.1,92.5,2.0
DDU,2025-12-14,0.0,3.2,76.6,7.0
BSB,2025-12-14,0.0,4.4,78.0,6.5
GKP,2025-12-14,0.0,3.1,82.8,16.2
HWH,2025-12-14,0.0,5.3,80.0,12.2
BCT,2025-12-14,0.0,3.2,89.1,7.6
BRC,2025-12-14,0.0,4.3,91.2,15.8
RTM,2025-12-14,3.7,5.2,73.7,13.5
KOTA,2025-12-14,0.0,5.2,83.0,12.2
ST,2025-12-14,0.0,2.9,77.7,12.8
GZB,2025-12-14,0.0,3.5,92.5,10.5
ALJN,2025-12-14,0.0,3.0,90.8,5.1
TDL,2025-12-14,0.0,5.5,90.5,7.4
LKO,2025-12-14,0.0,3.8,98.6,8.5
AGC,2025-12-14,0.0,4.3,69.5,15.3
VGLJ,2025-12-14,0.0,4.0,85.7,12.8
BPL,2025-12-14,2.4,5.5,81.0,10.0
NGP,2025-12-14,0.0,3.5,99.0,12.1
MAS,2025-12-14,0.0,6.2,92.1,9.4
PPTA,2025-12-14,0.0,5.6,88.9,6.8
GHY,2025-12-14,0.0,4.7,92.3,15.6
ASR,2025-12-14,0.0,6.4,93.1,7.1
SBC,2025-12-14,0.0,6.3,75.4,19.3
DMM,2025-12-14,0.0,3.9,98.1,12.9
GTL,2025-12-14,0.0,5.2,99.0,9.9
SC,2025-12-14,0.0,4.4,91.9,14.7
NDLS,2025-12-15,0.0,3.9,82.1,11.8
CNB,2025-12-15,0.0,5.2,95.4,5.9
PRYJ,2025-12-15,0.0,2.7,81.1,14.1
DDU,2025-12-15,0.0,4.6,86.9,10.2
BSB,2025-12-15,0.0,2.5,84.4,14.5
GKP,2025-12-15,0.0,2.6,75.7,8.2
HWH,2025-12-15,0.0,5.7,71.6,8.7
BCT,2025-12-15,0.0,5.9,86.4,2.7
BRC,2025-12-15,0.0,3.3,77.0,10.8
RTM,2025-12-15,0.0,2.5,89.3,16.9
KOTA,2025-12-15,0.0,3.9,90.8,9.3
ST,2025-12-15,0.0,2.5,86.2,10.6
GZB,2025-12-15,0.0,3.0,80.5,10.9
ALJN,2025-12-15,0.0,5.5,80.1,11.1
TDL,2025-12-15,0.0,5.1,84.4,9.1
LKO,2025-12-15,0.0,2.9,83.1,13.0
AGC,2025-12-15,1.8,5.6,75.0,18.8
VGLJ,2025-12-15,0.0,6.0,68.2,8.0
BPL,2025-12-15,0.0,5.7,91.5,19.2
NGP,2025-12-15,0.0,2.6,82.8,8.7
MAS,2025-12-15,0.0,2.3,84.3,6.1
PPTA,2025-12-15,0.0,5.0,72.4,13.9
GHY,2025-12-15,0.0,3.3,85.9,3.0
ASR,2025-12-15,0.0,4.0,74.7,16.3
SBC,2025-12-15,0.0,3.3,97.7,6.8
DMM,2025-12-15,0.0,5.3,89.8,4.2
GTL,2025-12-15,0.0,4.5,80.1,21.9
SC,2025-12-15,0.0,4.5,88.0,8.1
NDLS,2025-12-16,37.3,0.8,71.8,9.0
CNB,2025-12-16,0.0,2.2,86.4,11.9
PRYJ,2025-12-16,0.0,1.7,90.8,8.9
DDU,2025-12-16,0.0,3.8,73.1,5.9
BSB,2025-12-16,0.0,0.4,65.6,7.8
GKP,2025-12-16,0.0,2.2,71.6,8.1
HWH,2025-12-16,0.0,1.8,88.9,5.3
BCT,2025-12-16,0.0,2.2,85.9,8.9
BRC,2025-12-16,0.0,3.3,88.4,12.3
RTM,2025-12-16,0.0,4.0,81.6,10.0
KOTA,2025-12-16,0.0,0.3,82.3,8.2
ST,2025-12-16,24.0,1.0,88.0,13.1
GZB,2025-12-16,41.9,3.0,72.4,15.2
ALJN,2025-12-16,0.0,3.9,75.9,10.6
TDL,2025-12-16,0.0,4.0,88.1,4.1
LKO,2025-12-16,0.0,3.3,83.3,15.4
AGC,2025-12-16,0.0,3.9,62.8,19.7
VGLJ,2025-12-16,0.0,2.1,65.3,11.2
BPL,2025-12-16,8.8,1.3,79.5,8.3
NGP,2025-12-16,0.0,2.9,85.2,16.6
MAS,2025-12-16,0.0,3.9,90.1,14.6
PPTA,2025-12-16,0.0,1.5,76.4,7.4
GHY,2025-12-16,38.4,2.1,98.5,18.4
ASR,2025-12-16,0.0,2.9,85.9,8.5
SBC,2025-12-16,0.0,3.1,77.2,12.9
DMM,2025-12-16,0.0,1.2,95.3,8.5
GTL,2025-12-16,0.0,3.6,99.0,12.6
SC,2025-12-16,0.0,1.2,85.8,11.3
NDLS,2025-12-17,0.0,2.8,75.1,12.9
CNB,2025-12-17,0.0,-0.0,75.7,8.0
PRYJ,2025-12-17,12.2,-0.0,75.9,9.9
DDU,2025-12-17,9.5,-0.4,87.2,8.6
BSB,2025-12-17,0.0,-1.0,88.2,12.3
GKP,2025-12-17,0.0,-0.8,97.1,9.9
HWH,2025-12-17,0.0,1.3,77.9,18.8
BCT,2025-12-17,1.3,-0.9,93.7,17.7
BRC,2025-12-17,6.3,1.1,83.3,12.9
RTM,2025-12-17,0.0,1.4,86.0,16.0
KOTA,2025-12-17,0.0,2.3,82.1,11.7
ST,2025-12-17,15.9,0.0,70.6,8.2
GZB,2025-12-17,0.0,-0.2,87.0,14.9
ALJN,2025-12-17,0.0,1.4,92.6,9.2
TDL,2025-12-17,0.0,-0.6,84.7,2.0
LKO,2025-12-17,0.0,0.7,85.4,5.4
AGC,2025-12-17,0.0,-0.1,99.0,5.6
VGLJ,2025-12-17,0.0,1.8,61.6,7.5
BPL,2025-12-17,0.0,0.4,97.0,9.9
NGP,2025-12-17,0.0,2.4,88.4,6.2
MAS,2025-12-17,22.0,0.1,94.5,13.2
PPTA,2025-12-17,0.0,-0.3,72.1,10.3
GHY,2025-12-17,0.0,0.1,80.8,8.0
ASR,2025-12-17,0.0,2.1,85.8,8.8
SBC,2025-12-17,0.0,2.8,86.8,6.0
DMM,2025-12-17,0.0,2.5,70.0,14.0
GTL,2025-12-17,11.4,1.1,99.0,11.6
SC,2025-12-17,0.0,2.1,85.9,3.1
NDLS,2025-12-18,0.0,4.7,99.0,9.5
CNB,2025-12-18,0.0,5.7,94.7,8.0
PRYJ,2025-12-18,0.0,4.5,83.7,4.1
DDU,2025-12-18,0.0,4.6,91.6,9.4
BSB,2025-12-18,0.0,3.4,95.8,10.0
GKP,2025-12-18,0.0,3.7,96.5,14.9
HWH,2025-12-18,0.0,7.1,84.6,7.7
BCT,2025-12-18,0.0,5.0,63.3,6.4
BRC,2025-12-18,0.0,5.1,99.0,8.5
RTM,2025-12-18,0.0,6.7,65.7,4.1
KOTA,2025-12-18,0.0,4.9,83.3,6.3
ST,2025-12-18,0.0,3.8,85.7,5.4
GZB,2025-12-18,0.0,3.4,83.2,18.1
ALJN,2025-12-18,0.0,7.3,80.8,9.5
TDL,2025-12-18,0.0,6.7,83.0,10.7
LKO,2025-12-18,0.0,7.4,89.7,11.0
AGC,2025-12-18,0.0,4.3,86.0,9.1
VGLJ,2025-12-18,0.0,5.5,92.3,6.1
BPL,2025-12-18,0.0,4.1,80.1,4.1
NGP,2025-12-18,0.0,4.3,88.9,12.7
MAS,2025-12-18,11.8,5.7,89.7,7.8
PPTA,2025-12-18,0.0,4.4,94.3,8.5
GHY,2025-12-18,0.0,3.9,89.4,7.0
ASR,2025-12-18,0.0,7.0,92.9,9.9
SBC,2025-12-18,0.0,5.4,99.0,12.9
DMM,2025-12-18,0.0,3.8,77.5,9.5
GTL,2025-12-18,0.0,6.5,87.6,6.9
SC,2025-12-18,0.0,6.9,80.3,14.5
NDLS,2025-12-19,0.0,7.3,92.6,9.0
CNB,2025-12-19,0.0,6.9,85.0,10.6
PRYJ,2025-12-19,0.0,5.6,90.6,12.5
DDU,2025-12-19,0.0,8.1,91.0,8.4
BSB,2025-12-19,0.0,8.5,86.1,14.0
GKP,2025-12-19,0.0,7.5,99.0,10.3
HWH,2025-12-19,0.0,6.9,79.6,6.8
BCT,2025-12-19,0.0,5.6,91.1,3.8
BRC,2025-12-19,0.0,7.4,91.2,12.6
RTM,2025-12-19,0.0,5.9,79.9,11.0
KOTA,2025-12-19,0.0,6.6,82.8,4.7
ST,2025-12-19,0.0,7.3,90.4,11.8
GZB,2025-12-19,0.0,6.2,80.7,18.7
ALJN,2025-12-19,0.0,8.6,85.1,2.6
TDL,2025-12-19,0.0,6.8,95.6,13.2
LKO,2025-12-19,0.0,8.3,94.1,6.1
AGC,2025-12-19,0.0,6.5,87.1,10.0
VGLJ,2025-12-19,0.0,7.8,83.3,15.4
BPL,2025-12-19,0.0,5.9,85.2,8.4
NGP,2025-12-19,0.0,7.0,80.9,5.8
MAS,2025-12-19,0.0,6.6,86.1,15.7
PPTA,2025-12-19,0.0,7.2,81.8,11.1
GHY,2025-12-19,0.0,7.8,83.1,9.7
ASR,2025-12-19,0.0,6.9,93.4,5.7
SBC,2025-12-19,0.0,8.0,70.2,14.2
DMM,2025-12-19,2.7,5.9,88.1,6.0
GTL,2025-12-19,0.0,5.6,68.5,12.9
SC,2025-12-19,0.3,5.1,76.4,14.5
NDLS,2025-12-20,0.0,7.2,93.1,2.0
CNB,2025-12-20,0.0,6.9,86.5,5.9
PRYJ,2025-12-20,0.0,5.4,84.1,18.8
DDU,2025-12-20,0.0,6.5,93.8,14.1
BSB,2025-12-20,0.0,6.2,83.1,14.1
GKP,2025-12-20,0.0,5.7,77.8,10.6
HWH,2025-12-20,13.8,7.6,86.3,7.6
BCT,2025-12-20,0.0,5.8,86.3,6.6
BRC,2025-12-20,9.5,6.0,93.6,13.1
RTM,2025-12-20,0.0,7.7,76.7,8.0
KOTA,2025-12-20,0.0,5.8,99.0,16.6
ST,2025-12-20,0.0,7.1,83.4,9.0
GZB,2025-12-20,0.0,4.2,82.8,14.6
ALJN,2025-12-20,0.0,7.8,95.3,11.6
TDL,2025-12-20,0.0,5.2,86.5,9.3
LKO,2025-12-20,0.0,5.7,99.0,4.7
AGC,2025-12-20,0.0,6.2,81.2,11.3
VGLJ,2025-12-20,0.0,7.2,69.9,7.8
BPL,2025-12-20,0.0,7.5,99.0,13.8
NGP,2025-12-20,0.0,4.4,79.4,7.6
MAS,2025-12-20,0.0,6.7,71.8,8.3
PPTA,2025-12-20,0.0,6.6,90.7,11.5
GHY,2025-12-20,0.0,6.2,81.1,6.3
ASR,2025-12-20,0.0,5.6,83.2,9.2
SBC,2025-12-20,0.0,5.5,93.1,10.9
DMM,2025-12-20,0.0,7.9,85.9,15.0
GTL,2025-12-20,0.0,4.9,99.0,11.5
SC,2025-12-20,0.0,4.9,89.0,9.5
NDLS,2025-12-21,0.0,5.9,76.6,13.6
CNB,2025-12-21,0.0,6.4,91.8,9.8
PRYJ,2025-12-21,22.2,5.0,89.4,10.7
DDU,2025-12-21,0.0,7.4,65.4,14.6
BSB,2025-12-21,0.0,7.8,61.9,16.6
GKP,2025-12-21,0.0,6.4,99.0,4.7
HWH,2025-12-21,2.8,4.7,79.2,11.2
BCT,2025-12-21,0.0,7.7,79.5,8.0
BRC,2025-12-21,0.0,4.2,87.9,13.8
RTM,2025-12-21,0.0,4.9,91.1,9.9
KOTA,2025-12-21,0.0,5.1,67.2,7.9
ST,2025-12-21,16.0,5.9,93.1,6.3
GZB,2025-12-21,0.0,4.4,87.1,9.3
ALJN,2025-12-21,0.0,7.3,99.0,9.3
TDL,2025-12-21,0.0,5.6,72.7,9.2
LKO,2025-12-21,8.9,8.0,91.7,18.8
AGC,2025-12-21,8.1,6.7,87.7,9.5
VGLJ,2025-12-21,0.0,7.1,92.8,5.5
BPL,2025-12-21,0.0,5.0,88.4,12.7
NGP,2025-12-21,0.0,5.7,72.0,9.3
MAS,2025-12-21,0.0,6.6,89.4,12.4
PPTA,2025-12-21,0.0,6.5,91.5,7.3
GHY,2025-12-21,0.0,6.0,80.3,8.3
ASR,2025-12-21,0.0,7.2,59.0,15.7
SBC,2025-12-21,0.0,6.4,83.6,14.3
DMM,2025-12-21,0.0,4.2,96.4,18.4
GTL,2025-12-21,0.0,6.7,74.1,12.0
SC,2025-12-21,0.0,7.1,84.0,10.2
NDLS,2025-12-22,0.0,2.5,91.8,7.5
CNB,2025-12-22,0.0,3.4,82.4,2.0
PRYJ,2025-12-22,0.0,3.3,79.1,17.1
DDU,2025-12-22,0.0,1.7,92.8,12.6
BSB,2025-12-22,0.0,1.7,93.5,10.0
GKP,2025-12-22,0.0,3.7,96.5,7.5
HWH,2025-12-22,0.0,2.3,83.4,9.3
BCT,2025-12-22,0.0,2.3,97.2,7.2
BRC,2025-12-22,0.0,1.3,82.4,8.0
RTM,2025-12-22,0.0,2.4,99.0,14.6
KOTA,2025-12-22,17.9,3.9,91.4,16.8
ST,2025-12-22,0.0,4.5,81.8,4.6
GZB,2025-12-22,30.9,2.9,88.9,7.1
ALJN,2025-12-22,25.9,2.9,85.8,14.7
TDL,2025-12-22,0.0,1.8,71.7,7.0
LKO,2025-12-22,0.0,2.9,94.4,10.7
AGC,2025-12-22,0.0,3.5,84.1,14.7
VGLJ,2025-12-22,0.0,4.4,94.3,10.8
BPL,2025-12-22,7.0,4.7,99.0,4.3
NGP,2025-12-22,0.0,4.1,99.0,11.9
MAS,2025-12-22,0.0,1.4,90.5,10.5
PPTA,2025-12-22,7.1,2.3,62.4,11.7
GHY,2025-12-22,0.0,1.2,68.8,12.5
ASR,2025-12-22,0.0,4.5,99.0,2.0
SBC,2025-12-22,0.0,1.3,78.0,9.2
DMM,2025-12-22,0.0,2.4,99.0,10.5
GTL,2025-12-22,0.0,1.1,80.6,14.2
SC,2025-12-22,0.0,3.3,81.2,7.0
NDLS,2025-12-23,0.0,1.8,91.1,14.6
CNB,2025-12-23,0.0,2.2,59.9,6.9
PRYJ,2025-12-23,0.0,3.1,87.2,9.3
DDU,2025-12-23,1.1,3.2,99.0,9.6
BSB,2025-12-23,0.0,0.9,68.1,13.7
GKP,2025-12-23,0.0,-0.1,90.5,8.1
HWH,2025-12-23,0.0,1.4,72.7,7.8
BCT,2025-12-23,0.0,2.9,85.5,9.2
BRC,2025-12-23,0.0,2.4,73.6,4.9
RTM,2025-12-23,26.5,2.5,90.1,7.5
KOTA,2025-12-23,20.8,0.7,82.2,14.2
ST,2025-12-23,0.0,2.6,80.6,13.4
GZB,2025-12-23,0.0,1.9,92.9,8.8
ALJN,2025-12-23,0.0,0.4,99.0,13.6
TDL,2025-12-23,0.0,0.5,97.0,13.4
LKO,2025-12-23,0.0,1.6,82.0,16.7
AGC,2025-12-23,0.0,2.0,94.7,10.9
VGLJ,2025-12-23,0.0,1.2,96.5,15.1
BPL,2025-12-23,0.0,2.2,95.9,9.8
NGP,2025-12-23,0.0,1.2,74.4,13.5
MAS,2025-12-23,0.0,2.0,87.6,5.8
PPTA,2025-12-23,29.7,1.0,93.7,11.3
GHY,2025-12-23,0.0,2.5,99.0,10.6
ASR,2025-12-23,0.0,3.6,90.1,10.8
SBC,2025-12-23,0.0,1.4,84.7,13.6
DMM,2025-12-23,0.0,1.6,84.0,5.3
GTL,2025-12-23,3.2,3.1,93.5,12.6
SC,2025-12-23,0.0,3.5,87.5,9.4
NDLS,2025-12-24,0.0,-2.1,89.7,10.9
CNB,2025-12-24,0.0,-2.4,70.9,3.2
PRYJ,2025-12-24,1.4,-4.6,96.1,12.3
DDU,2025-12-24,0.0,-1.3,91.4,10.6
BSB,2025-12-24,0.0,-4.6,81.9,10.8
GKP,2025-12-24,0.0,-1.8,83.6,8.5
HWH,2025-12-24,0.0,-3.2,89.1,9.1
BCT,2025-12-24,3.6,-3.8,60.7,13.3
BRC,2025-12-24,0.0,-4.1,74.3,3.8
RTM,2025-12-24,0.0,-2.8,93.1,9.1
KOTA,2025-12-24,0.0,-3.0,89.2,10.5
ST,2025-12-24,4.0,-2.1,65.5,8.8
GZB,2025-12-24,0.0,-2.4,91.2,8.5
ALJN,2025-12-24,0.0,-2.2,80.0,11.2
TDL,2025-12-24,0.0,-2.1,94.7,4.8
LKO,2025-12-24,0.0,-2.7,84.4,8.2
AGC,2025-12-24,0.0,-3.0,85.5,13.1
VGLJ,2025-12-24,0.0,-2.2,77.1,12.6
BPL,2025-12-24,0.0,-3.7,81.6,14.6
NGP,2025-12-24,0.0,-3.4,77.7,13.8
MAS,2025-12-24,0.0,-3.9,73.0,10.9
PPTA,2025-12-24,0.0,-4.0,91.8,7.2
GHY,2025-12-24,0.0,-5.1,63.9,8.3
ASR,2025-12-24,0.0,-1.8,85.6,8.9
SBC,2025-12-24,0.0,-3.8,79.9,13.6
DMM,2025-12-24,0.0,-1.5,97.6,14.8
GTL,2025-12-24,0.0,-4.2,90.0,12.5
SC,2025-12-24,0.0,-3.9,76.3,9.9
NDLS,2025-12-25,0.0,-5.8,86.4,11.3
CNB,2025-12-25,0.0,-5.4,88.1,10.3
PRYJ,2025-12-25,12.9,-6.6,99.0,13.5
DDU,2025-12-25,11.0,-5.2,93.8,4.5
BSB,2025-12-25,0.0,-6.7,90.2,5.0
GKP,2025-12-25,0.0,-8.6,80.1,13.8
HWH,2025-12-25,0.0,-7.2,79.5,4.6
BCT,2025-12-25,0.0,-6.7,77.9,12.9
BRC,2025-12-25,0.0,-9.1,89.4,7.0
RTM,2025-12-25,18.1,-6.5,80.8,3.8
KOTA,2025-12-25,0.0,-6.5,77.8,9.6
ST,2025-12-25,0.0,-7.6,83.3,13.2
GZB,2025-12-25,0.0,-7.5,98.9,8.9
ALJN,2025-12-25,9.9,-6.7,85.4,4.5
TDL,2025-12-25,0.0,-7.0,67.3,8.8
LKO,2025-12-25,0.0,-8.2,82.2,5.1
AGC,2025-12-25,0.0,-8.4,63.4,8.5
VGLJ,2025-12-25,0.0,-7.7,99.0,11.7
BPL,2025-12-25,0.0,-5.6,88.4,9.5
NGP,2025-12-25,0.0,-9.1,82.0,12.1
MAS,2025-12-25,0.0,-8.1,73.8,18.2
PPTA,2025-12-25,0.0,-6.3,74.4,12.5
GHY,2025-12-25,0.0,-5.4,75.2,10.6
ASR,2025-12-25,0.0,-8.6,92.3,3.8
SBC,2025-12-25,0.0,-5.9,76.2,6.7
DMM,2025-12-25,21.2,-5.3,77.6,2.2
GTL,2025-12-25,0.0,-6.3,90.6,2.5
SC,2025-12-25,0.1,-6.2,74.1,9.5
NDLS,2025-12-26,0.0,-3.4,71.5,8.8
CNB,2025-12-26,0.2,-3.9,89.4,7.0
PRYJ,2025-12-26,7.1,-5.8,91.3,9.8
DDU,2025-12-26,0.0,-2.3,75.1,19.0
BSB,2025-12-26,0.0,-4.6,99.0,17.4
GKP,2025-12-26,29.0,-5.1,79.3,2.6
HWH,2025-12-26,0.0,-5.6,77.5,12.1
BCT,2025-12-26,0.0,-3.8,87.8,9.0
BRC,2025-12-26,0.0,-4.4,81.0,5.5
RTM,2025-12-26,0.0,-2.6,82.3,8.8
KOTA,2025-12-26,0.0,-2.6,97.9,11.7
ST,2025-12-26,25.5,-5.5,90.3,16.0
GZB,2025-12-26,0.0,-3.0,78.4,15.3
ALJN,2025-12-26,0.0,-5.1,88.1,9.8
TDL,2025-12-26,0.0,-4.7,81.9,15.5
LKO,2025-12-26,0.0,-2.4,82.7,16.7
AGC,2025-12-26,0.0,-5.2,99.0,8.2
VGLJ,2025-12-26,0.0,-3.6,83.5,2.7
BPL,2025-12-26,0.0,-5.9,84.8,10.4
NGP,2025-12-26,0.0,-6.0,96.7,16.4
MAS,2025-12-26,0.0,-2.9,92.7,14.3
PPTA,2025-12-26,0.0,-4.8,83.4,5.4
GHY,2025-12-26,0.0,-2.5,88.1,14.6
ASR,2025-12-26,0.0,-5.3,59.8,10.6
SBC,2025-12-26,0.0,-5.6,68.0,7.1
DMM,2025-12-26,0.0,-2.4,86.9,16.4
GTL,2025-12-26,0.0,-3.2,85.5,12.8
SC,2025-12-26,0.0,-2.7,88.0,7.3
NDLS,2025-12-27,0.0,-1.6,89.9,5.3
CNB,2025-12-27,0.0,2.3,85.3,15.4
PRYJ,2025-12-27,0.0,0.4,87.2,11.2
DDU,2025-12-27,0.0,-0.4,82.0,4.1
BSB,2025-12-27,0.0,0.3,83.1,13.6
GKP,2025-12-27,0.0,-1.6,89.2,5.5
HWH,2025-12-27,0.0,-1.5,67.6,7.2
BCT,2025-12-27,0.0,2.0,83.2,9.5
BRC,2025-12-27,0.0,0.9,84.0,10.2
RTM,2025-12-27,0.0,-1.1,89.6,8.5
KOTA,2025-12-27,0.0,-1.4,76.0,12.3
ST,2025-12-27,0.0,0.8,94.2,7.9
GZB,2025-12-27,0.0,0.8,99.0,16.2
ALJN,2025-12-27,0.0,-1.0,74.3,3.3
TDL,2025-12-27,0.0,1.4,83.6,11.2
LKO,2025-12-27,0.0,0.0,99.0,18.0
AGC,2025-12-27,0.0,-1.4,92.0,8.6
VGLJ,2025-12-27,0.0,1.1,97.2,10.6
BPL,2025-12-27,0.0,1.9,72.4,5.1
NGP,2025-12-27,0.0,-1.5,81.6,14.1
MAS,2025-12-27,0.0,1.3,75.1,8.6
PPTA,2025-12-27,0.0,1.2,99.0,11.7
GHY,2025-12-27,0.0,-1.2,99.0,12.2
ASR,2025-12-27,23.1,2.3,82.2,6.1
SBC,2025-12-27,0.0,1.8,99.0,10.7
DMM,2025-12-27,0.0,1.2,86.9,9.1
GTL,2025-12-27,0.0,0.3,88.3,2.0
SC,2025-12-27,0.0,2.2,93.3,12.4
NDLS,2025-12-28,0.0,-0.1,96.0,10.8
CNB,2025-12-28,0.0,0.5,82.2,14.5
PRYJ,2025-12-28,0.0,-1.8,98.2,8.8
DDU,2025-12-28,6.8,-1.7,87.5,8.4
BSB,2025-12-28,0.0,-1.7,82.5,8.1
GKP,2025-12-28,0.0,0.4,91.6,10.9
HWH,2025-12-28,0.0,-0.0,82.0,8.1
BCT,2025-12-28,0.0,0.8,99.0,14.8
BRC,2025-12-28,15.3,-1.1,82.0,18.0
RTM,2025-12-28,0.0,0.8,92.0,8.5
KOTA,2025-12-28,0.0,0.4,81.8,8.3
ST,2025-12-28,0.0,-0.1,80.2,14.8
GZB,2025-12-28,0.0,0.4,93.1,9.1
ALJN,2025-12-28,0.0,-1.8,78.3,14.3
TDL,2025-12-28,0.0,-2.6,86.6,5.5
LKO,2025-12-28,0.5,-1.7,84.1,16.4
AGC,2025-12-28,0.0,-1.4,91.2,11.4
VGLJ,2025-12-28,0.0,-1.5,99.0,15.7
BPL,2025-12-28,0.0,-0.8,99.0,8.1
NGP,2025-12-28,4.3,-1.7,82.7,9.8
MAS,2025-12-28,0.0,0.5,77.6,10.6
PPTA,2025-12-28,0.0,-2.1,90.4,10.5
GHY,2025-12-28,0.0,1.2,92.7,8.3
ASR,2025-12-28,0.0,1.2,91.2,12.6
SBC,2025-12-28,0.0,-1.3,90.1,13.6
DMM,2025-12-28,0.0,-2.7,80.9,7.8
GTL,2025-12-28,2.5,0.9,94.4,3.9
SC,2025-12-28,0.0,-0.6,80.1,7.5
NDLS,2025-12-29,0.0,1.9,84.5,12.6
CNB,2025-12-29,0.0,0.1,96.8,4.8
PRYJ,2025-12-29,0.0,1.0,76.6,5.1
DDU,2025-12-29,0.0,1.7,84.9,5.6
BSB,2025-12-29,0.0,0.3,88.8,6.0
GKP,2025-12-29,0.0,3.7,98.3,3.3
HWH,2025-12-29,11.7,3.3,71.7,8.3
BCT,2025-12-29,11.9,1.5,76.6,5.6
BRC,2025-12-29,0.0,0.4,99.0,9.0
RTM,2025-12-29,0.0,2.2,91.1,6.9
KOTA,2025-12-29,12.4,0.4,78.4,6.0
ST,2025-12-29,0.0,1.8,93.7,15.9
GZB,2025-12-29,0.0,2.5,74.9,5.3
ALJN,2025-12-29,0.0,1.6,85.9,6.0
TDL,2025-12-29,0.0,3.3,80.3,4.6
LKO,2025-12-29,0.0,1.9,99.0,10.4
AGC,2025-12-29,0.0,0.3,80.8,3.8
VGLJ,2025-12-29,0.0,2.4,82.2,8.3
BPL,2025-12-29,0.0,0.8,77.6,8.5
NGP,2025-12-29,0.0,2.1,73.2,14.1
MAS,2025-12-29,0.0,2.1,93.9,14.9
PPTA,2025-12-29,0.0,3.4,68.4,17.5
GHY,2025-12-29,0.0,2.5,83.7,4.7
ASR,2025-12-29,0.0,3.4,74.0,9.7
SBC,2025-12-29,0.0,1.5,71.5,4.2
DMM,2025-12-29,0.0,3.9,88.4,7.7
GTL,2025-12-29,1.1,0.1,80.5,8.4
SC,2025-12-29,0.0,0.9,70.5,11.4
NDLS,2025-12-30,0.0,0.6,87.3,12.4
CNB,2025-12-30,0.0,-0.7,79.3,13.5
PRYJ,2025-12-30,0.0,-1.1,98.9,9.2
DDU,2025-12-30,0.0,0.6,75.7,10.3
BSB,2025-12-30,0.0,-0.1,85.3,9.4
GKP,2025-12-30,0.0,1.1,91.1,8.7
HWH,2025-12-30,0.0,1.1,74.9,10.7
BCT,2025-12-30,0.0,-0.3,91.6,13.0
BRC,2025-12-30,16.6,1.2,85.5,9.3
RTM,2025-12-30,0.0,0.1,68.5,6.0
KOTA,2025-12-30,0.0,0.0,99.0,5.8
ST,2025-12-30,0.0,1.0,79.3,8.1
GZB,2025-12-30,0.0,-2.5,82.1,8.2
ALJN,2025-12-30,0.0,-1.3,99.0,6.2
TDL,2025-12-30,0.0,-2.2,63.8,10.0
LKO,2025-12-30,22.6,-1.3,77.8,11.5
AGC,2025-12-30,0.0,-2.2,77.0,17.0
VGLJ,2025-12-30,0.0,0.3,83.8,16.1
BPL,2025-12-30,26.1,-0.7,72.1,11.8
NGP,2025-12-30,0.0,1.2,88.4,11.4
MAS,2025-12-30,38.8,-1.5,92.2,8.4
PPTA,2025-12-30,6.3,-2.4,92.8,5.7
GHY,2025-12-30,1.8,-0.2,73.0,8.3
ASR,2025-12-30,0.0,0.7,84.7,6.4
SBC,2025-12-30,0.0,-2.1,90.6,8.4
DMM,2025-12-30,0.0,1.2,72.8,6.4
GTL,2025-12-30,0.0,-0.3,86.1,9.0
SC,2025-12-30,0.0,0.9,87.9,10.5
NDLS,2025-12-31,0.0,0.3,75.2,7.6
CNB,2025-12-31,0.0,0.4,93.6,6.7
PRYJ,2025-12-31,0.0,-1.4,99.0,4.3
DDU,2025-12-31,0.0,-1.2,93.3,9.6
BSB,2025-12-31,0.0,0.1,75.3,10.3
GKP,2025-12-31,0.0,-0.2,77.0,7.8
HWH,2025-12-31,0.0,1.3,81.2,13.0
BCT,2025-12-31,0.0,2.0,78.7,10.9
BRC,2025-12-31,0.0,-0.8,92.8,10.2
RTM,2025-12-31,0.0,-0.1,88.8,9.8
KOTA,2025-12-31,0.0,2.0,90.4,5.0
ST,2025-12-31,0.0,-1.5,99.0,2.6
GZB,2025-12-31,0.0,1.6,78.2,9.6
ALJN,2025-12-31,0.0,1.2,66.4,8.0
TDL,2025-12-31,0.0,0.2,87.7,16.4
LKO,2025-12-31,0.0,1.7,90.8,8.3
AGC,2025-12-31,0.0,0.4,70.1,15.2
VGLJ,2025-12-31,0.0,1.6,80.2,11.1
BPL,2025-12-31,0.0,-0.2,80.7,11.6
NGP,2025-12-31,0.0,-0.7,97.4,12.9
MAS,2025-12-31,0.0,1.2,82.3,15.3
PPTA,2025-12-31,0.0,-1.3,99.0,14.0
GHY,2025-12-31,0.0,1.9,81.0,13.3
ASR,2025-12-31,0.0,0.1,94.8,9.0
SBC,2025-12-31,0.0,-1.0,99.0,14.8
DMM,2025-12-31,0.0,-1.6,83.0,8.4
GTL,2025-12-31,0.0,0.7,94.5,18.7
SC,2025-12-31,0.0,-0.7,73.1,11.8
NDLS,2026-01-01,0.0,1.0,93.1,14.9
CNB,2026-01-01,0.0,1.9,93.2,8.1
PRYJ,2026-01-01,0.0,3.3,72.1,8.8
DDU,2026-01-01,0.0,0.7,92.8,7.7
BSB,2026-01-01,6.4,4.3,90.9,12.4
GKP,2026-01-01,0.0,3.3,99.0,5.6
HWH,2026-01-01,0.0,4.2,83.2,11.3
BCT,2026-01-01,0.0,4.2,99.0,7.1
BRC,2026-01-01,0.0,1.4,97.2,7.2
RTM,2026-01-01,19.1,2.7,89.7,10.4
KOTA,2026-01-01,0.0,3.0,99.0,8.5
ST,2026-01-01,1.4,0.4,80.6,3.7
GZB,2026-01-01,0.0,2.2,94.3,16.7
ALJN,2026-01-01,0.8,1.5,74.2,8.6
TDL,2026-01-01,0.0,1.8,69.7,11.1
LKO,2026-01-01,0.0,1.7,89.1,12.3
AGC,2026-01-01,0.0,2.5,93.8,8.8
VGLJ,2026-01-01,0.0,0.4,97.5,14.5
BPL,2026-01-01,0.0,0.4,75.3,9.8
NGP,2026-01-01,0.0,1.4,63.0,15.1
MAS,2026-01-01,0.0,0.6,93.6,16.1
PPTA,2026-01-01,0.0,2.3,70.7,12.0
GHY,2026-01-01,0.0,4.1,80.0,2.5
ASR,2026-01-01,0.0,3.5,95.2,5.3
SBC,2026-01-01,0.0,1.5,88.6,8.0
DMM,2026-01-01,22.8,0.6,66.7,14.0
GTL,2026-01-01,0.0,1.2,87.6,10.0
SC,2026-01-01,0.0,4.2,80.5,2.0
NDLS,2026-01-02,4.0,1.8,84.3,4.4
CNB,2026-01-02,0.0,2.3,78.9,9.0
PRYJ,2026-01-02,0.0,1.3,87.6,10.3
DDU,2026-01-02,0.0,-0.4,90.0,9.9
BSB,2026-01-02,0.0,2.2,96.2,12.7
GKP,2026-01-02,0.0,2.2,89.2,15.2
HWH,2026-01-02,0.0,0.4,98.0,10.5
BCT,2026-01-02,0.0,3.0,81.6,10.9
BRC,2026-01-02,0.0,2.2,83.9,8.5
RTM,2026-01-02,25.8,1.6,75.0,14.9
KOTA,2026-01-02,0.0,0.7,99.0,13.9
ST,2026-01-02,0.0,0.7,68.3,7.4
GZB,2026-01-02,0.0,2.2,80.3,9.1
ALJN,2026-01-02,0.0,-0.8,86.6,9.9
TDL,2026-01-02,0.0,1.0,84.8,14.0
LKO,2026-01-02,4.8,1.5,86.2,12.5
AGC,2026-01-02,0.0,0.5,82.5,11.8
VGLJ,2026-01-02,0.0,1.1,90.4,6.8
BPL,2026-01-02,0.0,1.6,71.6,5.7
NGP,2026-01-02,0.0,1.8,72.2,8.7
MAS,2026-01-02,0.0,-0.9,89.5,9.7
PPTA,2026-01-02,0.0,-0.3,90.9,7.5
GHY,2026-01-02,24.3,2.2,89.5,5.1
ASR,2026-01-02,0.0,3.1,83.8,11.4
SBC,2026-01-02,0.0,-0.5,99.0,10.0
DMM,2026-01-02,0.0,-0.3,73.5,4.9
GTL,2026-01-02,0.0,1.8,81.0,11.5
SC,2026-01-02,2.2,2.3,94.2,11.6
NDLS,2026-01-03,0.0,-1.6,70.4,10.8
CNB,2026-01-03,0.0,0.6,83.8,5.4
PRYJ,2026-01-03,0.0,0.5,80.2,10.6
DDU,2026-01-03,0.0,-0.2,80.4,14.2
BSB,2026-01-03,0.0,-1.5,83.7,7.8
GKP,2026-01-03,0.0,-1.1,87.0,11.3
HWH,2026-01-03,0.0,-2.4,94.3,10.3
BCT,2026-01-03,0.0,-1.4,45.8,11.1
BRC,2026-01-03,0.0,-0.8,82.0,16.3
RTM,2026-01-03,0.0,1.2,89.0,10.7
KOTA,2026-01-03,0.0,0.0,80.4,14.3
ST,2026-01-03,0.0,-0.2,69.5,10.8
GZB,2026-01-03,0.0,0.4,69.4,7.6
ALJN,2026-01-03,0.4,1.4,82.3,11.4
TDL,2026-01-03,0.0,1.3,99.0,11.5
LKO,2026-01-03,0.0,-1.2,73.5,9.1
AGC,2026-01-03,0.0,-0.8,83.4,15.0
VGLJ,2026-01-03,0.0,-0.2,69.1,11.6
BPL,2026-01-03,0.0,1.2,74.9,7.9
NGP,2026-01-03,0.0,-1.6,92.6,10.8
MAS,2026-01-03,0.0,-1.7,85.0,9.1
PPTA,2026-01-03,0.0,1.4,92.3,8.5
GHY,2026-01-03,17.0,0.5,76.9,8.2
ASR,2026-01-03,0.0,-1.7,68.1,7.6
SBC,2026-01-03,0.0,-1.9,74.8,6.7
DMM,2026-01-03,0.0,-1.8,99.0,14.2
GTL,2026-01-03,0.0,0.2,75.0,5.1
SC,2026-01-03,0.0,0.1,79.5,5.0
NDLS,2026-01-04,17.7,-3.8,81.0,12.0
CNB,2026-01-04,0.0,-4.7,80.2,4.8
PRYJ,2026-01-04,0.0,-4.7,90.9,12.3
DDU,2026-01-04,0.0,-4.1,99.0,11.0
BSB,2026-01-04,0.0,-1.6,73.0,16.0
GKP,2026-01-04,0.0,-1.0,81.0,13.3
HWH,2026-01-04,0.0,-1.0,99.0,10.3
BCT,2026-01-04,0.0,-3.2,84.6,11.0
BRC,2026-01-04,18.5,-2.5,73.9,16.9
RTM,2026-01-04,0.0,-4.8,73.0,11.8
KOTA,2026-01-04,0.0,-4.1,83.6,8.7
ST,2026-01-04,0.0,-4.3,97.5,13.7
GZB,2026-01-04,0.8,-3.9,91.3,9.6
ALJN,2026-01-04,0.0,-4.0,87.2,6.6
TDL,2026-01-04,0.0,-2.2,84.6,14.6
LKO,2026-01-04,0.0,-4.4,96.0,16.3
AGC,2026-01-04,0.0,-2.8,93.6,11.2
VGLJ,2026-01-04,0.0,-2.6,93.1,5.5
BPL,2026-01-04,0.0,-1.3,92.2,13.6
NGP,2026-01-04,0.0,-4.7,84.4,10.2
MAS,2026-01-04,0.0,-4.4,82.3,9.6
PPTA,2026-01-04,0.0,-2.7,86.6,11.1
GHY,2026-01-04,0.0,-1.6,76.7,7.3
ASR,2026-01-04,0.0,-1.9,91.3,11.4
SBC,2026-01-04,0.0,-2.4,77.4,9.5
DMM,2026-01-04,0.0,-4.8,99.0,2.0
GTL,2026-01-04,0.0,-2.7,60.2,2.0
SC,2026-01-04,0.0,-3.4,99.0,5.9
NDLS,2026-01-05,0.0,-2.1,81.8,12.2
CNB,2026-01-05,0.0,-5.5,89.7,9.0
PRYJ,2026-01-05,1.5,-3.0,88.9,5.9
DDU,2026-01-05,0.0,-2.7,74.3,6.9
BSB,2026-01-05,0.0,-4.2,99.0,12.0
GKP,2026-01-05,0.7,-3.7,99.0,11.2
HWH,2026-01-05,0.0,-4.8,81.4,15.1
BCT,2026-01-05,0.0,-2.6,96.1,13.0
BRC,2026-01-05,0.0,-1.7,73.3,8.8
RTM,2026-01-05,0.0,-4.8,83.1,13.0
KOTA,2026-01-05,0.0,-4.9,67.0,8.5
ST,2026-01-05,0.0,-4.7,85.2,9.1
GZB,2026-01-05,0.0,-2.5,99.0,14.0
ALJN,2026-01-05,0.0,-3.0,95.0,8.2
TDL,2026-01-05,0.0,-2.6,86.7,6.6
LKO,2026-01-05,0.0,-5.4,76.8,14.1
AGC,2026-01-05,0.0,-2.6,93.2,6.3
VGLJ,2026-01-05,0.0,-2.6,86.1,4.1
BPL,2026-01-05,0.0,-1.9,90.2,6.2
NGP,2026-01-05,0.0,-3.9,86.1,16.9
MAS,2026-01-05,0.0,-2.4,74.5,11.4
PPTA,2026-01-05,0.0,-2.3,84.6,5.5
GHY,2026-01-05,0.0,-4.6,78.0,11.7
ASR,2026-01-05,0.0,-2.1,83.0,15.7
SBC,2026-01-05,0.0,-4.3,89.8,6.0
DMM,2026-01-05,0.0,-3.4,93.7,14.0
GTL,2026-01-05,0.0,-5.4,87.8,12.3
SC,2026-01-05,0.0,-1.9,87.6,14.9
NDLS,2026-01-06,0.0,-6.0,96.0,4.1
CNB,2026-01-06,0.0,-6.5,69.4,9.3
PRYJ,2026-01-06,0.0,-4.9,93.0,14.8
DDU,2026-01-06,0.0,-4.9,81.5,9.1
BSB,2026-01-06,0.0,-4.2,82.1,9.7
GKP,2026-01-06,0.0,-6.7,86.6,8.2
HWH,2026-01-06,0.0,-3.9,82.1,11.5
BCT,2026-01-06,0.0,-5.9,72.7,17.4
BRC,2026-01-06,0.0,-4.8,99.0,13.1
RTM,2026-01-06,0.0,-3.5,98.6,6.5
KOTA,2026-01-06,0.0,-4.8,79.1,2.0
ST,2026-01-06,0.0,-5.6,85.5,10.3
GZB,2026-01-06,0.0,-5.3,87.8,3.5
ALJN,2026-01-06,41.4,-4.0,64.0,7.3
TDL,2026-01-06,0.0,-6.1,90.6,9.6
LKO,2026-01-06,0.0,-3.9,78.0,17.5
AGC,2026-01-06,11.9,-5.0,79.7,12.6
VGLJ,2026-01-06,0.0,-5.9,69.1,12.9
BPL,2026-01-06,0.0,-4.9,86.2,9.3
NGP,2026-01-06,0.0,-3.4,73.2,10.2
MAS,2026-01-06,0.0,-5.0,91.5,10.7
PPTA,2026-01-06,0.0,-6.5,84.4,9.0
GHY,2026-01-06,0.0,-6.8,80.7,5.5
ASR,2026-01-06,0.0,-5.6,91.3,10.9
SBC,2026-01-06,0.0,-5.6,91.9,8.2
DMM,2026-01-06,0.0,-4.9,83.3,5.3
GTL,2026-01-06,0.0,-6.1,69.6,10.4
SC,2026-01-06,0.0,-5.6,64.4,11.4
NDLS,2026-01-07,0.0,-7.8,79.2,19.0
CNB,2026-01-07,0.0,-7.7,85.3,12.3
PRYJ,2026-01-07,0.0,-7.0,78.4,14.6
DDU,2026-01-07,0.0,-7.9,97.4,13.9
BSB,2026-01-07,0.0,-5.1,99.0,5.8
GKP,2026-01-07,0.0,-5.9,91.5,7.0
HWH,2026-01-07,0.0,-5.4,74.8,9.9
BCT,2026-01-07,0.0,-8.3,87.4,9.6
BRC,2026-01-07,0.0,-5.5,72.3,10.3
RTM,2026-01-07,0.0,-4.7,84.8,6.1
KOTA,2026-01-07,0.0,-5.1,99.0,17.5
ST,2026-01-07,0.0,-5.4,86.3,13.9
GZB,2026-01-07,0.0,-4.7,60.6,10.0
ALJN,2026-01-07,7.1,-6.2,81.9,11.6
TDL,2026-01-07,0.0,-6.9,65.9,6.1
LKO,2026-01-07,0.0,-6.9,96.9,12.1
AGC,2026-01-07,0.0,-6.8,64.4,11.7
VGLJ,2026-01-07,0.0,-6.0,78.4,10.3
BPL,2026-01-07,0.0,-7.9,94.6,5.2
NGP,2026-01-07,0.0,-8.5,76.1,5.6
MAS,2026-01-07,0.0,-6.5,96.6,9.3
PPTA,2026-01-07,0.0,-6.1,99.0,7.4
GHY,2026-01-07,0.0,-4.7,80.2,12.1
ASR,2026-01-07,0.0,-8.4,99.0,7.9
SBC,2026-01-07,0.0,-6.1,93.0,10.0
DMM,2026-01-07,0.0,-5.4,90.3,6.9
GTL,2026-01-07,0.0,-7.9,91.9,9.0
SC,2026-01-07,6.2,-4.8,77.0,10.1
NDLS,2026-01-08,0.0,-8.9,86.6,11.5
CNB,2026-01-08,0.0,-5.9,87.6,4.9
PRYJ,2026-01-08,0.0,-6.8,95.0,11.6
DDU,2026-01-08,0.0,-7.2,85.6,11.4
BSB,2026-01-08,0.0,-5.9,90.4,17.7
GKP,2026-01-08,2.2,-9.3,79.1,7.0
HWH,2026-01-08,0.0,-8.1,76.2,9.3
BCT,2026-01-08,0.0,-9.2,61.4,16.3
BRC,2026-01-08,0.0,-6.8,99.0,6.1
RTM,2026-01-08,0.0,-5.5,99.0,6.1
KOTA,2026-01-08,0.0,-8.6,85.1,11.5
ST,2026-01-08,0.0,-5.6,86.0,7.9
GZB,2026-01-08,17.2,-8.2,93.7,7.4
ALJN,2026-01-08,0.0,-8.2,84.4,10.9
TDL,2026-01-08,0.0,-6.9,93.3,10.5
LKO,2026-01-08,0.0,-6.6,82.5,11.1
AGC,2026-01-08,0.0,-7.2,96.5,11.8
VGLJ,2026-01-08,0.0,-6.7,84.6,10.3
BPL,2026-01-08,0.0,-8.7,75.0,13.0
NGP,2026-01-08,0.0,-9.3,72.4,8.4
MAS,2026-01-08,0.0,-7.9,83.4,8.4
PPTA,2026-01-08,0.0,-7.5,75.4,7.5
GHY,2026-01-08,0.0,-6.2,71.9,16.3
ASR,2026-01-08,0.0,-5.7,79.9,7.6
SBC,2026-01-08,5.7,-7.2,91.9,20.3
DMM,2026-01-08,0.0,-8.0,81.4,10.5
GTL,2026-01-08,0.0,-9.1,87.5,5.0
SC,2026-01-08,0.0,-6.5,74.8,12.2
NDLS,2026-01-09,0.0,-6.8,77.3,9.1
CNB,2026-01-09,0.0,-8.8,86.4,12.3
PRYJ,2026-01-09,0.0,-6.4,83.3,9.4
DDU,2026-01-09,0.0,-5.6,99.0,13.8
BSB,2026-01-09,3.8,-7.1,83.7,7.8
GKP,2026-01-09,0.0,-8.5,88.2,17.6
HWH,2026-01-09,0.0,-7.5,80.5,12.2
BCT,2026-01-09,0.0,-6.3,68.1,7.3
BRC,2026-01-09,0.5,-7.3,84.4,9.7
RTM,2026-01-09,0.0,-7.2,80.8,14.2
KOTA,2026-01-09,0.0,-8.9,96.5,10.8
ST,2026-01-09,0.0,-5.2,74.3,7.9
GZB,2026-01-09,0.0,-9.2,97.7,10.9
ALJN,2026-01-09,0.0,-7.2,95.6,11.6
TDL,2026-01-09,0.0,-8.6,75.5,12.0
LKO,2026-01-09,0.0,-8.5,84.6,8.0
AGC,2026-01-09,0.0,-8.0,80.8,14.1
VGLJ,2026-01-09,0.0,-7.5,87.5,10.7
BPL,2026-01-09,0.0,-7.5,99.0,7.4
NGP,2026-01-09,0.0,-8.8,84.1,7.7
MAS,2026-01-09,11.2,-5.9,95.5,13.8
PPTA,2026-01-09,0.0,-6.5,88.0,5.2
GHY,2026-01-09,0.0,-7.3,65.6,7.2
ASR,2026-01-09,0.0,-8.1,80.5,9.0
SBC,2026-01-09,2.1,-7.8,76.8,14.6
DMM,2026-01-09,0.0,-6.6,90.2,10.4
GTL,2026-01-09,0.0,-9.1,80.0,6.2
SC,2026-01-09,0.0,-8.5,75.1,14.6
NDLS,2026-01-10,0.0,-5.2,96.1,9.0
CNB,2026-01-10,9.7,-4.3,88.3,3.9
PRYJ,2026-01-10,0.0,-3.6,68.9,7.1
DDU,2026-01-10,0.0,-6.4,86.3,6.0
BSB,2026-01-10,0.0,-7.4,76.4,15.2
GKP,2026-01-10,0.0,-7.0,86.9,4.1
HWH,2026-01-10,0.0,-4.0,91.6,18.6
BCT,2026-01-10,0.0,-3.7,65.6,10.5
BRC,2026-01-10,0.0,-5.5,85.0,19.1
RTM,2026-01-10,0.0,-7.0,95.1,9.8
KOTA,2026-01-10,0.0,-5.1,93.3,2.5
ST,2026-01-10,0.0,-5.6,84.9,7.4
GZB,2026-01-10,0.0,-6.2,86.0,2.1
ALJN,2026-01-10,0.0,-3.9,91.3,11.7
TDL,2026-01-10,0.0,-6.1,95.4,8.2
LKO,2026-01-10,0.0,-7.2,91.7,17.4
AGC,2026-01-10,0.0,-5.6,81.9,4.6
VGLJ,2026-01-10,0.0,-5.4,91.1,8.4
BPL,2026-01-10,12.9,-4.8,81.1,12.9
NGP,2026-01-10,0.0,-6.4,72.0,4.2
MAS,2026-01-10,0.0,-6.1,87.7,8.9
PPTA,2026-01-10,0.0,-4.1,80.6,12.4
GHY,2026-01-10,0.0,-7.3,99.0,4.2
ASR,2026-01-10,0.0,-3.8,97.9,12.6
SBC,2026-01-10,0.0,-7.1,80.2,16.5
DMM,2026-01-10,0.0,-5.6,72.9,11.6
GTL,2026-01-10,0.0,-4.9,83.1,8.1
SC,2026-01-10,0.0,-6.5,74.1,21.2
NDLS,2026-01-11,44.3,-8.6,72.9,15.7
CNB,2026-01-11,0.0,-6.9,97.7,4.7
PRYJ,2026-01-11,0.0,-5.3,76.9,9.7
DDU,2026-01-11,0.0,-5.0,90.6,8.1
BSB,2026-01-11,0.0,-6.0,79.2,14.5
GKP,2026-01-11,0.0,-5.7,77.8,8.7
HWH,2026-01-11,0.0,-5.1,60.9,11.8
BCT,2026-01-11,0.0,-5.0,90.0,11.6
BRC,2026-01-11,0.0,-7.1,88.3,10.8
RTM,2026-01-11,0.0,-5.8,82.4,13.5
KOTA,2026-01-11,0.0,-6.5,90.6,7.6
ST,2026-01-11,0.0,-6.4,82.1,5.1
GZB,2026-01-11,1.2,-5.5,98.0,7.1
ALJN,2026-01-11,0.0,-6.2,97.1,10.4
TDL,2026-01-11,0.0,-7.9,88.1,5.5
LKO,2026-01-11,0.0,-7.8,80.4,9.9
AGC,2026-01-11,0.0,-8.4,95.7,9.2
VGLJ,2026-01-11,9.6,-6.0,86.3,9.3
BPL,2026-01-11,0.0,-4.8,74.0,13.1
NGP,2026-01-11,0.0,-7.0,79.8,7.0
MAS,2026-01-11,0.0,-7.0,91.5,9.2
PPTA,2026-01-11,0.0,-8.4,75.3,13.0
GHY,2026-01-11,0.0,-6.2,85.9,13.0
ASR,2026-01-11,0.0,-5.6,83.6,20.4
SBC,2026-01-11,0.0,-5.0,68.9,19.7
DMM,2026-01-11,0.0,-5.1,79.0,3.7
GTL,2026-01-11,0.0,-7.8,86.8,14.5
SC,2026-01-11,0.0,-5.4,88.8,3.0
NDLS,2026-01-12,0.0,-8.0,68.4,4.0
CNB,2026-01-12,0.0,-7.1,78.1,4.5
PRYJ,2026-01-12,0.0,-5.1,82.0,2.4
DDU,2026-01-12,22.0,-4.8,91.8,5.7
BSB,2026-01-12,0.0,-6.0,90.2,2.0
GKP,2026-01-12,0.0,-5.1,80.8,15.1
HWH,2026-01-12,0.0,-7.6,85.3,6.4
BCT,2026-01-12,0.0,-8.1,96.7,18.5
BRC,2026-01-12,0.0,-6.7,82.5,3.9
RTM,2026-01-12,0.0,-4.5,85.5,13.0
KOTA,2026-01-12,0.0,-6.2,83.1,2.1
ST,2026-01-12,0.0,-4.4,91.4,7.2
GZB,2026-01-12,28.9,-7.1,77.3,7.0
ALJN,2026-01-12,0.0,-6.6,83.8,14.1
TDL,2026-01-12,0.0,-6.7,83.7,4.4
LKO,2026-01-12,1.6,-6.4,99.0,6.0
AGC,2026-01-12,0.0,-7.4,94.7,10.6
VGLJ,2026-01-12,0.0,-7.0,99.0,9.7
BPL,2026-01-12,0.0,-7.9,66.1,9.4
NGP,2026-01-12,0.0,-4.9,62.5,5.5
MAS,2026-01-12,22.3,-6.3,97.5,15.0
PPTA,2026-01-12,0.0,-4.9,99.0,6.1
GHY,2026-01-12,0.0,-5.6,99.0,8.5
ASR,2026-01-12,0.0,-6.1,99.0,13.1
SBC,2026-01-12,0.0,-5.7,79.7,17.6
DMM,2026-01-12,8.2,-7.4,88.9,10.3
GTL,2026-01-12,0.0,-6.9,77.6,13.2
SC,2026-01-12,0.0,-5.9,95.6,9.7
NDLS,2026-01-13,0.0,0.7,82.4,8.0
CNB,2026-01-13,0.0,2.8,93.5,8.9
PRYJ,2026-01-13,0.0,0.7,85.4,14.9
DDU,2026-01-13,0.0,2.1,87.9,10.2
BSB,2026-01-13,0.0,0.1,79.2,10.0
GKP,2026-01-13,0.0,2.0,77.9,10.9
HWH,2026-01-13,0.0,2.7,80.4,8.6
BCT,2026-01-13,0.0,2.7,85.0,16.8
BRC,2026-01-13,8.2,0.8,81.1,15.3
RTM,2026-01-13,0.0,-0.5,83.1,9.1
KOTA,2026-01-13,0.0,-0.2,78.3,14.1
ST,2026-01-13,0.0,-0.8,76.9,12.9
GZB,2026-01-13,0.0,-0.2,79.8,12.0
ALJN,2026-01-13,0.0,-0.2,87.4,9.6
TDL,2026-01-13,0.0,2.1,81.4,11.4
LKO,2026-01-13,0.0,2.4,87.3,7.5
AGC,2026-01-13,3.8,1.5,76.4,12.8
VGLJ,2026-01-13,0.0,-0.8,76.9,6.9
BPL,2026-01-13,0.0,-0.3,94.9,7.9
NGP,2026-01-13,0.0,-0.4,84.9,8.7
MAS,2026-01-13,0.0,-0.9,84.5,15.9
PPTA,2026-01-13,0.0,-0.7,77.9,12.4
GHY,2026-01-13,0.0,1.2,91.9,12.4
ASR,2026-01-13,0.0,2.4,99.0,2.2
SBC,2026-01-13,0.0,2.1,71.6,6.5
DMM,2026-01-13,0.0,-0.0,80.2,11.0
GTL,2026-01-13,0.0,1.9,76.6,6.6
SC,2026-01-13,0.0,1.4,85.8,11.9
NDLS,2026-01-14,0.0,4.4,84.7,12.1
CNB,2026-01-14,0.0,3.9,69.9,7.2
PRYJ,2026-01-14,0.0,1.9,75.7,7.9
DDU,2026-01-14,0.0,3.1,84.2,3.2
BSB,2026-01-14,0.0,3.3,79.6,7.2
GKP,2026-01-14,0.0,4.6,70.6,12.2
HWH,2026-01-14,0.4,2.7,61.2,7.1
BCT,2026-01-14,0.0,1.3,89.0,10.4
BRC,2026-01-14,0.0,4.0,79.0,11.5
RTM,2026-01-14,0.0,2.8,82.4,5.3
KOTA,2026-01-14,0.0,1.2,99.0,2.0
ST,2026-01-14,0.0,1.3,87.5,10.2
GZB,2026-01-14,0.0,1.1,85.7,14.2
ALJN,2026-01-14,0.0,2.4,74.5,5.6
TDL,2026-01-14,0.0,4.3,95.7,12.4
LKO,2026-01-14,0.0,1.7,99.0,9.2
AGC,2026-01-14,0.0,2.0,82.6,13.8
VGLJ,2026-01-14,0.0,1.0,98.1,5.3
BPL,2026-01-14,0.0,4.5,99.0,8.2
NGP,2026-01-14,0.0,1.1,87.4,12.4
MAS,2026-01-14,0.0,0.8,95.9,13.0
PPTA,2026-01-14,0.0,4.1,85.9,13.0
GHY,2026-01-14,0.0,3.5,81.5,7.8
ASR,2026-01-14,0.0,4.0,85.6,15.0
SBC,2026-01-14,0.0,2.2,90.6,8.3
DMM,2026-01-14,0.0,1.3,84.3,14.0
GTL,2026-01-14,0.0,3.7,87.9,10.6
SC,2026-01-14,0.0,2.5,86.8,5.5
NDLS,2026-01-15,0.4,1.1,88.3,14.7
CNB,2026-01-15,0.0,1.8,73.2,11.7
PRYJ,2026-01-15,0.0,3.1,95.8,9.2
DDU,2026-01-15,0.0,1.0,84.4,9.7
BSB,2026-01-15,0.0,1.3,83.7,6.9
GKP,2026-01-15,0.0,2.5,83.3,7.0
HWH,2026-01-15,0.0,3.0,90.5,3.5
BCT,2026-01-15,14.7,4.1,70.6,10.4
BRC,2026-01-15,0.0,2.6,86.6,10.9
RTM,2026-01-15,0.0,1.2,82.7,9.3
KOTA,2026-01-15,0.0,3.8,78.7,8.6
ST,2026-01-15,9.0,0.8,79.9,5.5
GZB,2026-01-15,0.0,3.8,85.0,13.4
ALJN,2026-01-15,0.0,2.0,83.1,18.7
TDL,2026-01-15,0.0,3.5,99.0,3.3
LKO,2026-01-15,0.0,2.4,93.3,7.0
AGC,2026-01-15,0.0,1.4,79.3,13.3
VGLJ,2026-01-15,0.0,1.8,67.1,14.0
BPL,2026-01-15,0.7,3.0,83.2,6.5
NGP,2026-01-15,0.0,3.6,89.4,3.9
MAS,2026-01-15,0.0,3.5,91.6,2.0
PPTA,2026-01-15,1.7,0.9,78.4,10.8
GHY,2026-01-15,0.0,1.1,73.2,16.2
ASR,2026-01-15,0.0,3.1,90.4,8.3
SBC,2026-01-15,0.0,2.3,87.2,9.8
DMM,2026-01-15,0.0,3.5,55.5,16.4
GTL,2026-01-15,0.0,3.4,84.4,10.7
SC,2026-01-15,0.0,3.6,71.9,10.7
NDLS,2026-01-16,0.0,2.4,88.7,6.0
CNB,2026-01-16,0.0,3.4,91.8,2.5
PRYJ,2026-01-16,0.0,1.8,83.1,4.6
DDU,2026-01-16,0.0,4.0,85.3,8.5
BSB,2026-01-16,0.0,4.8,89.4,9.7
GKP,2026-01-16,0.0,3.8,89.1,10.2
HWH,2026-01-16,0.0,3.8,95.6,13.6
BCT,2026-01-16,0.0,2.2,78.0,13.9
BRC,2026-01-16,0.0,3.3,88.6,14.7
RTM,2026-01-16,0.0,1.8,75.4,5.3
KOTA,2026-01-16,42.7,2.4,85.6,9.3
ST,2026-01-16,0.0,2.5,98.8,5.4
GZB,2026-01-16,0.0,3.9,88.2,6.8
ALJN,2026-01-16,5.4,2.1,72.8,2.0
TDL,2026-01-16,0.0,3.8,81.0,9.3
LKO,2026-01-16,0.0,3.8,98.3,6.1
AGC,2026-01-16,0.0,3.2,99.0,10.8
VGLJ,2026-01-16,0.0,3.6,83.9,9.5
BPL,2026-01-16,0.0,3.6,73.1,8.7
NGP,2026-01-16,0.0,4.0,87.6,13.7
MAS,2026-01-16,1.1,4.5,87.7,7.9
PPTA,2026-01-16,0.0,1.3,65.6,8.9
GHY,2026-01-16,0.0,4.5,97.1,7.4
ASR,2026-01-16,0.0,1.1,81.3,13.1
SBC,2026-01-16,3.0,3.4,82.2,7.5
DMM,2026-01-16,0.0,4.5,65.9,17.1
GTL,2026-01-16,0.0,2.8,94.1,4.2
SC,2026-01-16,6.7,2.7,92.8,13.7
NDLS,2026-01-17,0.0,1.6,87.8,11.6
CNB,2026-01-17,0.0,2.6,78.8,18.5
PRYJ,2026-01-17,0.0,2.8,82.1,13.8
DDU,2026-01-17,1.7,-0.2,84.2,3.4
BSB,2026-01-17,0.0,2.1,93.6,2.0
GKP,2026-01-17,0.0,1.4,82.4,10.0
HWH,2026-01-17,1.1,-0.7,75.6,12.6
BCT,2026-01-17,0.0,2.9,85.8,2.9
BRC,2026-01-17,0.0,0.0,99.0,8.4
RTM,2026-01-17,14.0,-0.3,98.0,9.7
KOTA,2026-01-17,0.0,2.6,87.1,9.6
ST,2026-01-17,5.6,-0.1,84.0,15.2
GZB,2026-01-17,0.0,2.6,85.0,2.2
ALJN,2026-01-17,0.0,1.0,73.6,7.9
TDL,2026-01-17,0.0,0.1,99.0,9.8
LKO,2026-01-17,0.0,1.6,99.0,14.1
AGC,2026-01-17,0.0,2.0,80.5,10.8
VGLJ,2026-01-17,0.0,2.8,93.0,7.0
BPL,2026-01-17,0.0,-0.6,92.1,12.3
NGP,2026-01-17,0.0,-0.7,76.9,11.9
MAS,2026-01-17,2.0,1.9,99.0,8.7
PPTA,2026-01-17,0.0,-0.1,78.6,7.1
GHY,2026-01-17,0.0,0.2,77.1,17.8
ASR,2026-01-17,0.0,2.4,96.8,17.3
SBC,2026-01-17,0.0,3.3,67.3,5.1
DMM,2026-01-17,0.0,0.5,82.0,8.2
GTL,2026-01-17,0.0,0.5,87.2,10.1
SC,2026-01-17,0.0,0.8,75.1,7.8
NDLS,2026-01-18,0.0,-0.7,82.5,5.5
CNB,2026-01-18,0.0,-0.5,83.7,5.7
PRYJ,2026-01-18,0.0,-0.2,83.5,6.5
DDU,2026-01-18,0.0,2.7,94.1,11.6
BSB,2026-01-18,0.0,-1.0,88.8,12.8
GKP,2026-01-18,0.0,1.8,89.6,13.7
HWH,2026-01-18,27.4,-0.0,68.3,12.8
BCT,2026-01-18,0.0,-0.7,88.9,11.7
BRC,2026-01-18,0.0,1.3,85.7,19.3
RTM,2026-01-18,0.0,0.8,78.1,9.6
KOTA,2026-01-18,0.0,1.9,97.3,11.8
ST,2026-01-18,0.0,0.5,89.6,15.0
GZB,2026-01-18,0.0,-0.4,98.9,13.0
ALJN,2026-01-18,0.0,1.2,99.0,11.8
TDL,2026-01-18,0.0,-0.9,92.6,13.9
LKO,2026-01-18,0.0,-1.1,98.3,6.5
AGC,2026-01-18,0.0,0.5,72.2,5.4
VGLJ,2026-01-18,0.0,0.4,80.3,14.1
BPL,2026-01-18,0.0,0.3,99.0,9.1
NGP,2026-01-18,0.0,2.6,84.0,4.9
MAS,2026-01-18,0.0,2.6,73.2,8.0
PPTA,2026-01-18,0.0,-0.8,77.7,13.1
GHY,2026-01-18,0.0,-1.1,72.2,5.6
ASR,2026-01-18,0.0,2.4,88.1,9.1
SBC,2026-01-18,19.8,2.7,90.3,2.0
DMM,2026-01-18,0.0,2.4,76.7,7.2
GTL,2026-01-18,0.0,-0.9,84.6,9.2
SC,2026-01-18,0.0,-1.0,78.6,5.7
NDLS,2026-01-19,0.0,1.6,77.3,16.1
CNB,2026-01-19,0.0,1.1,78.6,2.0
PRYJ,2026-01-19,0.0,1.1,85.3,7.4
DDU,2026-01-19,0.0,-1.8,82.0,13.4
BSB,2026-01-19,0.0,1.8,82.7,8.6
GKP,2026-01-19,0.0,-0.3,51.8,7.6
HWH,2026-01-19,0.0,1.9,82.3,11.4
BCT,2026-01-19,0.0,0.1,68.2,5.2
BRC,2026-01-19,0.0,1.4,88.7,10.1
RTM,2026-01-19,0.0,-1.7,79.6,11.7
KOTA,2026-01-19,0.0,0.5,81.1,13.3
ST,2026-01-19,0.0,-0.6,79.2,6.6
GZB,2026-01-19,0.0,-0.3,99.0,12.4
ALJN,2026-01-19,0.0,0.4,77.6,8.5
TDL,2026-01-19,0.0,1.1,79.2,4.0
LKO,2026-01-19,0.0,0.1,81.7,10.5
AGC,2026-01-19,6.3,1.0,83.1,15.1
VGLJ,2026-01-19,0.0,-1.3,87.6,11.5
BPL,2026-01-19,0.0,-0.3,85.5,12.8
NGP,2026-01-19,0.0,1.5,73.6,10.3
MAS,2026-01-19,0.0,-1.0,84.5,7.7
PPTA,2026-01-19,0.0,-0.2,88.5,5.1
GHY,2026-01-19,0.0,-1.6,77.2,21.3
ASR,2026-01-19,0.0,1.4,81.5,9.2
SBC,2026-01-19,0.0,-0.8,89.0,12.0
DMM,2026-01-19,0.0,0.6,77.0,16.2
GTL,2026-01-19,0.0,1.4,88.4,17.5
SC,2026-01-19,0.0,1.6,98.1,7.8
NDLS,2026-01-20,0.0,-2.1,72.7,4.2
CNB,2026-01-20,0.0,-0.5,64.2,10.8
PRYJ,2026-01-20,0.0,-2.9,78.7,12.3
DDU,2026-01-20,0.0,-1.2,79.1,6.7
BSB,2026-01-20,0.0,-2.4,90.1,18.7
GKP,2026-01-20,0.0,-1.0,97.8,12.1
HWH,2026-01-20,0.0,-2.7,96.6,11.7
BCT,2026-01-20,0.0,-1.8,63.3,12.9
BRC,2026-01-20,0.0,-1.2,89.9,13.7
RTM,2026-01-20,0.0,-1.3,78.6,14.4
KOTA,2026-01-20,0.0,-1.9,73.4,10.5
ST,2026-01-20,0.0,-1.8,84.7,2.0
GZB,2026-01-20,15.7,-0.5,90.7,7.3
ALJN,2026-01-20,0.0,-2.4,80.8,10.1
TDL,2026-01-20,15.6,-1.2,80.3,6.0
LKO,2026-01-20,0.0,-1.0,96.0,8.3
AGC,2026-01-20,0.0,-3.3,74.2,12.2
VGLJ,2026-01-20,0.0,-2.8,72.5,8.0
BPL,2026-01-20,0.0,-1.4,85.2,8.9
NGP,2026-01-20,0.0,-1.7,99.0,11.7
MAS,2026-01-20,0.0,-2.1,83.7,7.5
PPTA,2026-01-20,0.0,-3.8,88.3,2.4
GHY,2026-01-20,0.0,-3.5,96.4,3.7
ASR,2026-01-20,0.0,-3.6,88.1,9.3
SBC,2026-01-20,0.0,-0.6,92.7,10.1
DMM,2026-01-20,0.0,-0.3,89.6,17.8
GTL,2026-01-20,21.9,-4.0,81.5,13.6
SC,2026-01-20,0.0,-0.5,81.9,15.3
NDLS,2026-01-21,0.0,-4.9,99.0,2.7
CNB,2026-01-21,0.0,-4.9,77.6,7.5
PRYJ,2026-01-21,0.0,-3.2,99.0,8.7
DDU,2026-01-21,0.0,-3.3,94.8,10.7
BSB,2026-01-21,0.0,-5.3,82.9,12.4
GKP,2026-01-21,0.0,-3.5,99.0,2.0
HWH,2026-01-21,0.0,-2.0,96.5,9.7
BCT,2026-01-21,0.0,-1.7,87.1,13.9
BRC,2026-01-21,0.0,-3.6,87.7,16.7
RTM,2026-01-21,0.0,-5.0,63.8,7.2
KOTA,2026-01-21,0.0,-2.8,90.2,8.2
ST,2026-01-21,0.0,-4.2,99.0,7.5
GZB,2026-01-21,0.0,-1.5,86.0,7.0
ALJN,2026-01-21,0.0,-4.2,84.0,3.3
TDL,2026-01-21,0.0,-3.3,71.7,18.4
LKO,2026-01-21,0.0,-3.5,85.2,8.5
AGC,2026-01-21,3.7,-4.0,77.7,3.9
VGLJ,2026-01-21,0.0,-4.8,94.8,15.8
BPL,2026-01-21,0.0,-2.1,98.8,10.3
NGP,2026-01-21,0.0,-3.6,65.4,3.8
MAS,2026-01-21,0.0,-2.3,73.5,7.3
PPTA,2026-01-21,0.0,-3.9,98.4,11.4
GHY,2026-01-21,0.0,-2.2,85.3,10.5
ASR,2026-01-21,0.0,-3.7,94.2,13.4
SBC,2026-01-21,0.0,-4.5,85.1,14.5
DMM,2026-01-21,0.0,-2.6,80.1,13.1
GTL,2026-01-21,0.0,-3.0,96.1,13.6
SC,2026-01-21,0.0,-5.2,75.1,9.1
NDLS,2026-01-22,0.0,-4.4,66.9,4.7
CNB,2026-01-22,0.0,-3.1,82.1,10.3
PRYJ,2026-01-22,0.0,-2.3,88.5,4.7
DDU,2026-01-22,0.0,-4.2,83.5,13.8
BSB,2026-01-22,0.0,-5.8,87.3,12.1
GKP,2026-01-22,15.6,-4.2,72.7,10.5
HWH,2026-01-22,0.0,-6.0,83.9,9.5
BCT,2026-01-22,0.0,-5.7,93.7,12.4
BRC,2026-01-22,0.0,-4.2,88.0,3.4
RTM,2026-01-22,0.0,-3.1,75.7,9.0
KOTA,2026-01-22,0.0,-2.9,86.0,16.9
ST,2026-01-22,0.0,-3.1,85.7,13.3
GZB,2026-01-22,0.0,-4.0,84.3,12.9
ALJN,2026-01-22,0.0,-5.5,85.1,5.7
TDL,2026-01-22,0.0,-3.8,90.8,11.9
LKO,2026-01-22,0.0,-4.6,70.7,9.7
AGC,2026-01-22,0.0,-5.6,84.2,7.6
VGLJ,2026-01-22,0.0,-4.2,73.6,10.9
BPL,2026-01-22,0.0,-2.9,99.0,12.7
NGP,2026-01-22,0.0,-2.5,69.5,16.0
MAS,2026-01-22,0.0,-4.0,98.2,7.8
PPTA,2026-01-22,0.0,-4.3,99.0,4.0
GHY,2026-01-22,0.0,-2.1,79.9,8.2
ASR,2026-01-22,0.0,-5.9,70.8,10.9
SBC,2026-01-22,0.0,-3.3,76.9,5.0
DMM,2026-01-22,0.0,-2.1,82.2,16.3
GTL,2026-01-22,0.0,-2.9,93.9,11.7
SC,2026-01-22,0.0,-2.3,79.5,4.3
NDLS,2026-01-23,0.0,-4.8,73.8,13.3
CNB,2026-01-23,0.0,-5.8,76.8,10.5
PRYJ,2026-01-23,0.0,-7.1,89.3,3.6
DDU,2026-01-23,0.0,-5.8,84.8,11.4
BSB,2026-01-23,0.0,-4.4,99.0,10.4
GKP,2026-01-23,0.0,-7.1,92.7,7.9
HWH,2026-01-23,0.0,-7.5,95.3,4.8
BCT,2026-01-23,0.0,-5.9,89.7,10.6
BRC,2026-01-23,0.0,-7.7,97.3,11.7
RTM,2026-01-23,0.0,-6.3,82.6,14.1
KOTA,2026-01-23,1.7,-5.7,98.6,13.5
ST,2026-01-23,0.0,-5.5,64.7,6.9
GZB,2026-01-23,0.0,-5.9,84.3,10.2
ALJN,2026-01-23,0.0,-4.3,78.8,11.7
TDL,2026-01-23,0.0,-5.2,81.8,9.8
LKO,2026-01-23,2.7,-7.2,88.0,7.5
AGC,2026-01-23,0.0,-7.7,81.7,10.3
VGLJ,2026-01-23,0.0,-4.1,83.8,8.6
BPL,2026-01-23,0.0,-7.5,81.4,18.1
NGP,2026-01-23,2.8,-6.3,87.7,5.9
MAS,2026-01-23,0.0,-6.5,78.5,18.5
PPTA,2026-01-23,0.0,-6.2,65.7,9.7
GHY,2026-01-23,0.0,-5.6,84.7,8.2
ASR,2026-01-23,0.0,-7.6,95.8,10.7
SBC,2026-01-23,5.4,-4.3,74.0,11.0
DMM,2026-01-23,0.0,-4.8,90.7,8.0
GTL,2026-01-23,0.0,-5.2,86.3,7.6
SC,2026-01-23,7.2,-5.6,72.7,11.7
NDLS,2026-01-24,0.0,-4.2,96.4,9.6
CNB,2026-01-24,0.0,-3.9,75.6,6.3
PRYJ,2026-01-24,0.0,-2.0,99.0,7.2
DDU,2026-01-24,0.0,-1.2,88.4,7.4
BSB,2026-01-24,0.0,-1.8,85.2,4.1
GKP,2026-01-24,0.0,-2.5,70.2,12.5
HWH,2026-01-24,0.0,-3.9,59.6,15.9
BCT,2026-01-24,0.0,-3.3,88.5,4.7
BRC,2026-01-24,0.0,-2.1,87.9,8.2
RTM,2026-01-24,0.0,-4.0,75.3,14.8
KOTA,2026-01-24,0.0,-4.1,90.2,7.5
ST,2026-01-24,11.2,-3.2,88.9,2.0
GZB,2026-01-24,0.0,-4.4,75.3,6.8
ALJN,2026-01-24,0.0,-4.3,87.0,4.4
TDL,2026-01-24,0.0,-2.7,71.7,8.9
LKO,2026-01-24,0.0,-3.3,91.4,12.9
AGC,2026-01-24,23.9,-4.7,96.4,10.5
VGLJ,2026-01-24,0.0,-5.0,96.3,10.5
BPL,2026-01-24,0.0,-4.9,95.3,9.0
NGP,2026-01-24,0.0,-1.5,95.3,8.1
MAS,2026-01-24,0.0,-1.7,92.2,10.8
PPTA,2026-01-24,6.1,-3.4,96.7,2.5
GHY,2026-01-24,51.2,-3.5,69.3,20.3
ASR,2026-01-24,0.0,-1.4,90.1,7.9
SBC,2026-01-24,0.0,-4.2,70.9,10.3
DMM,2026-01-24,0.0,-2.2,90.0,7.9
GTL,2026-01-24,0.0,-2.7,87.7,14.8
SC,2026-01-24,0.0,-3.4,76.0,7.7
NDLS,2026-01-25,0.0,-1.9,68.9,15.1
CNB,2026-01-25,0.0,-1.3,59.4,8.5
PRYJ,2026-01-25,0.0,-1.8,99.0,2.0
DDU,2026-01-25,0.0,-1.4,88.3,12.4
BSB,2026-01-25,0.0,-0.4,90.2,13.5
GKP,2026-01-25,0.0,-1.6,87.1,10.6
HWH,2026-01-25,0.0,-3.5,69.5,9.5
BCT,2026-01-25,0.0,-2.8,86.8,7.1
BRC,2026-01-25,0.0,-0.6,76.5,12.0
RTM,2026-01-25,0.0,-4.3,92.6,6.8
KOTA,2026-01-25,0.0,-2.0,82.6,11.4
ST,2026-01-25,0.0,-2.1,78.0,9.9
GZB,2026-01-25,0.0,-0.6,87.4,17.6
ALJN,2026-01-25,3.1,-1.0,76.9,9.8
TDL,2026-01-25,0.0,-1.5,92.9,12.1
LKO,2026-01-25,0.0,-2.8,90.9,4.8
AGC,2026-01-25,0.0,-4.3,91.6,10.9
VGLJ,2026-01-25,0.0,-2.8,92.1,10.6
BPL,2026-01-25,0.0,-2.8,83.5,14.4
NGP,2026-01-25,0.0,-4.3,89.6,5.3
MAS,2026-01-25,0.0,-1.6,86.1,8.7
PPTA,2026-01-25,0.0,-1.0,80.4,12.0
GHY,2026-01-25,0.0,-0.8,86.7,11.9
ASR,2026-01-25,0.0,-3.4,94.5,9.7
SBC,2026-01-25,0.0,-3.8,94.0,7.6
DMM,2026-01-25,0.0,-0.7,96.7,7.9
GTL,2026-01-25,0.0,-2.2,74.6,11.5
SC,2026-01-25,0.0,-1.0,84.6,10.3
NDLS,2026-01-26,0.0,0.2,73.4,5.6
CNB,2026-01-26,0.0,0.3,81.5,12.8
PRYJ,2026-01-26,0.0,0.1,81.9,5.6
DDU,2026-01-26,0.0,-0.8,96.8,5.5
BSB,2026-01-26,0.0,-1.8,86.1,12.8
GKP,2026-01-26,20.0,-0.3,93.0,4.0
HWH,2026-01-26,0.0,1.2,80.8,16.8
BCT,2026-01-26,0.0,-2.5,85.5,5.1
BRC,2026-01-26,0.0,-0.3,80.8,2.0
RTM,2026-01-26,0.0,-1.5,94.2,2.2
KOTA,2026-01-26,0.0,-1.7,71.0,10.0
ST,2026-01-26,0.0,-0.8,72.4,10.7
GZB,2026-01-26,0.0,0.6,93.5,7.9
ALJN,2026-01-26,0.0,-0.1,98.7,12.9
TDL,2026-01-26,15.0,0.6,78.4,10.7
LKO,2026-01-26,13.3,-0.7,91.0,10.2
AGC,2026-01-26,0.0,-2.0,90.1,4.9
VGLJ,2026-01-26,0.0,0.2,88.5,11.2
BPL,2026-01-26,0.0,-2.4,84.9,17.9
NGP,2026-01-26,0.0,-1.9,67.9,4.2
MAS,2026-01-26,0.0,0.5,74.8,15.7
PPTA,2026-01-26,0.0,1.1,89.6,12.4
GHY,2026-01-26,0.0,-1.2,79.1,6.4
ASR,2026-01-26,0.0,0.4,82.3,17.0
SBC,2026-01-26,4.7,-2.4,99.0,6.9
DMM,2026-01-26,0.0,-2.7,95.0,8.4
GTL,2026-01-26,0.0,-0.6,91.5,13.7
SC,2026-01-26,0.0,-0.6,87.5,7.3
NDLS,2026-01-27,3.1,0.8,82.1,12.1
CNB,2026-01-27,0.0,-0.2,69.6,17.0
PRYJ,2026-01-27,13.6,-1.6,93.2,14.7
DDU,2026-01-27,0.0,-0.2,65.5,9.6
BSB,2026-01-27,4.3,-2.4,85.6,13.6
GKP,2026-01-27,0.0,-1.9,78.0,6.6
HWH,2026-01-27,0.0,-1.9,76.1,8.2
BCT,2026-01-27,0.0,-1.0,95.1,10.8
BRC,2026-01-27,0.0,-2.0,73.3,19.6
RTM,2026-01-27,0.0,-0.2,72.0,8.2
KOTA,2026-01-27,3.4,-0.6,80.4,4.8
ST,2026-01-27,10.7,-2.4,99.0,13.2
GZB,2026-01-27,3.4,-0.2,77.2,12.6
ALJN,2026-01-27,0.0,-1.4,98.0,11.6
TDL,2026-01-27,0.0,-1.7,91.8,14.2
LKO,2026-01-27,0.0,-0.1,99.0,11.8
AGC,2026-01-27,0.0,-1.7,81.1,13.0
VGLJ,2026-01-27,0.0,-0.6,96.7,9.0
BPL,2026-01-27,0.0,0.4,65.2,8.3
NGP,2026-01-27,0.0,-0.4,73.0,2.0
MAS,2026-01-27,0.0,1.1,81.3,9.7
PPTA,2026-01-27,18.0,-0.5,82.5,16.5
GHY,2026-01-27,0.0,-1.1,75.1,6.7
ASR,2026-01-27,0.0,1.0,80.2,12.0
SBC,2026-01-27,2.7,-2.2,77.7,13.1
DMM,2026-01-27,0.0,0.1,87.1,9.8
GTL,2026-01-27,0.0,-1.8,78.5,8.7
SC,2026-01-27,0.0,-0.8,94.2,12.3
NDLS,2026-01-28,9.6,-0.3,86.5,7.8
CNB,2026-01-28,0.0,0.3,79.2,13.7
PRYJ,2026-01-28,0.0,-0.1,94.7,7.8
DDU,2026-01-28,14.3,-2.4,92.4,12.7
BSB,2026-01-28,2.6,1.3,88.3,17.9
GKP,2026-01-28,0.0,-2.1,96.8,10.3
HWH,2026-01-28,0.0,0.4,65.9,9.8
BCT,2026-01-28,0.0,-2.0,65.8,3.6
BRC,2026-01-28,0.0,-2.3,77.0,10.4
RTM,2026-01-28,19.3,1.3,98.4,6.9
KOTA,2026-01-28,14.6,-0.9,84.7,7.4
ST,2026-01-28,0.0,0.4,92.0,7.0
GZB,2026-01-28,0.0,0.7,86.2,2.0
ALJN,2026-01-28,0.0,-1.0,77.3,14.9
TDL,2026-01-28,0.0,-0.7,89.5,10.9
LKO,2026-01-28,0.0,0.2,91.2,14.9
AGC,2026-01-28,0.4,-2.2,97.8,9.3
VGLJ,2026-01-28,0.0,-1.2,72.8,13.5
BPL,2026-01-28,1.1,-2.0,89.5,2.8
NGP,2026-01-28,0.0,-2.2,89.7,5.5
MAS,2026-01-28,0.0,0.0,78.0,4.6
PPTA,2026-01-28,0.0,-2.1,91.6,10.9
GHY,2026-01-28,57.3,0.1,87.9,7.4
ASR,2026-01-28,0.0,-1.5,76.5,17.8
SBC,2026-01-28,0.0,-1.5,88.2,9.6
DMM,2026-01-28,0.0,0.7,90.5,7.9
GTL,2026-01-28,0.0,-1.8,93.7,8.8
SC,2026-01-28,0.0,-1.9,67.1,9.8
NDLS,2026-01-29,0.0,-1.3,75.3,9.4
CNB,2026-01-29,0.0,-3.0,82.1,11.7
PRYJ,2026-01-29,9.4,-3.2,76.5,15.7
DDU,2026-01-29,0.0,-0.9,88.1,11.6
BSB,2026-01-29,3.2,-1.3,90.3,2.9
GKP,2026-01-29,13.1,-2.6,80.7,2.7
HWH,2026-01-29,0.0,-3.1,94.0,10.6
BCT,2026-01-29,0.0,-1.6,86.8,13.7
BRC,2026-01-29,0.0,0.1,80.6,9.5
RTM,2026-01-29,0.0,-1.3,79.6,11.7
KOTA,2026-01-29,0.0,-1.8,75.5,11.8
ST,2026-01-29,0.0,0.0,92.7,8.2
GZB,2026-01-29,6.8,-1.8,69.7,12.2
ALJN,2026-01-29,16.1,-1.4,72.1,5.3
TDL,2026-01-29,0.0,-3.5,62.3,17.8
LKO,2026-01-29,0.0,0.0,65.1,10.1
AGC,2026-01-29,0.0,-2.9,91.4,6.0
VGLJ,2026-01-29,0.0,-2.2,96.7,10.0
BPL,2026-01-29,0.0,-1.3,99.0,6.3
NGP,2026-01-29,0.7,-0.0,73.8,7.1
MAS,2026-01-29,0.0,-2.5,81.8,8.9
PPTA,2026-01-29,0.0,0.1,78.5,7.0
GHY,2026-01-29,0.0,0.1,82.7,10.7
ASR,2026-01-29,0.0,-0.3,90.1,3.6
SBC,2026-01-29,0.0,-0.3,80.7,4.0
DMM,2026-01-29,0.0,-3.5,85.1,10.0
GTL,2026-01-29,0.0,-2.3,84.1,9.1
SC,2026-01-29,5.2,-0.1,84.1,8.7
NDLS,2026-01-30,0.0,-3.9,83.3,14.1
CNB,2026-01-30,0.0,-3.5,80.7,7.4
PRYJ,2026-01-30,0.0,-2.4,84.0,18.1
DDU,2026-01-30,0.0,-1.5,81.7,6.9
BSB,2026-01-30,0.0,-3.3,90.9,12.8
GKP,2026-01-30,0.0,-2.6,85.9,7.3
HWH,2026-01-30,0.0,-1.4,93.6,5.2
BCT,2026-01-30,0.0,-3.1,61.2,9.0
BRC,2026-01-30,0.0,-1.7,99.0,10.4
RTM,2026-01-30,0.0,-1.2,81.3,11.6
KOTA,2026-01-30,0.0,-3.9,88.9,18.7
ST,2026-01-30,0.0,-3.3,96.4,6.6
GZB,2026-01-30,0.0,-2.5,89.2,9.6
ALJN,2026-01-30,0.0,-2.3,85.2,9.5
TDL,2026-01-30,0.0,-1.7,83.5,3.9
LKO,2026-01-30,0.0,-4.3,80.3,9.5
AGC,2026-01-30,0.0,-3.2,87.9,10.1
VGLJ,2026-01-30,0.0,-1.4,84.9,12.0
BPL,2026-01-30,5.8,-1.8,85.2,15.5
NGP,2026-01-30,0.0,-1.8,90.5,8.6
MAS,2026-01-30,0.0,-2.7,82.6,14.2
PPTA,2026-01-30,0.0,-1.6,97.0,8.2
GHY,2026-01-30,0.0,-2.2,98.6,4.5
ASR,2026-01-30,0.0,-0.9,99.0,11.5
SBC,2026-01-30,0.0,-1.5,98.4,12.6
DMM,2026-01-30,0.0,-1.2,81.0,9.8
GTL,2026-01-30,0.0,-3.1,81.3,7.5
SC,2026-01-30,0.0,-4.4,90.0,3.5
NDLS,2026-01-31,0.0,-2.9,83.9,10.5
CNB,2026-01-31,15.1,-5.7,86.0,7.0
PRYJ,2026-01-31,0.0,-5.7,87.5,14.8
DDU,2026-01-31,0.0,-3.2,84.3,10.6
BSB,2026-01-31,0.0,-4.3,94.4,8.9
GKP,2026-01-31,0.0,-2.8,78.9,2.0
HWH,2026-01-31,0.0,-3.3,85.6,7.6
BCT,2026-01-31,0.0,-6.7,81.7,2.0
BRC,2026-01-31,1.7,-3.5,71.1,7.9
RTM,2026-01-31,0.0,-5.4,83.2,12.0
KOTA,2026-01-31,0.0,-5.5,90.1,13.8
ST,2026-01-31,0.0,-5.8,99.0,13.1
GZB,2026-01-31,0.0,-3.2,83.8,13.5
ALJN,2026-01-31,0.0,-3.7,83.9,4.2
TDL,2026-01-31,0.0,-5.0,71.4,9.1
LKO,2026-01-31,0.0,-3.1,75.4,9.8
AGC,2026-01-31,0.0,-3.6,93.1,8.8
VGLJ,2026-01-31,0.0,-2.8,67.4,12.3
BPL,2026-01-31,0.0,-4.4,81.0,9.3
NGP,2026-01-31,0.0,-5.7,99.0,13.8
MAS,2026-01-31,0.0,-4.3,96.9,8.9
PPTA,2026-01-31,0.0,-4.8,99.0,6.8
GHY,2026-01-31,0.0,-6.5,70.7,18.8
ASR,2026-01-31,0.0,-4.5,67.6,8.4
SBC,2026-01-31,0.0,-6.2,90.9,8.9
DMM,2026-01-31,0.0,-4.0,79.1,10.3
GTL,2026-01-31,0.0,-3.0,85.1,10.8
SC,2026-01-31,10.0,-3.9,92.4,12.8
NDLS,2026-02-01,0.0,-6.2,95.1,5.5
CNB,2026-02-01,0.0,-7.9,84.9,6.2
PRYJ,2026-02-01,0.0,-7.6,76.0,11.4
DDU,2026-02-01,0.0,-6.4,88.7,11.3
BSB,2026-02-01,0.0,-7.8,78.8,10.1
GKP,2026-02-01,0.0,-5.5,81.6,11.2
HWH,2026-02-01,0.0,-9.1,94.8,6.0
BCT,2026-02-01,26.9,-7.1,99.0,8.6
BRC,2026-02-01,0.0,-7.3,75.4,7.5
RTM,2026-02-01,0.0,-7.1,99.0,5.9
KOTA,2026-02-01,4.1,-6.5,76.4,9.3
ST,2026-02-01,55.8,-8.3,81.1,10.9
GZB,2026-02-01,0.0,-9.2,99.0,8.8
ALJN,2026-02-01,0.0,-5.6,90.5,7.5
TDL,2026-02-01,0.0,-5.5,73.7,15.1
LKO,2026-02-01,0.0,-7.8,86.9,12.6
AGC,2026-02-01,0.0,-6.1,86.6,4.1
VGLJ,2026-02-01,0.0,-8.6,94.4,7.3
BPL,2026-02-01,0.0,-6.0,90.0,5.7
NGP,2026-02-01,0.0,-5.3,74.9,7.6
MAS,2026-02-01,0.0,-6.0,76.6,5.3
PPTA,2026-02-01,0.0,-8.3,99.0,10.1
GHY,2026-02-01,0.0,-7.6,69.3,5.5
ASR,2026-02-01,0.0,-6.7,77.2,8.2
SBC,2026-02-01,0.0,-7.8,92.2,10.9
DMM,2026-02-01,0.0,-9.1,85.1,4.4
GTL,2026-02-01,0.0,-7.6,90.3,4.2
SC,2026-02-01,0.0,-5.7,83.1,11.2
NDLS,2026-02-02,12.3,-10.0,98.2,12.9
CNB,2026-02-02,0.0,-7.0,84.4,10.7
PRYJ,2026-02-02,0.0,-9.3,94.1,13.3
DDU,2026-02-02,0.0,-7.8,62.8,11.4
BSB,2026-02-02,0.0,-10.7,85.2,12.3
GKP,2026-02-02,8.8,-6.8,94.8,8.3
HWH,2026-02-02,0.0,-9.3,81.5,14.0
BCT,2026-02-02,0.0,-10.7,72.5,13.1
BRC,2026-02-02,8.9,-9.0,80.0,15.9
RTM,2026-02-02,2.3,-9.1,84.4,5.1
KOTA,2026-02-02,0.0,-8.6,86.7,7.2
ST,2026-02-02,0.0,-8.6,82.2,11.4
GZB,2026-02-02,0.0,-10.6,76.7,5.7
ALJN,2026-02-02,0.0,-8.3,79.8,2.0
TDL,2026-02-02,0.0,-8.9,98.5,11.5
LKO,2026-02-02,0.0,-9.0,77.8,7.5
AGC,2026-02-02,0.0,-8.8,96.3,4.7
VGLJ,2026-02-02,0.0,-7.9,64.8,15.3
BPL,2026-02-02,0.0,-6.9,76.4,15.1
NGP,2026-02-02,0.0,-8.1,93.2,6.1
MAS,2026-02-02,0.0,-8.7,91.5,3.9
PPTA,2026-02-02,0.0,-9.0,95.2,6.0
GHY,2026-02-02,0.0,-7.5,95.3,4.9
ASR,2026-02-02,0.0,-8.0,75.6,16.4
SBC,2026-02-02,0.0,-9.2,89.8,6.6
DMM,2026-02-02,0.0,-10.4,87.6,11.0
GTL,2026-02-02,0.0,-7.1,82.7,10.9
SC,2026-02-02,0.0,-10.7,96.5,13.2
NDLS,2026-02-03,0.0,-7.9,90.2,6.5
CNB,2026-02-03,6.6,-8.0,90.3,6.9
PRYJ,2026-02-03,0.0,-8.0,68.0,12.1
DDU,2026-02-03,0.0,-7.4,77.0,2.8
BSB,2026-02-03,0.0,-6.7,65.3,5.4
GKP,2026-02-03,0.0,-6.3,88.2,10.0
HWH,2026-02-03,1.8,-7.7,68.9,6.3
BCT,2026-02-03,0.0,-8.5,76.8,8.6
BRC,2026-02-03,0.0,-7.7,95.8,6.0
RTM,2026-02-03,0.0,-6.5,78.4,4.8
KOTA,2026-02-03,0.0,-6.5,81.6,9.0
ST,2026-02-03,0.0,-5.4,83.2,19.4
GZB,2026-02-03,0.0,-5.4,93.1,9.9
ALJN,2026-02-03,2.0,-6.0,90.3,11.8
TDL,2026-02-03,0.0,-6.7,75.7,18.1
LKO,2026-02-03,32.5,-6.2,92.0,15.4
AGC,2026-02-03,0.0,-7.6,99.0,6.1
VGLJ,2026-02-03,0.0,-6.4,97.0,11.7
BPL,2026-02-03,0.0,-8.8,87.8,16.3
NGP,2026-02-03,0.0,-6.3,76.0,9.9
MAS,2026-02-03,0.0,-8.3,83.5,11.7
PPTA,2026-02-03,0.0,-6.3,89.6,14.6
GHY,2026-02-03,0.0,-8.9,85.7,16.7
ASR,2026-02-03,0.0,-5.3,99.0,12.1
SBC,2026-02-03,0.0,-4.9,75.1,7.8
DMM,2026-02-03,0.0,-5.3,92.0,11.8
GTL,2026-02-03,0.0,-8.7,89.0,17.4
SC,2026-02-03,0.0,-6.2,95.3,8.5
NDLS,2026-02-04,0.0,-7.1,83.7,8.3
CNB,2026-02-04,0.0,-6.3,77.0,17.8
PRYJ,2026-02-04,2.0,-5.2,99.0,15.3
DDU,2026-02-04,0.0,-4.7,94.4,14.6
BSB,2026-02-04,0.0,-3.9,99.0,14.4
GKP,2026-02-04,0.0,-3.8,63.6,11.3
HWH,2026-02-04,0.0,-5.7,85.9,7.7
BCT,2026-02-04,0.0,-6.4,81.6,9.5
BRC,2026-02-04,0.0,-4.0,81.9,15.1
RTM,2026-02-04,0.0,-4.2,82.0,21.0
KOTA,2026-02-04,0.0,-4.9,78.1,8.2
ST,2026-02-04,0.0,-5.4,82.9,6.7
GZB,2026-02-04,0.0,-5.7,82.8,7.6
ALJN,2026-02-04,0.0,-4.5,92.9,8.1
TDL,2026-02-04,0.0,-5.8,75.5,8.5
LKO,2026-02-04,0.2,-6.5,91.1,9.4
AGC,2026-02-04,0.0,-4.3,83.9,10.1
VGLJ,2026-02-04,14.0,-6.9,72.6,12.6
BPL,2026-02-04,0.0,-7.2,87.9,12.1
NGP,2026-02-04,0.0,-6.4,91.5,15.6
MAS,2026-02-04,0.0,-6.1,83.5,9.8
PPTA,2026-02-04,0.0,-6.2,77.8,10.9
GHY,2026-02-04,0.0,-4.2,76.9,5.9
ASR,2026-02-04,0.0,-5.5,99.0,9.7
SBC,2026-02-04,0.0,-6.5,90.1,7.7
DMM,2026-02-04,0.0,-5.1,99.0,9.1
GTL,2026-02-04,0.0,-7.5,99.0,12.0
SC,2026-02-04,0.0,-7.5,85.8,11.3
NDLS,2026-02-05,0.0,-3.3,84.2,2.0
CNB,2026-02-05,0.0,-1.5,83.5,11.1
PRYJ,2026-02-05,0.0,-4.2,66.5,7.7
DDU,2026-02-05,0.0,-3.7,92.9,13.5
BSB,2026-02-05,0.5,-1.9,86.7,15.8
GKP,2026-02-05,2.9,-2.9,94.5,11.5
HWH,2026-02-05,0.0,-1.5,97.5,10.7
BCT,2026-02-05,0.0,-3.0,85.7,10.4
BRC,2026-02-05,0.0,-1.5,97.2,10.3
RTM,2026-02-05,0.0,-4.7,89.9,8.0
KOTA,2026-02-05,0.0,-2.7,99.0,8.8
ST,2026-02-05,0.0,-2.6,85.5,13.8
GZB,2026-02-05,25.5,-3.2,86.2,4.8
ALJN,2026-02-05,0.0,-2.0,69.0,10.7
TDL,2026-02-05,0.0,-2.1,98.1,13.5
LKO,2026-02-05,0.0,-3.0,92.1,11.0
AGC,2026-02-05,0.0,-3.5,73.3,2.0
VGLJ,2026-02-05,0.0,-4.9,99.0,9.3
BPL,2026-02-05,0.0,-3.7,79.7,10.4
NGP,2026-02-05,0.0,-1.3,75.9,8.3
MAS,2026-02-05,0.0,-4.6,99.0,11.5
PPTA,2026-02-05,0.0,-1.9,91.1,9.7
GHY,2026-02-05,11.5,-2.3,91.1,11.1
ASR,2026-02-05,0.0,-3.7,85.4,7.1
SBC,2026-02-05,0.0,-1.9,70.6,10.5
DMM,2026-02-05,0.0,-4.7,86.6,7.0
GTL,2026-02-05,8.0,-5.0,81.0,10.3
SC,2026-02-05,0.0,-2.9,78.4,11.6
NDLS,2026-02-06,0.0,0.8,90.5,12.9
CNB,2026-02-06,0.0,0.9,90.7,14.3
PRYJ,2026-02-06,0.0,-0.3,86.6,10.3
DDU,2026-02-06,0.0,1.2,79.6,13.3
BSB,2026-02-06,0.0,0.2,80.2,3.5
GKP,2026-02-06,0.0,-0.1,79.1,13.6
HWH,2026-02-06,0.0,-0.7,91.8,11.2
BCT,2026-02-06,0.0,-1.5,99.0,11.6
BRC,2026-02-06,0.0,-1.2,77.6,6.7
RTM,2026-02-06,0.0,0.4,90.7,16.1
KOTA,2026-02-06,0.0,0.6,85.6,11.7
ST,2026-02-06,0.0,-0.6,89.9,19.5
GZB,2026-02-06,0.0,-1.6,95.0,15.1
ALJN,2026-02-06,0.0,-1.3,77.2,8.0
TDL,2026-02-06,0.0,0.2,79.4,9.3
LKO,2026-02-06,30.5,2.0,89.6,10.7
AGC,2026-02-06,6.7,-0.8,65.4,7.7
VGLJ,2026-02-06,0.0,2.2,75.3,11.9
BPL,2026-02-06,0.0,1.3,92.6,9.5
NGP,2026-02-06,0.0,-0.9,69.9,14.0
MAS,2026-02-06,1.8,-0.9,69.0,8.8
PPTA,2026-02-06,0.0,-0.6,99.0,10.5
GHY,2026-02-06,0.0,-1.4,71.4,9.6
ASR,2026-02-06,0.0,-1.1,88.6,9.5
SBC,2026-02-06,0.0,-1.3,72.6,9.6
DMM,2026-02-06,0.0,-0.8,87.0,13.1
GTL,2026-02-06,0.0,1.5,95.1,12.0
SC,2026-02-06,0.0,1.1,92.8,6.6
NDLS,2026-02-07,0.0,1.1,91.2,13.8
CNB,2026-02-07,0.0,3.0,72.5,12.9
PRYJ,2026-02-07,10.7,2.9,79.1,14.7
DDU,2026-02-07,0.0,3.1,74.5,6.1
BSB,2026-02-07,0.0,2.8,84.5,6.9
GKP,2026-02-07,4.7,1.4,88.8,2.2
HWH,2026-02-07,0.0,1.9,87.7,8.8
BCT,2026-02-07,0.0,2.0,94.5,9.5
BRC,2026-02-07,0.0,2.7,91.3,9.3
RTM,2026-02-07,0.0,2.1,89.7,15.1
KOTA,2026-02-07,0.0,-0.3,87.7,7.9
ST,2026-02-07,0.0,2.2,82.1,2.5
GZB,2026-02-07,0.0,-0.7,93.5,8.2
ALJN,2026-02-07,0.0,2.5,86.9,2.0
TDL,2026-02-07,0.0,1.0,84.4,14.8
LKO,2026-02-07,1.5,2.6,85.6,11.4
AGC,2026-02-07,0.0,1.3,92.0,6.3
VGLJ,2026-02-07,0.0,-0.4,93.2,10.6
BPL,2026-02-07,0.0,1.3,76.5,10.6
NGP,2026-02-07,7.2,0.1,84.4,6.6
MAS,2026-02-07,0.0,3.0,92.0,11.2
PPTA,2026-02-07,0.0,-0.6,99.0,18.8
GHY,2026-02-07,0.0,3.1,81.0,13.9
ASR,2026-02-07,0.0,1.5,92.2,2.7
SBC,2026-02-07,0.0,0.2,98.9,7.1
DMM,2026-02-07,0.0,2.9,77.2,11.1
GTL,2026-02-07,0.0,2.9,91.6,12.5
SC,2026-02-07,0.0,0.3,86.4,10.2
NDLS,2026-02-08,0.0,-0.5,85.4,10.3
CNB,2026-02-08,0.0,-0.8,88.8,14.0
PRYJ,2026-02-08,14.0,-0.3,89.3,10.9
DDU,2026-02-08,0.0,1.2,92.2,15.4
BSB,2026-02-08,0.0,-0.0,73.8,16.7
GKP,2026-02-08,0.0,-1.4,67.6,11.4
HWH,2026-02-08,0.0,-0.8,89.5,8.0
BCT,2026-02-08,0.0,0.2,80.6,6.5
BRC,2026-02-08,0.0,-0.1,77.8,12.8
RTM,2026-02-08,0.0,0.8,99.0,12.3
KOTA,2026-02-08,0.0,1.5,99.0,14.8
ST,2026-02-08,0.0,1.7,76.1,13.1
GZB,2026-02-08,0.0,-0.2,54.2,11.6
ALJN,2026-02-08,0.0,2.3,78.6,14.4
TDL,2026-02-08,0.0,1.6,74.2,14.2
LKO,2026-02-08,0.0,0.5,92.9,10.7
AGC,2026-02-08,0.0,1.9,79.8,13.0
VGLJ,2026-02-08,0.0,0.0,67.3,7.2
BPL,2026-02-08,0.0,1.3,85.5,10.7
NGP,2026-02-08,0.0,0.1,78.2,7.4
MAS,2026-02-08,0.0,-0.1,91.0,6.6
PPTA,2026-02-08,0.0,-0.3,82.1,5.6
GHY,2026-02-08,0.0,-1.3,86.0,9.4
ASR,2026-02-08,0.0,0.6,66.6,4.9
SBC,2026-02-08,0.0,-1.3,55.3,15.4
DMM,2026-02-08,0.0,1.3,78.9,11.7
GTL,2026-02-08,11.9,0.8,75.3,8.8
SC,2026-02-08,0.0,1.7,82.5,9.7
NDLS,2026-02-09,0.0,0.3,88.8,10.3
CNB,2026-02-09,0.0,-1.3,86.2,15.7
PRYJ,2026-02-09,0.0,-1.4,99.0,12.9
DDU,2026-02-09,0.0,1.2,73.7,12.6
BSB,2026-02-09,0.0,-0.2,65.7,11.5
GKP,2026-02-09,0.0,-0.9,91.1,12.1
HWH,2026-02-09,0.0,2.1,70.3,17.6
BCT,2026-02-09,0.0,-0.5,93.2,13.2
BRC,2026-02-09,0.0,-0.2,93.3,9.1
RTM,2026-02-09,0.0,-1.1,66.0,12.2
KOTA,2026-02-09,0.0,-0.1,85.8,14.6
ST,2026-02-09,0.0,-0.4,89.4,2.0
GZB,2026-02-09,0.0,1.2,79.4,4.8
ALJN,2026-02-09,0.0,-0.4,78.7,14.2
TDL,2026-02-09,0.0,0.2,92.7,6.2
LKO,2026-02-09,0.0,0.4,79.0,12.9
AGC,2026-02-09,0.0,1.7,94.5,11.1
VGLJ,2026-02-09,0.0,1.5,80.9,16.2
BPL,2026-02-09,0.9,0.4,89.6,7.9
NGP,2026-02-09,0.0,-1.8,99.0,16.2
MAS,2026-02-09,0.0,1.3,99.0,10.3
PPTA,2026-02-09,0.0,0.2,82.9,13.5
GHY,2026-02-09,9.5,-0.3,85.0,8.0
ASR,2026-02-09,0.0,1.4,93.6,7.2
SBC,2026-02-09,0.0,-0.7,73.6,11.5
DMM,2026-02-09,0.0,1.8,76.9,7.4
GTL,2026-02-09,0.0,-1.7,94.9,12.6
SC,2026-02-09,0.0,-0.8,77.6,17.8
NDLS,2026-02-10,0.0,2.4,87.6,8.6
CNB,2026-02-10,0.0,2.5,80.2,7.1
PRYJ,2026-02-10,0.0,1.2,91.7,7.6
DDU,2026-02-10,0.0,2.1,85.2,9.9
BSB,2026-02-10,0.0,0.4,78.5,7.5
GKP,2026-02-10,11.4,0.9,93.0,7.7
HWH,2026-02-10,0.0,1.0,94.5,13.3
BCT,2026-02-10,0.0,0.5,97.1,7.3
BRC,2026-02-10,0.0,2.1,78.0,13.0
RTM,2026-02-10,0.0,2.6,87.8,11.5
KOTA,2026-02-10,0.0,1.2,99.0,4.7
ST,2026-02-10,0.0,0.2,95.2,13.3
GZB,2026-02-10,0.0,-0.1,92.0,14.5
ALJN,2026-02-10,0.0,0.8,84.3,6.0
TDL,2026-02-10,0.0,0.6,80.2,7.6
LKO,2026-02-10,0.0,-0.1,61.2,12.8
AGC,2026-02-10,0.0,1.7,83.0,9.8
VGLJ,2026-02-10,46.0,0.2,88.8,9.2
BPL,2026-02-10,0.0,3.6,59.8,8.0
NGP,2026-02-10,0.0,2.0,85.6,13.0
MAS,2026-02-10,0.0,2.4,80.8,7.8
PPTA,2026-02-10,0.0,0.0,64.8,10.6
GHY,2026-02-10,0.0,1.3,86.4,5.2
ASR,2026-02-10,0.0,-0.0,91.7,10.2
SBC,2026-02-10,4.9,1.2,80.9,7.8
DMM,2026-02-10,6.2,2.1,71.7,17.5
GTL,2026-02-10,0.0,-0.3,97.5,7.6
SC,2026-02-10,0.0,0.9,69.1,5.5
NDLS,2026-02-11,0.0,2.3,88.3,12.7
CNB,2026-02-11,0.0,2.8,88.2,12.5
PRYJ,2026-02-11,0.0,2.8,80.7,2.6
DDU,2026-02-11,0.0,4.4,57.3,18.3
BSB,2026-02-11,0.0,4.7,88.8,9.2
GKP,2026-02-11,0.0,2.6,85.6,18.0
HWH,2026-02-11,0.0,5.0,77.8,9.3
BCT,2026-02-11,0.0,4.4,92.5,10.3
BRC,2026-02-11,0.0,4.2,69.2,16.7
RTM,2026-02-11,0.0,5.6,99.0,11.7
KOTA,2026-02-11,0.0,5.9,99.0,10.5
ST,2026-02-11,0.0,3.8,88.0,2.0
GZB,2026-02-11,0.0,5.4,84.8,10.8
ALJN,2026-02-11,0.0,5.1,96.6,9.9
TDL,2026-02-11,0.0,4.4,82.6,6.5
LKO,2026-02-11,0.0,5.2,77.5,4.9
AGC,2026-02-11,0.0,2.9,86.1,11.5
VGLJ,2026-02-11,0.0,4.7,87.4,8.3
BPL,2026-02-11,0.0,4.7,86.7,10.9
NGP,2026-02-11,0.0,5.4,85.3,10.6
MAS,2026-02-11,0.0,2.7,85.1,17.0
PPTA,2026-02-11,13.2,3.7,73.5,6.5
GHY,2026-02-11,0.0,4.9,98.8,4.6
ASR,2026-02-11,0.0,3.3,79.2,8.2
SBC,2026-02-11,0.0,5.4,84.0,9.7
DMM,2026-02-11,0.0,5.6,96.8,4.9
GTL,2026-02-11,0.0,2.7,84.5,9.1
SC,2026-02-11,0.0,2.5,70.1,2.0
NDLS,2026-02-12,0.0,3.4,78.2,15.3
CNB,2026-02-12,0.0,6.0,99.0,2.2
PRYJ,2026-02-12,0.3,7.0,90.5,10.5
DDU,2026-02-12,0.0,7.1,99.0,8.1
BSB,2026-02-12,0.0,5.4,88.7,12.2
GKP,2026-02-12,0.0,5.2,78.3,18.4
HWH,2026-02-12,1.9,5.0,98.2,9.8
BCT,2026-02-12,0.0,4.3,77.5,8.8
BRC,2026-02-12,0.0,7.0,87.1,8.4
RTM,2026-02-12,0.0,4.6,74.6,6.9
KOTA,2026-02-12,0.0,5.4,91.1,6.4
ST,2026-02-12,0.0,3.4,55.5,7.9
GZB,2026-02-12,0.0,7.1,76.3,11.4
ALJN,2026-02-12,0.0,5.2,99.0,12.3
TDL,2026-02-12,0.0,3.2,78.7,11.4
LKO,2026-02-12,0.0,5.5,79.2,11.0
AGC,2026-02-12,0.0,5.7,99.0,10.2
VGLJ,2026-02-12,8.9,6.0,89.5,13.1
BPL,2026-02-12,0.0,6.3,90.2,8.9
NGP,2026-02-12,9.2,4.6,87.6,8.7
MAS,2026-02-12,0.0,5.7,81.8,10.9
PPTA,2026-02-12,0.0,4.7,89.0,9.7
GHY,2026-02-12,21.2,6.1,91.3,11.6
ASR,2026-02-12,0.0,5.3,71.7,5.0
SBC,2026-02-12,0.0,4.5,93.3,10.9
DMM,2026-02-12,0.0,4.4,90.0,12.8
GTL,2026-02-12,0.0,6.9,86.3,5.4
SC,2026-02-12,0.0,5.6,72.9,11.5
NDLS,2026-02-13,0.0,0.8,99.0,7.2
CNB,2026-02-13,0.0,0.6,77.4,3.3
PRYJ,2026-02-13,0.0,-1.1,80.8,14.0
DDU,2026-02-13,0.0,-1.0,79.1,8.5
BSB,2026-02-13,0.0,0.3,91.2,3.2
GKP,2026-02-13,4.0,0.5,92.4,15.9
HWH,2026-02-13,0.0,-0.7,96.2,12.0
BCT,2026-02-13,0.0,0.2,79.8,6.4
BRC,2026-02-13,0.0,-1.1,97.2,8.5
RTM,2026-02-13,0.0,1.7,76.4,7.7
KOTA,2026-02-13,0.0,2.7,97.9,6.9
ST,2026-02-13,0.0,-0.9,81.9,9.8
GZB,2026-02-13,0.0,-0.2,87.9,6.6
ALJN,2026-02-13,0.0,-0.2,84.2,13.8
TDL,2026-02-13,0.0,0.4,99.0,6.0
LKO,2026-02-13,0.0,0.1,76.3,7.0
AGC,2026-02-13,0.0,2.7,91.7,6.2
VGLJ,2026-02-13,0.0,-0.0,83.9,9.2
BPL,2026-02-13,0.0,1.3,99.0,8.0
NGP,2026-02-13,0.0,2.2,79.4,12.7
MAS,2026-02-13,0.0,1.5,88.4,7.5
PPTA,2026-02-13,0.0,-0.3,98.7,4.9
GHY,2026-02-13,0.0,-0.2,84.8,8.9
ASR,2026-02-13,0.0,0.5,84.0,7.5
SBC,2026-02-13,0.0,2.0,84.2,10.9
DMM,2026-02-13,0.0,2.8,63.4,8.3
GTL,2026-02-13,0.0,0.3,77.6,19.1
SC,2026-02-13,0.0,-0.8,99.0,11.9
NDLS,2026-02-14,0.0,-0.5,77.1,8.1
CNB,2026-02-14,0.9,1.0,86.3,2.4
PRYJ,2026-02-14,31.6,-0.5,90.4,16.4
DDU,2026-02-14,0.0,-1.2,58.2,8.8
BSB,2026-02-14,0.0,-1.0,99.0,9.0
GKP,2026-02-14,0.0,-1.4,87.9,2.1
HWH,2026-02-14,0.0,0.9,98.6,5.9
BCT,2026-02-14,0.0,1.6,89.4,6.5
BRC,2026-02-14,0.0,-1.8,61.1,11.4
RTM,2026-02-14,0.0,-1.9,92.6,9.8
KOTA,2026-02-14,0.0,-0.6,73.7,19.6
ST,2026-02-14,9.4,-1.5,79.5,5.1
GZB,2026-02-14,0.0,1.1,85.9,12.7
ALJN,2026-02-14,0.0,0.5,79.4,11.9
TDL,2026-02-14,0.0,-2.0,89.3,12.4
LKO,2026-02-14,0.0,-0.1,91.2,14.6
AGC,2026-02-14,0.0,-0.3,88.3,13.4
VGLJ,2026-02-14,0.0,-0.7,66.1,15.4
BPL,2026-02-14,0.0,-0.9,67.5,17.2
NGP,2026-02-14,0.0,-1.1,77.5,10.2
MAS,2026-02-14,0.0,-0.7,77.1,14.5
PPTA,2026-02-14,32.5,1.6,65.4,6.3
GHY,2026-02-14,0.0,-0.0,81.8,14.5
ASR,2026-02-14,0.0,-0.5,86.4,8.2
SBC,2026-02-14,0.0,-1.9,71.0,10.7
DMM,2026-02-14,0.0,-0.0,98.7,8.9
GTL,2026-02-14,0.0,-0.3,76.7,12.4
SC,2026-02-14,0.0,0.8,96.6,9.4
NDLS,2026-02-15,3.5,-1.7,99.0,11.4
CNB,2026-02-15,0.0,-2.0,94.4,14.4
PRYJ,2026-02-15,0.0,-1.2,78.0,2.0
DDU,2026-02-15,0.0,-1.7,76.2,5.0
BSB,2026-02-15,0.0,-0.8,90.2,5.9
GKP,2026-02-15,0.0,-0.6,77.0,12.7
HWH,2026-02-15,0.0,-1.0,81.8,13.0
BCT,2026-02-15,0.0,-4.3,94.3,6.0
BRC,2026-02-15,0.0,-0.7,83.8,14.0
RTM,2026-02-15,0.0,-1.4,85.7,17.4
KOTA,2026-02-15,0.0,-2.0,92.6,7.6
ST,2026-02-15,0.0,-0.7,95.5,13.6
GZB,2026-02-15,0.0,-1.9,83.6,14.1
ALJN,2026-02-15,0.0,-4.3,93.9,11.8
TDL,2026-02-15,27.2,-4.0,88.3,8.5
LKO,2026-02-15,0.0,-1.2,88.8,6.7
AGC,2026-02-15,0.0,-1.0,71.2,2.0
VGLJ,2026-02-15,0.0,-4.2,99.0,12.0
BPL,2026-02-15,0.0,-3.7,92.4,11.1
NGP,2026-02-15,0.0,-1.2,69.2,15.7
MAS,2026-02-15,0.0,-4.3,81.2,2.0
PPTA,2026-02-15,0.0,-1.8,83.1,15.1
GHY,2026-02-15,0.0,-3.0,76.5,8.9
ASR,2026-02-15,0.0,-0.6,81.5,6.5
SBC,2026-02-15,0.0,-2.3,86.4,7.0
DMM,2026-02-15,4.8,-4.0,76.4,11.1
GTL,2026-02-15,0.0,-3.3,85.2,5.0
SC,2026-02-15,7.3,-4.2,81.3,9.1
NDLS,2026-02-16,0.0,-4.1,93.2,12.3
CNB,2026-02-16,0.0,-2.3,90.7,15.6
PRYJ,2026-02-16,0.0,-4.3,99.0,9.0
DDU,2026-02-16,0.0,-3.8,86.3,2.0
BSB,2026-02-16,0.0,-4.3,88.3,9.1
GKP,2026-02-16,0.0,-4.4,75.6,14.3
HWH,2026-02-16,0.0,-5.5,75.7,14.8
BCT,2026-02-16,0.0,-3.2,89.9,11.2
BRC,2026-02-16,0.0,-4.0,78.2,2.7
RTM,2026-02-16,3.8,-2.9,91.8,14.4
KOTA,2026-02-16,0.0,-2.8,91.8,14.2
ST,2026-02-16,0.0,-4.0,71.3,11.3
GZB,2026-02-16,0.0,-4.6,82.7,11.7
ALJN,2026-02-16,0.0,-4.2,92.9,8.6
TDL,2026-02-16,2.3,-5.3,78.9,8.6
LKO,2026-02-16,0.0,-5.5,99.0,5.5
AGC,2026-02-16,0.0,-4.9,99.0,18.0
VGLJ,2026-02-16,0.0,-2.7,79.2,17.8
BPL,2026-02-16,0.0,-2.2,83.9,8.9
NGP,2026-02-16,0.0,-3.5,99.0,11.0
MAS,2026-02-16,0.0,-4.6,86.0,7.5
PPTA,2026-02-16,0.0,-3.0,79.6,10.6
GHY,2026-02-16,0.0,-5.4,99.0,5.5
ASR,2026-02-16,0.0,-2.4,84.5,4.8
SBC,2026-02-16,0.0,-2.8,78.2,12.8
DMM,2026-02-16,0.0,-5.0,76.5,14.6
GTL,2026-02-16,0.0,-5.3,76.4,7.9
SC,2026-02-16,0.0,-5.2,67.6,14.6
NDLS,2026-02-17,3.4,-4.3,77.9,11.1
CNB,2026-02-17,2.4,-2.1,80.7,18.0
PRYJ,2026-02-17,1.6,-1.0,95.5,7.0
DDU,2026-02-17,0.0,-3.1,80.1,9.1
BSB,2026-02-17,0.0,-0.6,91.2,14.5
GKP,2026-02-17,10.3,-2.3,82.2,5.5
HWH,2026-02-17,0.0,-1.8,96.2,14.9
BCT,2026-02-17,0.0,-3.8,84.5,6.5
BRC,2026-02-17,0.0,-0.9,83.3,10.6
RTM,2026-02-17,0.0,-0.7,78.3,2.0
KOTA,2026-02-17,0.0,-1.0,89.5,7.4
ST,2026-02-17,0.0,-1.8,86.4,9.5
GZB,2026-02-17,0.0,-2.7,99.0,10.1
ALJN,2026-02-17,0.0,-2.4,94.6,8.5
TDL,2026-02-17,0.0,-2.5,76.4,12.0
LKO,2026-02-17,0.0,-3.4,77.9,13.0
AGC,2026-02-17,0.0,-3.3,73.2,11.4
VGLJ,2026-02-17,0.0,-3.9,85.1,16.1
BPL,2026-02-17,0.0,-2.9,89.6,9.6
NGP,2026-02-17,0.0,-1.3,93.4,2.0
MAS,2026-02-17,0.0,-1.9,90.8,12.7
PPTA,2026-02-17,0.0,-2.3,93.0,12.9
GHY,2026-02-17,0.0,-0.5,90.4,8.7
ASR,2026-02-17,0.0,-1.3,86.7,7.6
SBC,2026-02-17,0.0,-3.8,77.1,8.9
DMM,2026-02-17,0.0,-3.1,83.4,11.6
GTL,2026-02-17,0.0,-3.0,98.4,13.8
SC,2026-02-17,0.0,-1.8,88.2,14.7
NDLS,2026-02-18,0.0,-1.9,85.4,12.2
CNB,2026-02-18,0.0,-3.1,81.8,10.1
PRYJ,2026-02-18,0.0,-1.6,82.7,4.0
DDU,2026-02-18,0.0,-4.1,70.1,4.9
BSB,2026-02-18,16.0,-1.3,87.6,10.2
GKP,2026-02-18,0.5,-2.2,96.8,3.8
HWH,2026-02-18,0.0,-2.6,90.7,8.1
BCT,2026-02-18,0.0,-1.7,76.8,10.6
BRC,2026-02-18,0.0,-2.2,79.9,4.6
RTM,2026-02-18,0.0,-2.2,75.4,8.7
KOTA,2026-02-18,0.0,-0.8,98.2,3.5
ST,2026-02-18,0.0,-2.8,73.5,9.0
GZB,2026-02-18,0.0,-0.7,77.8,11.8
ALJN,2026-02-18,0.0,-3.3,82.8,4.6
TDL,2026-02-18,0.0,-4.0,80.1,10.7
LKO,2026-02-18,0.0,-1.1,91.8,5.4
AGC,2026-02-18,0.0,-2.7,87.5,8.8
VGLJ,2026-02-18,0.0,-2.1,96.7,8.1
BPL,2026-02-18,4.7,-2.3,86.1,3.5
NGP,2026-02-18,0.0,-1.2,93.7,9.4
MAS,2026-02-18,0.0,-2.3,91.6,4.1
PPTA,2026-02-18,0.0,-2.3,87.4,16.5
GHY,2026-02-18,0.0,-2.7,95.3,7.1
ASR,2026-02-18,0.0,-2.8,85.3,5.3
SBC,2026-02-18,0.0,-2.0,88.9,6.8
DMM,2026-02-18,0.0,-3.1,99.0,4.9
GTL,2026-02-18,0.0,-1.5,76.3,10.3
SC,2026-02-18,0.0,-2.9,94.3,9.6
NDLS,2026-02-19,0.0,-2.6,99.0,6.7
CNB,2026-02-19,0.0,-4.6,79.4,9.2
PRYJ,2026-02-19,0.0,-4.9,84.1,10.9
DDU,2026-02-19,0.0,-2.6,85.8,4.5
BSB,2026-02-19,2.5,-3.5,65.2,7.9
GKP,2026-02-19,0.0,-3.4,95.3,6.3
HWH,2026-02-19,0.0,-3.1,99.0,9.9
BCT,2026-02-19,0.0,-4.9,61.0,4.4
BRC,2026-02-19,21.4,-2.8,85.2,14.7
RTM,2026-02-19,0.0,-4.3,99.0,13.4
KOTA,2026-02-19,0.0,-2.5,76.6,11.3
ST,2026-02-19,0.0,-4.7,88.3,12.0
GZB,2026-02-19,0.0,-3.2,73.1,10.1
ALJN,2026-02-19,0.0,-4.9,77.5,12.0
TDL,2026-02-19,0.0,-3.4,73.9,9.5
LKO,2026-02-19,0.0,-5.0,78.4,11.4
AGC,2026-02-19,0.0,-2.9,90.9,6.6
VGLJ,2026-02-19,0.0,-3.5,80.9,8.5
BPL,2026-02-19,0.0,-5.3,91.7,13.3
NGP,2026-02-19,0.1,-2.5,74.3,13.9
MAS,2026-02-19,0.0,-4.9,87.8,6.9
PPTA,2026-02-19,0.0,-4.9,81.4,11.4
GHY,2026-02-19,0.0,-2.5,69.8,16.6
ASR,2026-02-19,0.0,-3.1,93.7,10.0
SBC,2026-02-19,0.0,-4.7,99.0,15.5
DMM,2026-02-19,0.0,-4.5,82.9,8.8
GTL,2026-02-19,0.0,-2.3,82.5,12.1
SC,2026-02-19,0.0,-3.2,89.5,2.8
NDLS,2026-02-20,0.0,-3.0,88.7,11.5
CNB,2026-02-20,0.0,-2.1,61.2,9.0
PRYJ,2026-02-20,0.0,-2.2,85.5,3.4
DDU,2026-02-20,0.0,-4.9,72.8,6.7
BSB,2026-02-20,0.0,-1.7,90.4,15.0
GKP,2026-02-20,0.0,-2.1,89.7,10.4
HWH,2026-02-20,0.0,-4.7,92.0,2.0
BCT,2026-02-20,0.0,-5.0,96.6,9.4
BRC,2026-02-20,0.0,-4.6,95.2,12.5
RTM,2026-02-20,0.0,-4.8,77.3,10.9
KOTA,2026-02-20,12.9,-5.0,84.0,5.4
ST,2026-02-20,0.0,-4.1,95.2,14.6
GZB,2026-02-20,0.0,-3.4,95.3,8.8
ALJN,2026-02-20,0.0,-4.2,77.4,15.3
TDL,2026-02-20,0.0,-2.1,83.8,10.2
LKO,2026-02-20,0.0,-3.9,97.9,9.4
AGC,2026-02-20,0.0,-2.7,88.0,17.2
VGLJ,2026-02-20,0.0,-5.4,83.7,9.3
BPL,2026-02-20,0.0,-3.5,88.2,14.0
NGP,2026-02-20,0.0,-1.8,83.8,13.9
MAS,2026-02-20,0.0,-4.4,85.7,2.0
PPTA,2026-02-20,0.0,-4.2,74.3,8.2
GHY,2026-02-20,8.1,-2.5,77.7,8.4
ASR,2026-02-20,0.0,-2.4,77.7,6.4
SBC,2026-02-20,0.0,-3.1,66.4,6.9
DMM,2026-02-20,0.0,-2.0,70.1,14.6
GTL,2026-02-20,0.0,-2.7,98.6,11.8
SC,2026-02-20,0.0,-2.5,96.0,6.6
NDLS,2026-02-21,0.0,3.2,90.0,11.9
CNB,2026-02-21,0.0,4.2,87.7,8.3
PRYJ,2026-02-21,0.0,5.9,84.7,10.9
DDU,2026-02-21,0.0,4.7,87.0,6.2
BSB,2026-02-21,0.0,5.1,97.8,10.2
GKP,2026-02-21,0.0,4.1,92.4,7.7
HWH,2026-02-21,0.0,6.3,89.4,10.5
BCT,2026-02-21,6.8,3.4,82.9,8.5
BRC,2026-02-21,0.0,2.9,80.7,3.1
RTM,2026-02-21,0.0,6.0,99.0,13.4
KOTA,2026-02-21,0.0,5.7,93.1,11.2
ST,2026-02-21,0.0,4.5,86.1,14.1
GZB,2026-02-21,5.1,6.0,86.7,14.0
ALJN,2026-02-21,0.0,4.9,91.0,15.1
TDL,2026-02-21,0.0,6.3,83.5,5.5
LKO,2026-02-21,0.0,3.9,78.1,2.8
AGC,2026-02-21,0.0,3.5,77.5,12.4
VGLJ,2026-02-21,0.0,3.3,83.7,6.5
BPL,2026-02-21,0.0,2.5,79.5,11.1
NGP,2026-02-21,0.0,5.9,80.0,9.0
MAS,2026-02-21,0.0,2.4,70.4,14.5
PPTA,2026-02-21,0.0,5.7,97.9,6.7
GHY,2026-02-21,3.7,6.1,83.2,2.0
ASR,2026-02-21,0.0,4.5,96.8,15.5
SBC,2026-02-21,6.5,4.7,83.6,2.0
DMM,2026-02-21,0.0,6.0,84.6,8.9
GTL,2026-02-21,0.0,5.6,68.4,10.4
SC,2026-02-21,0.0,4.2,84.1,17.8
NDLS,2026-02-22,0.0,7.1,87.1,10.0
CNB,2026-02-22,11.5,7.5,98.0,6.8
PRYJ,2026-02-22,9.6,7.6,92.5,9.4
DDU,2026-02-22,0.0,7.6,92.0,7.0
BSB,2026-02-22,0.0,8.5,84.4,8.0
GKP,2026-02-22,5.3,8.4,84.0,12.7
HWH,2026-02-22,12.7,9.6,85.2,20.8
BCT,2026-02-22,0.0,9.5,88.1,12.6
BRC,2026-02-22,0.0,6.7,97.9,8.8
RTM,2026-02-22,0.0,7.2,75.4,11.5
KOTA,2026-02-22,0.0,8.2,73.1,8.7
ST,2026-02-22,0.0,5.7,70.7,21.3
GZB,2026-02-22,0.0,7.6,96.4,14.1
ALJN,2026-02-22,0.0,7.1,98.5,13.7
TDL,2026-02-22,20.1,6.8,83.6,10.5
LKO,2026-02-22,0.0,7.1,94.1,11.5
AGC,2026-02-22,0.0,6.2,82.8,6.7
VGLJ,2026-02-22,0.0,5.7,96.9,10.4
BPL,2026-02-22,0.0,5.9,78.2,4.2
NGP,2026-02-22,0.0,8.9,86.1,9.3
MAS,2026-02-22,0.0,7.4,76.9,11.6
PPTA,2026-02-22,0.0,6.2,77.0,15.8
GHY,2026-02-22,3.4,6.0,75.1,9.2
ASR,2026-02-22,0.0,6.1,91.8,10.5
SBC,2026-02-22,0.0,7.0,90.0,5.0
DMM,2026-02-22,26.8,6.2,92.7,10.4
GTL,2026-02-22,0.0,7.0,99.0,6.9
SC,2026-02-22,0.0,7.9,75.0,7.9
NDLS,2026-02-23,0.0,6.8,81.8,8.5
CNB,2026-02-23,0.0,6.3,76.4,8.2
PRYJ,2026-02-23,0.0,4.7,84.7,12.8
DDU,2026-02-23,0.0,8.7,87.2,12.8
BSB,2026-02-23,0.0,8.1,78.9,9.7
GKP,2026-02-23,2.1,5.5,75.4,9.1
HWH,2026-02-23,0.0,5.4,80.8,2.0
BCT,2026-02-23,0.0,6.4,99.0,10.2
BRC,2026-02-23,0.0,5.6,87.1,12.6
RTM,2026-02-23,0.0,5.1,91.6,13.1
KOTA,2026-02-23,0.0,4.9,81.3,8.1
ST,2026-02-23,0.0,7.0,95.8,16.5
GZB,2026-02-23,0.0,5.1,68.0,14.2
ALJN,2026-02-23,0.0,6.6,82.8,9.7
TDL,2026-02-23,0.0,8.6,60.8,10.1
LKO,2026-02-23,0.0,6.9,79.4,2.0
AGC,2026-02-23,0.0,5.8,96.9,10.8
VGLJ,2026-02-23,2.8,5.3,92.0,10.6
BPL,2026-02-23,0.0,6.5,74.9,6.8
NGP,2026-02-23,0.0,7.3,70.3,13.8
MAS,2026-02-23,0.0,7.2,94.7,14.6
PPTA,2026-02-23,0.0,7.0,79.0,6.5
GHY,2026-02-23,0.0,8.3,85.4,13.3
ASR,2026-02-23,3.1,7.6,75.7,7.5
SBC,2026-02-23,0.0,5.2,78.4,18.4
DMM,2026-02-23,0.0,6.9,90.9,12.5
GTL,2026-02-23,0.0,4.8,89.5,11.1
SC,2026-02-23,0.0,5.7,80.3,5.4
NDLS,2026-02-24,12.5,5.9,97.7,10.7
CNB,2026-02-24,0.0,4.9,91.3,12.2
PRYJ,2026-02-24,0.0,6.1,96.8,13.9
DDU,2026-02-24,0.0,7.7,94.1,5.4
BSB,2026-02-24,0.0,7.7,89.7,2.1
GKP,2026-02-24,4.1,4.5,99.0,8.4
HWH,2026-02-24,0.0,7.6,90.9,9.6
BCT,2026-02-24,0.0,3.9,72.1,12.9
BRC,2026-02-24,0.0,5.8,81.6,13.6
RTM,2026-02-24,0.0,6.3,76.6,8.0
KOTA,2026-02-24,0.0,5.8,90.5,6.9
ST,2026-02-24,0.0,5.2,92.2,2.4
GZB,2026-02-24,0.0,6.7,73.7,10.3
ALJN,2026-02-24,0.0,7.5,99.0,12.5
TDL,2026-02-24,0.0,7.8,86.3,12.0
LKO,2026-02-24,0.0,7.0,81.0,2.2
AGC,2026-02-24,0.0,4.4,82.2,9.0
VGLJ,2026-02-24,0.0,7.5,97.0,12.8
BPL,2026-02-24,0.0,5.8,74.4,2.0
NGP,2026-02-24,0.0,7.5,83.9,7.9
MAS,2026-02-24,0.0,5.5,99.0,14.9
PPTA,2026-02-24,0.0,6.6,72.1,12.7
GHY,2026-02-24,0.0,7.3,89.9,11.8
ASR,2026-02-24,0.0,7.6,99.0,9.7
SBC,2026-02-24,0.0,5.1,92.9,13.8
DMM,2026-02-24,0.0,7.8,88.6,16.7
GTL,2026-02-24,0.0,5.0,87.1,13.5
SC,2026-02-24,0.0,7.1,78.4,5.4
NDLS,2026-02-25,0.0,4.1,90.4,9.9
CNB,2026-02-25,2.5,4.1,77.1,10.3
PRYJ,2026-02-25,19.6,3.7,93.6,10.8
DDU,2026-02-25,0.0,5.3,99.0,10.6
BSB,2026-02-25,0.0,4.8,89.1,14.0
GKP,2026-02-25,0.0,5.7,90.4,5.6
HWH,2026-02-25,0.0,3.3,83.3,7.1
BCT,2026-02-25,0.0,5.8,89.8,11.1
BRC,2026-02-25,0.6,3.8,89.5,12.8
RTM,2026-02-25,0.0,5.3,89.5,9.5
KOTA,2026-02-25,0.0,2.8,84.1,9.8
ST,2026-02-25,0.0,5.5,94.6,14.1
GZB,2026-02-25,0.0,4.7,68.4,12.5
ALJN,2026-02-25,0.0,5.5,95.8,10.5
TDL,2026-02-25,0.0,6.1,58.5,11.0
LKO,2026-02-25,0.0,4.3,81.2,11.2
AGC,2026-02-25,0.0,5.0,98.5,11.8
VGLJ,2026-02-25,0.0,5.6,99.0,6.8
BPL,2026-02-25,0.0,4.5,94.5,12.9
NGP,2026-02-25,0.0,3.6,85.7,2.5
MAS,2026-02-25,0.0,3.9,85.1,7.3
PPTA,2026-02-25,0.0,4.0,68.4,7.6
GHY,2026-02-25,0.0,6.2,90.2,10.9
ASR,2026-02-25,0.0,4.7,84.8,5.7
SBC,2026-02-25,5.9,4.4,99.0,5.5
DMM,2026-02-25,4.0,6.3,67.6,2.0
GTL,2026-02-25,0.0,5.6,85.4,14.1
SC,2026-02-25,0.0,4.9,78.0,7.0
NDLS,2026-02-26,0.0,7.2,71.1,10.4
CNB,2026-02-26,0.0,6.6,75.0,18.2
PRYJ,2026-02-26,0.0,7.1,83.1,9.5
DDU,2026-02-26,0.0,5.6,82.3,7.3
BSB,2026-02-26,0.0,8.6,95.5,11.3
GKP,2026-02-26,0.0,6.6,69.2,3.6
HWH,2026-02-26,37.1,7.1,81.1,6.4
BCT,2026-02-26,1.7,6.8,81.2,13.5
BRC,2026-02-26,0.0,6.0,85.5,4.7
RTM,2026-02-26,0.0,6.5,76.4,3.4
KOTA,2026-02-26,0.0,6.5,83.4,13.2
ST,2026-02-26,0.0,8.1,99.0,6.1
GZB,2026-02-26,0.0,7.0,88.9,17.0
ALJN,2026-02-26,0.0,6.6,99.0,13.4
TDL,2026-02-26,0.0,8.2,92.3,11.2
LKO,2026-02-26,0.0,8.2,98.4,6.9
AGC,2026-02-26,0.0,8.5,89.2,9.2
VGLJ,2026-02-26,0.0,7.7,78.7,5.4
BPL,2026-02-26,7.2,9.0,99.0,9.5
NGP,2026-02-26,0.0,6.6,86.3,13.0
MAS,2026-02-26,0.0,5.9,71.6,17.4
PPTA,2026-02-26,0.0,9.0,84.0,10.1
GHY,2026-02-26,0.0,9.0,84.9,13.1
ASR,2026-02-26,13.7,8.3,72.7,4.7
SBC,2026-02-26,0.0,6.0,79.5,5.9
DMM,2026-02-26,0.0,9.1,80.9,10.9
GTL,2026-02-26,0.0,7.9,99.0,9.0
SC,2026-02-26,0.0,6.3,82.9,7.6
NDLS,2026-02-27,0.0,10.1,99.0,9.7
CNB,2026-02-27,13.3,11.2,99.0,11.7
PRYJ,2026-02-27,0.0,12.2,82.1,2.0
DDU,2026-02-27,0.0,13.1,94.4,14.4
BSB,2026-02-27,7.9,10.0,92.8,8.9
GKP,2026-02-27,0.0,10.7,79.2,10.5
HWH,2026-02-27,4.6,9.5,77.8,12.1
BCT,2026-02-27,0.0,11.6,90.9,12.3
BRC,2026-02-27,0.0,12.3,93.7,7.6
RTM,2026-02-27,0.0,9.9,90.5,6.0
KOTA,2026-02-27,0.0,11.9,76.2,9.3
ST,2026-02-27,0.0,12.8,99.0,3.3
GZB,2026-02-27,0.0,9.9,71.0,8.1
ALJN,2026-02-27,0.0,10.1,69.6,21.5
TDL,2026-02-27,0.0,11.9,74.0,11.0
LKO,2026-02-27,0.0,10.3,74.3,13.2
AGC,2026-02-27,0.0,11.3,96.0,9.4
VGLJ,2026-02-27,0.0,12.6,99.0,15.2
BPL,2026-02-27,0.0,11.1,87.8,9.0
NGP,2026-02-27,0.0,12.6,95.0,16.7
MAS,2026-02-27,0.0,10.0,88.6,17.5
PPTA,2026-02-27,0.0,9.2,80.2,12.7
GHY,2026-02-27,0.0,11.6,85.1,6.3
ASR,2026-02-27,0.0,11.0,81.1,14.4
SBC,2026-02-27,0.4,9.4,99.0,7.3
DMM,2026-02-27,0.0,10.0,73.9,13.4
GTL,2026-02-27,0.0,11.6,64.5,8.3
SC,2026-02-27,0.0,11.6,65.8,4.8
